[graphctx] register region source=cache_sim name=(unnamed) base=0x64cf9350c000 upper=0x64cf9350cfb4 hot_pct=15 grasp_region=1
[P-OPT reref] BFS(TD/out->in-transpose): OUT/CSR(out_neigh) [undirected->OUT]
[ECG-CONFIG sim=cache_sim policy=ECG:rrip_first mode=ECG_GRASP_POPT variant=rrip_first charged=1]
[EVICT L3 pol=ECG:rrip_first curEpoch=0 set_ways=8]
   way0 valid=1 rrpv=1 epoch=0 dist=0 prop=1 stamped=0 dbg=1 last=0 epoch2=0 sched_n=0
   way1 valid=1 rrpv=1 epoch=0 dist=0 prop=1 stamped=0 dbg=1 last=4 epoch2=0 sched_n=0
   way2 valid=1 rrpv=1 epoch=0 dist=0 prop=1 stamped=0 dbg=1 last=8 epoch2=0 sched_n=0
   way3 valid=1 rrpv=6 epoch=0 dist=0 prop=1 stamped=0 dbg=2 last=12 epoch2=0 sched_n=0
   way4 valid=1 rrpv=6 epoch=0 dist=0 prop=1 stamped=0 dbg=2 last=16 epoch2=0 sched_n=0
   way5 valid=1 rrpv=7 epoch=0 dist=0 prop=1 stamped=0 dbg=3 last=20 epoch2=0 sched_n=0   <== VICTIM
   way6 valid=1 rrpv=7 epoch=0 dist=0 prop=1 stamped=0 dbg=3 last=24 epoch2=0 sched_n=0
   way7 valid=1 rrpv=7 epoch=0 dist=0 prop=1 stamped=0 dbg=3 last=28 epoch2=0 sched_n=0
   -> victim=way5 reason=max-rrpv farthest-epoch property
[EVICT L3 pol=ECG:rrip_first curEpoch=0 set_ways=8]
   way0 valid=1 rrpv=1 epoch=0 dist=0 prop=1 stamped=0 dbg=1 last=1 epoch2=0 sched_n=0
   way1 valid=1 rrpv=1 epoch=0 dist=0 prop=1 stamped=0 dbg=1 last=5 epoch2=0 sched_n=0
   way2 valid=1 rrpv=1 epoch=0 dist=0 prop=1 stamped=0 dbg=1 last=9 epoch2=0 sched_n=0
   way3 valid=1 rrpv=6 epoch=0 dist=0 prop=1 stamped=0 dbg=2 last=13 epoch2=0 sched_n=0
   way4 valid=1 rrpv=6 epoch=0 dist=0 prop=1 stamped=0 dbg=2 last=17 epoch2=0 sched_n=0
   way5 valid=1 rrpv=7 epoch=0 dist=0 prop=1 stamped=0 dbg=3 last=21 epoch2=0 sched_n=0   <== VICTIM
   way6 valid=1 rrpv=7 epoch=0 dist=0 prop=1 stamped=0 dbg=3 last=25 epoch2=0 sched_n=0
   way7 valid=1 rrpv=7 epoch=0 dist=0 prop=1 stamped=0 dbg=3 last=29 epoch2=0 sched_n=0
   -> victim=way5 reason=max-rrpv farthest-epoch property
[EVICT L3 pol=ECG:rrip_first curEpoch=0 set_ways=8]
   way0 valid=1 rrpv=1 epoch=0 dist=0 prop=1 stamped=0 dbg=1 last=2 epoch2=0 sched_n=0
   way1 valid=1 rrpv=1 epoch=0 dist=0 prop=1 stamped=0 dbg=1 last=6 epoch2=0 sched_n=0
   way2 valid=1 rrpv=6 epoch=0 dist=0 prop=1 stamped=0 dbg=2 last=10 epoch2=0 sched_n=0
   way3 valid=1 rrpv=6 epoch=0 dist=0 prop=1 stamped=0 dbg=2 last=14 epoch2=0 sched_n=0
   way4 valid=1 rrpv=6 epoch=0 dist=0 prop=1 stamped=0 dbg=2 last=18 epoch2=0 sched_n=0
   way5 valid=1 rrpv=7 epoch=0 dist=0 prop=1 stamped=0 dbg=3 last=22 epoch2=0 sched_n=0   <== VICTIM
   way6 valid=1 rrpv=7 epoch=0 dist=0 prop=1 stamped=0 dbg=3 last=26 epoch2=0 sched_n=0
   way7 valid=1 rrpv=7 epoch=0 dist=0 prop=1 stamped=0 dbg=3 last=30 epoch2=0 sched_n=0
   -> victim=way5 reason=max-rrpv farthest-epoch property
[EVICT L3 pol=ECG:rrip_first curEpoch=0 set_ways=8]
   way0 valid=1 rrpv=1 epoch=0 dist=0 prop=1 stamped=0 dbg=1 last=3 epoch2=0 sched_n=0
   way1 valid=1 rrpv=1 epoch=0 dist=0 prop=1 stamped=0 dbg=1 last=7 epoch2=0 sched_n=0
   way2 valid=1 rrpv=6 epoch=0 dist=0 prop=1 stamped=0 dbg=2 last=11 epoch2=0 sched_n=0
   way3 valid=1 rrpv=6 epoch=0 dist=0 prop=1 stamped=0 dbg=2 last=15 epoch2=0 sched_n=0
   way4 valid=1 rrpv=7 epoch=0 dist=0 prop=1 stamped=0 dbg=3 last=19 epoch2=0 sched_n=0   <== VICTIM
   way5 valid=1 rrpv=7 epoch=0 dist=0 prop=1 stamped=0 dbg=3 last=23 epoch2=0 sched_n=0
   way6 valid=1 rrpv=7 epoch=0 dist=0 prop=1 stamped=0 dbg=3 last=27 epoch2=0 sched_n=0
   way7 valid=1 rrpv=7 epoch=0 dist=0 prop=1 stamped=0 dbg=3 last=31 epoch2=0 sched_n=0
   -> victim=way4 reason=max-rrpv farthest-epoch property
[EVICT L3 pol=ECG:rrip_first curEpoch=0 set_ways=8]
   way0 valid=1 rrpv=1 epoch=0 dist=0 prop=1 stamped=0 dbg=1 last=0 epoch2=0 sched_n=0
   way1 valid=1 rrpv=1 epoch=0 dist=0 prop=1 stamped=0 dbg=1 last=4 epoch2=0 sched_n=0
   way2 valid=1 rrpv=1 epoch=0 dist=0 prop=1 stamped=0 dbg=1 last=8 epoch2=0 sched_n=0
   way3 valid=1 rrpv=6 epoch=0 dist=0 prop=1 stamped=0 dbg=2 last=12 epoch2=0 sched_n=0
   way4 valid=1 rrpv=6 epoch=0 dist=0 prop=1 stamped=0 dbg=2 last=16 epoch2=0 sched_n=0
   way5 valid=1 rrpv=7 epoch=0 dist=0 prop=1 stamped=0 dbg=3 last=32 epoch2=0 sched_n=0   <== VICTIM
   way6 valid=1 rrpv=7 epoch=0 dist=0 prop=1 stamped=0 dbg=3 last=24 epoch2=0 sched_n=0
   way7 valid=1 rrpv=7 epoch=0 dist=0 prop=1 stamped=0 dbg=3 last=28 epoch2=0 sched_n=0
   -> victim=way5 reason=max-rrpv farthest-epoch property
[EVICT L3 pol=ECG:rrip_first curEpoch=0 set_ways=8]
   way0 valid=1 rrpv=1 epoch=0 dist=0 prop=1 stamped=0 dbg=1 last=1 epoch2=0 sched_n=0
   way1 valid=1 rrpv=1 epoch=0 dist=0 prop=1 stamped=0 dbg=1 last=5 epoch2=0 sched_n=0
   way2 valid=1 rrpv=1 epoch=0 dist=0 prop=1 stamped=0 dbg=1 last=9 epoch2=0 sched_n=0
   way3 valid=1 rrpv=6 epoch=0 dist=0 prop=1 stamped=0 dbg=2 last=13 epoch2=0 sched_n=0
   way4 valid=1 rrpv=6 epoch=0 dist=0 prop=1 stamped=0 dbg=2 last=17 epoch2=0 sched_n=0
   way5 valid=1 rrpv=7 epoch=0 dist=0 prop=1 stamped=0 dbg=3 last=33 epoch2=0 sched_n=0   <== VICTIM
   way6 valid=1 rrpv=7 epoch=0 dist=0 prop=1 stamped=0 dbg=3 last=25 epoch2=0 sched_n=0
   way7 valid=1 rrpv=7 epoch=0 dist=0 prop=1 stamped=0 dbg=3 last=29 epoch2=0 sched_n=0
   -> victim=way5 reason=max-rrpv farthest-epoch property
[EVICT L3 pol=ECG:rrip_first curEpoch=0 set_ways=8]
   way0 valid=1 rrpv=1 epoch=0 dist=0 prop=1 stamped=0 dbg=1 last=2 epoch2=0 sched_n=0
   way1 valid=1 rrpv=1 epoch=0 dist=0 prop=1 stamped=0 dbg=1 last=6 epoch2=0 sched_n=0
   way2 valid=1 rrpv=6 epoch=0 dist=0 prop=1 stamped=0 dbg=2 last=10 epoch2=0 sched_n=0
   way3 valid=1 rrpv=6 epoch=0 dist=0 prop=1 stamped=0 dbg=2 last=14 epoch2=0 sched_n=0
   way4 valid=1 rrpv=6 epoch=0 dist=0 prop=1 stamped=0 dbg=2 last=18 epoch2=0 sched_n=0
   way5 valid=1 rrpv=7 epoch=0 dist=0 prop=1 stamped=0 dbg=3 last=34 epoch2=0 sched_n=0   <== VICTIM
   way6 valid=1 rrpv=7 epoch=0 dist=0 prop=1 stamped=0 dbg=3 last=26 epoch2=0 sched_n=0
   way7 valid=1 rrpv=7 epoch=0 dist=0 prop=1 stamped=0 dbg=3 last=30 epoch2=0 sched_n=0
   -> victim=way5 reason=max-rrpv farthest-epoch property
[EVICT L3 pol=ECG:rrip_first curEpoch=0 set_ways=8]
   way0 valid=1 rrpv=1 epoch=0 dist=0 prop=1 stamped=0 dbg=1 last=3 epoch2=0 sched_n=0
   way1 valid=1 rrpv=1 epoch=0 dist=0 prop=1 stamped=0 dbg=1 last=7 epoch2=0 sched_n=0
   way2 valid=1 rrpv=6 epoch=0 dist=0 prop=1 stamped=0 dbg=2 last=11 epoch2=0 sched_n=0
   way3 valid=1 rrpv=6 epoch=0 dist=0 prop=1 stamped=0 dbg=2 last=15 epoch2=0 sched_n=0
   way4 valid=1 rrpv=7 epoch=0 dist=0 prop=1 stamped=0 dbg=3 last=35 epoch2=0 sched_n=0   <== VICTIM
   way5 valid=1 rrpv=7 epoch=0 dist=0 prop=1 stamped=0 dbg=3 last=23 epoch2=0 sched_n=0
   way6 valid=1 rrpv=7 epoch=0 dist=0 prop=1 stamped=0 dbg=3 last=27 epoch2=0 sched_n=0
   way7 valid=1 rrpv=7 epoch=0 dist=0 prop=1 stamped=0 dbg=3 last=31 epoch2=0 sched_n=0
   -> victim=way4 reason=max-rrpv farthest-epoch property
[EVICT L3 pol=ECG:rrip_first curEpoch=0 set_ways=8]
   way0 valid=1 rrpv=1 epoch=0 dist=0 prop=1 stamped=0 dbg=1 last=0 epoch2=0 sched_n=0
   way1 valid=1 rrpv=1 epoch=0 dist=0 prop=1 stamped=0 dbg=1 last=4 epoch2=0 sched_n=0
   way2 valid=1 rrpv=1 epoch=0 dist=0 prop=1 stamped=0 dbg=1 last=8 epoch2=0 sched_n=0
   way3 valid=1 rrpv=6 epoch=0 dist=0 prop=1 stamped=0 dbg=2 last=12 epoch2=0 sched_n=0
   way4 valid=1 rrpv=6 epoch=0 dist=0 prop=1 stamped=0 dbg=2 last=16 epoch2=0 sched_n=0
   way5 valid=1 rrpv=7 epoch=0 dist=0 prop=1 stamped=0 dbg=3 last=36 epoch2=0 sched_n=0   <== VICTIM
   way6 valid=1 rrpv=7 epoch=0 dist=0 prop=1 stamped=0 dbg=3 last=24 epoch2=0 sched_n=0
   way7 valid=1 rrpv=7 epoch=0 dist=0 prop=1 stamped=0 dbg=3 last=28 epoch2=0 sched_n=0
   -> victim=way5 reason=max-rrpv farthest-epoch property
[EVICT L3 pol=ECG:rrip_first curEpoch=0 set_ways=8]
   way0 valid=1 rrpv=1 epoch=0 dist=0 prop=1 stamped=0 dbg=1 last=1 epoch2=0 sched_n=0
   way1 valid=1 rrpv=1 epoch=0 dist=0 prop=1 stamped=0 dbg=1 last=5 epoch2=0 sched_n=0
   way2 valid=1 rrpv=1 epoch=0 dist=0 prop=1 stamped=0 dbg=1 last=9 epoch2=0 sched_n=0
   way3 valid=1 rrpv=6 epoch=0 dist=0 prop=1 stamped=0 dbg=2 last=13 epoch2=0 sched_n=0
   way4 valid=1 rrpv=6 epoch=0 dist=0 prop=1 stamped=0 dbg=2 last=17 epoch2=0 sched_n=0
   way5 valid=1 rrpv=7 epoch=0 dist=0 prop=1 stamped=0 dbg=3 last=37 epoch2=0 sched_n=0   <== VICTIM
   way6 valid=1 rrpv=7 epoch=0 dist=0 prop=1 stamped=0 dbg=3 last=25 epoch2=0 sched_n=0
   way7 valid=1 rrpv=7 epoch=0 dist=0 prop=1 stamped=0 dbg=3 last=29 epoch2=0 sched_n=0
   -> victim=way5 reason=max-rrpv farthest-epoch property
[EVICT L3 pol=ECG:rrip_first curEpoch=0 set_ways=8]
   way0 valid=1 rrpv=1 epoch=0 dist=0 prop=1 stamped=0 dbg=1 last=2 epoch2=0 sched_n=0
   way1 valid=1 rrpv=1 epoch=0 dist=0 prop=1 stamped=0 dbg=1 last=6 epoch2=0 sched_n=0
   way2 valid=1 rrpv=6 epoch=0 dist=0 prop=1 stamped=0 dbg=2 last=10 epoch2=0 sched_n=0
   way3 valid=1 rrpv=6 epoch=0 dist=0 prop=1 stamped=0 dbg=2 last=14 epoch2=0 sched_n=0
   way4 valid=1 rrpv=6 epoch=0 dist=0 prop=1 stamped=0 dbg=2 last=18 epoch2=0 sched_n=0
   way5 valid=1 rrpv=7 epoch=0 dist=0 prop=1 stamped=0 dbg=3 last=38 epoch2=0 sched_n=0   <== VICTIM
   way6 valid=1 rrpv=7 epoch=0 dist=0 prop=1 stamped=0 dbg=3 last=26 epoch2=0 sched_n=0
   way7 valid=1 rrpv=7 epoch=0 dist=0 prop=1 stamped=0 dbg=3 last=30 epoch2=0 sched_n=0
   -> victim=way5 reason=max-rrpv farthest-epoch property
[EVICT L3 pol=ECG:rrip_first curEpoch=0 set_ways=8]
   way0 valid=1 rrpv=1 epoch=0 dist=0 prop=1 stamped=0 dbg=1 last=3 epoch2=0 sched_n=0
   way1 valid=1 rrpv=1 epoch=0 dist=0 prop=1 stamped=0 dbg=1 last=7 epoch2=0 sched_n=0
   way2 valid=1 rrpv=6 epoch=0 dist=0 prop=1 stamped=0 dbg=2 last=11 epoch2=0 sched_n=0
   way3 valid=1 rrpv=6 epoch=0 dist=0 prop=1 stamped=0 dbg=2 last=15 epoch2=0 sched_n=0
   way4 valid=1 rrpv=7 epoch=0 dist=0 prop=1 stamped=0 dbg=3 last=39 epoch2=0 sched_n=0   <== VICTIM
   way5 valid=1 rrpv=7 epoch=0 dist=0 prop=1 stamped=0 dbg=3 last=23 epoch2=0 sched_n=0
   way6 valid=1 rrpv=7 epoch=0 dist=0 prop=1 stamped=0 dbg=3 last=27 epoch2=0 sched_n=0
   way7 valid=1 rrpv=7 epoch=0 dist=0 prop=1 stamped=0 dbg=3 last=31 epoch2=0 sched_n=0
   -> victim=way4 reason=max-rrpv farthest-epoch property
[EVICT L3 pol=ECG:rrip_first curEpoch=0 set_ways=8]
   way0 valid=1 rrpv=1 epoch=0 dist=0 prop=1 stamped=0 dbg=1 last=0 epoch2=0 sched_n=0
   way1 valid=1 rrpv=1 epoch=0 dist=0 prop=1 stamped=0 dbg=1 last=4 epoch2=0 sched_n=0
   way2 valid=1 rrpv=1 epoch=0 dist=0 prop=1 stamped=0 dbg=1 last=8 epoch2=0 sched_n=0
   way3 valid=1 rrpv=6 epoch=0 dist=0 prop=1 stamped=0 dbg=2 last=12 epoch2=0 sched_n=0
   way4 valid=1 rrpv=6 epoch=0 dist=0 prop=1 stamped=0 dbg=2 last=16 epoch2=0 sched_n=0
   way5 valid=1 rrpv=7 epoch=0 dist=0 prop=1 stamped=0 dbg=3 last=40 epoch2=0 sched_n=0   <== VICTIM
   way6 valid=1 rrpv=7 epoch=0 dist=0 prop=1 stamped=0 dbg=3 last=24 epoch2=0 sched_n=0
   way7 valid=1 rrpv=7 epoch=0 dist=0 prop=1 stamped=0 dbg=3 last=28 epoch2=0 sched_n=0
   -> victim=way5 reason=max-rrpv farthest-epoch property
[EVICT L3 pol=ECG:rrip_first curEpoch=0 set_ways=8]
   way0 valid=1 rrpv=1 epoch=0 dist=0 prop=1 stamped=0 dbg=1 last=1 epoch2=0 sched_n=0
   way1 valid=1 rrpv=1 epoch=0 dist=0 prop=1 stamped=0 dbg=1 last=5 epoch2=0 sched_n=0
   way2 valid=1 rrpv=1 epoch=0 dist=0 prop=1 stamped=0 dbg=1 last=9 epoch2=0 sched_n=0
   way3 valid=1 rrpv=6 epoch=0 dist=0 prop=1 stamped=0 dbg=2 last=13 epoch2=0 sched_n=0
   way4 valid=1 rrpv=6 epoch=0 dist=0 prop=1 stamped=0 dbg=2 last=17 epoch2=0 sched_n=0
   way5 valid=1 rrpv=7 epoch=0 dist=0 prop=1 stamped=0 dbg=3 last=41 epoch2=0 sched_n=0   <== VICTIM
   way6 valid=1 rrpv=7 epoch=0 dist=0 prop=1 stamped=0 dbg=3 last=25 epoch2=0 sched_n=0
   way7 valid=1 rrpv=7 epoch=0 dist=0 prop=1 stamped=0 dbg=3 last=29 epoch2=0 sched_n=0
   -> victim=way5 reason=max-rrpv farthest-epoch property
[EVICT L3 pol=ECG:rrip_first curEpoch=0 set_ways=8]
   way0 valid=1 rrpv=1 epoch=0 dist=0 prop=1 stamped=0 dbg=1 last=2 epoch2=0 sched_n=0
   way1 valid=1 rrpv=1 epoch=0 dist=0 prop=1 stamped=0 dbg=1 last=6 epoch2=0 sched_n=0
   way2 valid=1 rrpv=6 epoch=0 dist=0 prop=1 stamped=0 dbg=2 last=10 epoch2=0 sched_n=0
   way3 valid=1 rrpv=6 epoch=0 dist=0 prop=1 stamped=0 dbg=2 last=14 epoch2=0 sched_n=0
   way4 valid=1 rrpv=6 epoch=0 dist=0 prop=1 stamped=0 dbg=2 last=18 epoch2=0 sched_n=0
   way5 valid=1 rrpv=7 epoch=0 dist=0 prop=1 stamped=0 dbg=3 last=42 epoch2=0 sched_n=0   <== VICTIM
   way6 valid=1 rrpv=7 epoch=0 dist=0 prop=1 stamped=0 dbg=3 last=26 epoch2=0 sched_n=0
   way7 valid=1 rrpv=7 epoch=0 dist=0 prop=1 stamped=0 dbg=3 last=30 epoch2=0 sched_n=0
   -> victim=way5 reason=max-rrpv farthest-epoch property
[EVICT L3 pol=ECG:rrip_first curEpoch=0 set_ways=8]
   way0 valid=1 rrpv=1 epoch=0 dist=0 prop=1 stamped=0 dbg=1 last=3 epoch2=0 sched_n=0
   way1 valid=1 rrpv=1 epoch=0 dist=0 prop=1 stamped=0 dbg=1 last=7 epoch2=0 sched_n=0
   way2 valid=1 rrpv=6 epoch=0 dist=0 prop=1 stamped=0 dbg=2 last=11 epoch2=0 sched_n=0
   way3 valid=1 rrpv=6 epoch=0 dist=0 prop=1 stamped=0 dbg=2 last=15 epoch2=0 sched_n=0
   way4 valid=1 rrpv=7 epoch=0 dist=0 prop=1 stamped=0 dbg=3 last=43 epoch2=0 sched_n=0   <== VICTIM
   way5 valid=1 rrpv=7 epoch=0 dist=0 prop=1 stamped=0 dbg=3 last=23 epoch2=0 sched_n=0
   way6 valid=1 rrpv=7 epoch=0 dist=0 prop=1 stamped=0 dbg=3 last=27 epoch2=0 sched_n=0
   way7 valid=1 rrpv=7 epoch=0 dist=0 prop=1 stamped=0 dbg=3 last=31 epoch2=0 sched_n=0
   -> victim=way4 reason=max-rrpv farthest-epoch property
[EVICT L3 pol=ECG:rrip_first curEpoch=0 set_ways=8]
   way0 valid=1 rrpv=1 epoch=0 dist=0 prop=1 stamped=0 dbg=1 last=0 epoch2=0 sched_n=0
   way1 valid=1 rrpv=1 epoch=0 dist=0 prop=1 stamped=0 dbg=1 last=4 epoch2=0 sched_n=0
   way2 valid=1 rrpv=1 epoch=0 dist=0 prop=1 stamped=0 dbg=1 last=8 epoch2=0 sched_n=0
   way3 valid=1 rrpv=6 epoch=0 dist=0 prop=1 stamped=0 dbg=2 last=12 epoch2=0 sched_n=0
   way4 valid=1 rrpv=6 epoch=0 dist=0 prop=1 stamped=0 dbg=2 last=16 epoch2=0 sched_n=0
   way5 valid=1 rrpv=7 epoch=0 dist=0 prop=1 stamped=0 dbg=3 last=44 epoch2=0 sched_n=0   <== VICTIM
   way6 valid=1 rrpv=7 epoch=0 dist=0 prop=1 stamped=0 dbg=3 last=24 epoch2=0 sched_n=0
   way7 valid=1 rrpv=7 epoch=0 dist=0 prop=1 stamped=0 dbg=3 last=28 epoch2=0 sched_n=0
   -> victim=way5 reason=max-rrpv farthest-epoch property
[EVICT L3 pol=ECG:rrip_first curEpoch=0 set_ways=8]
   way0 valid=1 rrpv=1 epoch=0 dist=0 prop=1 stamped=0 dbg=1 last=1 epoch2=0 sched_n=0
   way1 valid=1 rrpv=1 epoch=0 dist=0 prop=1 stamped=0 dbg=1 last=5 epoch2=0 sched_n=0
   way2 valid=1 rrpv=1 epoch=0 dist=0 prop=1 stamped=0 dbg=1 last=9 epoch2=0 sched_n=0
   way3 valid=1 rrpv=6 epoch=0 dist=0 prop=1 stamped=0 dbg=2 last=13 epoch2=0 sched_n=0
   way4 valid=1 rrpv=6 epoch=0 dist=0 prop=1 stamped=0 dbg=2 last=17 epoch2=0 sched_n=0
   way5 valid=1 rrpv=7 epoch=0 dist=0 prop=1 stamped=0 dbg=3 last=45 epoch2=0 sched_n=0   <== VICTIM
   way6 valid=1 rrpv=7 epoch=0 dist=0 prop=1 stamped=0 dbg=3 last=25 epoch2=0 sched_n=0
   way7 valid=1 rrpv=7 epoch=0 dist=0 prop=1 stamped=0 dbg=3 last=29 epoch2=0 sched_n=0
   -> victim=way5 reason=max-rrpv farthest-epoch property
[EVICT L3 pol=ECG:rrip_first curEpoch=0 set_ways=8]
   way0 valid=1 rrpv=1 epoch=0 dist=0 prop=1 stamped=0 dbg=1 last=2 epoch2=0 sched_n=0
   way1 valid=1 rrpv=1 epoch=0 dist=0 prop=1 stamped=0 dbg=1 last=6 epoch2=0 sched_n=0
   way2 valid=1 rrpv=6 epoch=0 dist=0 prop=1 stamped=0 dbg=2 last=10 epoch2=0 sched_n=0
   way3 valid=1 rrpv=6 epoch=0 dist=0 prop=1 stamped=0 dbg=2 last=14 epoch2=0 sched_n=0
   way4 valid=1 rrpv=6 epoch=0 dist=0 prop=1 stamped=0 dbg=2 last=18 epoch2=0 sched_n=0
   way5 valid=1 rrpv=7 epoch=0 dist=0 prop=1 stamped=0 dbg=3 last=46 epoch2=0 sched_n=0   <== VICTIM
   way6 valid=1 rrpv=7 epoch=0 dist=0 prop=1 stamped=0 dbg=3 last=26 epoch2=0 sched_n=0
   way7 valid=1 rrpv=7 epoch=0 dist=0 prop=1 stamped=0 dbg=3 last=30 epoch2=0 sched_n=0
   -> victim=way5 reason=max-rrpv farthest-epoch property
[EVICT L3 pol=ECG:rrip_first curEpoch=0 set_ways=8]
   way0 valid=1 rrpv=1 epoch=0 dist=0 prop=1 stamped=0 dbg=1 last=3 epoch2=0 sched_n=0
   way1 valid=1 rrpv=1 epoch=0 dist=0 prop=1 stamped=0 dbg=1 last=7 epoch2=0 sched_n=0
   way2 valid=1 rrpv=6 epoch=0 dist=0 prop=1 stamped=0 dbg=2 last=11 epoch2=0 sched_n=0
   way3 valid=1 rrpv=6 epoch=0 dist=0 prop=1 stamped=0 dbg=2 last=15 epoch2=0 sched_n=0
   way4 valid=1 rrpv=7 epoch=0 dist=0 prop=1 stamped=0 dbg=3 last=47 epoch2=0 sched_n=0   <== VICTIM
   way5 valid=1 rrpv=7 epoch=0 dist=0 prop=1 stamped=0 dbg=3 last=23 epoch2=0 sched_n=0
   way6 valid=1 rrpv=7 epoch=0 dist=0 prop=1 stamped=0 dbg=3 last=27 epoch2=0 sched_n=0
   way7 valid=1 rrpv=7 epoch=0 dist=0 prop=1 stamped=0 dbg=3 last=31 epoch2=0 sched_n=0
   -> victim=way4 reason=max-rrpv farthest-epoch property
[EVICT L3 pol=ECG:rrip_first curEpoch=0 set_ways=8]
   way0 valid=1 rrpv=1 epoch=0 dist=0 prop=1 stamped=0 dbg=1 last=0 epoch2=0 sched_n=0
   way1 valid=1 rrpv=1 epoch=0 dist=0 prop=1 stamped=0 dbg=1 last=4 epoch2=0 sched_n=0
   way2 valid=1 rrpv=1 epoch=0 dist=0 prop=1 stamped=0 dbg=1 last=8 epoch2=0 sched_n=0
   way3 valid=1 rrpv=6 epoch=0 dist=0 prop=1 stamped=0 dbg=2 last=12 epoch2=0 sched_n=0
   way4 valid=1 rrpv=6 epoch=0 dist=0 prop=1 stamped=0 dbg=2 last=16 epoch2=0 sched_n=0
   way5 valid=1 rrpv=7 epoch=0 dist=0 prop=1 stamped=0 dbg=3 last=48 epoch2=0 sched_n=0   <== VICTIM
   way6 valid=1 rrpv=7 epoch=0 dist=0 prop=1 stamped=0 dbg=3 last=24 epoch2=0 sched_n=0
   way7 valid=1 rrpv=7 epoch=0 dist=0 prop=1 stamped=0 dbg=3 last=28 epoch2=0 sched_n=0
   -> victim=way5 reason=max-rrpv farthest-epoch property
[EVICT L3 pol=ECG:rrip_first curEpoch=0 set_ways=8]
   way0 valid=1 rrpv=1 epoch=0 dist=0 prop=1 stamped=0 dbg=1 last=1 epoch2=0 sched_n=0
   way1 valid=1 rrpv=1 epoch=0 dist=0 prop=1 stamped=0 dbg=1 last=5 epoch2=0 sched_n=0
   way2 valid=1 rrpv=1 epoch=0 dist=0 prop=1 stamped=0 dbg=1 last=9 epoch2=0 sched_n=0
   way3 valid=1 rrpv=6 epoch=0 dist=0 prop=1 stamped=0 dbg=2 last=13 epoch2=0 sched_n=0
   way4 valid=1 rrpv=6 epoch=0 dist=0 prop=1 stamped=0 dbg=2 last=17 epoch2=0 sched_n=0
   way5 valid=1 rrpv=7 epoch=0 dist=0 prop=1 stamped=0 dbg=3 last=49 epoch2=0 sched_n=0   <== VICTIM
   way6 valid=1 rrpv=7 epoch=0 dist=0 prop=1 stamped=0 dbg=3 last=25 epoch2=0 sched_n=0
   way7 valid=1 rrpv=7 epoch=0 dist=0 prop=1 stamped=0 dbg=3 last=29 epoch2=0 sched_n=0
   -> victim=way5 reason=max-rrpv farthest-epoch property
[EVICT L3 pol=ECG:rrip_first curEpoch=0 set_ways=8]
   way0 valid=1 rrpv=1 epoch=0 dist=0 prop=1 stamped=0 dbg=1 last=2 epoch2=0 sched_n=0
   way1 valid=1 rrpv=1 epoch=0 dist=0 prop=1 stamped=0 dbg=1 last=6 epoch2=0 sched_n=0
   way2 valid=1 rrpv=6 epoch=0 dist=0 prop=1 stamped=0 dbg=2 last=10 epoch2=0 sched_n=0
   way3 valid=1 rrpv=6 epoch=0 dist=0 prop=1 stamped=0 dbg=2 last=14 epoch2=0 sched_n=0
   way4 valid=1 rrpv=6 epoch=0 dist=0 prop=1 stamped=0 dbg=2 last=18 epoch2=0 sched_n=0
   way5 valid=1 rrpv=7 epoch=0 dist=0 prop=1 stamped=0 dbg=3 last=50 epoch2=0 sched_n=0   <== VICTIM
   way6 valid=1 rrpv=7 epoch=0 dist=0 prop=1 stamped=0 dbg=3 last=26 epoch2=0 sched_n=0
   way7 valid=1 rrpv=7 epoch=0 dist=0 prop=1 stamped=0 dbg=3 last=30 epoch2=0 sched_n=0
   -> victim=way5 reason=max-rrpv farthest-epoch property
[EVICT L3 pol=ECG:rrip_first curEpoch=0 set_ways=8]
   way0 valid=1 rrpv=1 epoch=0 dist=0 prop=1 stamped=0 dbg=1 last=3 epoch2=0 sched_n=0
   way1 valid=1 rrpv=1 epoch=0 dist=0 prop=1 stamped=0 dbg=1 last=7 epoch2=0 sched_n=0
   way2 valid=1 rrpv=6 epoch=0 dist=0 prop=1 stamped=0 dbg=2 last=11 epoch2=0 sched_n=0
   way3 valid=1 rrpv=6 epoch=0 dist=0 prop=1 stamped=0 dbg=2 last=15 epoch2=0 sched_n=0
   way4 valid=1 rrpv=7 epoch=0 dist=0 prop=1 stamped=0 dbg=3 last=51 epoch2=0 sched_n=0   <== VICTIM
   way5 valid=1 rrpv=7 epoch=0 dist=0 prop=1 stamped=0 dbg=3 last=23 epoch2=0 sched_n=0
   way6 valid=1 rrpv=7 epoch=0 dist=0 prop=1 stamped=0 dbg=3 last=27 epoch2=0 sched_n=0
   way7 valid=1 rrpv=7 epoch=0 dist=0 prop=1 stamped=0 dbg=3 last=31 epoch2=0 sched_n=0
   -> victim=way4 reason=max-rrpv farthest-epoch property
[EVICT L3 pol=ECG:rrip_first curEpoch=0 set_ways=8]
   way0 valid=1 rrpv=1 epoch=0 dist=0 prop=1 stamped=0 dbg=1 last=0 epoch2=0 sched_n=0
   way1 valid=1 rrpv=1 epoch=0 dist=0 prop=1 stamped=0 dbg=1 last=4 epoch2=0 sched_n=0
   way2 valid=1 rrpv=1 epoch=0 dist=0 prop=1 stamped=0 dbg=1 last=8 epoch2=0 sched_n=0
   way3 valid=1 rrpv=6 epoch=0 dist=0 prop=1 stamped=0 dbg=2 last=12 epoch2=0 sched_n=0
   way4 valid=1 rrpv=6 epoch=0 dist=0 prop=1 stamped=0 dbg=2 last=16 epoch2=0 sched_n=0
   way5 valid=1 rrpv=7 epoch=0 dist=0 prop=1 stamped=0 dbg=3 last=52 epoch2=0 sched_n=0   <== VICTIM
   way6 valid=1 rrpv=7 epoch=0 dist=0 prop=1 stamped=0 dbg=3 last=24 epoch2=0 sched_n=0
   way7 valid=1 rrpv=7 epoch=0 dist=0 prop=1 stamped=0 dbg=3 last=28 epoch2=0 sched_n=0
   -> victim=way5 reason=max-rrpv farthest-epoch property
[EVICT L3 pol=ECG:rrip_first curEpoch=0 set_ways=8]
   way0 valid=1 rrpv=1 epoch=0 dist=0 prop=1 stamped=0 dbg=1 last=1 epoch2=0 sched_n=0
   way1 valid=1 rrpv=1 epoch=0 dist=0 prop=1 stamped=0 dbg=1 last=5 epoch2=0 sched_n=0
   way2 valid=1 rrpv=1 epoch=0 dist=0 prop=1 stamped=0 dbg=1 last=9 epoch2=0 sched_n=0
   way3 valid=1 rrpv=6 epoch=0 dist=0 prop=1 stamped=0 dbg=2 last=13 epoch2=0 sched_n=0
   way4 valid=1 rrpv=6 epoch=0 dist=0 prop=1 stamped=0 dbg=2 last=17 epoch2=0 sched_n=0
   way5 valid=1 rrpv=7 epoch=0 dist=0 prop=1 stamped=0 dbg=3 last=53 epoch2=0 sched_n=0   <== VICTIM
   way6 valid=1 rrpv=7 epoch=0 dist=0 prop=1 stamped=0 dbg=3 last=25 epoch2=0 sched_n=0
   way7 valid=1 rrpv=7 epoch=0 dist=0 prop=1 stamped=0 dbg=3 last=29 epoch2=0 sched_n=0
   -> victim=way5 reason=max-rrpv farthest-epoch property
[EVICT L3 pol=ECG:rrip_first curEpoch=0 set_ways=8]
   way0 valid=1 rrpv=1 epoch=0 dist=0 prop=1 stamped=0 dbg=1 last=2 epoch2=0 sched_n=0
   way1 valid=1 rrpv=1 epoch=0 dist=0 prop=1 stamped=0 dbg=1 last=6 epoch2=0 sched_n=0
   way2 valid=1 rrpv=6 epoch=0 dist=0 prop=1 stamped=0 dbg=2 last=10 epoch2=0 sched_n=0
   way3 valid=1 rrpv=6 epoch=0 dist=0 prop=1 stamped=0 dbg=2 last=14 epoch2=0 sched_n=0
   way4 valid=1 rrpv=6 epoch=0 dist=0 prop=1 stamped=0 dbg=2 last=18 epoch2=0 sched_n=0
   way5 valid=1 rrpv=7 epoch=0 dist=0 prop=1 stamped=0 dbg=3 last=54 epoch2=0 sched_n=0   <== VICTIM
   way6 valid=1 rrpv=7 epoch=0 dist=0 prop=1 stamped=0 dbg=3 last=26 epoch2=0 sched_n=0
   way7 valid=1 rrpv=7 epoch=0 dist=0 prop=1 stamped=0 dbg=3 last=30 epoch2=0 sched_n=0
   -> victim=way5 reason=max-rrpv farthest-epoch property
[EVICT L3 pol=ECG:rrip_first curEpoch=0 set_ways=8]
   way0 valid=1 rrpv=1 epoch=0 dist=0 prop=1 stamped=0 dbg=1 last=3 epoch2=0 sched_n=0
   way1 valid=1 rrpv=1 epoch=0 dist=0 prop=1 stamped=0 dbg=1 last=7 epoch2=0 sched_n=0
   way2 valid=1 rrpv=6 epoch=0 dist=0 prop=1 stamped=0 dbg=2 last=11 epoch2=0 sched_n=0
   way3 valid=1 rrpv=6 epoch=0 dist=0 prop=1 stamped=0 dbg=2 last=15 epoch2=0 sched_n=0
   way4 valid=1 rrpv=7 epoch=0 dist=0 prop=1 stamped=0 dbg=3 last=55 epoch2=0 sched_n=0   <== VICTIM
   way5 valid=1 rrpv=7 epoch=0 dist=0 prop=1 stamped=0 dbg=3 last=23 epoch2=0 sched_n=0
   way6 valid=1 rrpv=7 epoch=0 dist=0 prop=1 stamped=0 dbg=3 last=27 epoch2=0 sched_n=0
   way7 valid=1 rrpv=7 epoch=0 dist=0 prop=1 stamped=0 dbg=3 last=31 epoch2=0 sched_n=0
   -> victim=way4 reason=max-rrpv farthest-epoch property
[EVICT L3 pol=ECG:rrip_first curEpoch=0 set_ways=8]
   way0 valid=1 rrpv=1 epoch=0 dist=0 prop=1 stamped=0 dbg=1 last=0 epoch2=0 sched_n=0
   way1 valid=1 rrpv=1 epoch=0 dist=0 prop=1 stamped=0 dbg=1 last=4 epoch2=0 sched_n=0
   way2 valid=1 rrpv=1 epoch=0 dist=0 prop=1 stamped=0 dbg=1 last=8 epoch2=0 sched_n=0
   way3 valid=1 rrpv=6 epoch=0 dist=0 prop=1 stamped=0 dbg=2 last=12 epoch2=0 sched_n=0
   way4 valid=1 rrpv=6 epoch=0 dist=0 prop=1 stamped=0 dbg=2 last=16 epoch2=0 sched_n=0
   way5 valid=1 rrpv=7 epoch=0 dist=0 prop=1 stamped=0 dbg=3 last=56 epoch2=0 sched_n=0   <== VICTIM
   way6 valid=1 rrpv=7 epoch=0 dist=0 prop=1 stamped=0 dbg=3 last=24 epoch2=0 sched_n=0
   way7 valid=1 rrpv=7 epoch=0 dist=0 prop=1 stamped=0 dbg=3 last=28 epoch2=0 sched_n=0
   -> victim=way5 reason=max-rrpv farthest-epoch property
[EVICT L3 pol=ECG:rrip_first curEpoch=0 set_ways=8]
   way0 valid=1 rrpv=1 epoch=0 dist=0 prop=1 stamped=0 dbg=1 last=1 epoch2=0 sched_n=0
   way1 valid=1 rrpv=1 epoch=0 dist=0 prop=1 stamped=0 dbg=1 last=5 epoch2=0 sched_n=0
   way2 valid=1 rrpv=1 epoch=0 dist=0 prop=1 stamped=0 dbg=1 last=9 epoch2=0 sched_n=0
   way3 valid=1 rrpv=6 epoch=0 dist=0 prop=1 stamped=0 dbg=2 last=13 epoch2=0 sched_n=0
   way4 valid=1 rrpv=6 epoch=0 dist=0 prop=1 stamped=0 dbg=2 last=17 epoch2=0 sched_n=0
   way5 valid=1 rrpv=7 epoch=0 dist=0 prop=1 stamped=0 dbg=3 last=57 epoch2=0 sched_n=0   <== VICTIM
   way6 valid=1 rrpv=7 epoch=0 dist=0 prop=1 stamped=0 dbg=3 last=25 epoch2=0 sched_n=0
   way7 valid=1 rrpv=7 epoch=0 dist=0 prop=1 stamped=0 dbg=3 last=29 epoch2=0 sched_n=0
   -> victim=way5 reason=max-rrpv farthest-epoch property
[EVICT L3 pol=ECG:rrip_first curEpoch=0 set_ways=8]
   way0 valid=1 rrpv=1 epoch=0 dist=0 prop=1 stamped=0 dbg=1 last=2 epoch2=0 sched_n=0
   way1 valid=1 rrpv=1 epoch=0 dist=0 prop=1 stamped=0 dbg=1 last=6 epoch2=0 sched_n=0
   way2 valid=1 rrpv=6 epoch=0 dist=0 prop=1 stamped=0 dbg=2 last=10 epoch2=0 sched_n=0
   way3 valid=1 rrpv=6 epoch=0 dist=0 prop=1 stamped=0 dbg=2 last=14 epoch2=0 sched_n=0
   way4 valid=1 rrpv=6 epoch=0 dist=0 prop=1 stamped=0 dbg=2 last=18 epoch2=0 sched_n=0
   way5 valid=1 rrpv=7 epoch=0 dist=0 prop=1 stamped=0 dbg=3 last=58 epoch2=0 sched_n=0   <== VICTIM
   way6 valid=1 rrpv=7 epoch=0 dist=0 prop=1 stamped=0 dbg=3 last=26 epoch2=0 sched_n=0
   way7 valid=1 rrpv=7 epoch=0 dist=0 prop=1 stamped=0 dbg=3 last=30 epoch2=0 sched_n=0
   -> victim=way5 reason=max-rrpv farthest-epoch property
[ECG-METADATA kernel=bfs delivery=packed stamps=1 epoch_bits=16 tier_bits=2 id_bits=10 record_bytes=4 payload_bits=18 bytes_per_edge=4.000 charged=1 bypass=0 packed_fits=1]
[EVICT L3 pol=ECG:rrip_first curEpoch=21779 set_ways=8]
   way0 valid=1 rrpv=1 epoch=0 dist=43756 prop=1 stamped=0 dbg=1 last=0 epoch2=0 sched_n=0
   way1 valid=1 rrpv=1 epoch=0 dist=43756 prop=1 stamped=0 dbg=1 last=4 epoch2=0 sched_n=0
   way2 valid=1 rrpv=1 epoch=0 dist=43756 prop=1 stamped=0 dbg=1 last=8 epoch2=0 sched_n=0
   way3 valid=1 rrpv=6 epoch=0 dist=43756 prop=1 stamped=0 dbg=2 last=12 epoch2=0 sched_n=0
   way4 valid=1 rrpv=6 epoch=0 dist=43756 prop=1 stamped=0 dbg=2 last=16 epoch2=0 sched_n=0
   way5 valid=1 rrpv=7 epoch=0 dist=43756 prop=1 stamped=0 dbg=3 last=60 epoch2=0 sched_n=0   <== VICTIM
   way6 valid=1 rrpv=7 epoch=0 dist=43756 prop=1 stamped=0 dbg=3 last=24 epoch2=0 sched_n=0
   way7 valid=1 rrpv=7 epoch=0 dist=43756 prop=1 stamped=0 dbg=3 last=28 epoch2=0 sched_n=0
   -> victim=way5 reason=max-rrpv farthest-epoch property
[EVICT L3 pol=ECG:rrip_first curEpoch=21779 set_ways=8]
   way0 valid=1 rrpv=1 epoch=0 dist=43756 prop=1 stamped=0 dbg=1 last=1 epoch2=0 sched_n=0
   way1 valid=1 rrpv=1 epoch=0 dist=43756 prop=1 stamped=0 dbg=1 last=5 epoch2=0 sched_n=0
   way2 valid=1 rrpv=1 epoch=0 dist=43756 prop=1 stamped=0 dbg=1 last=9 epoch2=0 sched_n=0
   way3 valid=1 rrpv=6 epoch=0 dist=43756 prop=1 stamped=0 dbg=2 last=13 epoch2=0 sched_n=0
   way4 valid=1 rrpv=6 epoch=0 dist=43756 prop=1 stamped=0 dbg=2 last=17 epoch2=0 sched_n=0
   way5 valid=1 rrpv=7 epoch=0 dist=43756 prop=1 stamped=0 dbg=3 last=61 epoch2=0 sched_n=0   <== VICTIM
   way6 valid=1 rrpv=7 epoch=0 dist=43756 prop=1 stamped=0 dbg=3 last=25 epoch2=0 sched_n=0
   way7 valid=1 rrpv=7 epoch=0 dist=43756 prop=1 stamped=0 dbg=3 last=29 epoch2=0 sched_n=0
   -> victim=way5 reason=max-rrpv farthest-epoch property
[EVICT L3 pol=ECG:rrip_first curEpoch=21779 set_ways=8]
   way0 valid=1 rrpv=1 epoch=0 dist=43756 prop=1 stamped=0 dbg=1 last=0 epoch2=0 sched_n=0
   way1 valid=1 rrpv=1 epoch=0 dist=43756 prop=1 stamped=0 dbg=1 last=4 epoch2=0 sched_n=0
   way2 valid=1 rrpv=0 epoch=21910 dist=131 prop=1 stamped=1 dbg=1 last=64 epoch2=21910 sched_n=0
   way3 valid=1 rrpv=5 epoch=22040 dist=261 prop=1 stamped=1 dbg=2 last=66 epoch2=22040 sched_n=0
   way4 valid=1 rrpv=6 epoch=0 dist=43756 prop=1 stamped=0 dbg=2 last=16 epoch2=0 sched_n=0
   way5 valid=1 rrpv=7 epoch=0 dist=43756 prop=0 stamped=0 dbg=3 last=63 epoch2=0 sched_n=0   <== VICTIM
   way6 valid=1 rrpv=7 epoch=0 dist=43756 prop=1 stamped=0 dbg=3 last=24 epoch2=0 sched_n=0
   way7 valid=1 rrpv=7 epoch=0 dist=43756 prop=1 stamped=0 dbg=3 last=28 epoch2=0 sched_n=0
   -> victim=way5 reason=max-rrpv record by recency
[EVICT L3 pol=ECG:rrip_first curEpoch=21779 set_ways=8]
   way0 valid=1 rrpv=1 epoch=0 dist=43756 prop=1 stamped=0 dbg=1 last=1 epoch2=0 sched_n=0
   way1 valid=1 rrpv=1 epoch=0 dist=43756 prop=1 stamped=0 dbg=1 last=5 epoch2=0 sched_n=0
   way2 valid=1 rrpv=1 epoch=0 dist=43756 prop=1 stamped=0 dbg=1 last=9 epoch2=0 sched_n=0
   way3 valid=1 rrpv=6 epoch=0 dist=43756 prop=1 stamped=0 dbg=2 last=13 epoch2=0 sched_n=0
   way4 valid=1 rrpv=6 epoch=0 dist=43756 prop=1 stamped=0 dbg=2 last=17 epoch2=0 sched_n=0
   way5 valid=1 rrpv=7 epoch=0 dist=43756 prop=0 stamped=0 dbg=3 last=65 epoch2=0 sched_n=0   <== VICTIM
   way6 valid=1 rrpv=7 epoch=0 dist=43756 prop=1 stamped=0 dbg=3 last=25 epoch2=0 sched_n=0
   way7 valid=1 rrpv=6 epoch=22105 dist=326 prop=1 stamped=1 dbg=3 last=68 epoch2=22105 sched_n=0
   -> victim=way5 reason=max-rrpv record by recency
[EVICT L3 pol=ECG:rrip_first curEpoch=8477 set_ways=8]
   way0 valid=1 rrpv=1 epoch=0 dist=57058 prop=1 stamped=0 dbg=1 last=1 epoch2=0 sched_n=0
   way1 valid=1 rrpv=1 epoch=0 dist=57058 prop=1 stamped=0 dbg=1 last=5 epoch2=0 sched_n=0
   way2 valid=1 rrpv=1 epoch=0 dist=57058 prop=1 stamped=0 dbg=1 last=9 epoch2=0 sched_n=0
   way3 valid=1 rrpv=6 epoch=0 dist=57058 prop=1 stamped=0 dbg=2 last=13 epoch2=0 sched_n=0
   way4 valid=1 rrpv=6 epoch=0 dist=57058 prop=1 stamped=0 dbg=2 last=17 epoch2=0 sched_n=0
   way5 valid=1 rrpv=7 epoch=22105 dist=13628 prop=1 stamped=1 dbg=3 last=69 epoch2=22105 sched_n=0   <== VICTIM
   way6 valid=1 rrpv=7 epoch=0 dist=57058 prop=1 stamped=0 dbg=3 last=25 epoch2=0 sched_n=0
   way7 valid=1 rrpv=6 epoch=22105 dist=13628 prop=1 stamped=1 dbg=3 last=68 epoch2=22105 sched_n=0
   -> victim=way5 reason=max-rrpv farthest-epoch property
[EVICT L3 pol=ECG:rrip_first curEpoch=8477 set_ways=8]
   way0 valid=1 rrpv=0 epoch=8607 dist=130 prop=1 stamped=1 dbg=1 last=73 epoch2=8607 sched_n=0
   way1 valid=1 rrpv=1 epoch=0 dist=57058 prop=1 stamped=0 dbg=1 last=6 epoch2=0 sched_n=0
   way2 valid=1 rrpv=6 epoch=0 dist=57058 prop=1 stamped=0 dbg=2 last=10 epoch2=0 sched_n=0
   way3 valid=1 rrpv=6 epoch=0 dist=57058 prop=1 stamped=0 dbg=2 last=14 epoch2=0 sched_n=0
   way4 valid=1 rrpv=6 epoch=0 dist=57058 prop=1 stamped=0 dbg=2 last=18 epoch2=0 sched_n=0
   way5 valid=1 rrpv=7 epoch=0 dist=57058 prop=1 stamped=0 dbg=3 last=62 epoch2=0 sched_n=0   <== VICTIM
   way6 valid=1 rrpv=7 epoch=0 dist=57058 prop=1 stamped=0 dbg=3 last=26 epoch2=0 sched_n=0
   way7 valid=1 rrpv=7 epoch=0 dist=57058 prop=1 stamped=0 dbg=3 last=30 epoch2=0 sched_n=0
   -> victim=way5 reason=max-rrpv farthest-epoch property
[EVICT L3 pol=ECG:rrip_first curEpoch=8477 set_ways=8]
   way0 valid=1 rrpv=0 epoch=8738 dist=261 prop=1 stamped=1 dbg=1 last=75 epoch2=8738 sched_n=0
   way1 valid=1 rrpv=0 epoch=8607 dist=130 prop=1 stamped=1 dbg=1 last=78 epoch2=8607 sched_n=0
   way2 valid=1 rrpv=6 epoch=0 dist=57058 prop=1 stamped=0 dbg=2 last=11 epoch2=0 sched_n=0
   way3 valid=1 rrpv=6 epoch=0 dist=57058 prop=1 stamped=0 dbg=2 last=15 epoch2=0 sched_n=0
   way4 valid=1 rrpv=7 epoch=0 dist=57058 prop=1 stamped=0 dbg=3 last=59 epoch2=0 sched_n=0
   way5 valid=1 rrpv=7 epoch=0 dist=57058 prop=1 stamped=0 dbg=3 last=23 epoch2=0 sched_n=0
   way6 valid=1 rrpv=7 epoch=0 dist=57058 prop=1 stamped=0 dbg=3 last=27 epoch2=0 sched_n=0
   way7 valid=1 rrpv=7 epoch=22040 dist=13563 prop=1 stamped=1 dbg=3 last=31 epoch2=22040 sched_n=0   <== VICTIM
   -> victim=way7 reason=max-rrpv farthest-epoch property
[EVICT L3 pol=ECG:rrip_first curEpoch=8477 set_ways=8]
   way0 valid=1 rrpv=0 epoch=8738 dist=261 prop=1 stamped=1 dbg=1 last=75 epoch2=8738 sched_n=0
   way1 valid=1 rrpv=0 epoch=8607 dist=130 prop=1 stamped=1 dbg=1 last=78 epoch2=8607 sched_n=0
   way2 valid=1 rrpv=6 epoch=0 dist=57058 prop=1 stamped=0 dbg=2 last=11 epoch2=0 sched_n=0
   way3 valid=1 rrpv=5 epoch=8607 dist=130 prop=1 stamped=1 dbg=2 last=84 epoch2=8607 sched_n=0
   way4 valid=1 rrpv=7 epoch=0 dist=57058 prop=1 stamped=0 dbg=3 last=59 epoch2=0 sched_n=0
   way5 valid=1 rrpv=7 epoch=0 dist=57058 prop=1 stamped=0 dbg=3 last=23 epoch2=0 sched_n=0
   way6 valid=1 rrpv=7 epoch=0 dist=57058 prop=1 stamped=0 dbg=3 last=27 epoch2=0 sched_n=0
   way7 valid=1 rrpv=7 epoch=22040 dist=13563 prop=0 stamped=0 dbg=3 last=81 epoch2=22040 sched_n=0   <== VICTIM
   -> victim=way7 reason=max-rrpv record by recency
[EVICT L3 pol=ECG:rrip_first curEpoch=8477 set_ways=8]
   way0 valid=1 rrpv=0 epoch=8738 dist=261 prop=1 stamped=1 dbg=1 last=71 epoch2=8738 sched_n=0
   way1 valid=1 rrpv=0 epoch=8607 dist=130 prop=1 stamped=1 dbg=1 last=76 epoch2=8607 sched_n=0
   way2 valid=1 rrpv=0 epoch=8607 dist=130 prop=1 stamped=1 dbg=1 last=64 epoch2=8607 sched_n=0
   way3 valid=1 rrpv=5 epoch=8607 dist=130 prop=1 stamped=1 dbg=2 last=66 epoch2=8607 sched_n=0
   way4 valid=1 rrpv=5 epoch=8607 dist=130 prop=1 stamped=1 dbg=2 last=85 epoch2=8607 sched_n=0
   way5 valid=1 rrpv=7 epoch=22171 dist=13694 prop=1 stamped=1 dbg=3 last=67 epoch2=22171 sched_n=0   <== VICTIM
   way6 valid=1 rrpv=7 epoch=0 dist=57058 prop=1 stamped=0 dbg=3 last=24 epoch2=0 sched_n=0
   way7 valid=1 rrpv=7 epoch=0 dist=57058 prop=1 stamped=0 dbg=3 last=28 epoch2=0 sched_n=0
   -> victim=way5 reason=max-rrpv farthest-epoch property
[EVICT L3 pol=ECG:rrip_first curEpoch=8477 set_ways=8]
   way0 valid=1 rrpv=0 epoch=8607 dist=130 prop=1 stamped=1 dbg=1 last=72 epoch2=8607 sched_n=0
   way1 valid=1 rrpv=1 epoch=0 dist=57058 prop=1 stamped=0 dbg=1 last=5 epoch2=0 sched_n=0
   way2 valid=1 rrpv=0 epoch=8672 dist=195 prop=1 stamped=1 dbg=1 last=79 epoch2=8672 sched_n=0
   way3 valid=1 rrpv=5 epoch=8607 dist=130 prop=1 stamped=1 dbg=2 last=82 epoch2=8607 sched_n=0
   way4 valid=1 rrpv=5 epoch=8607 dist=130 prop=1 stamped=1 dbg=2 last=86 epoch2=8607 sched_n=0
   way5 valid=1 rrpv=7 epoch=22105 dist=13628 prop=0 stamped=0 dbg=3 last=70 epoch2=22105 sched_n=0   <== VICTIM
   way6 valid=1 rrpv=7 epoch=0 dist=57058 prop=1 stamped=0 dbg=3 last=25 epoch2=0 sched_n=0
   way7 valid=1 rrpv=6 epoch=22105 dist=13628 prop=1 stamped=1 dbg=3 last=68 epoch2=22105 sched_n=0
   -> victim=way5 reason=max-rrpv record by recency
[EVICT L3 pol=ECG:rrip_first curEpoch=8477 set_ways=8]
   way0 valid=1 rrpv=0 epoch=8607 dist=130 prop=1 stamped=1 dbg=1 last=72 epoch2=8607 sched_n=0
   way1 valid=1 rrpv=1 epoch=0 dist=57058 prop=1 stamped=0 dbg=1 last=5 epoch2=0 sched_n=0
   way2 valid=1 rrpv=0 epoch=8672 dist=195 prop=1 stamped=1 dbg=1 last=79 epoch2=8672 sched_n=0
   way3 valid=1 rrpv=5 epoch=8607 dist=130 prop=1 stamped=1 dbg=2 last=82 epoch2=8607 sched_n=0
   way4 valid=1 rrpv=5 epoch=8607 dist=130 prop=1 stamped=1 dbg=2 last=86 epoch2=8607 sched_n=0
   way5 valid=1 rrpv=7 epoch=8542 dist=65 prop=1 stamped=1 dbg=3 last=90 epoch2=8542 sched_n=0   <== VICTIM
   way6 valid=1 rrpv=7 epoch=0 dist=57058 prop=1 stamped=0 dbg=3 last=25 epoch2=0 sched_n=0
   way7 valid=1 rrpv=6 epoch=22105 dist=13628 prop=1 stamped=1 dbg=3 last=68 epoch2=22105 sched_n=0
   -> victim=way5 reason=max-rrpv farthest-epoch property
[EVICT L3 pol=ECG:rrip_first curEpoch=8477 set_ways=8]
   way0 valid=1 rrpv=0 epoch=8738 dist=261 prop=1 stamped=1 dbg=1 last=71 epoch2=8738 sched_n=0
   way1 valid=1 rrpv=0 epoch=8607 dist=130 prop=1 stamped=1 dbg=1 last=76 epoch2=8607 sched_n=0
   way2 valid=1 rrpv=0 epoch=8607 dist=130 prop=1 stamped=1 dbg=1 last=64 epoch2=8607 sched_n=0
   way3 valid=1 rrpv=5 epoch=8607 dist=130 prop=1 stamped=1 dbg=2 last=66 epoch2=8607 sched_n=0
   way4 valid=1 rrpv=5 epoch=8607 dist=130 prop=1 stamped=1 dbg=2 last=85 epoch2=8607 sched_n=0
   way5 valid=1 rrpv=7 epoch=22171 dist=13694 prop=0 stamped=0 dbg=3 last=89 epoch2=22171 sched_n=0   <== VICTIM
   way6 valid=1 rrpv=6 epoch=8738 dist=261 prop=1 stamped=1 dbg=3 last=92 epoch2=8738 sched_n=0
   way7 valid=1 rrpv=6 epoch=8542 dist=65 prop=1 stamped=1 dbg=3 last=94 epoch2=8542 sched_n=0
   -> victim=way5 reason=max-rrpv record by recency
[EVICT L3 pol=ECG:rrip_first curEpoch=8477 set_ways=8]
   way0 valid=1 rrpv=0 epoch=8607 dist=130 prop=1 stamped=1 dbg=1 last=72 epoch2=8607 sched_n=0
   way1 valid=1 rrpv=1 epoch=0 dist=57058 prop=1 stamped=0 dbg=1 last=5 epoch2=0 sched_n=0
   way2 valid=1 rrpv=0 epoch=8672 dist=195 prop=1 stamped=1 dbg=1 last=79 epoch2=8672 sched_n=0
   way3 valid=1 rrpv=5 epoch=8607 dist=130 prop=1 stamped=1 dbg=2 last=82 epoch2=8607 sched_n=0
   way4 valid=1 rrpv=5 epoch=8607 dist=130 prop=1 stamped=1 dbg=2 last=86 epoch2=8607 sched_n=0
   way5 valid=1 rrpv=7 epoch=8542 dist=65 prop=0 stamped=0 dbg=3 last=95 epoch2=8542 sched_n=0   <== VICTIM
   way6 valid=1 rrpv=7 epoch=0 dist=57058 prop=1 stamped=0 dbg=3 last=25 epoch2=0 sched_n=0
   way7 valid=1 rrpv=5 epoch=8607 dist=130 prop=1 stamped=1 dbg=3 last=96 epoch2=8607 sched_n=0
   -> victim=way5 reason=max-rrpv record by recency
[EVICT L3 pol=ECG:rrip_first curEpoch=8477 set_ways=8]
   way0 valid=1 rrpv=0 epoch=8607 dist=130 prop=1 stamped=1 dbg=1 last=73 epoch2=8607 sched_n=0
   way1 valid=1 rrpv=0 epoch=8607 dist=130 prop=1 stamped=1 dbg=1 last=77 epoch2=8607 sched_n=0
   way2 valid=1 rrpv=5 epoch=8542 dist=65 prop=1 stamped=1 dbg=2 last=80 epoch2=8542 sched_n=0
   way3 valid=1 rrpv=5 epoch=8542 dist=65 prop=1 stamped=1 dbg=2 last=83 epoch2=8542 sched_n=0
   way4 valid=1 rrpv=5 epoch=8542 dist=65 prop=1 stamped=1 dbg=2 last=87 epoch2=8542 sched_n=0
   way5 valid=1 rrpv=7 epoch=0 dist=57058 prop=0 stamped=0 dbg=3 last=74 epoch2=0 sched_n=0   <== VICTIM
   way6 valid=1 rrpv=7 epoch=0 dist=57058 prop=1 stamped=0 dbg=3 last=26 epoch2=0 sched_n=0
   way7 valid=1 rrpv=6 epoch=8607 dist=130 prop=1 stamped=1 dbg=3 last=97 epoch2=8607 sched_n=0
   -> victim=way5 reason=max-rrpv record by recency
[EVICT L3 pol=ECG:rrip_first curEpoch=8477 set_ways=8]
   way0 valid=1 rrpv=0 epoch=8607 dist=130 prop=1 stamped=1 dbg=1 last=73 epoch2=8607 sched_n=0
   way1 valid=1 rrpv=0 epoch=8607 dist=130 prop=1 stamped=1 dbg=1 last=77 epoch2=8607 sched_n=0
   way2 valid=1 rrpv=5 epoch=8542 dist=65 prop=1 stamped=1 dbg=2 last=80 epoch2=8542 sched_n=0
   way3 valid=1 rrpv=5 epoch=8542 dist=65 prop=1 stamped=1 dbg=2 last=83 epoch2=8542 sched_n=0
   way4 valid=1 rrpv=5 epoch=8542 dist=65 prop=1 stamped=1 dbg=2 last=87 epoch2=8542 sched_n=0
   way5 valid=1 rrpv=7 epoch=8542 dist=65 prop=1 stamped=1 dbg=3 last=100 epoch2=8542 sched_n=0   <== VICTIM
   way6 valid=1 rrpv=7 epoch=0 dist=57058 prop=1 stamped=0 dbg=3 last=26 epoch2=0 sched_n=0
   way7 valid=1 rrpv=6 epoch=8607 dist=130 prop=1 stamped=1 dbg=3 last=97 epoch2=8607 sched_n=0
   -> victim=way5 reason=max-rrpv farthest-epoch property
[EVICT L3 pol=ECG:rrip_first curEpoch=8477 set_ways=8]
   way0 valid=1 rrpv=0 epoch=8738 dist=261 prop=1 stamped=1 dbg=1 last=75 epoch2=8738 sched_n=0
   way1 valid=1 rrpv=0 epoch=8607 dist=130 prop=1 stamped=1 dbg=1 last=78 epoch2=8607 sched_n=0
   way2 valid=1 rrpv=6 epoch=0 dist=57058 prop=1 stamped=0 dbg=2 last=11 epoch2=0 sched_n=0
   way3 valid=1 rrpv=5 epoch=8607 dist=130 prop=1 stamped=1 dbg=2 last=84 epoch2=8607 sched_n=0
   way4 valid=1 rrpv=7 epoch=0 dist=57058 prop=1 stamped=0 dbg=3 last=59 epoch2=0 sched_n=0
   way5 valid=1 rrpv=6 epoch=8607 dist=130 prop=1 stamped=1 dbg=3 last=91 epoch2=8607 sched_n=0
   way6 valid=1 rrpv=6 epoch=8607 dist=130 prop=1 stamped=1 dbg=3 last=93 epoch2=8607 sched_n=0
   way7 valid=1 rrpv=7 epoch=8607 dist=130 prop=1 stamped=1 dbg=3 last=88 epoch2=8607 sched_n=0   <== VICTIM
   -> victim=way7 reason=max-rrpv farthest-epoch property
[EVICT L3 pol=ECG:rrip_first curEpoch=8477 set_ways=8]
   way0 valid=1 rrpv=0 epoch=8738 dist=261 prop=1 stamped=1 dbg=1 last=71 epoch2=8738 sched_n=0
   way1 valid=1 rrpv=0 epoch=8607 dist=130 prop=1 stamped=1 dbg=1 last=76 epoch2=8607 sched_n=0
   way2 valid=1 rrpv=0 epoch=8607 dist=130 prop=1 stamped=1 dbg=1 last=64 epoch2=8607 sched_n=0
   way3 valid=1 rrpv=5 epoch=8607 dist=130 prop=1 stamped=1 dbg=2 last=66 epoch2=8607 sched_n=0
   way4 valid=1 rrpv=5 epoch=8607 dist=130 prop=1 stamped=1 dbg=2 last=85 epoch2=8607 sched_n=0
   way5 valid=1 rrpv=7 epoch=8607 dist=130 prop=1 stamped=1 dbg=3 last=98 epoch2=8607 sched_n=0   <== VICTIM
   way6 valid=1 rrpv=6 epoch=8738 dist=261 prop=1 stamped=1 dbg=3 last=92 epoch2=8738 sched_n=0
   way7 valid=1 rrpv=6 epoch=8542 dist=65 prop=1 stamped=1 dbg=3 last=94 epoch2=8542 sched_n=0
   -> victim=way5 reason=max-rrpv farthest-epoch property
[EVICT L3 pol=ECG:rrip_first curEpoch=8477 set_ways=8]
   way0 valid=1 rrpv=0 epoch=8607 dist=130 prop=1 stamped=1 dbg=1 last=72 epoch2=8607 sched_n=0
   way1 valid=1 rrpv=1 epoch=0 dist=57058 prop=1 stamped=0 dbg=1 last=5 epoch2=0 sched_n=0
   way2 valid=1 rrpv=0 epoch=8672 dist=195 prop=1 stamped=1 dbg=1 last=79 epoch2=8672 sched_n=0
   way3 valid=1 rrpv=5 epoch=8607 dist=130 prop=1 stamped=1 dbg=2 last=82 epoch2=8607 sched_n=0
   way4 valid=1 rrpv=5 epoch=8607 dist=130 prop=1 stamped=1 dbg=2 last=86 epoch2=8607 sched_n=0
   way5 valid=1 rrpv=7 epoch=8607 dist=130 prop=1 stamped=1 dbg=3 last=99 epoch2=8607 sched_n=0   <== VICTIM
   way6 valid=1 rrpv=7 epoch=0 dist=57058 prop=1 stamped=0 dbg=3 last=25 epoch2=0 sched_n=0
   way7 valid=1 rrpv=5 epoch=8607 dist=130 prop=1 stamped=1 dbg=3 last=96 epoch2=8607 sched_n=0
   -> victim=way5 reason=max-rrpv farthest-epoch property
[EVICT L3 pol=ECG:rrip_first curEpoch=8477 set_ways=8]
   way0 valid=1 rrpv=0 epoch=8607 dist=130 prop=1 stamped=1 dbg=1 last=73 epoch2=8607 sched_n=0
   way1 valid=1 rrpv=0 epoch=8607 dist=130 prop=1 stamped=1 dbg=1 last=77 epoch2=8607 sched_n=0
   way2 valid=1 rrpv=5 epoch=8542 dist=65 prop=1 stamped=1 dbg=2 last=80 epoch2=8542 sched_n=0
   way3 valid=1 rrpv=5 epoch=8542 dist=65 prop=1 stamped=1 dbg=2 last=83 epoch2=8542 sched_n=0
   way4 valid=1 rrpv=5 epoch=8542 dist=65 prop=1 stamped=1 dbg=2 last=87 epoch2=8542 sched_n=0
   way5 valid=1 rrpv=7 epoch=8542 dist=65 prop=0 stamped=0 dbg=3 last=101 epoch2=8542 sched_n=0   <== VICTIM
   way6 valid=1 rrpv=7 epoch=0 dist=57058 prop=1 stamped=0 dbg=3 last=26 epoch2=0 sched_n=0
   way7 valid=1 rrpv=6 epoch=8607 dist=130 prop=1 stamped=1 dbg=3 last=97 epoch2=8607 sched_n=0
   -> victim=way5 reason=max-rrpv record by recency
[EVICT L3 pol=ECG:rrip_first curEpoch=8477 set_ways=8]
   way0 valid=1 rrpv=0 epoch=8738 dist=261 prop=1 stamped=1 dbg=1 last=75 epoch2=8738 sched_n=0
   way1 valid=1 rrpv=0 epoch=8607 dist=130 prop=1 stamped=1 dbg=1 last=78 epoch2=8607 sched_n=0
   way2 valid=1 rrpv=6 epoch=0 dist=57058 prop=1 stamped=0 dbg=2 last=11 epoch2=0 sched_n=0
   way3 valid=1 rrpv=5 epoch=8607 dist=130 prop=1 stamped=1 dbg=2 last=84 epoch2=8607 sched_n=0
   way4 valid=1 rrpv=7 epoch=0 dist=57058 prop=1 stamped=0 dbg=3 last=59 epoch2=0 sched_n=0
   way5 valid=1 rrpv=6 epoch=8607 dist=130 prop=1 stamped=1 dbg=3 last=91 epoch2=8607 sched_n=0
   way6 valid=1 rrpv=6 epoch=8607 dist=130 prop=1 stamped=1 dbg=3 last=93 epoch2=8607 sched_n=0
   way7 valid=1 rrpv=7 epoch=8607 dist=130 prop=1 stamped=1 dbg=3 last=102 epoch2=8607 sched_n=0   <== VICTIM
   -> victim=way7 reason=max-rrpv farthest-epoch property
[EVICT L3 pol=ECG:rrip_first curEpoch=8477 set_ways=8]
   way0 valid=1 rrpv=0 epoch=8738 dist=261 prop=1 stamped=1 dbg=1 last=71 epoch2=8738 sched_n=0
   way1 valid=1 rrpv=0 epoch=8607 dist=130 prop=1 stamped=1 dbg=1 last=76 epoch2=8607 sched_n=0
   way2 valid=1 rrpv=0 epoch=8607 dist=130 prop=1 stamped=1 dbg=1 last=64 epoch2=8607 sched_n=0
   way3 valid=1 rrpv=5 epoch=8607 dist=130 prop=1 stamped=1 dbg=2 last=66 epoch2=8607 sched_n=0
   way4 valid=1 rrpv=5 epoch=8607 dist=130 prop=1 stamped=1 dbg=2 last=85 epoch2=8607 sched_n=0
   way5 valid=1 rrpv=7 epoch=8607 dist=130 prop=1 stamped=1 dbg=3 last=103 epoch2=8607 sched_n=0   <== VICTIM
   way6 valid=1 rrpv=6 epoch=8738 dist=261 prop=1 stamped=1 dbg=3 last=92 epoch2=8738 sched_n=0
   way7 valid=1 rrpv=6 epoch=8542 dist=65 prop=1 stamped=1 dbg=3 last=94 epoch2=8542 sched_n=0
   -> victim=way5 reason=max-rrpv farthest-epoch property
[EVICT L3 pol=ECG:rrip_first curEpoch=8477 set_ways=8]
   way0 valid=1 rrpv=0 epoch=8607 dist=130 prop=1 stamped=1 dbg=1 last=72 epoch2=8607 sched_n=0
   way1 valid=1 rrpv=1 epoch=0 dist=57058 prop=1 stamped=0 dbg=1 last=5 epoch2=0 sched_n=0
   way2 valid=1 rrpv=0 epoch=8672 dist=195 prop=1 stamped=1 dbg=1 last=79 epoch2=8672 sched_n=0
   way3 valid=1 rrpv=5 epoch=8607 dist=130 prop=1 stamped=1 dbg=2 last=82 epoch2=8607 sched_n=0
   way4 valid=1 rrpv=5 epoch=8607 dist=130 prop=1 stamped=1 dbg=2 last=86 epoch2=8607 sched_n=0
   way5 valid=1 rrpv=7 epoch=8607 dist=130 prop=1 stamped=1 dbg=3 last=104 epoch2=8607 sched_n=0   <== VICTIM
   way6 valid=1 rrpv=7 epoch=0 dist=57058 prop=1 stamped=0 dbg=3 last=25 epoch2=0 sched_n=0
   way7 valid=1 rrpv=5 epoch=8607 dist=130 prop=1 stamped=1 dbg=3 last=96 epoch2=8607 sched_n=0
   -> victim=way5 reason=max-rrpv farthest-epoch property
[EVICT L3 pol=ECG:rrip_first curEpoch=8477 set_ways=8]
   way0 valid=1 rrpv=0 epoch=8607 dist=130 prop=1 stamped=1 dbg=1 last=73 epoch2=8607 sched_n=0
   way1 valid=1 rrpv=0 epoch=8607 dist=130 prop=1 stamped=1 dbg=1 last=77 epoch2=8607 sched_n=0
   way2 valid=1 rrpv=5 epoch=8542 dist=65 prop=1 stamped=1 dbg=2 last=80 epoch2=8542 sched_n=0
   way3 valid=1 rrpv=5 epoch=8542 dist=65 prop=1 stamped=1 dbg=2 last=83 epoch2=8542 sched_n=0
   way4 valid=1 rrpv=5 epoch=8542 dist=65 prop=1 stamped=1 dbg=2 last=87 epoch2=8542 sched_n=0
   way5 valid=1 rrpv=7 epoch=8542 dist=65 prop=1 stamped=1 dbg=3 last=105 epoch2=8542 sched_n=0   <== VICTIM
   way6 valid=1 rrpv=7 epoch=0 dist=57058 prop=1 stamped=0 dbg=3 last=26 epoch2=0 sched_n=0
   way7 valid=1 rrpv=6 epoch=8607 dist=130 prop=1 stamped=1 dbg=3 last=97 epoch2=8607 sched_n=0
   -> victim=way5 reason=max-rrpv farthest-epoch property
[EVICT L3 pol=ECG:rrip_first curEpoch=8477 set_ways=8]
   way0 valid=1 rrpv=0 epoch=8738 dist=261 prop=1 stamped=1 dbg=1 last=75 epoch2=8738 sched_n=0
   way1 valid=1 rrpv=0 epoch=8607 dist=130 prop=1 stamped=1 dbg=1 last=78 epoch2=8607 sched_n=0
   way2 valid=1 rrpv=6 epoch=0 dist=57058 prop=1 stamped=0 dbg=2 last=11 epoch2=0 sched_n=0
   way3 valid=1 rrpv=5 epoch=8607 dist=130 prop=1 stamped=1 dbg=2 last=84 epoch2=8607 sched_n=0
   way4 valid=1 rrpv=7 epoch=0 dist=57058 prop=1 stamped=0 dbg=3 last=59 epoch2=0 sched_n=0
   way5 valid=1 rrpv=6 epoch=8607 dist=130 prop=1 stamped=1 dbg=3 last=91 epoch2=8607 sched_n=0
   way6 valid=1 rrpv=6 epoch=8607 dist=130 prop=1 stamped=1 dbg=3 last=93 epoch2=8607 sched_n=0
   way7 valid=1 rrpv=7 epoch=8542 dist=65 prop=1 stamped=1 dbg=3 last=106 epoch2=8542 sched_n=0   <== VICTIM
   -> victim=way7 reason=max-rrpv farthest-epoch property
[EVICT L3 pol=ECG:rrip_first curEpoch=8477 set_ways=8]
   way0 valid=1 rrpv=0 epoch=8738 dist=261 prop=1 stamped=1 dbg=1 last=75 epoch2=8738 sched_n=0
   way1 valid=1 rrpv=0 epoch=8607 dist=130 prop=1 stamped=1 dbg=1 last=78 epoch2=8607 sched_n=0
   way2 valid=1 rrpv=6 epoch=0 dist=57058 prop=1 stamped=0 dbg=2 last=11 epoch2=0 sched_n=0
   way3 valid=1 rrpv=5 epoch=8607 dist=130 prop=1 stamped=1 dbg=2 last=84 epoch2=8607 sched_n=0
   way4 valid=1 rrpv=7 epoch=0 dist=57058 prop=1 stamped=0 dbg=3 last=59 epoch2=0 sched_n=0
   way5 valid=1 rrpv=6 epoch=8607 dist=130 prop=1 stamped=1 dbg=3 last=91 epoch2=8607 sched_n=0
   way6 valid=1 rrpv=6 epoch=8607 dist=130 prop=1 stamped=1 dbg=3 last=93 epoch2=8607 sched_n=0
   way7 valid=1 rrpv=7 epoch=8542 dist=65 prop=0 stamped=0 dbg=3 last=110 epoch2=8542 sched_n=0   <== VICTIM
   -> victim=way7 reason=max-rrpv record by recency
[EVICT L3 pol=ECG:rrip_first curEpoch=8477 set_ways=8]
   way0 valid=1 rrpv=0 epoch=8738 dist=261 prop=1 stamped=1 dbg=1 last=71 epoch2=8738 sched_n=0
   way1 valid=1 rrpv=0 epoch=8607 dist=130 prop=1 stamped=1 dbg=1 last=76 epoch2=8607 sched_n=0
   way2 valid=1 rrpv=0 epoch=8607 dist=130 prop=1 stamped=1 dbg=1 last=64 epoch2=8607 sched_n=0
   way3 valid=1 rrpv=5 epoch=8607 dist=130 prop=1 stamped=1 dbg=2 last=66 epoch2=8607 sched_n=0
   way4 valid=1 rrpv=5 epoch=8607 dist=130 prop=1 stamped=1 dbg=2 last=85 epoch2=8607 sched_n=0
   way5 valid=1 rrpv=7 epoch=8607 dist=130 prop=1 stamped=1 dbg=3 last=107 epoch2=8607 sched_n=0   <== VICTIM
   way6 valid=1 rrpv=6 epoch=8738 dist=261 prop=1 stamped=1 dbg=3 last=92 epoch2=8738 sched_n=0
   way7 valid=1 rrpv=6 epoch=8542 dist=65 prop=1 stamped=1 dbg=3 last=94 epoch2=8542 sched_n=0
   -> victim=way5 reason=max-rrpv farthest-epoch property
[EVICT L3 pol=ECG:rrip_first curEpoch=8477 set_ways=8]
   way0 valid=1 rrpv=0 epoch=8607 dist=130 prop=1 stamped=1 dbg=1 last=72 epoch2=8607 sched_n=0
   way1 valid=1 rrpv=1 epoch=0 dist=57058 prop=1 stamped=0 dbg=1 last=5 epoch2=0 sched_n=0
   way2 valid=1 rrpv=0 epoch=8672 dist=195 prop=1 stamped=1 dbg=1 last=79 epoch2=8672 sched_n=0
   way3 valid=1 rrpv=5 epoch=8607 dist=130 prop=1 stamped=1 dbg=2 last=82 epoch2=8607 sched_n=0
   way4 valid=1 rrpv=5 epoch=8607 dist=130 prop=1 stamped=1 dbg=2 last=86 epoch2=8607 sched_n=0
   way5 valid=1 rrpv=7 epoch=8607 dist=130 prop=1 stamped=1 dbg=3 last=108 epoch2=8607 sched_n=0   <== VICTIM
   way6 valid=1 rrpv=7 epoch=0 dist=57058 prop=1 stamped=0 dbg=3 last=25 epoch2=0 sched_n=0
   way7 valid=1 rrpv=5 epoch=8607 dist=130 prop=1 stamped=1 dbg=3 last=96 epoch2=8607 sched_n=0
   -> victim=way5 reason=max-rrpv farthest-epoch property
[EVICT L3 pol=ECG:rrip_first curEpoch=8477 set_ways=8]
   way0 valid=1 rrpv=0 epoch=8607 dist=130 prop=1 stamped=1 dbg=1 last=73 epoch2=8607 sched_n=0
   way1 valid=1 rrpv=0 epoch=8607 dist=130 prop=1 stamped=1 dbg=1 last=77 epoch2=8607 sched_n=0
   way2 valid=1 rrpv=5 epoch=8542 dist=65 prop=1 stamped=1 dbg=2 last=80 epoch2=8542 sched_n=0
   way3 valid=1 rrpv=5 epoch=8542 dist=65 prop=1 stamped=1 dbg=2 last=83 epoch2=8542 sched_n=0
   way4 valid=1 rrpv=5 epoch=8542 dist=65 prop=1 stamped=1 dbg=2 last=87 epoch2=8542 sched_n=0
   way5 valid=1 rrpv=7 epoch=8607 dist=130 prop=1 stamped=1 dbg=3 last=109 epoch2=8607 sched_n=0   <== VICTIM
   way6 valid=1 rrpv=7 epoch=0 dist=57058 prop=1 stamped=0 dbg=3 last=26 epoch2=0 sched_n=0
   way7 valid=1 rrpv=6 epoch=8607 dist=130 prop=1 stamped=1 dbg=3 last=97 epoch2=8607 sched_n=0
   -> victim=way5 reason=max-rrpv farthest-epoch property
[EVICT L3 pol=ECG:rrip_first curEpoch=8477 set_ways=8]
   way0 valid=1 rrpv=0 epoch=8738 dist=261 prop=1 stamped=1 dbg=1 last=75 epoch2=8738 sched_n=0
   way1 valid=1 rrpv=0 epoch=8607 dist=130 prop=1 stamped=1 dbg=1 last=78 epoch2=8607 sched_n=0
   way2 valid=1 rrpv=6 epoch=0 dist=57058 prop=1 stamped=0 dbg=2 last=11 epoch2=0 sched_n=0
   way3 valid=1 rrpv=5 epoch=8607 dist=130 prop=1 stamped=1 dbg=2 last=84 epoch2=8607 sched_n=0
   way4 valid=1 rrpv=7 epoch=0 dist=57058 prop=1 stamped=0 dbg=3 last=59 epoch2=0 sched_n=0
   way5 valid=1 rrpv=6 epoch=8607 dist=130 prop=1 stamped=1 dbg=3 last=91 epoch2=8607 sched_n=0
   way6 valid=1 rrpv=6 epoch=8607 dist=130 prop=1 stamped=1 dbg=3 last=93 epoch2=8607 sched_n=0
   way7 valid=1 rrpv=7 epoch=8607 dist=130 prop=1 stamped=1 dbg=3 last=111 epoch2=8607 sched_n=0   <== VICTIM
   -> victim=way7 reason=max-rrpv farthest-epoch property
[EVICT L3 pol=ECG:rrip_first curEpoch=8477 set_ways=8]
   way0 valid=1 rrpv=0 epoch=8607 dist=130 prop=1 stamped=1 dbg=1 last=72 epoch2=8607 sched_n=0
   way1 valid=1 rrpv=1 epoch=0 dist=57058 prop=1 stamped=0 dbg=1 last=5 epoch2=0 sched_n=0
   way2 valid=1 rrpv=0 epoch=8672 dist=195 prop=1 stamped=1 dbg=1 last=79 epoch2=8672 sched_n=0
   way3 valid=1 rrpv=5 epoch=8607 dist=130 prop=1 stamped=1 dbg=2 last=82 epoch2=8607 sched_n=0
   way4 valid=1 rrpv=5 epoch=8607 dist=130 prop=1 stamped=1 dbg=2 last=86 epoch2=8607 sched_n=0
   way5 valid=1 rrpv=7 epoch=8607 dist=130 prop=1 stamped=1 dbg=3 last=113 epoch2=8607 sched_n=0   <== VICTIM
   way6 valid=1 rrpv=7 epoch=0 dist=57058 prop=1 stamped=0 dbg=3 last=25 epoch2=0 sched_n=0
   way7 valid=1 rrpv=5 epoch=8607 dist=130 prop=1 stamped=1 dbg=3 last=96 epoch2=8607 sched_n=0
   -> victim=way5 reason=max-rrpv farthest-epoch property
[EVICT L3 pol=ECG:rrip_first curEpoch=8477 set_ways=8]
   way0 valid=1 rrpv=0 epoch=8607 dist=130 prop=1 stamped=1 dbg=1 last=73 epoch2=8607 sched_n=0
   way1 valid=1 rrpv=0 epoch=8607 dist=130 prop=1 stamped=1 dbg=1 last=77 epoch2=8607 sched_n=0
   way2 valid=1 rrpv=5 epoch=8542 dist=65 prop=1 stamped=1 dbg=2 last=80 epoch2=8542 sched_n=0
   way3 valid=1 rrpv=5 epoch=8542 dist=65 prop=1 stamped=1 dbg=2 last=83 epoch2=8542 sched_n=0
   way4 valid=1 rrpv=5 epoch=8542 dist=65 prop=1 stamped=1 dbg=2 last=87 epoch2=8542 sched_n=0
   way5 valid=1 rrpv=7 epoch=8607 dist=130 prop=1 stamped=1 dbg=3 last=114 epoch2=8607 sched_n=0   <== VICTIM
   way6 valid=1 rrpv=7 epoch=0 dist=57058 prop=1 stamped=0 dbg=3 last=26 epoch2=0 sched_n=0
   way7 valid=1 rrpv=6 epoch=8607 dist=130 prop=1 stamped=1 dbg=3 last=97 epoch2=8607 sched_n=0
   -> victim=way5 reason=max-rrpv farthest-epoch property
[EVICT L3 pol=ECG:rrip_first curEpoch=8477 set_ways=8]
   way0 valid=1 rrpv=0 epoch=8738 dist=261 prop=1 stamped=1 dbg=1 last=75 epoch2=8738 sched_n=0
   way1 valid=1 rrpv=0 epoch=8607 dist=130 prop=1 stamped=1 dbg=1 last=78 epoch2=8607 sched_n=0
   way2 valid=1 rrpv=6 epoch=0 dist=57058 prop=1 stamped=0 dbg=2 last=11 epoch2=0 sched_n=0
   way3 valid=1 rrpv=5 epoch=8607 dist=130 prop=1 stamped=1 dbg=2 last=84 epoch2=8607 sched_n=0
   way4 valid=1 rrpv=7 epoch=0 dist=57058 prop=1 stamped=0 dbg=3 last=59 epoch2=0 sched_n=0
   way5 valid=1 rrpv=6 epoch=8607 dist=130 prop=1 stamped=1 dbg=3 last=91 epoch2=8607 sched_n=0
   way6 valid=1 rrpv=6 epoch=8607 dist=130 prop=1 stamped=1 dbg=3 last=93 epoch2=8607 sched_n=0
   way7 valid=1 rrpv=7 epoch=8672 dist=195 prop=1 stamped=1 dbg=3 last=115 epoch2=8672 sched_n=0   <== VICTIM
   -> victim=way7 reason=max-rrpv farthest-epoch property
[EVICT L3 pol=ECG:rrip_first curEpoch=8477 set_ways=8]
   way0 valid=1 rrpv=0 epoch=8738 dist=261 prop=1 stamped=1 dbg=1 last=71 epoch2=8738 sched_n=0
   way1 valid=1 rrpv=0 epoch=8607 dist=130 prop=1 stamped=1 dbg=1 last=76 epoch2=8607 sched_n=0
   way2 valid=1 rrpv=0 epoch=8607 dist=130 prop=1 stamped=1 dbg=1 last=64 epoch2=8607 sched_n=0
   way3 valid=1 rrpv=5 epoch=8607 dist=130 prop=1 stamped=1 dbg=2 last=66 epoch2=8607 sched_n=0
   way4 valid=1 rrpv=5 epoch=8607 dist=130 prop=1 stamped=1 dbg=2 last=85 epoch2=8607 sched_n=0
   way5 valid=1 rrpv=7 epoch=8607 dist=130 prop=1 stamped=1 dbg=3 last=112 epoch2=8607 sched_n=0   <== VICTIM
   way6 valid=1 rrpv=6 epoch=8738 dist=261 prop=1 stamped=1 dbg=3 last=92 epoch2=8738 sched_n=0
   way7 valid=1 rrpv=6 epoch=8542 dist=65 prop=1 stamped=1 dbg=3 last=94 epoch2=8542 sched_n=0
   -> victim=way5 reason=max-rrpv farthest-epoch property
[EVICT L3 pol=ECG:rrip_first curEpoch=8477 set_ways=8]
   way0 valid=1 rrpv=0 epoch=8607 dist=130 prop=1 stamped=1 dbg=1 last=72 epoch2=8607 sched_n=0
   way1 valid=1 rrpv=1 epoch=0 dist=57058 prop=1 stamped=0 dbg=1 last=5 epoch2=0 sched_n=0
   way2 valid=1 rrpv=0 epoch=8672 dist=195 prop=1 stamped=1 dbg=1 last=79 epoch2=8672 sched_n=0
   way3 valid=1 rrpv=5 epoch=8607 dist=130 prop=1 stamped=1 dbg=2 last=82 epoch2=8607 sched_n=0
   way4 valid=1 rrpv=5 epoch=8607 dist=130 prop=1 stamped=1 dbg=2 last=86 epoch2=8607 sched_n=0
   way5 valid=1 rrpv=7 epoch=8607 dist=130 prop=1 stamped=1 dbg=3 last=116 epoch2=8607 sched_n=0   <== VICTIM
   way6 valid=1 rrpv=7 epoch=0 dist=57058 prop=1 stamped=0 dbg=3 last=25 epoch2=0 sched_n=0
   way7 valid=1 rrpv=5 epoch=8607 dist=130 prop=1 stamped=1 dbg=3 last=96 epoch2=8607 sched_n=0
   -> victim=way5 reason=max-rrpv farthest-epoch property
[EVICT L3 pol=ECG:rrip_first curEpoch=8477 set_ways=8]
   way0 valid=1 rrpv=0 epoch=8738 dist=261 prop=1 stamped=1 dbg=1 last=75 epoch2=8738 sched_n=0
   way1 valid=1 rrpv=0 epoch=8607 dist=130 prop=1 stamped=1 dbg=1 last=78 epoch2=8607 sched_n=0
   way2 valid=1 rrpv=6 epoch=0 dist=57058 prop=1 stamped=0 dbg=2 last=11 epoch2=0 sched_n=0
   way3 valid=1 rrpv=5 epoch=8607 dist=130 prop=1 stamped=1 dbg=2 last=84 epoch2=8607 sched_n=0
   way4 valid=1 rrpv=7 epoch=0 dist=57058 prop=1 stamped=0 dbg=3 last=59 epoch2=0 sched_n=0
   way5 valid=1 rrpv=6 epoch=8607 dist=130 prop=1 stamped=1 dbg=3 last=91 epoch2=8607 sched_n=0
   way6 valid=1 rrpv=6 epoch=8607 dist=130 prop=1 stamped=1 dbg=3 last=93 epoch2=8607 sched_n=0
   way7 valid=1 rrpv=7 epoch=8607 dist=130 prop=1 stamped=1 dbg=3 last=118 epoch2=8607 sched_n=0   <== VICTIM
   -> victim=way7 reason=max-rrpv farthest-epoch property
[EVICT L3 pol=ECG:rrip_first curEpoch=8477 set_ways=8]
   way0 valid=1 rrpv=0 epoch=8738 dist=261 prop=1 stamped=1 dbg=1 last=71 epoch2=8738 sched_n=0
   way1 valid=1 rrpv=0 epoch=8607 dist=130 prop=1 stamped=1 dbg=1 last=76 epoch2=8607 sched_n=0
   way2 valid=1 rrpv=0 epoch=8607 dist=130 prop=1 stamped=1 dbg=1 last=64 epoch2=8607 sched_n=0
   way3 valid=1 rrpv=5 epoch=8607 dist=130 prop=1 stamped=1 dbg=2 last=66 epoch2=8607 sched_n=0
   way4 valid=1 rrpv=5 epoch=8607 dist=130 prop=1 stamped=1 dbg=2 last=85 epoch2=8607 sched_n=0
   way5 valid=1 rrpv=7 epoch=8607 dist=130 prop=0 stamped=0 dbg=3 last=119 epoch2=8607 sched_n=0   <== VICTIM
   way6 valid=1 rrpv=6 epoch=8738 dist=261 prop=1 stamped=1 dbg=3 last=92 epoch2=8738 sched_n=0
   way7 valid=1 rrpv=6 epoch=8542 dist=65 prop=1 stamped=1 dbg=3 last=94 epoch2=8542 sched_n=0
   -> victim=way5 reason=max-rrpv record by recency
[EVICT L3 pol=ECG:rrip_first curEpoch=8477 set_ways=8]
   way0 valid=1 rrpv=0 epoch=8607 dist=130 prop=1 stamped=1 dbg=1 last=72 epoch2=8607 sched_n=0
   way1 valid=1 rrpv=1 epoch=0 dist=57058 prop=1 stamped=0 dbg=1 last=5 epoch2=0 sched_n=0
   way2 valid=1 rrpv=0 epoch=8672 dist=195 prop=1 stamped=1 dbg=1 last=79 epoch2=8672 sched_n=0
   way3 valid=1 rrpv=5 epoch=8607 dist=130 prop=1 stamped=1 dbg=2 last=82 epoch2=8607 sched_n=0
   way4 valid=1 rrpv=5 epoch=8607 dist=130 prop=1 stamped=1 dbg=2 last=86 epoch2=8607 sched_n=0
   way5 valid=1 rrpv=7 epoch=8542 dist=65 prop=1 stamped=1 dbg=3 last=120 epoch2=8542 sched_n=0   <== VICTIM
   way6 valid=1 rrpv=7 epoch=0 dist=57058 prop=1 stamped=0 dbg=3 last=25 epoch2=0 sched_n=0
   way7 valid=1 rrpv=5 epoch=8607 dist=130 prop=1 stamped=1 dbg=3 last=96 epoch2=8607 sched_n=0
   -> victim=way5 reason=max-rrpv farthest-epoch property
[EVICT L3 pol=ECG:rrip_first curEpoch=8477 set_ways=8]
   way0 valid=1 rrpv=0 epoch=8607 dist=130 prop=1 stamped=1 dbg=1 last=73 epoch2=8607 sched_n=0
   way1 valid=1 rrpv=0 epoch=8607 dist=130 prop=1 stamped=1 dbg=1 last=77 epoch2=8607 sched_n=0
   way2 valid=1 rrpv=5 epoch=8542 dist=65 prop=1 stamped=1 dbg=2 last=80 epoch2=8542 sched_n=0
   way3 valid=1 rrpv=5 epoch=8542 dist=65 prop=1 stamped=1 dbg=2 last=83 epoch2=8542 sched_n=0
   way4 valid=1 rrpv=5 epoch=8542 dist=65 prop=1 stamped=1 dbg=2 last=87 epoch2=8542 sched_n=0
   way5 valid=1 rrpv=7 epoch=8607 dist=130 prop=1 stamped=1 dbg=3 last=117 epoch2=8607 sched_n=0   <== VICTIM
   way6 valid=1 rrpv=7 epoch=0 dist=57058 prop=1 stamped=0 dbg=3 last=26 epoch2=0 sched_n=0
   way7 valid=1 rrpv=6 epoch=8607 dist=130 prop=1 stamped=1 dbg=3 last=97 epoch2=8607 sched_n=0
   -> victim=way5 reason=max-rrpv farthest-epoch property
[EVICT L3 pol=ECG:rrip_first curEpoch=8477 set_ways=8]
   way0 valid=1 rrpv=0 epoch=8607 dist=130 prop=1 stamped=1 dbg=1 last=72 epoch2=8607 sched_n=0
   way1 valid=1 rrpv=1 epoch=0 dist=57058 prop=1 stamped=0 dbg=1 last=5 epoch2=0 sched_n=0
   way2 valid=1 rrpv=0 epoch=8672 dist=195 prop=1 stamped=1 dbg=1 last=79 epoch2=8672 sched_n=0
   way3 valid=1 rrpv=5 epoch=8607 dist=130 prop=1 stamped=1 dbg=2 last=82 epoch2=8607 sched_n=0
   way4 valid=1 rrpv=5 epoch=8607 dist=130 prop=1 stamped=1 dbg=2 last=86 epoch2=8607 sched_n=0
   way5 valid=1 rrpv=7 epoch=8607 dist=130 prop=1 stamped=1 dbg=3 last=123 epoch2=8607 sched_n=0   <== VICTIM
   way6 valid=1 rrpv=7 epoch=0 dist=57058 prop=1 stamped=0 dbg=3 last=25 epoch2=0 sched_n=0
   way7 valid=1 rrpv=5 epoch=8607 dist=130 prop=1 stamped=1 dbg=3 last=96 epoch2=8607 sched_n=0
   -> victim=way5 reason=max-rrpv farthest-epoch property
[EVICT L3 pol=ECG:rrip_first curEpoch=8477 set_ways=8]
   way0 valid=1 rrpv=0 epoch=8738 dist=261 prop=1 stamped=1 dbg=1 last=71 epoch2=8738 sched_n=0
   way1 valid=1 rrpv=0 epoch=8607 dist=130 prop=1 stamped=1 dbg=1 last=76 epoch2=8607 sched_n=0
   way2 valid=1 rrpv=0 epoch=8607 dist=130 prop=1 stamped=1 dbg=1 last=64 epoch2=8607 sched_n=0
   way3 valid=1 rrpv=5 epoch=8607 dist=130 prop=1 stamped=1 dbg=2 last=66 epoch2=8607 sched_n=0
   way4 valid=1 rrpv=5 epoch=8607 dist=130 prop=1 stamped=1 dbg=2 last=85 epoch2=8607 sched_n=0
   way5 valid=1 rrpv=7 epoch=8542 dist=65 prop=1 stamped=1 dbg=3 last=122 epoch2=8542 sched_n=0   <== VICTIM
   way6 valid=1 rrpv=6 epoch=8738 dist=261 prop=1 stamped=1 dbg=3 last=92 epoch2=8738 sched_n=0
   way7 valid=1 rrpv=6 epoch=8542 dist=65 prop=1 stamped=1 dbg=3 last=94 epoch2=8542 sched_n=0
   -> victim=way5 reason=max-rrpv farthest-epoch property
[EVICT L3 pol=ECG:rrip_first curEpoch=8477 set_ways=8]
   way0 valid=1 rrpv=0 epoch=8607 dist=130 prop=1 stamped=1 dbg=1 last=72 epoch2=8607 sched_n=0
   way1 valid=1 rrpv=1 epoch=0 dist=57058 prop=1 stamped=0 dbg=1 last=5 epoch2=0 sched_n=0
   way2 valid=1 rrpv=0 epoch=8672 dist=195 prop=1 stamped=1 dbg=1 last=79 epoch2=8672 sched_n=0
   way3 valid=1 rrpv=5 epoch=8607 dist=130 prop=1 stamped=1 dbg=2 last=82 epoch2=8607 sched_n=0
   way4 valid=1 rrpv=5 epoch=8607 dist=130 prop=1 stamped=1 dbg=2 last=86 epoch2=8607 sched_n=0
   way5 valid=1 rrpv=7 epoch=8607 dist=130 prop=0 stamped=0 dbg=3 last=126 epoch2=8607 sched_n=0   <== VICTIM
   way6 valid=1 rrpv=7 epoch=0 dist=57058 prop=1 stamped=0 dbg=3 last=25 epoch2=0 sched_n=0
   way7 valid=1 rrpv=5 epoch=8607 dist=130 prop=1 stamped=1 dbg=3 last=96 epoch2=8607 sched_n=0
   -> victim=way5 reason=max-rrpv record by recency
[EVICT L3 pol=ECG:rrip_first curEpoch=8477 set_ways=8]
   way0 valid=1 rrpv=0 epoch=8607 dist=130 prop=1 stamped=1 dbg=1 last=73 epoch2=8607 sched_n=0
   way1 valid=1 rrpv=0 epoch=8607 dist=130 prop=1 stamped=1 dbg=1 last=77 epoch2=8607 sched_n=0
   way2 valid=1 rrpv=5 epoch=8542 dist=65 prop=1 stamped=1 dbg=2 last=80 epoch2=8542 sched_n=0
   way3 valid=1 rrpv=5 epoch=8542 dist=65 prop=1 stamped=1 dbg=2 last=83 epoch2=8542 sched_n=0
   way4 valid=1 rrpv=5 epoch=8542 dist=65 prop=1 stamped=1 dbg=2 last=87 epoch2=8542 sched_n=0
   way5 valid=1 rrpv=7 epoch=8542 dist=65 prop=1 stamped=1 dbg=3 last=124 epoch2=8542 sched_n=0   <== VICTIM
   way6 valid=1 rrpv=7 epoch=0 dist=57058 prop=1 stamped=0 dbg=3 last=26 epoch2=0 sched_n=0
   way7 valid=1 rrpv=6 epoch=8607 dist=130 prop=1 stamped=1 dbg=3 last=97 epoch2=8607 sched_n=0
   -> victim=way5 reason=max-rrpv farthest-epoch property
[EVICT L3 pol=ECG:rrip_first curEpoch=12976 set_ways=8]
   way0 valid=1 rrpv=0 epoch=8607 dist=61166 prop=1 stamped=1 dbg=1 last=72 epoch2=8607 sched_n=0
   way1 valid=1 rrpv=1 epoch=0 dist=52559 prop=1 stamped=0 dbg=1 last=5 epoch2=0 sched_n=0
   way2 valid=1 rrpv=0 epoch=8672 dist=61231 prop=1 stamped=1 dbg=1 last=79 epoch2=8672 sched_n=0
   way3 valid=1 rrpv=5 epoch=8607 dist=61166 prop=1 stamped=1 dbg=2 last=82 epoch2=8607 sched_n=0
   way4 valid=1 rrpv=5 epoch=8607 dist=61166 prop=1 stamped=1 dbg=2 last=86 epoch2=8607 sched_n=0
   way5 valid=1 rrpv=7 epoch=8542 dist=61101 prop=1 stamped=1 dbg=3 last=128 epoch2=8542 sched_n=0   <== VICTIM
   way6 valid=1 rrpv=7 epoch=0 dist=52559 prop=1 stamped=0 dbg=3 last=25 epoch2=0 sched_n=0
   way7 valid=1 rrpv=5 epoch=8607 dist=61166 prop=1 stamped=1 dbg=3 last=96 epoch2=8607 sched_n=0
   -> victim=way5 reason=max-rrpv farthest-epoch property
[EVICT L3 pol=ECG:rrip_first curEpoch=12976 set_ways=8]
   way0 valid=1 rrpv=0 epoch=13107 dist=131 prop=1 stamped=1 dbg=1 last=132 epoch2=13107 sched_n=0
   way1 valid=1 rrpv=0 epoch=8607 dist=61166 prop=1 stamped=1 dbg=1 last=77 epoch2=8607 sched_n=0
   way2 valid=1 rrpv=5 epoch=8542 dist=61101 prop=1 stamped=1 dbg=2 last=80 epoch2=8542 sched_n=0
   way3 valid=1 rrpv=5 epoch=8542 dist=61101 prop=1 stamped=1 dbg=2 last=83 epoch2=8542 sched_n=0
   way4 valid=1 rrpv=5 epoch=8542 dist=61101 prop=1 stamped=1 dbg=2 last=87 epoch2=8542 sched_n=0
   way5 valid=1 rrpv=7 epoch=8607 dist=61166 prop=1 stamped=1 dbg=3 last=129 epoch2=8607 sched_n=0   <== VICTIM
   way6 valid=1 rrpv=7 epoch=0 dist=52559 prop=1 stamped=0 dbg=3 last=26 epoch2=0 sched_n=0
   way7 valid=1 rrpv=6 epoch=8607 dist=61166 prop=1 stamped=1 dbg=3 last=97 epoch2=8607 sched_n=0
   -> victim=way5 reason=max-rrpv farthest-epoch property
[EVICT L3 pol=ECG:rrip_first curEpoch=12976 set_ways=8]
   way0 valid=1 rrpv=0 epoch=8738 dist=61297 prop=1 stamped=1 dbg=1 last=75 epoch2=8738 sched_n=0
   way1 valid=1 rrpv=0 epoch=8607 dist=61166 prop=1 stamped=1 dbg=1 last=78 epoch2=8607 sched_n=0
   way2 valid=1 rrpv=6 epoch=0 dist=52559 prop=1 stamped=0 dbg=2 last=11 epoch2=0 sched_n=0
   way3 valid=1 rrpv=4 epoch=13041 dist=65 prop=1 stamped=1 dbg=2 last=142 epoch2=13041 sched_n=0
   way4 valid=1 rrpv=6 epoch=8542 dist=61101 prop=1 stamped=1 dbg=3 last=125 epoch2=8542 sched_n=0
   way5 valid=1 rrpv=6 epoch=8607 dist=61166 prop=1 stamped=1 dbg=3 last=91 epoch2=8607 sched_n=0
   way6 valid=1 rrpv=6 epoch=8607 dist=61166 prop=1 stamped=1 dbg=3 last=93 epoch2=8607 sched_n=0
   way7 valid=1 rrpv=7 epoch=8607 dist=61166 prop=1 stamped=1 dbg=3 last=121 epoch2=8607 sched_n=0   <== VICTIM
   -> victim=way7 reason=max-rrpv farthest-epoch property
[EVICT L3 pol=ECG:rrip_first curEpoch=12976 set_ways=8]
   way0 valid=1 rrpv=0 epoch=8738 dist=61297 prop=1 stamped=1 dbg=1 last=75 epoch2=8738 sched_n=0
   way1 valid=1 rrpv=0 epoch=8607 dist=61166 prop=1 stamped=1 dbg=1 last=78 epoch2=8607 sched_n=0
   way2 valid=1 rrpv=6 epoch=0 dist=52559 prop=1 stamped=0 dbg=2 last=11 epoch2=0 sched_n=0
   way3 valid=1 rrpv=4 epoch=13041 dist=65 prop=1 stamped=1 dbg=2 last=142 epoch2=13041 sched_n=0
   way4 valid=1 rrpv=6 epoch=8542 dist=61101 prop=1 stamped=1 dbg=3 last=125 epoch2=8542 sched_n=0
   way5 valid=1 rrpv=6 epoch=8607 dist=61166 prop=1 stamped=1 dbg=3 last=91 epoch2=8607 sched_n=0
   way6 valid=1 rrpv=6 epoch=8607 dist=61166 prop=1 stamped=1 dbg=3 last=93 epoch2=8607 sched_n=0
   way7 valid=1 rrpv=7 epoch=8607 dist=61166 prop=0 stamped=0 dbg=3 last=143 epoch2=8607 sched_n=0   <== VICTIM
   -> victim=way7 reason=max-rrpv record by recency
[EVICT L3 pol=ECG:rrip_first curEpoch=12976 set_ways=8]
   way0 valid=1 rrpv=0 epoch=8738 dist=61297 prop=1 stamped=1 dbg=1 last=71 epoch2=8738 sched_n=0
   way1 valid=1 rrpv=0 epoch=13107 dist=131 prop=1 stamped=1 dbg=1 last=134 epoch2=13107 sched_n=0
   way2 valid=1 rrpv=0 epoch=13759 dist=783 prop=1 stamped=1 dbg=1 last=137 epoch2=13759 sched_n=0
   way3 valid=1 rrpv=4 epoch=13107 dist=131 prop=1 stamped=1 dbg=2 last=139 epoch2=13107 sched_n=0
   way4 valid=1 rrpv=5 epoch=8607 dist=61166 prop=1 stamped=1 dbg=2 last=85 epoch2=8607 sched_n=0
   way5 valid=1 rrpv=7 epoch=8607 dist=61166 prop=1 stamped=1 dbg=3 last=127 epoch2=8607 sched_n=0   <== VICTIM
   way6 valid=1 rrpv=6 epoch=8738 dist=61297 prop=1 stamped=1 dbg=3 last=92 epoch2=8738 sched_n=0
   way7 valid=1 rrpv=6 epoch=8542 dist=61101 prop=1 stamped=1 dbg=3 last=94 epoch2=8542 sched_n=0
   -> victim=way5 reason=max-rrpv farthest-epoch property
[EVICT L3 pol=ECG:rrip_first curEpoch=12976 set_ways=8]
   way0 valid=1 rrpv=0 epoch=13107 dist=131 prop=1 stamped=1 dbg=1 last=131 epoch2=13107 sched_n=0
   way1 valid=1 rrpv=0 epoch=13172 dist=196 prop=1 stamped=1 dbg=1 last=135 epoch2=13172 sched_n=0
   way2 valid=1 rrpv=0 epoch=8672 dist=61231 prop=1 stamped=1 dbg=1 last=79 epoch2=8672 sched_n=0
   way3 valid=1 rrpv=4 epoch=13628 dist=652 prop=1 stamped=1 dbg=2 last=140 epoch2=13628 sched_n=0
   way4 valid=1 rrpv=4 epoch=13302 dist=326 prop=1 stamped=1 dbg=2 last=144 epoch2=13302 sched_n=0
   way5 valid=1 rrpv=7 epoch=8542 dist=61101 prop=0 stamped=0 dbg=3 last=130 epoch2=8542 sched_n=0   <== VICTIM
   way6 valid=1 rrpv=7 epoch=0 dist=52559 prop=1 stamped=0 dbg=3 last=25 epoch2=0 sched_n=0
   way7 valid=1 rrpv=5 epoch=8607 dist=61166 prop=1 stamped=1 dbg=3 last=96 epoch2=8607 sched_n=0
   -> victim=way5 reason=max-rrpv record by recency
[EVICT L3 pol=ECG:rrip_first curEpoch=12976 set_ways=8]
   way0 valid=1 rrpv=0 epoch=13107 dist=131 prop=1 stamped=1 dbg=1 last=132 epoch2=13107 sched_n=0
   way1 valid=1 rrpv=0 epoch=13041 dist=65 prop=1 stamped=1 dbg=1 last=136 epoch2=13041 sched_n=0
   way2 valid=1 rrpv=4 epoch=13041 dist=65 prop=1 stamped=1 dbg=2 last=138 epoch2=13041 sched_n=0
   way3 valid=1 rrpv=4 epoch=13759 dist=783 prop=1 stamped=1 dbg=2 last=141 epoch2=13759 sched_n=0
   way4 valid=1 rrpv=5 epoch=8542 dist=61101 prop=1 stamped=1 dbg=2 last=87 epoch2=8542 sched_n=0
   way5 valid=1 rrpv=7 epoch=8607 dist=61166 prop=0 stamped=0 dbg=3 last=133 epoch2=8607 sched_n=0   <== VICTIM
   way6 valid=1 rrpv=7 epoch=0 dist=52559 prop=1 stamped=0 dbg=3 last=26 epoch2=0 sched_n=0
   way7 valid=1 rrpv=6 epoch=8607 dist=61166 prop=1 stamped=1 dbg=3 last=97 epoch2=8607 sched_n=0
   -> victim=way5 reason=max-rrpv record by recency
[EVICT L3 pol=ECG:rrip_first curEpoch=12976 set_ways=8]
   way0 valid=1 rrpv=0 epoch=8738 dist=61297 prop=1 stamped=1 dbg=1 last=71 epoch2=8738 sched_n=0
   way1 valid=1 rrpv=0 epoch=13107 dist=131 prop=1 stamped=1 dbg=1 last=134 epoch2=13107 sched_n=0
   way2 valid=1 rrpv=0 epoch=13759 dist=783 prop=1 stamped=1 dbg=1 last=137 epoch2=13759 sched_n=0
   way3 valid=1 rrpv=4 epoch=13107 dist=131 prop=1 stamped=1 dbg=2 last=139 epoch2=13107 sched_n=0
   way4 valid=1 rrpv=5 epoch=8607 dist=61166 prop=1 stamped=1 dbg=2 last=85 epoch2=8607 sched_n=0
   way5 valid=1 rrpv=7 epoch=13041 dist=65 prop=1 stamped=1 dbg=3 last=146 epoch2=13041 sched_n=0   <== VICTIM
   way6 valid=1 rrpv=5 epoch=13107 dist=131 prop=1 stamped=1 dbg=3 last=150 epoch2=13107 sched_n=0
   way7 valid=1 rrpv=6 epoch=8542 dist=61101 prop=1 stamped=1 dbg=3 last=94 epoch2=8542 sched_n=0
   -> victim=way5 reason=max-rrpv farthest-epoch property
[EVICT L3 pol=ECG:rrip_first curEpoch=12976 set_ways=8]
   way0 valid=1 rrpv=0 epoch=8738 dist=61297 prop=1 stamped=1 dbg=1 last=75 epoch2=8738 sched_n=0
   way1 valid=1 rrpv=0 epoch=8607 dist=61166 prop=1 stamped=1 dbg=1 last=78 epoch2=8607 sched_n=0
   way2 valid=1 rrpv=6 epoch=0 dist=52559 prop=1 stamped=0 dbg=2 last=11 epoch2=0 sched_n=0
   way3 valid=1 rrpv=4 epoch=13041 dist=65 prop=1 stamped=1 dbg=2 last=142 epoch2=13041 sched_n=0
   way4 valid=1 rrpv=6 epoch=8542 dist=61101 prop=1 stamped=1 dbg=3 last=125 epoch2=8542 sched_n=0
   way5 valid=1 rrpv=5 epoch=13107 dist=131 prop=1 stamped=1 dbg=3 last=149 epoch2=13107 sched_n=0
   way6 valid=1 rrpv=5 epoch=13367 dist=391 prop=1 stamped=1 dbg=3 last=153 epoch2=13367 sched_n=0
   way7 valid=1 rrpv=7 epoch=13041 dist=65 prop=1 stamped=1 dbg=3 last=145 epoch2=13041 sched_n=0   <== VICTIM
   -> victim=way7 reason=max-rrpv farthest-epoch property
[EVICT L3 pol=ECG:rrip_first curEpoch=12976 set_ways=8]
   way0 valid=1 rrpv=0 epoch=8738 dist=61297 prop=1 stamped=1 dbg=1 last=71 epoch2=8738 sched_n=0
   way1 valid=1 rrpv=0 epoch=13107 dist=131 prop=1 stamped=1 dbg=1 last=134 epoch2=13107 sched_n=0
   way2 valid=1 rrpv=0 epoch=13759 dist=783 prop=1 stamped=1 dbg=1 last=137 epoch2=13759 sched_n=0
   way3 valid=1 rrpv=4 epoch=13107 dist=131 prop=1 stamped=1 dbg=2 last=139 epoch2=13107 sched_n=0
   way4 valid=1 rrpv=5 epoch=8607 dist=61166 prop=1 stamped=1 dbg=2 last=85 epoch2=8607 sched_n=0
   way5 valid=1 rrpv=7 epoch=13041 dist=65 prop=0 stamped=0 dbg=3 last=152 epoch2=13041 sched_n=0   <== VICTIM
   way6 valid=1 rrpv=5 epoch=13107 dist=131 prop=1 stamped=1 dbg=3 last=150 epoch2=13107 sched_n=0
   way7 valid=1 rrpv=5 epoch=13759 dist=783 prop=1 stamped=1 dbg=3 last=154 epoch2=13759 sched_n=0
   -> victim=way5 reason=max-rrpv record by recency
[EVICT L3 pol=ECG:rrip_first curEpoch=12976 set_ways=8]
   way0 valid=1 rrpv=0 epoch=13107 dist=131 prop=1 stamped=1 dbg=1 last=131 epoch2=13107 sched_n=0
   way1 valid=1 rrpv=0 epoch=13172 dist=196 prop=1 stamped=1 dbg=1 last=135 epoch2=13172 sched_n=0
   way2 valid=1 rrpv=0 epoch=8672 dist=61231 prop=1 stamped=1 dbg=1 last=79 epoch2=8672 sched_n=0
   way3 valid=1 rrpv=4 epoch=13628 dist=652 prop=1 stamped=1 dbg=2 last=140 epoch2=13628 sched_n=0
   way4 valid=1 rrpv=4 epoch=13302 dist=326 prop=1 stamped=1 dbg=2 last=144 epoch2=13302 sched_n=0
   way5 valid=1 rrpv=7 epoch=13563 dist=587 prop=1 stamped=1 dbg=3 last=147 epoch2=13563 sched_n=0   <== VICTIM
   way6 valid=1 rrpv=7 epoch=0 dist=52559 prop=1 stamped=0 dbg=3 last=25 epoch2=0 sched_n=0
   way7 valid=1 rrpv=4 epoch=13628 dist=652 prop=1 stamped=1 dbg=3 last=155 epoch2=13628 sched_n=0
   -> victim=way5 reason=max-rrpv farthest-epoch property
[EVICT L3 pol=ECG:rrip_first curEpoch=12976 set_ways=8]
   way0 valid=1 rrpv=0 epoch=13107 dist=131 prop=1 stamped=1 dbg=1 last=132 epoch2=13107 sched_n=0
   way1 valid=1 rrpv=0 epoch=13041 dist=65 prop=1 stamped=1 dbg=1 last=136 epoch2=13041 sched_n=0
   way2 valid=1 rrpv=4 epoch=13041 dist=65 prop=1 stamped=1 dbg=2 last=138 epoch2=13041 sched_n=0
   way3 valid=1 rrpv=4 epoch=13759 dist=783 prop=1 stamped=1 dbg=2 last=141 epoch2=13759 sched_n=0
   way4 valid=1 rrpv=5 epoch=8542 dist=61101 prop=1 stamped=1 dbg=2 last=87 epoch2=8542 sched_n=0
   way5 valid=1 rrpv=7 epoch=13041 dist=65 prop=1 stamped=1 dbg=3 last=148 epoch2=13041 sched_n=0   <== VICTIM
   way6 valid=1 rrpv=6 epoch=13041 dist=65 prop=1 stamped=1 dbg=3 last=151 epoch2=13041 sched_n=0
   way7 valid=1 rrpv=5 epoch=13237 dist=261 prop=1 stamped=1 dbg=3 last=156 epoch2=13237 sched_n=0
   -> victim=way5 reason=max-rrpv farthest-epoch property
[EVICT L3 pol=ECG:rrip_first curEpoch=12976 set_ways=8]
   way0 valid=1 rrpv=0 epoch=8738 dist=61297 prop=1 stamped=1 dbg=1 last=71 epoch2=8738 sched_n=0
   way1 valid=1 rrpv=0 epoch=13107 dist=131 prop=1 stamped=1 dbg=1 last=134 epoch2=13107 sched_n=0
   way2 valid=1 rrpv=0 epoch=13759 dist=783 prop=1 stamped=1 dbg=1 last=137 epoch2=13759 sched_n=0
   way3 valid=1 rrpv=4 epoch=13107 dist=131 prop=1 stamped=1 dbg=2 last=139 epoch2=13107 sched_n=0
   way4 valid=1 rrpv=5 epoch=8607 dist=61166 prop=1 stamped=1 dbg=2 last=85 epoch2=8607 sched_n=0
   way5 valid=1 rrpv=7 epoch=13041 dist=65 prop=1 stamped=1 dbg=3 last=158 epoch2=13041 sched_n=0   <== VICTIM
   way6 valid=1 rrpv=5 epoch=13107 dist=131 prop=1 stamped=1 dbg=3 last=150 epoch2=13107 sched_n=0
   way7 valid=1 rrpv=5 epoch=13759 dist=783 prop=1 stamped=1 dbg=3 last=154 epoch2=13759 sched_n=0
   -> victim=way5 reason=max-rrpv farthest-epoch property
[EVICT L3 pol=ECG:rrip_first curEpoch=12976 set_ways=8]
   way0 valid=1 rrpv=0 epoch=13107 dist=131 prop=1 stamped=1 dbg=1 last=131 epoch2=13107 sched_n=0
   way1 valid=1 rrpv=0 epoch=13172 dist=196 prop=1 stamped=1 dbg=1 last=135 epoch2=13172 sched_n=0
   way2 valid=1 rrpv=0 epoch=8672 dist=61231 prop=1 stamped=1 dbg=1 last=79 epoch2=8672 sched_n=0
   way3 valid=1 rrpv=4 epoch=13628 dist=652 prop=1 stamped=1 dbg=2 last=140 epoch2=13628 sched_n=0
   way4 valid=1 rrpv=4 epoch=13302 dist=326 prop=1 stamped=1 dbg=2 last=144 epoch2=13302 sched_n=0
   way5 valid=1 rrpv=7 epoch=13041 dist=65 prop=1 stamped=1 dbg=3 last=159 epoch2=13041 sched_n=0   <== VICTIM
   way6 valid=1 rrpv=7 epoch=0 dist=52559 prop=1 stamped=0 dbg=3 last=25 epoch2=0 sched_n=0
   way7 valid=1 rrpv=4 epoch=13628 dist=652 prop=1 stamped=1 dbg=3 last=155 epoch2=13628 sched_n=0
   -> victim=way5 reason=max-rrpv farthest-epoch property
[EVICT L3 pol=ECG:rrip_first curEpoch=12976 set_ways=8]
   way0 valid=1 rrpv=0 epoch=13107 dist=131 prop=1 stamped=1 dbg=1 last=131 epoch2=13107 sched_n=0
   way1 valid=1 rrpv=0 epoch=13172 dist=196 prop=1 stamped=1 dbg=1 last=135 epoch2=13172 sched_n=0
   way2 valid=1 rrpv=0 epoch=8672 dist=61231 prop=1 stamped=1 dbg=1 last=79 epoch2=8672 sched_n=0
   way3 valid=1 rrpv=4 epoch=13628 dist=652 prop=1 stamped=1 dbg=2 last=140 epoch2=13628 sched_n=0
   way4 valid=1 rrpv=4 epoch=13302 dist=326 prop=1 stamped=1 dbg=2 last=144 epoch2=13302 sched_n=0
   way5 valid=1 rrpv=7 epoch=13759 dist=783 prop=1 stamped=1 dbg=3 last=162 epoch2=13759 sched_n=0   <== VICTIM
   way6 valid=1 rrpv=7 epoch=0 dist=52559 prop=1 stamped=0 dbg=3 last=25 epoch2=0 sched_n=0
   way7 valid=1 rrpv=4 epoch=13628 dist=652 prop=1 stamped=1 dbg=3 last=155 epoch2=13628 sched_n=0
   -> victim=way5 reason=max-rrpv farthest-epoch property
[EVICT L3 pol=ECG:rrip_first curEpoch=12976 set_ways=8]
   way0 valid=1 rrpv=0 epoch=13107 dist=131 prop=1 stamped=1 dbg=1 last=132 epoch2=13107 sched_n=0
   way1 valid=1 rrpv=0 epoch=13041 dist=65 prop=1 stamped=1 dbg=1 last=136 epoch2=13041 sched_n=0
   way2 valid=1 rrpv=4 epoch=13041 dist=65 prop=1 stamped=1 dbg=2 last=138 epoch2=13041 sched_n=0
   way3 valid=1 rrpv=4 epoch=13759 dist=783 prop=1 stamped=1 dbg=2 last=141 epoch2=13759 sched_n=0
   way4 valid=1 rrpv=5 epoch=8542 dist=61101 prop=1 stamped=1 dbg=2 last=87 epoch2=8542 sched_n=0
   way5 valid=1 rrpv=7 epoch=13107 dist=131 prop=1 stamped=1 dbg=3 last=160 epoch2=13107 sched_n=0   <== VICTIM
   way6 valid=1 rrpv=6 epoch=13041 dist=65 prop=1 stamped=1 dbg=3 last=151 epoch2=13041 sched_n=0
   way7 valid=1 rrpv=5 epoch=13237 dist=261 prop=1 stamped=1 dbg=3 last=156 epoch2=13237 sched_n=0
   -> victim=way5 reason=max-rrpv farthest-epoch property
[EVICT L3 pol=ECG:rrip_first curEpoch=12976 set_ways=8]
   way0 valid=1 rrpv=0 epoch=8738 dist=61297 prop=1 stamped=1 dbg=1 last=75 epoch2=8738 sched_n=0
   way1 valid=1 rrpv=0 epoch=8607 dist=61166 prop=1 stamped=1 dbg=1 last=78 epoch2=8607 sched_n=0
   way2 valid=1 rrpv=6 epoch=0 dist=52559 prop=1 stamped=0 dbg=2 last=11 epoch2=0 sched_n=0
   way3 valid=1 rrpv=4 epoch=13041 dist=65 prop=1 stamped=1 dbg=2 last=142 epoch2=13041 sched_n=0
   way4 valid=1 rrpv=6 epoch=8542 dist=61101 prop=1 stamped=1 dbg=3 last=125 epoch2=8542 sched_n=0
   way5 valid=1 rrpv=5 epoch=13107 dist=131 prop=1 stamped=1 dbg=3 last=149 epoch2=13107 sched_n=0
   way6 valid=1 rrpv=5 epoch=13367 dist=391 prop=1 stamped=1 dbg=3 last=153 epoch2=13367 sched_n=0
   way7 valid=1 rrpv=7 epoch=13041 dist=65 prop=1 stamped=1 dbg=3 last=157 epoch2=13041 sched_n=0   <== VICTIM
   -> victim=way7 reason=max-rrpv farthest-epoch property
[EVICT L3 pol=ECG:rrip_first curEpoch=12976 set_ways=8]
   way0 valid=1 rrpv=0 epoch=8738 dist=61297 prop=1 stamped=1 dbg=1 last=71 epoch2=8738 sched_n=0
   way1 valid=1 rrpv=0 epoch=13107 dist=131 prop=1 stamped=1 dbg=1 last=134 epoch2=13107 sched_n=0
   way2 valid=1 rrpv=0 epoch=13759 dist=783 prop=1 stamped=1 dbg=1 last=137 epoch2=13759 sched_n=0
   way3 valid=1 rrpv=4 epoch=13107 dist=131 prop=1 stamped=1 dbg=2 last=139 epoch2=13107 sched_n=0
   way4 valid=1 rrpv=5 epoch=8607 dist=61166 prop=1 stamped=1 dbg=2 last=85 epoch2=8607 sched_n=0
   way5 valid=1 rrpv=7 epoch=13041 dist=65 prop=1 stamped=1 dbg=3 last=161 epoch2=13041 sched_n=0   <== VICTIM
   way6 valid=1 rrpv=5 epoch=13107 dist=131 prop=1 stamped=1 dbg=3 last=150 epoch2=13107 sched_n=0
   way7 valid=1 rrpv=5 epoch=13759 dist=783 prop=1 stamped=1 dbg=3 last=154 epoch2=13759 sched_n=0
   -> victim=way5 reason=max-rrpv farthest-epoch property
[EVICT L3 pol=ECG:rrip_first curEpoch=12976 set_ways=8]
   way0 valid=1 rrpv=0 epoch=13107 dist=131 prop=1 stamped=1 dbg=1 last=131 epoch2=13107 sched_n=0
   way1 valid=1 rrpv=0 epoch=13172 dist=196 prop=1 stamped=1 dbg=1 last=135 epoch2=13172 sched_n=0
   way2 valid=1 rrpv=0 epoch=8672 dist=61231 prop=1 stamped=1 dbg=1 last=79 epoch2=8672 sched_n=0
   way3 valid=1 rrpv=4 epoch=13628 dist=652 prop=1 stamped=1 dbg=2 last=140 epoch2=13628 sched_n=0
   way4 valid=1 rrpv=4 epoch=13302 dist=326 prop=1 stamped=1 dbg=2 last=144 epoch2=13302 sched_n=0
   way5 valid=1 rrpv=7 epoch=13759 dist=783 prop=0 stamped=0 dbg=3 last=163 epoch2=13759 sched_n=0   <== VICTIM
   way6 valid=1 rrpv=7 epoch=0 dist=52559 prop=1 stamped=0 dbg=3 last=25 epoch2=0 sched_n=0
   way7 valid=1 rrpv=4 epoch=13628 dist=652 prop=1 stamped=1 dbg=3 last=155 epoch2=13628 sched_n=0
   -> victim=way5 reason=max-rrpv record by recency
[EVICT L3 pol=ECG:rrip_first curEpoch=12976 set_ways=8]
   way0 valid=1 rrpv=0 epoch=13107 dist=131 prop=1 stamped=1 dbg=1 last=132 epoch2=13107 sched_n=0
   way1 valid=1 rrpv=0 epoch=13041 dist=65 prop=1 stamped=1 dbg=1 last=136 epoch2=13041 sched_n=0
   way2 valid=1 rrpv=4 epoch=13041 dist=65 prop=1 stamped=1 dbg=2 last=138 epoch2=13041 sched_n=0
   way3 valid=1 rrpv=4 epoch=13759 dist=783 prop=1 stamped=1 dbg=2 last=141 epoch2=13759 sched_n=0
   way4 valid=1 rrpv=5 epoch=8542 dist=61101 prop=1 stamped=1 dbg=2 last=87 epoch2=8542 sched_n=0
   way5 valid=1 rrpv=7 epoch=13759 dist=783 prop=1 stamped=1 dbg=3 last=164 epoch2=13759 sched_n=0   <== VICTIM
   way6 valid=1 rrpv=6 epoch=13041 dist=65 prop=1 stamped=1 dbg=3 last=151 epoch2=13041 sched_n=0
   way7 valid=1 rrpv=5 epoch=13237 dist=261 prop=1 stamped=1 dbg=3 last=156 epoch2=13237 sched_n=0
   -> victim=way5 reason=max-rrpv farthest-epoch property
[EVICT L3 pol=ECG:rrip_first curEpoch=12976 set_ways=8]
   way0 valid=1 rrpv=0 epoch=8738 dist=61297 prop=1 stamped=1 dbg=1 last=75 epoch2=8738 sched_n=0
   way1 valid=1 rrpv=0 epoch=8607 dist=61166 prop=1 stamped=1 dbg=1 last=78 epoch2=8607 sched_n=0
   way2 valid=1 rrpv=6 epoch=0 dist=52559 prop=1 stamped=0 dbg=2 last=11 epoch2=0 sched_n=0
   way3 valid=1 rrpv=4 epoch=13041 dist=65 prop=1 stamped=1 dbg=2 last=142 epoch2=13041 sched_n=0
   way4 valid=1 rrpv=6 epoch=8542 dist=61101 prop=1 stamped=1 dbg=3 last=125 epoch2=8542 sched_n=0
   way5 valid=1 rrpv=5 epoch=13107 dist=131 prop=1 stamped=1 dbg=3 last=149 epoch2=13107 sched_n=0
   way6 valid=1 rrpv=5 epoch=13367 dist=391 prop=1 stamped=1 dbg=3 last=153 epoch2=13367 sched_n=0
   way7 valid=1 rrpv=7 epoch=13759 dist=783 prop=1 stamped=1 dbg=3 last=165 epoch2=13759 sched_n=0   <== VICTIM
   -> victim=way7 reason=max-rrpv farthest-epoch property
[EVICT L3 pol=ECG:rrip_first curEpoch=12976 set_ways=8]
   way0 valid=1 rrpv=0 epoch=8738 dist=61297 prop=1 stamped=1 dbg=1 last=71 epoch2=8738 sched_n=0
   way1 valid=1 rrpv=0 epoch=13107 dist=131 prop=1 stamped=1 dbg=1 last=134 epoch2=13107 sched_n=0
   way2 valid=1 rrpv=0 epoch=13759 dist=783 prop=1 stamped=1 dbg=1 last=137 epoch2=13759 sched_n=0
   way3 valid=1 rrpv=4 epoch=13107 dist=131 prop=1 stamped=1 dbg=2 last=139 epoch2=13107 sched_n=0
   way4 valid=1 rrpv=5 epoch=8607 dist=61166 prop=1 stamped=1 dbg=2 last=85 epoch2=8607 sched_n=0
   way5 valid=1 rrpv=7 epoch=13041 dist=65 prop=1 stamped=1 dbg=3 last=166 epoch2=13041 sched_n=0   <== VICTIM
   way6 valid=1 rrpv=5 epoch=13107 dist=131 prop=1 stamped=1 dbg=3 last=150 epoch2=13107 sched_n=0
   way7 valid=1 rrpv=5 epoch=13759 dist=783 prop=1 stamped=1 dbg=3 last=154 epoch2=13759 sched_n=0
   -> victim=way5 reason=max-rrpv farthest-epoch property
[EVICT L3 pol=ECG:rrip_first curEpoch=12976 set_ways=8]
   way0 valid=1 rrpv=0 epoch=13107 dist=131 prop=1 stamped=1 dbg=1 last=131 epoch2=13107 sched_n=0
   way1 valid=1 rrpv=0 epoch=13172 dist=196 prop=1 stamped=1 dbg=1 last=135 epoch2=13172 sched_n=0
   way2 valid=1 rrpv=0 epoch=8672 dist=61231 prop=1 stamped=1 dbg=1 last=79 epoch2=8672 sched_n=0
   way3 valid=1 rrpv=4 epoch=13628 dist=652 prop=1 stamped=1 dbg=2 last=140 epoch2=13628 sched_n=0
   way4 valid=1 rrpv=4 epoch=13302 dist=326 prop=1 stamped=1 dbg=2 last=144 epoch2=13302 sched_n=0
   way5 valid=1 rrpv=7 epoch=13759 dist=783 prop=1 stamped=1 dbg=3 last=167 epoch2=13759 sched_n=0   <== VICTIM
   way6 valid=1 rrpv=7 epoch=0 dist=52559 prop=1 stamped=0 dbg=3 last=25 epoch2=0 sched_n=0
   way7 valid=1 rrpv=4 epoch=13628 dist=652 prop=1 stamped=1 dbg=3 last=155 epoch2=13628 sched_n=0
   -> victim=way5 reason=max-rrpv farthest-epoch property
[EVICT L3 pol=ECG:rrip_first curEpoch=12976 set_ways=8]
   way0 valid=1 rrpv=0 epoch=13107 dist=131 prop=1 stamped=1 dbg=1 last=132 epoch2=13107 sched_n=0
   way1 valid=1 rrpv=0 epoch=13041 dist=65 prop=1 stamped=1 dbg=1 last=136 epoch2=13041 sched_n=0
   way2 valid=1 rrpv=4 epoch=13041 dist=65 prop=1 stamped=1 dbg=2 last=138 epoch2=13041 sched_n=0
   way3 valid=1 rrpv=4 epoch=13759 dist=783 prop=1 stamped=1 dbg=2 last=141 epoch2=13759 sched_n=0
   way4 valid=1 rrpv=5 epoch=8542 dist=61101 prop=1 stamped=1 dbg=2 last=87 epoch2=8542 sched_n=0
   way5 valid=1 rrpv=7 epoch=13759 dist=783 prop=1 stamped=1 dbg=3 last=168 epoch2=13759 sched_n=0   <== VICTIM
   way6 valid=1 rrpv=6 epoch=13041 dist=65 prop=1 stamped=1 dbg=3 last=151 epoch2=13041 sched_n=0
   way7 valid=1 rrpv=5 epoch=13237 dist=261 prop=1 stamped=1 dbg=3 last=156 epoch2=13237 sched_n=0
   -> victim=way5 reason=max-rrpv farthest-epoch property
[EVICT L3 pol=ECG:rrip_first curEpoch=12976 set_ways=8]
   way0 valid=1 rrpv=0 epoch=13107 dist=131 prop=1 stamped=1 dbg=1 last=132 epoch2=13107 sched_n=0
   way1 valid=1 rrpv=0 epoch=13041 dist=65 prop=1 stamped=1 dbg=1 last=136 epoch2=13041 sched_n=0
   way2 valid=1 rrpv=4 epoch=13041 dist=65 prop=1 stamped=1 dbg=2 last=138 epoch2=13041 sched_n=0
   way3 valid=1 rrpv=4 epoch=13759 dist=783 prop=1 stamped=1 dbg=2 last=141 epoch2=13759 sched_n=0
   way4 valid=1 rrpv=5 epoch=8542 dist=61101 prop=1 stamped=1 dbg=2 last=87 epoch2=8542 sched_n=0
   way5 valid=1 rrpv=7 epoch=13759 dist=783 prop=0 stamped=0 dbg=3 last=172 epoch2=13759 sched_n=0   <== VICTIM
   way6 valid=1 rrpv=6 epoch=13041 dist=65 prop=1 stamped=1 dbg=3 last=151 epoch2=13041 sched_n=0
   way7 valid=1 rrpv=5 epoch=13237 dist=261 prop=1 stamped=1 dbg=3 last=156 epoch2=13237 sched_n=0
   -> victim=way5 reason=max-rrpv record by recency
[EVICT L3 pol=ECG:rrip_first curEpoch=12976 set_ways=8]
   way0 valid=1 rrpv=0 epoch=8738 dist=61297 prop=1 stamped=1 dbg=1 last=75 epoch2=8738 sched_n=0
   way1 valid=1 rrpv=0 epoch=8607 dist=61166 prop=1 stamped=1 dbg=1 last=78 epoch2=8607 sched_n=0
   way2 valid=1 rrpv=6 epoch=0 dist=52559 prop=1 stamped=0 dbg=2 last=11 epoch2=0 sched_n=0
   way3 valid=1 rrpv=4 epoch=13041 dist=65 prop=1 stamped=1 dbg=2 last=142 epoch2=13041 sched_n=0
   way4 valid=1 rrpv=6 epoch=8542 dist=61101 prop=1 stamped=1 dbg=3 last=125 epoch2=8542 sched_n=0
   way5 valid=1 rrpv=5 epoch=13107 dist=131 prop=1 stamped=1 dbg=3 last=149 epoch2=13107 sched_n=0
   way6 valid=1 rrpv=5 epoch=13367 dist=391 prop=1 stamped=1 dbg=3 last=153 epoch2=13367 sched_n=0
   way7 valid=1 rrpv=7 epoch=13759 dist=783 prop=1 stamped=1 dbg=3 last=169 epoch2=13759 sched_n=0   <== VICTIM
   -> victim=way7 reason=max-rrpv farthest-epoch property
[EVICT L3 pol=ECG:rrip_first curEpoch=12976 set_ways=8]
   way0 valid=1 rrpv=0 epoch=13107 dist=131 prop=1 stamped=1 dbg=1 last=131 epoch2=13107 sched_n=0
   way1 valid=1 rrpv=0 epoch=13172 dist=196 prop=1 stamped=1 dbg=1 last=135 epoch2=13172 sched_n=0
   way2 valid=1 rrpv=0 epoch=8672 dist=61231 prop=1 stamped=1 dbg=1 last=79 epoch2=8672 sched_n=0
   way3 valid=1 rrpv=4 epoch=13628 dist=652 prop=1 stamped=1 dbg=2 last=140 epoch2=13628 sched_n=0
   way4 valid=1 rrpv=4 epoch=13302 dist=326 prop=1 stamped=1 dbg=2 last=144 epoch2=13302 sched_n=0
   way5 valid=1 rrpv=7 epoch=13041 dist=65 prop=1 stamped=1 dbg=3 last=171 epoch2=13041 sched_n=0   <== VICTIM
   way6 valid=1 rrpv=7 epoch=0 dist=52559 prop=1 stamped=0 dbg=3 last=25 epoch2=0 sched_n=0
   way7 valid=1 rrpv=4 epoch=13628 dist=652 prop=1 stamped=1 dbg=3 last=155 epoch2=13628 sched_n=0
   -> victim=way5 reason=max-rrpv farthest-epoch property
[EVICT L3 pol=ECG:rrip_first curEpoch=12976 set_ways=8]
   way0 valid=1 rrpv=0 epoch=13107 dist=131 prop=1 stamped=1 dbg=1 last=132 epoch2=13107 sched_n=0
   way1 valid=1 rrpv=0 epoch=13041 dist=65 prop=1 stamped=1 dbg=1 last=136 epoch2=13041 sched_n=0
   way2 valid=1 rrpv=4 epoch=13041 dist=65 prop=1 stamped=1 dbg=2 last=138 epoch2=13041 sched_n=0
   way3 valid=1 rrpv=4 epoch=13759 dist=783 prop=1 stamped=1 dbg=2 last=141 epoch2=13759 sched_n=0
   way4 valid=1 rrpv=5 epoch=8542 dist=61101 prop=1 stamped=1 dbg=2 last=87 epoch2=8542 sched_n=0
   way5 valid=1 rrpv=7 epoch=13237 dist=261 prop=1 stamped=1 dbg=3 last=173 epoch2=13237 sched_n=0   <== VICTIM
   way6 valid=1 rrpv=6 epoch=13041 dist=65 prop=1 stamped=1 dbg=3 last=151 epoch2=13041 sched_n=0
   way7 valid=1 rrpv=5 epoch=13237 dist=261 prop=1 stamped=1 dbg=3 last=156 epoch2=13237 sched_n=0
   -> victim=way5 reason=max-rrpv farthest-epoch property
[EVICT L3 pol=ECG:rrip_first curEpoch=12976 set_ways=8]
   way0 valid=1 rrpv=0 epoch=8738 dist=61297 prop=1 stamped=1 dbg=1 last=75 epoch2=8738 sched_n=0
   way1 valid=1 rrpv=0 epoch=8607 dist=61166 prop=1 stamped=1 dbg=1 last=78 epoch2=8607 sched_n=0
   way2 valid=1 rrpv=6 epoch=0 dist=52559 prop=1 stamped=0 dbg=2 last=11 epoch2=0 sched_n=0
   way3 valid=1 rrpv=4 epoch=13041 dist=65 prop=1 stamped=1 dbg=2 last=142 epoch2=13041 sched_n=0
   way4 valid=1 rrpv=6 epoch=8542 dist=61101 prop=1 stamped=1 dbg=3 last=125 epoch2=8542 sched_n=0
   way5 valid=1 rrpv=5 epoch=13107 dist=131 prop=1 stamped=1 dbg=3 last=149 epoch2=13107 sched_n=0
   way6 valid=1 rrpv=5 epoch=13367 dist=391 prop=1 stamped=1 dbg=3 last=153 epoch2=13367 sched_n=0
   way7 valid=1 rrpv=7 epoch=13302 dist=326 prop=1 stamped=1 dbg=3 last=174 epoch2=13302 sched_n=0   <== VICTIM
   -> victim=way7 reason=max-rrpv farthest-epoch property
[EVICT L3 pol=ECG:rrip_first curEpoch=12976 set_ways=8]
   way0 valid=1 rrpv=0 epoch=13107 dist=131 prop=1 stamped=1 dbg=1 last=131 epoch2=13107 sched_n=0
   way1 valid=1 rrpv=0 epoch=13172 dist=196 prop=1 stamped=1 dbg=1 last=135 epoch2=13172 sched_n=0
   way2 valid=1 rrpv=0 epoch=8672 dist=61231 prop=1 stamped=1 dbg=1 last=79 epoch2=8672 sched_n=0
   way3 valid=1 rrpv=4 epoch=13628 dist=652 prop=1 stamped=1 dbg=2 last=140 epoch2=13628 sched_n=0
   way4 valid=1 rrpv=4 epoch=13302 dist=326 prop=1 stamped=1 dbg=2 last=144 epoch2=13302 sched_n=0
   way5 valid=1 rrpv=7 epoch=13107 dist=131 prop=1 stamped=1 dbg=3 last=175 epoch2=13107 sched_n=0   <== VICTIM
   way6 valid=1 rrpv=7 epoch=0 dist=52559 prop=1 stamped=0 dbg=3 last=25 epoch2=0 sched_n=0
   way7 valid=1 rrpv=4 epoch=13628 dist=652 prop=1 stamped=1 dbg=3 last=155 epoch2=13628 sched_n=0
   -> victim=way5 reason=max-rrpv farthest-epoch property
[EVICT L3 pol=ECG:rrip_first curEpoch=12976 set_ways=8]
   way0 valid=1 rrpv=0 epoch=8738 dist=61297 prop=1 stamped=1 dbg=1 last=75 epoch2=8738 sched_n=0
   way1 valid=1 rrpv=0 epoch=8607 dist=61166 prop=1 stamped=1 dbg=1 last=78 epoch2=8607 sched_n=0
   way2 valid=1 rrpv=6 epoch=0 dist=52559 prop=1 stamped=0 dbg=2 last=11 epoch2=0 sched_n=0
   way3 valid=1 rrpv=4 epoch=13041 dist=65 prop=1 stamped=1 dbg=2 last=142 epoch2=13041 sched_n=0
   way4 valid=1 rrpv=6 epoch=8542 dist=61101 prop=1 stamped=1 dbg=3 last=125 epoch2=8542 sched_n=0
   way5 valid=1 rrpv=5 epoch=13107 dist=131 prop=1 stamped=1 dbg=3 last=149 epoch2=13107 sched_n=0
   way6 valid=1 rrpv=5 epoch=13367 dist=391 prop=1 stamped=1 dbg=3 last=153 epoch2=13367 sched_n=0
   way7 valid=1 rrpv=7 epoch=13041 dist=65 prop=1 stamped=1 dbg=3 last=177 epoch2=13041 sched_n=0   <== VICTIM
   -> victim=way7 reason=max-rrpv farthest-epoch property
[EVICT L3 pol=ECG:rrip_first curEpoch=12976 set_ways=8]
   way0 valid=1 rrpv=0 epoch=13107 dist=131 prop=1 stamped=1 dbg=1 last=131 epoch2=13107 sched_n=0
   way1 valid=1 rrpv=0 epoch=13172 dist=196 prop=1 stamped=1 dbg=1 last=135 epoch2=13172 sched_n=0
   way2 valid=1 rrpv=0 epoch=8672 dist=61231 prop=1 stamped=1 dbg=1 last=79 epoch2=8672 sched_n=0
   way3 valid=1 rrpv=4 epoch=13628 dist=652 prop=1 stamped=1 dbg=2 last=140 epoch2=13628 sched_n=0
   way4 valid=1 rrpv=4 epoch=13302 dist=326 prop=1 stamped=1 dbg=2 last=144 epoch2=13302 sched_n=0
   way5 valid=1 rrpv=7 epoch=13759 dist=783 prop=1 stamped=1 dbg=3 last=178 epoch2=13759 sched_n=0   <== VICTIM
   way6 valid=1 rrpv=7 epoch=0 dist=52559 prop=1 stamped=0 dbg=3 last=25 epoch2=0 sched_n=0
   way7 valid=1 rrpv=4 epoch=13628 dist=652 prop=1 stamped=1 dbg=3 last=155 epoch2=13628 sched_n=0
   -> victim=way5 reason=max-rrpv farthest-epoch property
[EVICT L3 pol=ECG:rrip_first curEpoch=12976 set_ways=8]
   way0 valid=1 rrpv=0 epoch=8738 dist=61297 prop=1 stamped=1 dbg=1 last=75 epoch2=8738 sched_n=0
   way1 valid=1 rrpv=0 epoch=8607 dist=61166 prop=1 stamped=1 dbg=1 last=78 epoch2=8607 sched_n=0
   way2 valid=1 rrpv=6 epoch=0 dist=52559 prop=1 stamped=0 dbg=2 last=11 epoch2=0 sched_n=0
   way3 valid=1 rrpv=4 epoch=13041 dist=65 prop=1 stamped=1 dbg=2 last=142 epoch2=13041 sched_n=0
   way4 valid=1 rrpv=6 epoch=8542 dist=61101 prop=1 stamped=1 dbg=3 last=125 epoch2=8542 sched_n=0
   way5 valid=1 rrpv=5 epoch=13107 dist=131 prop=1 stamped=1 dbg=3 last=149 epoch2=13107 sched_n=0
   way6 valid=1 rrpv=5 epoch=13367 dist=391 prop=1 stamped=1 dbg=3 last=153 epoch2=13367 sched_n=0
   way7 valid=1 rrpv=7 epoch=13628 dist=652 prop=1 stamped=1 dbg=3 last=179 epoch2=13628 sched_n=0   <== VICTIM
   -> victim=way7 reason=max-rrpv farthest-epoch property
[EVICT L3 pol=ECG:rrip_first curEpoch=12976 set_ways=8]
   way0 valid=1 rrpv=0 epoch=13107 dist=131 prop=1 stamped=1 dbg=1 last=132 epoch2=13107 sched_n=0
   way1 valid=1 rrpv=0 epoch=13041 dist=65 prop=1 stamped=1 dbg=1 last=136 epoch2=13041 sched_n=0
   way2 valid=1 rrpv=4 epoch=13041 dist=65 prop=1 stamped=1 dbg=2 last=138 epoch2=13041 sched_n=0
   way3 valid=1 rrpv=4 epoch=13759 dist=783 prop=1 stamped=1 dbg=2 last=141 epoch2=13759 sched_n=0
   way4 valid=1 rrpv=5 epoch=8542 dist=61101 prop=1 stamped=1 dbg=2 last=87 epoch2=8542 sched_n=0
   way5 valid=1 rrpv=7 epoch=13759 dist=783 prop=1 stamped=1 dbg=3 last=176 epoch2=13759 sched_n=0   <== VICTIM
   way6 valid=1 rrpv=6 epoch=13041 dist=65 prop=1 stamped=1 dbg=3 last=151 epoch2=13041 sched_n=0
   way7 valid=1 rrpv=5 epoch=13237 dist=261 prop=1 stamped=1 dbg=3 last=156 epoch2=13237 sched_n=0
   -> victim=way5 reason=max-rrpv farthest-epoch property
[EVICT L3 pol=ECG:rrip_first curEpoch=12976 set_ways=8]
   way0 valid=1 rrpv=0 epoch=13107 dist=131 prop=1 stamped=1 dbg=1 last=131 epoch2=13107 sched_n=0
   way1 valid=1 rrpv=0 epoch=13172 dist=196 prop=1 stamped=1 dbg=1 last=135 epoch2=13172 sched_n=0
   way2 valid=1 rrpv=0 epoch=8672 dist=61231 prop=1 stamped=1 dbg=1 last=79 epoch2=8672 sched_n=0
   way3 valid=1 rrpv=4 epoch=13628 dist=652 prop=1 stamped=1 dbg=2 last=140 epoch2=13628 sched_n=0
   way4 valid=1 rrpv=4 epoch=13302 dist=326 prop=1 stamped=1 dbg=2 last=144 epoch2=13302 sched_n=0
   way5 valid=1 rrpv=7 epoch=13628 dist=652 prop=1 stamped=1 dbg=3 last=180 epoch2=13628 sched_n=0   <== VICTIM
   way6 valid=1 rrpv=7 epoch=0 dist=52559 prop=1 stamped=0 dbg=3 last=25 epoch2=0 sched_n=0
   way7 valid=1 rrpv=4 epoch=13628 dist=652 prop=1 stamped=1 dbg=3 last=155 epoch2=13628 sched_n=0
   -> victim=way5 reason=max-rrpv farthest-epoch property
[EVICT L3 pol=ECG:rrip_first curEpoch=12976 set_ways=8]
   way0 valid=1 rrpv=0 epoch=13107 dist=131 prop=1 stamped=1 dbg=1 last=132 epoch2=13107 sched_n=0
   way1 valid=1 rrpv=0 epoch=13041 dist=65 prop=1 stamped=1 dbg=1 last=136 epoch2=13041 sched_n=0
   way2 valid=1 rrpv=4 epoch=13041 dist=65 prop=1 stamped=1 dbg=2 last=138 epoch2=13041 sched_n=0
   way3 valid=1 rrpv=4 epoch=13759 dist=783 prop=1 stamped=1 dbg=2 last=141 epoch2=13759 sched_n=0
   way4 valid=1 rrpv=5 epoch=8542 dist=61101 prop=1 stamped=1 dbg=2 last=87 epoch2=8542 sched_n=0
   way5 valid=1 rrpv=7 epoch=13041 dist=65 prop=1 stamped=1 dbg=3 last=182 epoch2=13041 sched_n=0   <== VICTIM
   way6 valid=1 rrpv=6 epoch=13041 dist=65 prop=1 stamped=1 dbg=3 last=151 epoch2=13041 sched_n=0
   way7 valid=1 rrpv=5 epoch=13237 dist=261 prop=1 stamped=1 dbg=3 last=156 epoch2=13237 sched_n=0
   -> victim=way5 reason=max-rrpv farthest-epoch property
[EVICT L3 pol=ECG:rrip_first curEpoch=21192 set_ways=8]
   way0 valid=1 rrpv=0 epoch=8738 dist=53081 prop=1 stamped=1 dbg=1 last=75 epoch2=8738 sched_n=0
   way1 valid=1 rrpv=0 epoch=8607 dist=52950 prop=1 stamped=1 dbg=1 last=78 epoch2=8607 sched_n=0
   way2 valid=1 rrpv=6 epoch=0 dist=44343 prop=1 stamped=0 dbg=2 last=11 epoch2=0 sched_n=0
   way3 valid=1 rrpv=4 epoch=13041 dist=57384 prop=1 stamped=1 dbg=2 last=142 epoch2=13041 sched_n=0
   way4 valid=1 rrpv=5 epoch=13759 dist=58102 prop=1 stamped=1 dbg=3 last=183 epoch2=13759 sched_n=0
   way5 valid=1 rrpv=5 epoch=13107 dist=57450 prop=1 stamped=1 dbg=3 last=149 epoch2=13107 sched_n=0
   way6 valid=1 rrpv=5 epoch=13367 dist=57710 prop=1 stamped=1 dbg=3 last=153 epoch2=13367 sched_n=0
   way7 valid=1 rrpv=7 epoch=13628 dist=57971 prop=0 stamped=0 dbg=3 last=181 epoch2=13628 sched_n=0   <== VICTIM
   -> victim=way7 reason=max-rrpv record by recency
[EVICT L3 pol=ECG:rrip_first curEpoch=21192 set_ways=8]
   way0 valid=1 rrpv=0 epoch=21323 dist=131 prop=1 stamped=1 dbg=1 last=187 epoch2=21323 sched_n=0
   way1 valid=1 rrpv=0 epoch=13107 dist=57450 prop=1 stamped=1 dbg=1 last=134 epoch2=13107 sched_n=0
   way2 valid=1 rrpv=0 epoch=13759 dist=58102 prop=1 stamped=1 dbg=1 last=137 epoch2=13759 sched_n=0
   way3 valid=1 rrpv=4 epoch=13107 dist=57450 prop=1 stamped=1 dbg=2 last=139 epoch2=13107 sched_n=0
   way4 valid=1 rrpv=5 epoch=8607 dist=52950 prop=1 stamped=1 dbg=2 last=85 epoch2=8607 sched_n=0
   way5 valid=1 rrpv=7 epoch=13041 dist=57384 prop=1 stamped=1 dbg=3 last=170 epoch2=13041 sched_n=0   <== VICTIM
   way6 valid=1 rrpv=5 epoch=13107 dist=57450 prop=1 stamped=1 dbg=3 last=150 epoch2=13107 sched_n=0
   way7 valid=1 rrpv=5 epoch=13759 dist=58102 prop=1 stamped=1 dbg=3 last=154 epoch2=13759 sched_n=0
   -> victim=way5 reason=max-rrpv farthest-epoch property
[EVICT L3 pol=ECG:rrip_first curEpoch=21192 set_ways=8]
   way0 valid=1 rrpv=0 epoch=21323 dist=131 prop=1 stamped=1 dbg=1 last=189 epoch2=21323 sched_n=0
   way1 valid=1 rrpv=0 epoch=21323 dist=131 prop=1 stamped=1 dbg=1 last=193 epoch2=21323 sched_n=0
   way2 valid=1 rrpv=0 epoch=8672 dist=53015 prop=1 stamped=1 dbg=1 last=79 epoch2=8672 sched_n=0
   way3 valid=1 rrpv=4 epoch=13628 dist=57971 prop=1 stamped=1 dbg=2 last=140 epoch2=13628 sched_n=0
   way4 valid=1 rrpv=4 epoch=13302 dist=57645 prop=1 stamped=1 dbg=2 last=144 epoch2=13302 sched_n=0
   way5 valid=1 rrpv=7 epoch=13759 dist=58102 prop=1 stamped=1 dbg=3 last=184 epoch2=13759 sched_n=0   <== VICTIM
   way6 valid=1 rrpv=7 epoch=0 dist=44343 prop=1 stamped=0 dbg=3 last=25 epoch2=0 sched_n=0
   way7 valid=1 rrpv=4 epoch=13628 dist=57971 prop=1 stamped=1 dbg=3 last=155 epoch2=13628 sched_n=0
   -> victim=way5 reason=max-rrpv farthest-epoch property
[EVICT L3 pol=ECG:rrip_first curEpoch=21192 set_ways=8]
   way0 valid=1 rrpv=0 epoch=21323 dist=131 prop=1 stamped=1 dbg=1 last=190 epoch2=21323 sched_n=0
   way1 valid=1 rrpv=0 epoch=21323 dist=131 prop=1 stamped=1 dbg=1 last=194 epoch2=21323 sched_n=0
   way2 valid=1 rrpv=4 epoch=13041 dist=57384 prop=1 stamped=1 dbg=2 last=138 epoch2=13041 sched_n=0
   way3 valid=1 rrpv=4 epoch=13759 dist=58102 prop=1 stamped=1 dbg=2 last=141 epoch2=13759 sched_n=0
   way4 valid=1 rrpv=5 epoch=8542 dist=52885 prop=1 stamped=1 dbg=2 last=87 epoch2=8542 sched_n=0
   way5 valid=1 rrpv=7 epoch=13237 dist=57580 prop=1 stamped=1 dbg=3 last=185 epoch2=13237 sched_n=0   <== VICTIM
   way6 valid=1 rrpv=6 epoch=13041 dist=57384 prop=1 stamped=1 dbg=3 last=151 epoch2=13041 sched_n=0
   way7 valid=1 rrpv=5 epoch=13237 dist=57580 prop=1 stamped=1 dbg=3 last=156 epoch2=13237 sched_n=0
   -> victim=way5 reason=max-rrpv farthest-epoch property
[EVICT L3 pol=ECG:rrip_first curEpoch=21192 set_ways=8]
   way0 valid=1 rrpv=0 epoch=21323 dist=131 prop=1 stamped=1 dbg=1 last=191 epoch2=21323 sched_n=0
   way1 valid=1 rrpv=0 epoch=21323 dist=131 prop=1 stamped=1 dbg=1 last=196 epoch2=21323 sched_n=0
   way2 valid=1 rrpv=5 epoch=22301 dist=1109 prop=1 stamped=1 dbg=2 last=201 epoch2=22301 sched_n=0
   way3 valid=1 rrpv=4 epoch=13041 dist=57384 prop=1 stamped=1 dbg=2 last=142 epoch2=13041 sched_n=0
   way4 valid=1 rrpv=5 epoch=13759 dist=58102 prop=1 stamped=1 dbg=3 last=183 epoch2=13759 sched_n=0
   way5 valid=1 rrpv=5 epoch=13107 dist=57450 prop=1 stamped=1 dbg=3 last=149 epoch2=13107 sched_n=0
   way6 valid=1 rrpv=5 epoch=13367 dist=57710 prop=1 stamped=1 dbg=3 last=153 epoch2=13367 sched_n=0
   way7 valid=1 rrpv=7 epoch=13628 dist=57971 prop=0 stamped=0 dbg=3 last=186 epoch2=13628 sched_n=0   <== VICTIM
   -> victim=way7 reason=max-rrpv record by recency
[EVICT L3 pol=ECG:rrip_first curEpoch=21192 set_ways=8]
   way0 valid=1 rrpv=0 epoch=21323 dist=131 prop=1 stamped=1 dbg=1 last=187 epoch2=21323 sched_n=0
   way1 valid=1 rrpv=0 epoch=21258 dist=66 prop=1 stamped=1 dbg=1 last=192 epoch2=21258 sched_n=0
   way2 valid=1 rrpv=0 epoch=21323 dist=131 prop=1 stamped=1 dbg=1 last=197 epoch2=21323 sched_n=0
   way3 valid=1 rrpv=3 epoch=21258 dist=66 prop=1 stamped=1 dbg=2 last=202 epoch2=21258 sched_n=0
   way4 valid=1 rrpv=4 epoch=21323 dist=131 prop=1 stamped=1 dbg=2 last=207 epoch2=21323 sched_n=0
   way5 valid=1 rrpv=7 epoch=13041 dist=57384 prop=0 stamped=0 dbg=3 last=188 epoch2=13041 sched_n=0   <== VICTIM
   way6 valid=1 rrpv=5 epoch=13107 dist=57450 prop=1 stamped=1 dbg=3 last=150 epoch2=13107 sched_n=0
   way7 valid=1 rrpv=5 epoch=13759 dist=58102 prop=1 stamped=1 dbg=3 last=154 epoch2=13759 sched_n=0
   -> victim=way5 reason=max-rrpv record by recency
[EVICT L3 pol=ECG:rrip_first curEpoch=21192 set_ways=8]
   way0 valid=1 rrpv=0 epoch=21323 dist=131 prop=1 stamped=1 dbg=1 last=191 epoch2=21323 sched_n=0
   way1 valid=1 rrpv=0 epoch=21323 dist=131 prop=1 stamped=1 dbg=1 last=196 epoch2=21323 sched_n=0
   way2 valid=1 rrpv=5 epoch=22301 dist=1109 prop=1 stamped=1 dbg=2 last=201 epoch2=22301 sched_n=0
   way3 valid=1 rrpv=3 epoch=21323 dist=131 prop=1 stamped=1 dbg=2 last=206 epoch2=21323 sched_n=0
   way4 valid=1 rrpv=5 epoch=13759 dist=58102 prop=1 stamped=1 dbg=3 last=183 epoch2=13759 sched_n=0
   way5 valid=1 rrpv=5 epoch=13107 dist=57450 prop=1 stamped=1 dbg=3 last=149 epoch2=13107 sched_n=0
   way6 valid=1 rrpv=5 epoch=13367 dist=57710 prop=1 stamped=1 dbg=3 last=153 epoch2=13367 sched_n=0
   way7 valid=1 rrpv=7 epoch=13628 dist=57971 prop=0 stamped=0 dbg=3 last=204 epoch2=13628 sched_n=0   <== VICTIM
   -> victim=way7 reason=max-rrpv record by recency
[EVICT L3 pol=ECG:rrip_first curEpoch=21192 set_ways=8]
   way0 valid=1 rrpv=0 epoch=21323 dist=131 prop=1 stamped=1 dbg=1 last=187 epoch2=21323 sched_n=0
   way1 valid=1 rrpv=0 epoch=21258 dist=66 prop=1 stamped=1 dbg=1 last=192 epoch2=21258 sched_n=0
   way2 valid=1 rrpv=0 epoch=21323 dist=131 prop=1 stamped=1 dbg=1 last=197 epoch2=21323 sched_n=0
   way3 valid=1 rrpv=3 epoch=21258 dist=66 prop=1 stamped=1 dbg=2 last=202 epoch2=21258 sched_n=0
   way4 valid=1 rrpv=4 epoch=21323 dist=131 prop=1 stamped=1 dbg=2 last=207 epoch2=21323 sched_n=0
   way5 valid=1 rrpv=7 epoch=13041 dist=57384 prop=0 stamped=0 dbg=3 last=210 epoch2=13041 sched_n=0   <== VICTIM
   way6 valid=1 rrpv=5 epoch=13107 dist=57450 prop=1 stamped=1 dbg=3 last=150 epoch2=13107 sched_n=0
   way7 valid=1 rrpv=5 epoch=13759 dist=58102 prop=1 stamped=1 dbg=3 last=154 epoch2=13759 sched_n=0
   -> victim=way5 reason=max-rrpv record by recency
[EVICT L3 pol=ECG:rrip_first curEpoch=21192 set_ways=8]
   way0 valid=1 rrpv=0 epoch=21323 dist=131 prop=1 stamped=1 dbg=1 last=189 epoch2=21323 sched_n=0
   way1 valid=1 rrpv=0 epoch=21323 dist=131 prop=1 stamped=1 dbg=1 last=193 epoch2=21323 sched_n=0
   way2 valid=1 rrpv=0 epoch=21323 dist=131 prop=1 stamped=1 dbg=1 last=198 epoch2=21323 sched_n=0
   way3 valid=1 rrpv=3 epoch=21323 dist=131 prop=1 stamped=1 dbg=2 last=203 epoch2=21323 sched_n=0
   way4 valid=1 rrpv=3 epoch=21388 dist=196 prop=1 stamped=1 dbg=2 last=208 epoch2=21388 sched_n=0
   way5 valid=1 rrpv=7 epoch=13759 dist=58102 prop=0 stamped=0 dbg=3 last=195 epoch2=13759 sched_n=0   <== VICTIM
   way6 valid=1 rrpv=7 epoch=0 dist=44343 prop=1 stamped=0 dbg=3 last=25 epoch2=0 sched_n=0
   way7 valid=1 rrpv=4 epoch=13628 dist=57971 prop=1 stamped=1 dbg=3 last=155 epoch2=13628 sched_n=0
   -> victim=way5 reason=max-rrpv record by recency
[EVICT L3 pol=ECG:rrip_first curEpoch=21192 set_ways=8]
   way0 valid=1 rrpv=0 epoch=21323 dist=131 prop=1 stamped=1 dbg=1 last=190 epoch2=21323 sched_n=0
   way1 valid=1 rrpv=0 epoch=21323 dist=131 prop=1 stamped=1 dbg=1 last=194 epoch2=21323 sched_n=0
   way2 valid=1 rrpv=3 epoch=21323 dist=131 prop=1 stamped=1 dbg=2 last=200 epoch2=21323 sched_n=0
   way3 valid=1 rrpv=3 epoch=21323 dist=131 prop=1 stamped=1 dbg=2 last=205 epoch2=21323 sched_n=0
   way4 valid=1 rrpv=4 epoch=21323 dist=131 prop=1 stamped=1 dbg=2 last=209 epoch2=21323 sched_n=0
   way5 valid=1 rrpv=7 epoch=13237 dist=57580 prop=0 stamped=0 dbg=3 last=199 epoch2=13237 sched_n=0   <== VICTIM
   way6 valid=1 rrpv=6 epoch=13041 dist=57384 prop=1 stamped=1 dbg=3 last=151 epoch2=13041 sched_n=0
   way7 valid=1 rrpv=5 epoch=13237 dist=57580 prop=1 stamped=1 dbg=3 last=156 epoch2=13237 sched_n=0
   -> victim=way5 reason=max-rrpv record by recency
[EVICT L3 pol=ECG:rrip_first curEpoch=21192 set_ways=8]
   way0 valid=1 rrpv=0 epoch=21323 dist=131 prop=1 stamped=1 dbg=1 last=189 epoch2=21323 sched_n=0
   way1 valid=1 rrpv=0 epoch=21323 dist=131 prop=1 stamped=1 dbg=1 last=193 epoch2=21323 sched_n=0
   way2 valid=1 rrpv=0 epoch=21323 dist=131 prop=1 stamped=1 dbg=1 last=198 epoch2=21323 sched_n=0
   way3 valid=1 rrpv=3 epoch=21323 dist=131 prop=1 stamped=1 dbg=2 last=203 epoch2=21323 sched_n=0
   way4 valid=1 rrpv=3 epoch=21388 dist=196 prop=1 stamped=1 dbg=2 last=208 epoch2=21388 sched_n=0
   way5 valid=1 rrpv=7 epoch=21323 dist=131 prop=1 stamped=1 dbg=3 last=213 epoch2=21323 sched_n=0   <== VICTIM
   way6 valid=1 rrpv=7 epoch=0 dist=44343 prop=1 stamped=0 dbg=3 last=25 epoch2=0 sched_n=0
   way7 valid=1 rrpv=4 epoch=13628 dist=57971 prop=1 stamped=1 dbg=3 last=155 epoch2=13628 sched_n=0
   -> victim=way5 reason=max-rrpv farthest-epoch property
[EVICT L3 pol=ECG:rrip_first curEpoch=21192 set_ways=8]
   way0 valid=1 rrpv=0 epoch=21323 dist=131 prop=1 stamped=1 dbg=1 last=190 epoch2=21323 sched_n=0
   way1 valid=1 rrpv=0 epoch=21323 dist=131 prop=1 stamped=1 dbg=1 last=194 epoch2=21323 sched_n=0
   way2 valid=1 rrpv=3 epoch=21323 dist=131 prop=1 stamped=1 dbg=2 last=200 epoch2=21323 sched_n=0
   way3 valid=1 rrpv=3 epoch=21323 dist=131 prop=1 stamped=1 dbg=2 last=205 epoch2=21323 sched_n=0
   way4 valid=1 rrpv=4 epoch=21323 dist=131 prop=1 stamped=1 dbg=2 last=209 epoch2=21323 sched_n=0
   way5 valid=1 rrpv=7 epoch=21323 dist=131 prop=1 stamped=1 dbg=3 last=214 epoch2=21323 sched_n=0   <== VICTIM
   way6 valid=1 rrpv=5 epoch=21258 dist=66 prop=1 stamped=1 dbg=3 last=219 epoch2=21258 sched_n=0
   way7 valid=1 rrpv=5 epoch=13237 dist=57580 prop=1 stamped=1 dbg=3 last=156 epoch2=13237 sched_n=0
   -> victim=way5 reason=max-rrpv farthest-epoch property
[EVICT L3 pol=ECG:rrip_first curEpoch=21192 set_ways=8]
   way0 valid=1 rrpv=0 epoch=21323 dist=131 prop=1 stamped=1 dbg=1 last=191 epoch2=21323 sched_n=0
   way1 valid=1 rrpv=0 epoch=21323 dist=131 prop=1 stamped=1 dbg=1 last=196 epoch2=21323 sched_n=0
   way2 valid=1 rrpv=5 epoch=22301 dist=1109 prop=1 stamped=1 dbg=2 last=201 epoch2=22301 sched_n=0
   way3 valid=1 rrpv=3 epoch=21323 dist=131 prop=1 stamped=1 dbg=2 last=206 epoch2=21323 sched_n=0
   way4 valid=1 rrpv=5 epoch=13759 dist=58102 prop=1 stamped=1 dbg=3 last=183 epoch2=13759 sched_n=0
   way5 valid=1 rrpv=4 epoch=21323 dist=131 prop=1 stamped=1 dbg=3 last=216 epoch2=21323 sched_n=0
   way6 valid=1 rrpv=4 epoch=21258 dist=66 prop=1 stamped=1 dbg=3 last=221 epoch2=21258 sched_n=0
   way7 valid=1 rrpv=7 epoch=21323 dist=131 prop=1 stamped=1 dbg=3 last=211 epoch2=21323 sched_n=0   <== VICTIM
   -> victim=way7 reason=max-rrpv farthest-epoch property
[EVICT L3 pol=ECG:rrip_first curEpoch=21192 set_ways=8]
   way0 valid=1 rrpv=0 epoch=21323 dist=131 prop=1 stamped=1 dbg=1 last=191 epoch2=21323 sched_n=0
   way1 valid=1 rrpv=0 epoch=21323 dist=131 prop=1 stamped=1 dbg=1 last=196 epoch2=21323 sched_n=0
   way2 valid=1 rrpv=5 epoch=22301 dist=1109 prop=1 stamped=1 dbg=2 last=201 epoch2=22301 sched_n=0
   way3 valid=1 rrpv=3 epoch=21323 dist=131 prop=1 stamped=1 dbg=2 last=206 epoch2=21323 sched_n=0
   way4 valid=1 rrpv=5 epoch=13759 dist=58102 prop=1 stamped=1 dbg=3 last=183 epoch2=13759 sched_n=0
   way5 valid=1 rrpv=4 epoch=21323 dist=131 prop=1 stamped=1 dbg=3 last=216 epoch2=21323 sched_n=0
   way6 valid=1 rrpv=4 epoch=21258 dist=66 prop=1 stamped=1 dbg=3 last=221 epoch2=21258 sched_n=0
   way7 valid=1 rrpv=7 epoch=21323 dist=131 prop=0 stamped=0 dbg=3 last=225 epoch2=21323 sched_n=0   <== VICTIM
   -> victim=way7 reason=max-rrpv record by recency
[EVICT L3 pol=ECG:rrip_first curEpoch=21192 set_ways=8]
   way0 valid=1 rrpv=0 epoch=21323 dist=131 prop=1 stamped=1 dbg=1 last=187 epoch2=21323 sched_n=0
   way1 valid=1 rrpv=0 epoch=21258 dist=66 prop=1 stamped=1 dbg=1 last=192 epoch2=21258 sched_n=0
   way2 valid=1 rrpv=0 epoch=21323 dist=131 prop=1 stamped=1 dbg=1 last=197 epoch2=21323 sched_n=0
   way3 valid=1 rrpv=3 epoch=21258 dist=66 prop=1 stamped=1 dbg=2 last=202 epoch2=21258 sched_n=0
   way4 valid=1 rrpv=4 epoch=21323 dist=131 prop=1 stamped=1 dbg=2 last=207 epoch2=21323 sched_n=0
   way5 valid=1 rrpv=7 epoch=21323 dist=131 prop=1 stamped=1 dbg=3 last=212 epoch2=21323 sched_n=0   <== VICTIM
   way6 valid=1 rrpv=4 epoch=21323 dist=131 prop=1 stamped=1 dbg=3 last=217 epoch2=21323 sched_n=0
   way7 valid=1 rrpv=4 epoch=21323 dist=131 prop=1 stamped=1 dbg=3 last=222 epoch2=21323 sched_n=0
   -> victim=way5 reason=max-rrpv farthest-epoch property
[EVICT L3 pol=ECG:rrip_first curEpoch=21192 set_ways=8]
   way0 valid=1 rrpv=0 epoch=21323 dist=131 prop=1 stamped=1 dbg=1 last=189 epoch2=21323 sched_n=0
   way1 valid=1 rrpv=0 epoch=21323 dist=131 prop=1 stamped=1 dbg=1 last=193 epoch2=21323 sched_n=0
   way2 valid=1 rrpv=0 epoch=21323 dist=131 prop=1 stamped=1 dbg=1 last=198 epoch2=21323 sched_n=0
   way3 valid=1 rrpv=3 epoch=21323 dist=131 prop=1 stamped=1 dbg=2 last=203 epoch2=21323 sched_n=0
   way4 valid=1 rrpv=3 epoch=21388 dist=196 prop=1 stamped=1 dbg=2 last=208 epoch2=21388 sched_n=0
   way5 valid=1 rrpv=7 epoch=21323 dist=131 prop=0 stamped=0 dbg=3 last=215 epoch2=21323 sched_n=0   <== VICTIM
   way6 valid=1 rrpv=6 epoch=21323 dist=131 prop=1 stamped=1 dbg=3 last=218 epoch2=21323 sched_n=0
   way7 valid=1 rrpv=3 epoch=21323 dist=131 prop=1 stamped=1 dbg=3 last=223 epoch2=21323 sched_n=0
   -> victim=way5 reason=max-rrpv record by recency
[EVICT L3 pol=ECG:rrip_first curEpoch=21192 set_ways=8]
   way0 valid=1 rrpv=0 epoch=21323 dist=131 prop=1 stamped=1 dbg=1 last=190 epoch2=21323 sched_n=0
   way1 valid=1 rrpv=0 epoch=21323 dist=131 prop=1 stamped=1 dbg=1 last=194 epoch2=21323 sched_n=0
   way2 valid=1 rrpv=3 epoch=21323 dist=131 prop=1 stamped=1 dbg=2 last=200 epoch2=21323 sched_n=0
   way3 valid=1 rrpv=3 epoch=21323 dist=131 prop=1 stamped=1 dbg=2 last=205 epoch2=21323 sched_n=0
   way4 valid=1 rrpv=4 epoch=21323 dist=131 prop=1 stamped=1 dbg=2 last=209 epoch2=21323 sched_n=0
   way5 valid=1 rrpv=7 epoch=21323 dist=131 prop=0 stamped=0 dbg=3 last=220 epoch2=21323 sched_n=0   <== VICTIM
   way6 valid=1 rrpv=5 epoch=21258 dist=66 prop=1 stamped=1 dbg=3 last=219 epoch2=21258 sched_n=0
   way7 valid=1 rrpv=4 epoch=21258 dist=66 prop=1 stamped=1 dbg=3 last=224 epoch2=21258 sched_n=0
   -> victim=way5 reason=max-rrpv record by recency
[EVICT L3 pol=ECG:rrip_first curEpoch=21192 set_ways=8]
   way0 valid=1 rrpv=0 epoch=21323 dist=131 prop=1 stamped=1 dbg=1 last=187 epoch2=21323 sched_n=0
   way1 valid=1 rrpv=0 epoch=21258 dist=66 prop=1 stamped=1 dbg=1 last=192 epoch2=21258 sched_n=0
   way2 valid=1 rrpv=0 epoch=21323 dist=131 prop=1 stamped=1 dbg=1 last=197 epoch2=21323 sched_n=0
   way3 valid=1 rrpv=3 epoch=21258 dist=66 prop=1 stamped=1 dbg=2 last=202 epoch2=21258 sched_n=0
   way4 valid=1 rrpv=4 epoch=21323 dist=131 prop=1 stamped=1 dbg=2 last=207 epoch2=21323 sched_n=0
   way5 valid=1 rrpv=7 epoch=21323 dist=131 prop=1 stamped=1 dbg=3 last=227 epoch2=21323 sched_n=0   <== VICTIM
   way6 valid=1 rrpv=4 epoch=21323 dist=131 prop=1 stamped=1 dbg=3 last=217 epoch2=21323 sched_n=0
   way7 valid=1 rrpv=4 epoch=21323 dist=131 prop=1 stamped=1 dbg=3 last=222 epoch2=21323 sched_n=0
   -> victim=way5 reason=max-rrpv farthest-epoch property
[EVICT L3 pol=ECG:rrip_first curEpoch=21192 set_ways=8]
   way0 valid=1 rrpv=0 epoch=21323 dist=131 prop=1 stamped=1 dbg=1 last=191 epoch2=21323 sched_n=0
   way1 valid=1 rrpv=0 epoch=21323 dist=131 prop=1 stamped=1 dbg=1 last=196 epoch2=21323 sched_n=0
   way2 valid=1 rrpv=5 epoch=22301 dist=1109 prop=1 stamped=1 dbg=2 last=201 epoch2=22301 sched_n=0
   way3 valid=1 rrpv=3 epoch=21323 dist=131 prop=1 stamped=1 dbg=2 last=206 epoch2=21323 sched_n=0
   way4 valid=1 rrpv=5 epoch=13759 dist=58102 prop=1 stamped=1 dbg=3 last=183 epoch2=13759 sched_n=0
   way5 valid=1 rrpv=4 epoch=21323 dist=131 prop=1 stamped=1 dbg=3 last=216 epoch2=21323 sched_n=0
   way6 valid=1 rrpv=4 epoch=21258 dist=66 prop=1 stamped=1 dbg=3 last=221 epoch2=21258 sched_n=0
   way7 valid=1 rrpv=7 epoch=21258 dist=66 prop=1 stamped=1 dbg=3 last=226 epoch2=21258 sched_n=0   <== VICTIM
   -> victim=way7 reason=max-rrpv farthest-epoch property
[EVICT L3 pol=ECG:rrip_first curEpoch=21192 set_ways=8]
   way0 valid=1 rrpv=0 epoch=21323 dist=131 prop=1 stamped=1 dbg=1 last=187 epoch2=21323 sched_n=0
   way1 valid=1 rrpv=0 epoch=21258 dist=66 prop=1 stamped=1 dbg=1 last=192 epoch2=21258 sched_n=0
   way2 valid=1 rrpv=0 epoch=21323 dist=131 prop=1 stamped=1 dbg=1 last=197 epoch2=21323 sched_n=0
   way3 valid=1 rrpv=3 epoch=21258 dist=66 prop=1 stamped=1 dbg=2 last=202 epoch2=21258 sched_n=0
   way4 valid=1 rrpv=4 epoch=21323 dist=131 prop=1 stamped=1 dbg=2 last=207 epoch2=21323 sched_n=0
   way5 valid=1 rrpv=7 epoch=21323 dist=131 prop=0 stamped=0 dbg=3 last=230 epoch2=21323 sched_n=0   <== VICTIM
   way6 valid=1 rrpv=4 epoch=21323 dist=131 prop=1 stamped=1 dbg=3 last=217 epoch2=21323 sched_n=0
   way7 valid=1 rrpv=4 epoch=21323 dist=131 prop=1 stamped=1 dbg=3 last=222 epoch2=21323 sched_n=0
   -> victim=way5 reason=max-rrpv record by recency
[EVICT L3 pol=ECG:rrip_first curEpoch=21192 set_ways=8]
   way0 valid=1 rrpv=0 epoch=21323 dist=131 prop=1 stamped=1 dbg=1 last=189 epoch2=21323 sched_n=0
   way1 valid=1 rrpv=0 epoch=21323 dist=131 prop=1 stamped=1 dbg=1 last=193 epoch2=21323 sched_n=0
   way2 valid=1 rrpv=0 epoch=21323 dist=131 prop=1 stamped=1 dbg=1 last=198 epoch2=21323 sched_n=0
   way3 valid=1 rrpv=3 epoch=21323 dist=131 prop=1 stamped=1 dbg=2 last=203 epoch2=21323 sched_n=0
   way4 valid=1 rrpv=3 epoch=21388 dist=196 prop=1 stamped=1 dbg=2 last=208 epoch2=21388 sched_n=0
   way5 valid=1 rrpv=7 epoch=21323 dist=131 prop=1 stamped=1 dbg=3 last=228 epoch2=21323 sched_n=0   <== VICTIM
   way6 valid=1 rrpv=6 epoch=21323 dist=131 prop=1 stamped=1 dbg=3 last=218 epoch2=21323 sched_n=0
   way7 valid=1 rrpv=3 epoch=21323 dist=131 prop=1 stamped=1 dbg=3 last=223 epoch2=21323 sched_n=0
   -> victim=way5 reason=max-rrpv farthest-epoch property
[EVICT L3 pol=ECG:rrip_first curEpoch=21192 set_ways=8]
   way0 valid=1 rrpv=0 epoch=21323 dist=131 prop=1 stamped=1 dbg=1 last=190 epoch2=21323 sched_n=0
   way1 valid=1 rrpv=0 epoch=21323 dist=131 prop=1 stamped=1 dbg=1 last=194 epoch2=21323 sched_n=0
   way2 valid=1 rrpv=3 epoch=21323 dist=131 prop=1 stamped=1 dbg=2 last=200 epoch2=21323 sched_n=0
   way3 valid=1 rrpv=3 epoch=21323 dist=131 prop=1 stamped=1 dbg=2 last=205 epoch2=21323 sched_n=0
   way4 valid=1 rrpv=4 epoch=21323 dist=131 prop=1 stamped=1 dbg=2 last=209 epoch2=21323 sched_n=0
   way5 valid=1 rrpv=7 epoch=21258 dist=66 prop=1 stamped=1 dbg=3 last=229 epoch2=21258 sched_n=0   <== VICTIM
   way6 valid=1 rrpv=5 epoch=21258 dist=66 prop=1 stamped=1 dbg=3 last=219 epoch2=21258 sched_n=0
   way7 valid=1 rrpv=4 epoch=21258 dist=66 prop=1 stamped=1 dbg=3 last=224 epoch2=21258 sched_n=0
   -> victim=way5 reason=max-rrpv farthest-epoch property
[EVICT L3 pol=ECG:rrip_first curEpoch=21192 set_ways=8]
   way0 valid=1 rrpv=0 epoch=21323 dist=131 prop=1 stamped=1 dbg=1 last=191 epoch2=21323 sched_n=0
   way1 valid=1 rrpv=0 epoch=21323 dist=131 prop=1 stamped=1 dbg=1 last=196 epoch2=21323 sched_n=0
   way2 valid=1 rrpv=5 epoch=22301 dist=1109 prop=1 stamped=1 dbg=2 last=201 epoch2=22301 sched_n=0
   way3 valid=1 rrpv=3 epoch=21323 dist=131 prop=1 stamped=1 dbg=2 last=206 epoch2=21323 sched_n=0
   way4 valid=1 rrpv=5 epoch=13759 dist=58102 prop=1 stamped=1 dbg=3 last=183 epoch2=13759 sched_n=0
   way5 valid=1 rrpv=4 epoch=21323 dist=131 prop=1 stamped=1 dbg=3 last=216 epoch2=21323 sched_n=0
   way6 valid=1 rrpv=4 epoch=21258 dist=66 prop=1 stamped=1 dbg=3 last=221 epoch2=21258 sched_n=0
   way7 valid=1 rrpv=7 epoch=21323 dist=131 prop=1 stamped=1 dbg=3 last=231 epoch2=21323 sched_n=0   <== VICTIM
   -> victim=way7 reason=max-rrpv farthest-epoch property
[EVICT L3 pol=ECG:rrip_first curEpoch=21192 set_ways=8]
   way0 valid=1 rrpv=0 epoch=21323 dist=131 prop=1 stamped=1 dbg=1 last=189 epoch2=21323 sched_n=0
   way1 valid=1 rrpv=0 epoch=21323 dist=131 prop=1 stamped=1 dbg=1 last=193 epoch2=21323 sched_n=0
   way2 valid=1 rrpv=0 epoch=21323 dist=131 prop=1 stamped=1 dbg=1 last=198 epoch2=21323 sched_n=0
   way3 valid=1 rrpv=3 epoch=21323 dist=131 prop=1 stamped=1 dbg=2 last=203 epoch2=21323 sched_n=0
   way4 valid=1 rrpv=3 epoch=21388 dist=196 prop=1 stamped=1 dbg=2 last=208 epoch2=21388 sched_n=0
   way5 valid=1 rrpv=7 epoch=21779 dist=587 prop=1 stamped=1 dbg=3 last=233 epoch2=21779 sched_n=0   <== VICTIM
   way6 valid=1 rrpv=6 epoch=21323 dist=131 prop=1 stamped=1 dbg=3 last=218 epoch2=21323 sched_n=0
   way7 valid=1 rrpv=3 epoch=21323 dist=131 prop=1 stamped=1 dbg=3 last=223 epoch2=21323 sched_n=0
   -> victim=way5 reason=max-rrpv farthest-epoch property
[EVICT L3 pol=ECG:rrip_first curEpoch=21192 set_ways=8]
   way0 valid=1 rrpv=0 epoch=21323 dist=131 prop=1 stamped=1 dbg=1 last=187 epoch2=21323 sched_n=0
   way1 valid=1 rrpv=0 epoch=21258 dist=66 prop=1 stamped=1 dbg=1 last=192 epoch2=21258 sched_n=0
   way2 valid=1 rrpv=0 epoch=21323 dist=131 prop=1 stamped=1 dbg=1 last=197 epoch2=21323 sched_n=0
   way3 valid=1 rrpv=3 epoch=21258 dist=66 prop=1 stamped=1 dbg=2 last=202 epoch2=21258 sched_n=0
   way4 valid=1 rrpv=4 epoch=21323 dist=131 prop=1 stamped=1 dbg=2 last=207 epoch2=21323 sched_n=0
   way5 valid=1 rrpv=7 epoch=21323 dist=131 prop=1 stamped=1 dbg=3 last=232 epoch2=21323 sched_n=0   <== VICTIM
   way6 valid=1 rrpv=4 epoch=21323 dist=131 prop=1 stamped=1 dbg=3 last=217 epoch2=21323 sched_n=0
   way7 valid=1 rrpv=4 epoch=21323 dist=131 prop=1 stamped=1 dbg=3 last=222 epoch2=21323 sched_n=0
   -> victim=way5 reason=max-rrpv farthest-epoch property
[EVICT L3 pol=ECG:rrip_first curEpoch=21192 set_ways=8]
   way0 valid=1 rrpv=0 epoch=21323 dist=131 prop=1 stamped=1 dbg=1 last=189 epoch2=21323 sched_n=0
   way1 valid=1 rrpv=0 epoch=21323 dist=131 prop=1 stamped=1 dbg=1 last=193 epoch2=21323 sched_n=0
   way2 valid=1 rrpv=0 epoch=21323 dist=131 prop=1 stamped=1 dbg=1 last=198 epoch2=21323 sched_n=0
   way3 valid=1 rrpv=3 epoch=21323 dist=131 prop=1 stamped=1 dbg=2 last=203 epoch2=21323 sched_n=0
   way4 valid=1 rrpv=3 epoch=21388 dist=196 prop=1 stamped=1 dbg=2 last=208 epoch2=21388 sched_n=0
   way5 valid=1 rrpv=7 epoch=21779 dist=587 prop=0 stamped=0 dbg=3 last=236 epoch2=21779 sched_n=0   <== VICTIM
   way6 valid=1 rrpv=6 epoch=21323 dist=131 prop=1 stamped=1 dbg=3 last=218 epoch2=21323 sched_n=0
   way7 valid=1 rrpv=3 epoch=21323 dist=131 prop=1 stamped=1 dbg=3 last=223 epoch2=21323 sched_n=0
   -> victim=way5 reason=max-rrpv record by recency
[EVICT L3 pol=ECG:rrip_first curEpoch=21192 set_ways=8]
   way0 valid=1 rrpv=0 epoch=21323 dist=131 prop=1 stamped=1 dbg=1 last=190 epoch2=21323 sched_n=0
   way1 valid=1 rrpv=0 epoch=21323 dist=131 prop=1 stamped=1 dbg=1 last=194 epoch2=21323 sched_n=0
   way2 valid=1 rrpv=3 epoch=21323 dist=131 prop=1 stamped=1 dbg=2 last=200 epoch2=21323 sched_n=0
   way3 valid=1 rrpv=3 epoch=21323 dist=131 prop=1 stamped=1 dbg=2 last=205 epoch2=21323 sched_n=0
   way4 valid=1 rrpv=4 epoch=21323 dist=131 prop=1 stamped=1 dbg=2 last=209 epoch2=21323 sched_n=0
   way5 valid=1 rrpv=7 epoch=21258 dist=66 prop=1 stamped=1 dbg=3 last=234 epoch2=21258 sched_n=0   <== VICTIM
   way6 valid=1 rrpv=5 epoch=21258 dist=66 prop=1 stamped=1 dbg=3 last=219 epoch2=21258 sched_n=0
   way7 valid=1 rrpv=4 epoch=21258 dist=66 prop=1 stamped=1 dbg=3 last=224 epoch2=21258 sched_n=0
   -> victim=way5 reason=max-rrpv farthest-epoch property
[EVICT L3 pol=ECG:rrip_first curEpoch=21192 set_ways=8]
   way0 valid=1 rrpv=0 epoch=21323 dist=131 prop=1 stamped=1 dbg=1 last=191 epoch2=21323 sched_n=0
   way1 valid=1 rrpv=0 epoch=21323 dist=131 prop=1 stamped=1 dbg=1 last=196 epoch2=21323 sched_n=0
   way2 valid=1 rrpv=5 epoch=22301 dist=1109 prop=1 stamped=1 dbg=2 last=201 epoch2=22301 sched_n=0
   way3 valid=1 rrpv=3 epoch=21323 dist=131 prop=1 stamped=1 dbg=2 last=206 epoch2=21323 sched_n=0
   way4 valid=1 rrpv=5 epoch=13759 dist=58102 prop=1 stamped=1 dbg=3 last=183 epoch2=13759 sched_n=0
   way5 valid=1 rrpv=4 epoch=21323 dist=131 prop=1 stamped=1 dbg=3 last=216 epoch2=21323 sched_n=0
   way6 valid=1 rrpv=4 epoch=21258 dist=66 prop=1 stamped=1 dbg=3 last=221 epoch2=21258 sched_n=0
   way7 valid=1 rrpv=7 epoch=21323 dist=131 prop=1 stamped=1 dbg=3 last=235 epoch2=21323 sched_n=0   <== VICTIM
   -> victim=way7 reason=max-rrpv farthest-epoch property
[EVICT L3 pol=ECG:rrip_first curEpoch=21192 set_ways=8]
   way0 valid=1 rrpv=0 epoch=21323 dist=131 prop=1 stamped=1 dbg=1 last=187 epoch2=21323 sched_n=0
   way1 valid=1 rrpv=0 epoch=21258 dist=66 prop=1 stamped=1 dbg=1 last=192 epoch2=21258 sched_n=0
   way2 valid=1 rrpv=0 epoch=21323 dist=131 prop=1 stamped=1 dbg=1 last=197 epoch2=21323 sched_n=0
   way3 valid=1 rrpv=3 epoch=21258 dist=66 prop=1 stamped=1 dbg=2 last=202 epoch2=21258 sched_n=0
   way4 valid=1 rrpv=4 epoch=21323 dist=131 prop=1 stamped=1 dbg=2 last=207 epoch2=21323 sched_n=0
   way5 valid=1 rrpv=7 epoch=21258 dist=66 prop=1 stamped=1 dbg=3 last=237 epoch2=21258 sched_n=0   <== VICTIM
   way6 valid=1 rrpv=4 epoch=21323 dist=131 prop=1 stamped=1 dbg=3 last=217 epoch2=21323 sched_n=0
   way7 valid=1 rrpv=4 epoch=21323 dist=131 prop=1 stamped=1 dbg=3 last=222 epoch2=21323 sched_n=0
   -> victim=way5 reason=max-rrpv farthest-epoch property
[EVICT L3 pol=ECG:rrip_first curEpoch=21192 set_ways=8]
   way0 valid=1 rrpv=0 epoch=21323 dist=131 prop=1 stamped=1 dbg=1 last=190 epoch2=21323 sched_n=0
   way1 valid=1 rrpv=0 epoch=21323 dist=131 prop=1 stamped=1 dbg=1 last=194 epoch2=21323 sched_n=0
   way2 valid=1 rrpv=3 epoch=21323 dist=131 prop=1 stamped=1 dbg=2 last=200 epoch2=21323 sched_n=0
   way3 valid=1 rrpv=3 epoch=21323 dist=131 prop=1 stamped=1 dbg=2 last=205 epoch2=21323 sched_n=0
   way4 valid=1 rrpv=4 epoch=21323 dist=131 prop=1 stamped=1 dbg=2 last=209 epoch2=21323 sched_n=0
   way5 valid=1 rrpv=7 epoch=21323 dist=131 prop=1 stamped=1 dbg=3 last=239 epoch2=21323 sched_n=0   <== VICTIM
   way6 valid=1 rrpv=5 epoch=21258 dist=66 prop=1 stamped=1 dbg=3 last=219 epoch2=21258 sched_n=0
   way7 valid=1 rrpv=4 epoch=21258 dist=66 prop=1 stamped=1 dbg=3 last=224 epoch2=21258 sched_n=0
   -> victim=way5 reason=max-rrpv farthest-epoch property
[EVICT L3 pol=ECG:rrip_first curEpoch=21192 set_ways=8]
   way0 valid=1 rrpv=0 epoch=21323 dist=131 prop=1 stamped=1 dbg=1 last=189 epoch2=21323 sched_n=0
   way1 valid=1 rrpv=0 epoch=21323 dist=131 prop=1 stamped=1 dbg=1 last=193 epoch2=21323 sched_n=0
   way2 valid=1 rrpv=0 epoch=21323 dist=131 prop=1 stamped=1 dbg=1 last=198 epoch2=21323 sched_n=0
   way3 valid=1 rrpv=3 epoch=21323 dist=131 prop=1 stamped=1 dbg=2 last=203 epoch2=21323 sched_n=0
   way4 valid=1 rrpv=3 epoch=21388 dist=196 prop=1 stamped=1 dbg=2 last=208 epoch2=21388 sched_n=0
   way5 valid=1 rrpv=7 epoch=21323 dist=131 prop=1 stamped=1 dbg=3 last=238 epoch2=21323 sched_n=0   <== VICTIM
   way6 valid=1 rrpv=6 epoch=21323 dist=131 prop=1 stamped=1 dbg=3 last=218 epoch2=21323 sched_n=0
   way7 valid=1 rrpv=3 epoch=21323 dist=131 prop=1 stamped=1 dbg=3 last=223 epoch2=21323 sched_n=0
   -> victim=way5 reason=max-rrpv farthest-epoch property
[EVICT L3 pol=ECG:rrip_first curEpoch=21192 set_ways=8]
   way0 valid=1 rrpv=0 epoch=21323 dist=131 prop=1 stamped=1 dbg=1 last=190 epoch2=21323 sched_n=0
   way1 valid=1 rrpv=0 epoch=21323 dist=131 prop=1 stamped=1 dbg=1 last=194 epoch2=21323 sched_n=0
   way2 valid=1 rrpv=3 epoch=21323 dist=131 prop=1 stamped=1 dbg=2 last=200 epoch2=21323 sched_n=0
   way3 valid=1 rrpv=3 epoch=21323 dist=131 prop=1 stamped=1 dbg=2 last=205 epoch2=21323 sched_n=0
   way4 valid=1 rrpv=4 epoch=21323 dist=131 prop=1 stamped=1 dbg=2 last=209 epoch2=21323 sched_n=0
   way5 valid=1 rrpv=7 epoch=21323 dist=131 prop=0 stamped=0 dbg=3 last=242 epoch2=21323 sched_n=0   <== VICTIM
   way6 valid=1 rrpv=5 epoch=21258 dist=66 prop=1 stamped=1 dbg=3 last=219 epoch2=21258 sched_n=0
   way7 valid=1 rrpv=4 epoch=21258 dist=66 prop=1 stamped=1 dbg=3 last=224 epoch2=21258 sched_n=0
   -> victim=way5 reason=max-rrpv record by recency
[EVICT L3 pol=ECG:rrip_first curEpoch=21192 set_ways=8]
   way0 valid=1 rrpv=0 epoch=21323 dist=131 prop=1 stamped=1 dbg=1 last=191 epoch2=21323 sched_n=0
   way1 valid=1 rrpv=0 epoch=21323 dist=131 prop=1 stamped=1 dbg=1 last=196 epoch2=21323 sched_n=0
   way2 valid=1 rrpv=5 epoch=22301 dist=1109 prop=1 stamped=1 dbg=2 last=201 epoch2=22301 sched_n=0
   way3 valid=1 rrpv=3 epoch=21323 dist=131 prop=1 stamped=1 dbg=2 last=206 epoch2=21323 sched_n=0
   way4 valid=1 rrpv=5 epoch=13759 dist=58102 prop=1 stamped=1 dbg=3 last=183 epoch2=13759 sched_n=0
   way5 valid=1 rrpv=4 epoch=21323 dist=131 prop=1 stamped=1 dbg=3 last=216 epoch2=21323 sched_n=0
   way6 valid=1 rrpv=4 epoch=21258 dist=66 prop=1 stamped=1 dbg=3 last=221 epoch2=21258 sched_n=0
   way7 valid=1 rrpv=7 epoch=21323 dist=131 prop=1 stamped=1 dbg=3 last=240 epoch2=21323 sched_n=0   <== VICTIM
   -> victim=way7 reason=max-rrpv farthest-epoch property
[EVICT L3 pol=ECG:rrip_first curEpoch=21192 set_ways=8]
   way0 valid=1 rrpv=0 epoch=21323 dist=131 prop=1 stamped=1 dbg=1 last=187 epoch2=21323 sched_n=0
   way1 valid=1 rrpv=0 epoch=21258 dist=66 prop=1 stamped=1 dbg=1 last=192 epoch2=21258 sched_n=0
   way2 valid=1 rrpv=0 epoch=21323 dist=131 prop=1 stamped=1 dbg=1 last=197 epoch2=21323 sched_n=0
   way3 valid=1 rrpv=3 epoch=21258 dist=66 prop=1 stamped=1 dbg=2 last=202 epoch2=21258 sched_n=0
   way4 valid=1 rrpv=4 epoch=21323 dist=131 prop=1 stamped=1 dbg=2 last=207 epoch2=21323 sched_n=0
   way5 valid=1 rrpv=7 epoch=21323 dist=131 prop=1 stamped=1 dbg=3 last=241 epoch2=21323 sched_n=0   <== VICTIM
   way6 valid=1 rrpv=4 epoch=21323 dist=131 prop=1 stamped=1 dbg=3 last=217 epoch2=21323 sched_n=0
   way7 valid=1 rrpv=4 epoch=21323 dist=131 prop=1 stamped=1 dbg=3 last=222 epoch2=21323 sched_n=0
   -> victim=way5 reason=max-rrpv farthest-epoch property
[EVICT L3 pol=ECG:rrip_first curEpoch=21192 set_ways=8]
   way0 valid=1 rrpv=0 epoch=21323 dist=131 prop=1 stamped=1 dbg=1 last=189 epoch2=21323 sched_n=0
   way1 valid=1 rrpv=0 epoch=21323 dist=131 prop=1 stamped=1 dbg=1 last=193 epoch2=21323 sched_n=0
   way2 valid=1 rrpv=0 epoch=21323 dist=131 prop=1 stamped=1 dbg=1 last=198 epoch2=21323 sched_n=0
   way3 valid=1 rrpv=3 epoch=21323 dist=131 prop=1 stamped=1 dbg=2 last=203 epoch2=21323 sched_n=0
   way4 valid=1 rrpv=3 epoch=21388 dist=196 prop=1 stamped=1 dbg=2 last=208 epoch2=21388 sched_n=0
   way5 valid=1 rrpv=7 epoch=21323 dist=131 prop=1 stamped=1 dbg=3 last=243 epoch2=21323 sched_n=0   <== VICTIM
   way6 valid=1 rrpv=6 epoch=21323 dist=131 prop=1 stamped=1 dbg=3 last=218 epoch2=21323 sched_n=0
   way7 valid=1 rrpv=3 epoch=21323 dist=131 prop=1 stamped=1 dbg=3 last=223 epoch2=21323 sched_n=0
   -> victim=way5 reason=max-rrpv farthest-epoch property
[EVICT L3 pol=ECG:rrip_first curEpoch=21192 set_ways=8]
   way0 valid=1 rrpv=0 epoch=21323 dist=131 prop=1 stamped=1 dbg=1 last=191 epoch2=21323 sched_n=0
   way1 valid=1 rrpv=0 epoch=21323 dist=131 prop=1 stamped=1 dbg=1 last=196 epoch2=21323 sched_n=0
   way2 valid=1 rrpv=5 epoch=22301 dist=1109 prop=1 stamped=1 dbg=2 last=201 epoch2=22301 sched_n=0
   way3 valid=1 rrpv=3 epoch=21323 dist=131 prop=1 stamped=1 dbg=2 last=206 epoch2=21323 sched_n=0
   way4 valid=1 rrpv=5 epoch=13759 dist=58102 prop=1 stamped=1 dbg=3 last=183 epoch2=13759 sched_n=0
   way5 valid=1 rrpv=4 epoch=21323 dist=131 prop=1 stamped=1 dbg=3 last=216 epoch2=21323 sched_n=0
   way6 valid=1 rrpv=4 epoch=21258 dist=66 prop=1 stamped=1 dbg=3 last=221 epoch2=21258 sched_n=0
   way7 valid=1 rrpv=7 epoch=21323 dist=131 prop=1 stamped=1 dbg=3 last=245 epoch2=21323 sched_n=0   <== VICTIM
   -> victim=way7 reason=max-rrpv farthest-epoch property
[EVICT L3 pol=ECG:rrip_first curEpoch=21192 set_ways=8]
   way0 valid=1 rrpv=0 epoch=21323 dist=131 prop=1 stamped=1 dbg=1 last=190 epoch2=21323 sched_n=0
   way1 valid=1 rrpv=0 epoch=21323 dist=131 prop=1 stamped=1 dbg=1 last=194 epoch2=21323 sched_n=0
   way2 valid=1 rrpv=3 epoch=21323 dist=131 prop=1 stamped=1 dbg=2 last=200 epoch2=21323 sched_n=0
   way3 valid=1 rrpv=3 epoch=21323 dist=131 prop=1 stamped=1 dbg=2 last=205 epoch2=21323 sched_n=0
   way4 valid=1 rrpv=4 epoch=21323 dist=131 prop=1 stamped=1 dbg=2 last=209 epoch2=21323 sched_n=0
   way5 valid=1 rrpv=7 epoch=21323 dist=131 prop=1 stamped=1 dbg=3 last=244 epoch2=21323 sched_n=0   <== VICTIM
   way6 valid=1 rrpv=5 epoch=21258 dist=66 prop=1 stamped=1 dbg=3 last=219 epoch2=21258 sched_n=0
   way7 valid=1 rrpv=4 epoch=21258 dist=66 prop=1 stamped=1 dbg=3 last=224 epoch2=21258 sched_n=0
   -> victim=way5 reason=max-rrpv farthest-epoch property
[EVICT L3 pol=ECG:rrip_first curEpoch=21192 set_ways=8]
   way0 valid=1 rrpv=0 epoch=21323 dist=131 prop=1 stamped=1 dbg=1 last=191 epoch2=21323 sched_n=0
   way1 valid=1 rrpv=0 epoch=21323 dist=131 prop=1 stamped=1 dbg=1 last=196 epoch2=21323 sched_n=0
   way2 valid=1 rrpv=5 epoch=22301 dist=1109 prop=1 stamped=1 dbg=2 last=201 epoch2=22301 sched_n=0
   way3 valid=1 rrpv=3 epoch=21323 dist=131 prop=1 stamped=1 dbg=2 last=206 epoch2=21323 sched_n=0
   way4 valid=1 rrpv=5 epoch=13759 dist=58102 prop=1 stamped=1 dbg=3 last=183 epoch2=13759 sched_n=0
   way5 valid=1 rrpv=4 epoch=21323 dist=131 prop=1 stamped=1 dbg=3 last=216 epoch2=21323 sched_n=0
   way6 valid=1 rrpv=4 epoch=21258 dist=66 prop=1 stamped=1 dbg=3 last=221 epoch2=21258 sched_n=0
   way7 valid=1 rrpv=7 epoch=21323 dist=131 prop=0 stamped=0 dbg=3 last=248 epoch2=21323 sched_n=0   <== VICTIM
   -> victim=way7 reason=max-rrpv record by recency
[EVICT L3 pol=ECG:rrip_first curEpoch=21192 set_ways=8]
   way0 valid=1 rrpv=0 epoch=21323 dist=131 prop=1 stamped=1 dbg=1 last=187 epoch2=21323 sched_n=0
   way1 valid=1 rrpv=0 epoch=21258 dist=66 prop=1 stamped=1 dbg=1 last=192 epoch2=21258 sched_n=0
   way2 valid=1 rrpv=0 epoch=21323 dist=131 prop=1 stamped=1 dbg=1 last=197 epoch2=21323 sched_n=0
   way3 valid=1 rrpv=3 epoch=21258 dist=66 prop=1 stamped=1 dbg=2 last=202 epoch2=21258 sched_n=0
   way4 valid=1 rrpv=4 epoch=21323 dist=131 prop=1 stamped=1 dbg=2 last=207 epoch2=21323 sched_n=0
   way5 valid=1 rrpv=7 epoch=21323 dist=131 prop=1 stamped=1 dbg=3 last=246 epoch2=21323 sched_n=0   <== VICTIM
   way6 valid=1 rrpv=4 epoch=21323 dist=131 prop=1 stamped=1 dbg=3 last=217 epoch2=21323 sched_n=0
   way7 valid=1 rrpv=4 epoch=21323 dist=131 prop=1 stamped=1 dbg=3 last=222 epoch2=21323 sched_n=0
   -> victim=way5 reason=max-rrpv farthest-epoch property
[EVICT L3 pol=ECG:rrip_first curEpoch=21192 set_ways=8]
   way0 valid=1 rrpv=0 epoch=21323 dist=131 prop=1 stamped=1 dbg=1 last=189 epoch2=21323 sched_n=0
   way1 valid=1 rrpv=0 epoch=21323 dist=131 prop=1 stamped=1 dbg=1 last=193 epoch2=21323 sched_n=0
   way2 valid=1 rrpv=0 epoch=21323 dist=131 prop=1 stamped=1 dbg=1 last=198 epoch2=21323 sched_n=0
   way3 valid=1 rrpv=3 epoch=21323 dist=131 prop=1 stamped=1 dbg=2 last=203 epoch2=21323 sched_n=0
   way4 valid=1 rrpv=3 epoch=21388 dist=196 prop=1 stamped=1 dbg=2 last=208 epoch2=21388 sched_n=0
   way5 valid=1 rrpv=7 epoch=21323 dist=131 prop=1 stamped=1 dbg=3 last=247 epoch2=21323 sched_n=0   <== VICTIM
   way6 valid=1 rrpv=6 epoch=21323 dist=131 prop=1 stamped=1 dbg=3 last=218 epoch2=21323 sched_n=0
   way7 valid=1 rrpv=3 epoch=21323 dist=131 prop=1 stamped=1 dbg=3 last=223 epoch2=21323 sched_n=0
   -> victim=way5 reason=max-rrpv farthest-epoch property
[EVICT L3 pol=ECG:rrip_first curEpoch=21192 set_ways=8]
   way0 valid=1 rrpv=0 epoch=21323 dist=131 prop=1 stamped=1 dbg=1 last=190 epoch2=21323 sched_n=0
   way1 valid=1 rrpv=0 epoch=21323 dist=131 prop=1 stamped=1 dbg=1 last=194 epoch2=21323 sched_n=0
   way2 valid=1 rrpv=3 epoch=21323 dist=131 prop=1 stamped=1 dbg=2 last=200 epoch2=21323 sched_n=0
   way3 valid=1 rrpv=3 epoch=21323 dist=131 prop=1 stamped=1 dbg=2 last=205 epoch2=21323 sched_n=0
   way4 valid=1 rrpv=4 epoch=21323 dist=131 prop=1 stamped=1 dbg=2 last=209 epoch2=21323 sched_n=0
   way5 valid=1 rrpv=7 epoch=21323 dist=131 prop=1 stamped=1 dbg=3 last=249 epoch2=21323 sched_n=0   <== VICTIM
   way6 valid=1 rrpv=5 epoch=21258 dist=66 prop=1 stamped=1 dbg=3 last=219 epoch2=21258 sched_n=0
   way7 valid=1 rrpv=4 epoch=21258 dist=66 prop=1 stamped=1 dbg=3 last=224 epoch2=21258 sched_n=0
   -> victim=way5 reason=max-rrpv farthest-epoch property
[EVICT L3 pol=ECG:rrip_first curEpoch=21192 set_ways=8]
   way0 valid=1 rrpv=0 epoch=21323 dist=131 prop=1 stamped=1 dbg=1 last=187 epoch2=21323 sched_n=0
   way1 valid=1 rrpv=0 epoch=21258 dist=66 prop=1 stamped=1 dbg=1 last=192 epoch2=21258 sched_n=0
   way2 valid=1 rrpv=0 epoch=21323 dist=131 prop=1 stamped=1 dbg=1 last=197 epoch2=21323 sched_n=0
   way3 valid=1 rrpv=3 epoch=21258 dist=66 prop=1 stamped=1 dbg=2 last=202 epoch2=21258 sched_n=0
   way4 valid=1 rrpv=4 epoch=21323 dist=131 prop=1 stamped=1 dbg=2 last=207 epoch2=21323 sched_n=0
   way5 valid=1 rrpv=7 epoch=22301 dist=1109 prop=1 stamped=1 dbg=3 last=251 epoch2=22301 sched_n=0   <== VICTIM
   way6 valid=1 rrpv=4 epoch=21323 dist=131 prop=1 stamped=1 dbg=3 last=217 epoch2=21323 sched_n=0
   way7 valid=1 rrpv=4 epoch=21323 dist=131 prop=1 stamped=1 dbg=3 last=222 epoch2=21323 sched_n=0
   -> victim=way5 reason=max-rrpv farthest-epoch property
[EVICT L3 pol=ECG:rrip_first curEpoch=21192 set_ways=8]
   way0 valid=1 rrpv=0 epoch=21323 dist=131 prop=1 stamped=1 dbg=1 last=191 epoch2=21323 sched_n=0
   way1 valid=1 rrpv=0 epoch=21323 dist=131 prop=1 stamped=1 dbg=1 last=196 epoch2=21323 sched_n=0
   way2 valid=1 rrpv=5 epoch=22301 dist=1109 prop=1 stamped=1 dbg=2 last=201 epoch2=22301 sched_n=0
   way3 valid=1 rrpv=3 epoch=21323 dist=131 prop=1 stamped=1 dbg=2 last=206 epoch2=21323 sched_n=0
   way4 valid=1 rrpv=5 epoch=13759 dist=58102 prop=1 stamped=1 dbg=3 last=183 epoch2=13759 sched_n=0
   way5 valid=1 rrpv=4 epoch=21323 dist=131 prop=1 stamped=1 dbg=3 last=216 epoch2=21323 sched_n=0
   way6 valid=1 rrpv=4 epoch=21258 dist=66 prop=1 stamped=1 dbg=3 last=221 epoch2=21258 sched_n=0
   way7 valid=1 rrpv=7 epoch=21323 dist=131 prop=1 stamped=1 dbg=3 last=250 epoch2=21323 sched_n=0   <== VICTIM
   -> victim=way7 reason=max-rrpv farthest-epoch property
[EVICT L3 pol=ECG:rrip_first curEpoch=21192 set_ways=8]
   way0 valid=1 rrpv=0 epoch=21323 dist=131 prop=1 stamped=1 dbg=1 last=187 epoch2=21323 sched_n=0
   way1 valid=1 rrpv=0 epoch=21258 dist=66 prop=1 stamped=1 dbg=1 last=192 epoch2=21258 sched_n=0
   way2 valid=1 rrpv=0 epoch=21323 dist=131 prop=1 stamped=1 dbg=1 last=197 epoch2=21323 sched_n=0
   way3 valid=1 rrpv=3 epoch=21258 dist=66 prop=1 stamped=1 dbg=2 last=202 epoch2=21258 sched_n=0
   way4 valid=1 rrpv=4 epoch=21323 dist=131 prop=1 stamped=1 dbg=2 last=207 epoch2=21323 sched_n=0
   way5 valid=1 rrpv=7 epoch=22301 dist=1109 prop=0 stamped=0 dbg=3 last=254 epoch2=22301 sched_n=0   <== VICTIM
   way6 valid=1 rrpv=4 epoch=21323 dist=131 prop=1 stamped=1 dbg=3 last=217 epoch2=21323 sched_n=0
   way7 valid=1 rrpv=4 epoch=21323 dist=131 prop=1 stamped=1 dbg=3 last=222 epoch2=21323 sched_n=0
   -> victim=way5 reason=max-rrpv record by recency
[EVICT L3 pol=ECG:rrip_first curEpoch=21192 set_ways=8]
   way0 valid=1 rrpv=0 epoch=21323 dist=131 prop=1 stamped=1 dbg=1 last=189 epoch2=21323 sched_n=0
   way1 valid=1 rrpv=0 epoch=21323 dist=131 prop=1 stamped=1 dbg=1 last=193 epoch2=21323 sched_n=0
   way2 valid=1 rrpv=0 epoch=21323 dist=131 prop=1 stamped=1 dbg=1 last=198 epoch2=21323 sched_n=0
   way3 valid=1 rrpv=3 epoch=21323 dist=131 prop=1 stamped=1 dbg=2 last=203 epoch2=21323 sched_n=0
   way4 valid=1 rrpv=3 epoch=21388 dist=196 prop=1 stamped=1 dbg=2 last=208 epoch2=21388 sched_n=0
   way5 valid=1 rrpv=7 epoch=21323 dist=131 prop=1 stamped=1 dbg=3 last=252 epoch2=21323 sched_n=0   <== VICTIM
   way6 valid=1 rrpv=6 epoch=21323 dist=131 prop=1 stamped=1 dbg=3 last=218 epoch2=21323 sched_n=0
   way7 valid=1 rrpv=3 epoch=21323 dist=131 prop=1 stamped=1 dbg=3 last=223 epoch2=21323 sched_n=0
   -> victim=way5 reason=max-rrpv farthest-epoch property
[EVICT L3 pol=ECG:rrip_first curEpoch=21192 set_ways=8]
   way0 valid=1 rrpv=0 epoch=21323 dist=131 prop=1 stamped=1 dbg=1 last=189 epoch2=21323 sched_n=0
   way1 valid=1 rrpv=0 epoch=21323 dist=131 prop=1 stamped=1 dbg=1 last=193 epoch2=21323 sched_n=0
   way2 valid=1 rrpv=0 epoch=21323 dist=131 prop=1 stamped=1 dbg=1 last=198 epoch2=21323 sched_n=0
   way3 valid=1 rrpv=3 epoch=21323 dist=131 prop=1 stamped=1 dbg=2 last=203 epoch2=21323 sched_n=0
   way4 valid=1 rrpv=3 epoch=21388 dist=196 prop=1 stamped=1 dbg=2 last=208 epoch2=21388 sched_n=0
   way5 valid=1 rrpv=7 epoch=21323 dist=131 prop=1 stamped=1 dbg=3 last=257 epoch2=21323 sched_n=0   <== VICTIM
   way6 valid=1 rrpv=6 epoch=21323 dist=131 prop=1 stamped=1 dbg=3 last=218 epoch2=21323 sched_n=0
   way7 valid=1 rrpv=3 epoch=21323 dist=131 prop=1 stamped=1 dbg=3 last=223 epoch2=21323 sched_n=0
   -> victim=way5 reason=max-rrpv farthest-epoch property
[EVICT L3 pol=ECG:rrip_first curEpoch=21192 set_ways=8]
   way0 valid=1 rrpv=0 epoch=21323 dist=131 prop=1 stamped=1 dbg=1 last=190 epoch2=21323 sched_n=0
   way1 valid=1 rrpv=0 epoch=21323 dist=131 prop=1 stamped=1 dbg=1 last=194 epoch2=21323 sched_n=0
   way2 valid=1 rrpv=3 epoch=21323 dist=131 prop=1 stamped=1 dbg=2 last=200 epoch2=21323 sched_n=0
   way3 valid=1 rrpv=3 epoch=21323 dist=131 prop=1 stamped=1 dbg=2 last=205 epoch2=21323 sched_n=0
   way4 valid=1 rrpv=4 epoch=21323 dist=131 prop=1 stamped=1 dbg=2 last=209 epoch2=21323 sched_n=0
   way5 valid=1 rrpv=7 epoch=21323 dist=131 prop=1 stamped=1 dbg=3 last=253 epoch2=21323 sched_n=0   <== VICTIM
   way6 valid=1 rrpv=5 epoch=21258 dist=66 prop=1 stamped=1 dbg=3 last=219 epoch2=21258 sched_n=0
   way7 valid=1 rrpv=4 epoch=21258 dist=66 prop=1 stamped=1 dbg=3 last=224 epoch2=21258 sched_n=0
   -> victim=way5 reason=max-rrpv farthest-epoch property
[EVICT L3 pol=ECG:rrip_first curEpoch=21192 set_ways=8]
   way0 valid=1 rrpv=0 epoch=21323 dist=131 prop=1 stamped=1 dbg=1 last=187 epoch2=21323 sched_n=0
   way1 valid=1 rrpv=0 epoch=21258 dist=66 prop=1 stamped=1 dbg=1 last=192 epoch2=21258 sched_n=0
   way2 valid=1 rrpv=0 epoch=21323 dist=131 prop=1 stamped=1 dbg=1 last=197 epoch2=21323 sched_n=0
   way3 valid=1 rrpv=3 epoch=21258 dist=66 prop=1 stamped=1 dbg=2 last=202 epoch2=21258 sched_n=0
   way4 valid=1 rrpv=4 epoch=21323 dist=131 prop=1 stamped=1 dbg=2 last=207 epoch2=21323 sched_n=0
   way5 valid=1 rrpv=7 epoch=21323 dist=131 prop=1 stamped=1 dbg=3 last=256 epoch2=21323 sched_n=0   <== VICTIM
   way6 valid=1 rrpv=4 epoch=21323 dist=131 prop=1 stamped=1 dbg=3 last=217 epoch2=21323 sched_n=0
   way7 valid=1 rrpv=4 epoch=21323 dist=131 prop=1 stamped=1 dbg=3 last=222 epoch2=21323 sched_n=0
   -> victim=way5 reason=max-rrpv farthest-epoch property
[EVICT L3 pol=ECG:rrip_first curEpoch=21192 set_ways=8]
   way0 valid=1 rrpv=0 epoch=21323 dist=131 prop=1 stamped=1 dbg=1 last=189 epoch2=21323 sched_n=0
   way1 valid=1 rrpv=0 epoch=21323 dist=131 prop=1 stamped=1 dbg=1 last=193 epoch2=21323 sched_n=0
   way2 valid=1 rrpv=0 epoch=21323 dist=131 prop=1 stamped=1 dbg=1 last=198 epoch2=21323 sched_n=0
   way3 valid=1 rrpv=3 epoch=21323 dist=131 prop=1 stamped=1 dbg=2 last=203 epoch2=21323 sched_n=0
   way4 valid=1 rrpv=3 epoch=21388 dist=196 prop=1 stamped=1 dbg=2 last=208 epoch2=21388 sched_n=0
   way5 valid=1 rrpv=7 epoch=21323 dist=131 prop=0 stamped=0 dbg=3 last=258 epoch2=21323 sched_n=0   <== VICTIM
   way6 valid=1 rrpv=6 epoch=21323 dist=131 prop=1 stamped=1 dbg=3 last=218 epoch2=21323 sched_n=0
   way7 valid=1 rrpv=3 epoch=21323 dist=131 prop=1 stamped=1 dbg=3 last=223 epoch2=21323 sched_n=0
   -> victim=way5 reason=max-rrpv record by recency
[EVICT L3 pol=ECG:rrip_first curEpoch=21192 set_ways=8]
   way0 valid=1 rrpv=0 epoch=21323 dist=131 prop=1 stamped=1 dbg=1 last=190 epoch2=21323 sched_n=0
   way1 valid=1 rrpv=0 epoch=21323 dist=131 prop=1 stamped=1 dbg=1 last=194 epoch2=21323 sched_n=0
   way2 valid=1 rrpv=3 epoch=21323 dist=131 prop=1 stamped=1 dbg=2 last=200 epoch2=21323 sched_n=0
   way3 valid=1 rrpv=3 epoch=21323 dist=131 prop=1 stamped=1 dbg=2 last=205 epoch2=21323 sched_n=0
   way4 valid=1 rrpv=4 epoch=21323 dist=131 prop=1 stamped=1 dbg=2 last=209 epoch2=21323 sched_n=0
   way5 valid=1 rrpv=7 epoch=21323 dist=131 prop=1 stamped=1 dbg=3 last=259 epoch2=21323 sched_n=0   <== VICTIM
   way6 valid=1 rrpv=5 epoch=21258 dist=66 prop=1 stamped=1 dbg=3 last=219 epoch2=21258 sched_n=0
   way7 valid=1 rrpv=4 epoch=21258 dist=66 prop=1 stamped=1 dbg=3 last=224 epoch2=21258 sched_n=0
   -> victim=way5 reason=max-rrpv farthest-epoch property
[EVICT L3 pol=ECG:rrip_first curEpoch=21192 set_ways=8]
   way0 valid=1 rrpv=0 epoch=21323 dist=131 prop=1 stamped=1 dbg=1 last=190 epoch2=21323 sched_n=0
   way1 valid=1 rrpv=0 epoch=21323 dist=131 prop=1 stamped=1 dbg=1 last=194 epoch2=21323 sched_n=0
   way2 valid=1 rrpv=3 epoch=21323 dist=131 prop=1 stamped=1 dbg=2 last=200 epoch2=21323 sched_n=0
   way3 valid=1 rrpv=3 epoch=21323 dist=131 prop=1 stamped=1 dbg=2 last=205 epoch2=21323 sched_n=0
   way4 valid=1 rrpv=4 epoch=21323 dist=131 prop=1 stamped=1 dbg=2 last=209 epoch2=21323 sched_n=0
   way5 valid=1 rrpv=7 epoch=21323 dist=131 prop=0 stamped=0 dbg=3 last=263 epoch2=21323 sched_n=0   <== VICTIM
   way6 valid=1 rrpv=5 epoch=21258 dist=66 prop=1 stamped=1 dbg=3 last=219 epoch2=21258 sched_n=0
   way7 valid=1 rrpv=4 epoch=21258 dist=66 prop=1 stamped=1 dbg=3 last=224 epoch2=21258 sched_n=0
   -> victim=way5 reason=max-rrpv record by recency
[EVICT L3 pol=ECG:rrip_first curEpoch=31039 set_ways=8]
   way0 valid=1 rrpv=0 epoch=21323 dist=55819 prop=1 stamped=1 dbg=1 last=190 epoch2=21323 sched_n=0
   way1 valid=1 rrpv=0 epoch=21323 dist=55819 prop=1 stamped=1 dbg=1 last=194 epoch2=21323 sched_n=0
   way2 valid=1 rrpv=3 epoch=21323 dist=55819 prop=1 stamped=1 dbg=2 last=200 epoch2=21323 sched_n=0
   way3 valid=1 rrpv=3 epoch=21323 dist=55819 prop=1 stamped=1 dbg=2 last=205 epoch2=21323 sched_n=0
   way4 valid=1 rrpv=4 epoch=21323 dist=55819 prop=1 stamped=1 dbg=2 last=209 epoch2=21323 sched_n=0
   way5 valid=1 rrpv=7 epoch=21323 dist=55819 prop=1 stamped=1 dbg=3 last=264 epoch2=21323 sched_n=0   <== VICTIM
   way6 valid=1 rrpv=5 epoch=21258 dist=55754 prop=1 stamped=1 dbg=3 last=219 epoch2=21258 sched_n=0
   way7 valid=1 rrpv=4 epoch=21258 dist=55754 prop=1 stamped=1 dbg=3 last=224 epoch2=21258 sched_n=0
   -> victim=way5 reason=max-rrpv farthest-epoch property
[EVICT L3 pol=ECG:rrip_first curEpoch=31039 set_ways=8]
   way0 valid=1 rrpv=0 epoch=21323 dist=55819 prop=1 stamped=1 dbg=1 last=191 epoch2=21323 sched_n=0
   way1 valid=1 rrpv=0 epoch=21323 dist=55819 prop=1 stamped=1 dbg=1 last=196 epoch2=21323 sched_n=0
   way2 valid=1 rrpv=5 epoch=22301 dist=56797 prop=1 stamped=1 dbg=2 last=201 epoch2=22301 sched_n=0
   way3 valid=1 rrpv=3 epoch=21323 dist=55819 prop=1 stamped=1 dbg=2 last=206 epoch2=21323 sched_n=0
   way4 valid=1 rrpv=4 epoch=21323 dist=55819 prop=1 stamped=1 dbg=3 last=260 epoch2=21323 sched_n=0
   way5 valid=1 rrpv=4 epoch=21323 dist=55819 prop=1 stamped=1 dbg=3 last=216 epoch2=21323 sched_n=0
   way6 valid=1 rrpv=4 epoch=21258 dist=55754 prop=1 stamped=1 dbg=3 last=221 epoch2=21258 sched_n=0
   way7 valid=1 rrpv=7 epoch=21258 dist=55754 prop=1 stamped=1 dbg=3 last=255 epoch2=21258 sched_n=0   <== VICTIM
   -> victim=way7 reason=max-rrpv farthest-epoch property
[EVICT L3 pol=ECG:rrip_first curEpoch=31039 set_ways=8]
   way0 valid=1 rrpv=0 epoch=31104 dist=65 prop=1 stamped=1 dbg=1 last=266 epoch2=31104 sched_n=0
   way1 valid=1 rrpv=0 epoch=31104 dist=65 prop=1 stamped=1 dbg=1 last=271 epoch2=31104 sched_n=0
   way2 valid=1 rrpv=0 epoch=31169 dist=130 prop=1 stamped=1 dbg=1 last=275 epoch2=31169 sched_n=0
   way3 valid=1 rrpv=3 epoch=21258 dist=55754 prop=1 stamped=1 dbg=2 last=202 epoch2=21258 sched_n=0
   way4 valid=1 rrpv=4 epoch=21323 dist=55819 prop=1 stamped=1 dbg=2 last=207 epoch2=21323 sched_n=0
   way5 valid=1 rrpv=7 epoch=21323 dist=55819 prop=1 stamped=1 dbg=3 last=261 epoch2=21323 sched_n=0   <== VICTIM
   way6 valid=1 rrpv=4 epoch=21323 dist=55819 prop=1 stamped=1 dbg=3 last=217 epoch2=21323 sched_n=0
   way7 valid=1 rrpv=4 epoch=21323 dist=55819 prop=1 stamped=1 dbg=3 last=222 epoch2=21323 sched_n=0
   -> victim=way5 reason=max-rrpv farthest-epoch property
[EVICT L3 pol=ECG:rrip_first curEpoch=31039 set_ways=8]
   way0 valid=1 rrpv=0 epoch=31235 dist=196 prop=1 stamped=1 dbg=1 last=267 epoch2=31235 sched_n=0
   way1 valid=1 rrpv=0 epoch=31235 dist=196 prop=1 stamped=1 dbg=1 last=272 epoch2=31235 sched_n=0
   way2 valid=1 rrpv=0 epoch=21323 dist=55819 prop=1 stamped=1 dbg=1 last=198 epoch2=21323 sched_n=0
   way3 valid=1 rrpv=2 epoch=31169 dist=130 prop=1 stamped=1 dbg=2 last=280 epoch2=31169 sched_n=0
   way4 valid=1 rrpv=2 epoch=31104 dist=65 prop=1 stamped=1 dbg=2 last=283 epoch2=31104 sched_n=0
   way5 valid=1 rrpv=7 epoch=21258 dist=55754 prop=1 stamped=1 dbg=3 last=262 epoch2=21258 sched_n=0   <== VICTIM
   way6 valid=1 rrpv=6 epoch=21323 dist=55819 prop=1 stamped=1 dbg=3 last=218 epoch2=21323 sched_n=0
   way7 valid=1 rrpv=3 epoch=21323 dist=55819 prop=1 stamped=1 dbg=3 last=223 epoch2=21323 sched_n=0
   -> victim=way5 reason=max-rrpv farthest-epoch property
[EVICT L3 pol=ECG:rrip_first curEpoch=31039 set_ways=8]
   way0 valid=1 rrpv=0 epoch=31300 dist=261 prop=1 stamped=1 dbg=1 last=270 epoch2=31300 sched_n=0
   way1 valid=1 rrpv=0 epoch=31169 dist=130 prop=1 stamped=1 dbg=1 last=274 epoch2=31169 sched_n=0
   way2 valid=1 rrpv=4 epoch=31235 dist=196 prop=1 stamped=1 dbg=2 last=278 epoch2=31235 sched_n=0
   way3 valid=1 rrpv=3 epoch=21323 dist=55819 prop=1 stamped=1 dbg=2 last=206 epoch2=21323 sched_n=0
   way4 valid=1 rrpv=4 epoch=21323 dist=55819 prop=1 stamped=1 dbg=3 last=260 epoch2=21323 sched_n=0
   way5 valid=1 rrpv=4 epoch=21323 dist=55819 prop=1 stamped=1 dbg=3 last=216 epoch2=21323 sched_n=0
   way6 valid=1 rrpv=4 epoch=21258 dist=55754 prop=1 stamped=1 dbg=3 last=221 epoch2=21258 sched_n=0
   way7 valid=1 rrpv=7 epoch=21258 dist=55754 prop=0 stamped=0 dbg=3 last=269 epoch2=21258 sched_n=0   <== VICTIM
   -> victim=way7 reason=max-rrpv record by recency
[EVICT L3 pol=ECG:rrip_first curEpoch=31039 set_ways=8]
   way0 valid=1 rrpv=0 epoch=31104 dist=65 prop=1 stamped=1 dbg=1 last=266 epoch2=31104 sched_n=0
   way1 valid=1 rrpv=0 epoch=31104 dist=65 prop=1 stamped=1 dbg=1 last=271 epoch2=31104 sched_n=0
   way2 valid=1 rrpv=0 epoch=31169 dist=130 prop=1 stamped=1 dbg=1 last=275 epoch2=31169 sched_n=0
   way3 valid=1 rrpv=2 epoch=31235 dist=196 prop=1 stamped=1 dbg=2 last=279 epoch2=31235 sched_n=0
   way4 valid=1 rrpv=3 epoch=31169 dist=130 prop=1 stamped=1 dbg=2 last=282 epoch2=31169 sched_n=0
   way5 valid=1 rrpv=7 epoch=21323 dist=55819 prop=0 stamped=0 dbg=3 last=277 epoch2=21323 sched_n=0   <== VICTIM
   way6 valid=1 rrpv=4 epoch=21323 dist=55819 prop=1 stamped=1 dbg=3 last=217 epoch2=21323 sched_n=0
   way7 valid=1 rrpv=4 epoch=21323 dist=55819 prop=1 stamped=1 dbg=3 last=222 epoch2=21323 sched_n=0
   -> victim=way5 reason=max-rrpv record by recency
[EVICT L3 pol=ECG:rrip_first curEpoch=31039 set_ways=8]
   way0 valid=1 rrpv=0 epoch=31169 dist=130 prop=1 stamped=1 dbg=1 last=268 epoch2=31169 sched_n=0
   way1 valid=1 rrpv=0 epoch=31169 dist=130 prop=1 stamped=1 dbg=1 last=273 epoch2=31169 sched_n=0
   way2 valid=1 rrpv=2 epoch=31169 dist=130 prop=1 stamped=1 dbg=2 last=276 epoch2=31169 sched_n=0
   way3 valid=1 rrpv=2 epoch=31235 dist=196 prop=1 stamped=1 dbg=2 last=281 epoch2=31235 sched_n=0
   way4 valid=1 rrpv=3 epoch=31169 dist=130 prop=1 stamped=1 dbg=2 last=285 epoch2=31169 sched_n=0
   way5 valid=1 rrpv=7 epoch=21323 dist=55819 prop=0 stamped=0 dbg=3 last=265 epoch2=21323 sched_n=0   <== VICTIM
   way6 valid=1 rrpv=5 epoch=21258 dist=55754 prop=1 stamped=1 dbg=3 last=219 epoch2=21258 sched_n=0
   way7 valid=1 rrpv=4 epoch=21258 dist=55754 prop=1 stamped=1 dbg=3 last=224 epoch2=21258 sched_n=0
   -> victim=way5 reason=max-rrpv record by recency
[EVICT L3 pol=ECG:rrip_first curEpoch=31039 set_ways=8]
   way0 valid=1 rrpv=0 epoch=31169 dist=130 prop=1 stamped=1 dbg=1 last=268 epoch2=31169 sched_n=0
   way1 valid=1 rrpv=0 epoch=31169 dist=130 prop=1 stamped=1 dbg=1 last=273 epoch2=31169 sched_n=0
   way2 valid=1 rrpv=2 epoch=31169 dist=130 prop=1 stamped=1 dbg=2 last=276 epoch2=31169 sched_n=0
   way3 valid=1 rrpv=2 epoch=31235 dist=196 prop=1 stamped=1 dbg=2 last=281 epoch2=31235 sched_n=0
   way4 valid=1 rrpv=3 epoch=31169 dist=130 prop=1 stamped=1 dbg=2 last=285 epoch2=31169 sched_n=0
   way5 valid=1 rrpv=7 epoch=31169 dist=130 prop=1 stamped=1 dbg=3 last=288 epoch2=31169 sched_n=0   <== VICTIM
   way6 valid=1 rrpv=5 epoch=21258 dist=55754 prop=1 stamped=1 dbg=3 last=219 epoch2=21258 sched_n=0
   way7 valid=1 rrpv=4 epoch=21258 dist=55754 prop=1 stamped=1 dbg=3 last=224 epoch2=21258 sched_n=0
   -> victim=way5 reason=max-rrpv farthest-epoch property
[EVICT L3 pol=ECG:rrip_first curEpoch=31039 set_ways=8]
   way0 valid=1 rrpv=0 epoch=31300 dist=261 prop=1 stamped=1 dbg=1 last=270 epoch2=31300 sched_n=0
   way1 valid=1 rrpv=0 epoch=31169 dist=130 prop=1 stamped=1 dbg=1 last=274 epoch2=31169 sched_n=0
   way2 valid=1 rrpv=4 epoch=31235 dist=196 prop=1 stamped=1 dbg=2 last=278 epoch2=31235 sched_n=0
   way3 valid=1 rrpv=3 epoch=21323 dist=55819 prop=1 stamped=1 dbg=2 last=206 epoch2=21323 sched_n=0
   way4 valid=1 rrpv=4 epoch=21323 dist=55819 prop=1 stamped=1 dbg=3 last=260 epoch2=21323 sched_n=0
   way5 valid=1 rrpv=3 epoch=31169 dist=130 prop=1 stamped=1 dbg=3 last=289 epoch2=31169 sched_n=0
   way6 valid=1 rrpv=3 epoch=31235 dist=196 prop=1 stamped=1 dbg=3 last=294 epoch2=31235 sched_n=0
   way7 valid=1 rrpv=7 epoch=31169 dist=130 prop=1 stamped=1 dbg=3 last=286 epoch2=31169 sched_n=0   <== VICTIM
   -> victim=way7 reason=max-rrpv farthest-epoch property
[EVICT L3 pol=ECG:rrip_first curEpoch=31039 set_ways=8]
   way0 valid=1 rrpv=0 epoch=31300 dist=261 prop=1 stamped=1 dbg=1 last=270 epoch2=31300 sched_n=0
   way1 valid=1 rrpv=0 epoch=31169 dist=130 prop=1 stamped=1 dbg=1 last=274 epoch2=31169 sched_n=0
   way2 valid=1 rrpv=4 epoch=31235 dist=196 prop=1 stamped=1 dbg=2 last=278 epoch2=31235 sched_n=0
   way3 valid=1 rrpv=3 epoch=21323 dist=55819 prop=1 stamped=1 dbg=2 last=206 epoch2=21323 sched_n=0
   way4 valid=1 rrpv=4 epoch=21323 dist=55819 prop=1 stamped=1 dbg=3 last=260 epoch2=21323 sched_n=0
   way5 valid=1 rrpv=3 epoch=31169 dist=130 prop=1 stamped=1 dbg=3 last=289 epoch2=31169 sched_n=0
   way6 valid=1 rrpv=3 epoch=31235 dist=196 prop=1 stamped=1 dbg=3 last=294 epoch2=31235 sched_n=0
   way7 valid=1 rrpv=7 epoch=31169 dist=130 prop=0 stamped=0 dbg=3 last=297 epoch2=31169 sched_n=0   <== VICTIM
   -> victim=way7 reason=max-rrpv record by recency
[EVICT L3 pol=ECG:rrip_first curEpoch=31039 set_ways=8]
   way0 valid=1 rrpv=0 epoch=31104 dist=65 prop=1 stamped=1 dbg=1 last=266 epoch2=31104 sched_n=0
   way1 valid=1 rrpv=0 epoch=31104 dist=65 prop=1 stamped=1 dbg=1 last=271 epoch2=31104 sched_n=0
   way2 valid=1 rrpv=0 epoch=31169 dist=130 prop=1 stamped=1 dbg=1 last=275 epoch2=31169 sched_n=0
   way3 valid=1 rrpv=2 epoch=31235 dist=196 prop=1 stamped=1 dbg=2 last=279 epoch2=31235 sched_n=0
   way4 valid=1 rrpv=3 epoch=31169 dist=130 prop=1 stamped=1 dbg=2 last=282 epoch2=31169 sched_n=0
   way5 valid=1 rrpv=7 epoch=31104 dist=65 prop=1 stamped=1 dbg=3 last=287 epoch2=31104 sched_n=0   <== VICTIM
   way6 valid=1 rrpv=3 epoch=31169 dist=130 prop=1 stamped=1 dbg=3 last=291 epoch2=31169 sched_n=0
   way7 valid=1 rrpv=4 epoch=21323 dist=55819 prop=1 stamped=1 dbg=3 last=222 epoch2=21323 sched_n=0
   -> victim=way5 reason=max-rrpv farthest-epoch property
[EVICT L3 pol=ECG:rrip_first curEpoch=31039 set_ways=8]
   way0 valid=1 rrpv=0 epoch=31235 dist=196 prop=1 stamped=1 dbg=1 last=267 epoch2=31235 sched_n=0
   way1 valid=1 rrpv=0 epoch=31235 dist=196 prop=1 stamped=1 dbg=1 last=272 epoch2=31235 sched_n=0
   way2 valid=1 rrpv=0 epoch=21323 dist=55819 prop=1 stamped=1 dbg=1 last=198 epoch2=21323 sched_n=0
   way3 valid=1 rrpv=2 epoch=31169 dist=130 prop=1 stamped=1 dbg=2 last=280 epoch2=31169 sched_n=0
   way4 valid=1 rrpv=2 epoch=31104 dist=65 prop=1 stamped=1 dbg=2 last=283 epoch2=31104 sched_n=0
   way5 valid=1 rrpv=7 epoch=21258 dist=55754 prop=0 stamped=0 dbg=3 last=284 epoch2=21258 sched_n=0   <== VICTIM
   way6 valid=1 rrpv=5 epoch=31169 dist=130 prop=1 stamped=1 dbg=3 last=292 epoch2=31169 sched_n=0
   way7 valid=1 rrpv=2 epoch=31169 dist=130 prop=1 stamped=1 dbg=3 last=295 epoch2=31169 sched_n=0
   -> victim=way5 reason=max-rrpv record by recency
[EVICT L3 pol=ECG:rrip_first curEpoch=31039 set_ways=8]
   way0 valid=1 rrpv=0 epoch=31169 dist=130 prop=1 stamped=1 dbg=1 last=268 epoch2=31169 sched_n=0
   way1 valid=1 rrpv=0 epoch=31169 dist=130 prop=1 stamped=1 dbg=1 last=273 epoch2=31169 sched_n=0
   way2 valid=1 rrpv=2 epoch=31169 dist=130 prop=1 stamped=1 dbg=2 last=276 epoch2=31169 sched_n=0
   way3 valid=1 rrpv=2 epoch=31235 dist=196 prop=1 stamped=1 dbg=2 last=281 epoch2=31235 sched_n=0
   way4 valid=1 rrpv=3 epoch=31169 dist=130 prop=1 stamped=1 dbg=2 last=285 epoch2=31169 sched_n=0
   way5 valid=1 rrpv=7 epoch=31169 dist=130 prop=0 stamped=0 dbg=3 last=290 epoch2=31169 sched_n=0   <== VICTIM
   way6 valid=1 rrpv=4 epoch=31169 dist=130 prop=1 stamped=1 dbg=3 last=293 epoch2=31169 sched_n=0
   way7 valid=1 rrpv=3 epoch=31169 dist=130 prop=1 stamped=1 dbg=3 last=296 epoch2=31169 sched_n=0
   -> victim=way5 reason=max-rrpv record by recency
[EVICT L3 pol=ECG:rrip_first curEpoch=31039 set_ways=8]
   way0 valid=1 rrpv=0 epoch=31300 dist=261 prop=1 stamped=1 dbg=1 last=270 epoch2=31300 sched_n=0
   way1 valid=1 rrpv=0 epoch=31169 dist=130 prop=1 stamped=1 dbg=1 last=274 epoch2=31169 sched_n=0
   way2 valid=1 rrpv=4 epoch=31235 dist=196 prop=1 stamped=1 dbg=2 last=278 epoch2=31235 sched_n=0
   way3 valid=1 rrpv=3 epoch=21323 dist=55819 prop=1 stamped=1 dbg=2 last=206 epoch2=21323 sched_n=0
   way4 valid=1 rrpv=4 epoch=21323 dist=55819 prop=1 stamped=1 dbg=3 last=260 epoch2=21323 sched_n=0
   way5 valid=1 rrpv=3 epoch=31169 dist=130 prop=1 stamped=1 dbg=3 last=289 epoch2=31169 sched_n=0
   way6 valid=1 rrpv=3 epoch=31235 dist=196 prop=1 stamped=1 dbg=3 last=294 epoch2=31235 sched_n=0
   way7 valid=1 rrpv=7 epoch=31104 dist=65 prop=1 stamped=1 dbg=3 last=298 epoch2=31104 sched_n=0   <== VICTIM
   -> victim=way7 reason=max-rrpv farthest-epoch property
[EVICT L3 pol=ECG:rrip_first curEpoch=31039 set_ways=8]
   way0 valid=1 rrpv=0 epoch=31104 dist=65 prop=1 stamped=1 dbg=1 last=266 epoch2=31104 sched_n=0
   way1 valid=1 rrpv=0 epoch=31104 dist=65 prop=1 stamped=1 dbg=1 last=271 epoch2=31104 sched_n=0
   way2 valid=1 rrpv=0 epoch=31169 dist=130 prop=1 stamped=1 dbg=1 last=275 epoch2=31169 sched_n=0
   way3 valid=1 rrpv=2 epoch=31235 dist=196 prop=1 stamped=1 dbg=2 last=279 epoch2=31235 sched_n=0
   way4 valid=1 rrpv=3 epoch=31169 dist=130 prop=1 stamped=1 dbg=2 last=282 epoch2=31169 sched_n=0
   way5 valid=1 rrpv=7 epoch=31300 dist=261 prop=1 stamped=1 dbg=3 last=299 epoch2=31300 sched_n=0   <== VICTIM
   way6 valid=1 rrpv=3 epoch=31169 dist=130 prop=1 stamped=1 dbg=3 last=291 epoch2=31169 sched_n=0
   way7 valid=1 rrpv=4 epoch=21323 dist=55819 prop=1 stamped=1 dbg=3 last=222 epoch2=21323 sched_n=0
   -> victim=way5 reason=max-rrpv farthest-epoch property
[EVICT L3 pol=ECG:rrip_first curEpoch=31039 set_ways=8]
   way0 valid=1 rrpv=0 epoch=31235 dist=196 prop=1 stamped=1 dbg=1 last=267 epoch2=31235 sched_n=0
   way1 valid=1 rrpv=0 epoch=31235 dist=196 prop=1 stamped=1 dbg=1 last=272 epoch2=31235 sched_n=0
   way2 valid=1 rrpv=0 epoch=21323 dist=55819 prop=1 stamped=1 dbg=1 last=198 epoch2=21323 sched_n=0
   way3 valid=1 rrpv=2 epoch=31169 dist=130 prop=1 stamped=1 dbg=2 last=280 epoch2=31169 sched_n=0
   way4 valid=1 rrpv=2 epoch=31104 dist=65 prop=1 stamped=1 dbg=2 last=283 epoch2=31104 sched_n=0
   way5 valid=1 rrpv=7 epoch=31104 dist=65 prop=1 stamped=1 dbg=3 last=300 epoch2=31104 sched_n=0   <== VICTIM
   way6 valid=1 rrpv=5 epoch=31169 dist=130 prop=1 stamped=1 dbg=3 last=292 epoch2=31169 sched_n=0
   way7 valid=1 rrpv=2 epoch=31169 dist=130 prop=1 stamped=1 dbg=3 last=295 epoch2=31169 sched_n=0
   -> victim=way5 reason=max-rrpv farthest-epoch property
[EVICT L3 pol=ECG:rrip_first curEpoch=31039 set_ways=8]
   way0 valid=1 rrpv=0 epoch=31169 dist=130 prop=1 stamped=1 dbg=1 last=268 epoch2=31169 sched_n=0
   way1 valid=1 rrpv=0 epoch=31169 dist=130 prop=1 stamped=1 dbg=1 last=273 epoch2=31169 sched_n=0
   way2 valid=1 rrpv=2 epoch=31169 dist=130 prop=1 stamped=1 dbg=2 last=276 epoch2=31169 sched_n=0
   way3 valid=1 rrpv=2 epoch=31235 dist=196 prop=1 stamped=1 dbg=2 last=281 epoch2=31235 sched_n=0
   way4 valid=1 rrpv=3 epoch=31169 dist=130 prop=1 stamped=1 dbg=2 last=285 epoch2=31169 sched_n=0
   way5 valid=1 rrpv=7 epoch=31235 dist=196 prop=1 stamped=1 dbg=3 last=301 epoch2=31235 sched_n=0   <== VICTIM
   way6 valid=1 rrpv=4 epoch=31169 dist=130 prop=1 stamped=1 dbg=3 last=293 epoch2=31169 sched_n=0
   way7 valid=1 rrpv=3 epoch=31169 dist=130 prop=1 stamped=1 dbg=3 last=296 epoch2=31169 sched_n=0
   -> victim=way5 reason=max-rrpv farthest-epoch property
[EVICT L3 pol=ECG:rrip_first curEpoch=31039 set_ways=8]
   way0 valid=1 rrpv=0 epoch=31300 dist=261 prop=1 stamped=1 dbg=1 last=270 epoch2=31300 sched_n=0
   way1 valid=1 rrpv=0 epoch=31169 dist=130 prop=1 stamped=1 dbg=1 last=274 epoch2=31169 sched_n=0
   way2 valid=1 rrpv=4 epoch=31235 dist=196 prop=1 stamped=1 dbg=2 last=278 epoch2=31235 sched_n=0
   way3 valid=1 rrpv=3 epoch=21323 dist=55819 prop=1 stamped=1 dbg=2 last=206 epoch2=21323 sched_n=0
   way4 valid=1 rrpv=4 epoch=21323 dist=55819 prop=1 stamped=1 dbg=3 last=260 epoch2=21323 sched_n=0
   way5 valid=1 rrpv=3 epoch=31169 dist=130 prop=1 stamped=1 dbg=3 last=289 epoch2=31169 sched_n=0
   way6 valid=1 rrpv=3 epoch=31235 dist=196 prop=1 stamped=1 dbg=3 last=294 epoch2=31235 sched_n=0
   way7 valid=1 rrpv=7 epoch=31169 dist=130 prop=1 stamped=1 dbg=3 last=302 epoch2=31169 sched_n=0   <== VICTIM
   -> victim=way7 reason=max-rrpv farthest-epoch property
[EVICT L3 pol=ECG:rrip_first curEpoch=31039 set_ways=8]
   way0 valid=1 rrpv=0 epoch=31235 dist=196 prop=1 stamped=1 dbg=1 last=267 epoch2=31235 sched_n=0
   way1 valid=1 rrpv=0 epoch=31235 dist=196 prop=1 stamped=1 dbg=1 last=272 epoch2=31235 sched_n=0
   way2 valid=1 rrpv=0 epoch=21323 dist=55819 prop=1 stamped=1 dbg=1 last=198 epoch2=21323 sched_n=0
   way3 valid=1 rrpv=2 epoch=31169 dist=130 prop=1 stamped=1 dbg=2 last=280 epoch2=31169 sched_n=0
   way4 valid=1 rrpv=2 epoch=31104 dist=65 prop=1 stamped=1 dbg=2 last=283 epoch2=31104 sched_n=0
   way5 valid=1 rrpv=7 epoch=31169 dist=130 prop=1 stamped=1 dbg=3 last=304 epoch2=31169 sched_n=0   <== VICTIM
   way6 valid=1 rrpv=5 epoch=31169 dist=130 prop=1 stamped=1 dbg=3 last=292 epoch2=31169 sched_n=0
   way7 valid=1 rrpv=2 epoch=31169 dist=130 prop=1 stamped=1 dbg=3 last=295 epoch2=31169 sched_n=0
   -> victim=way5 reason=max-rrpv farthest-epoch property
[EVICT L3 pol=ECG:rrip_first curEpoch=31039 set_ways=8]
   way0 valid=1 rrpv=0 epoch=31169 dist=130 prop=1 stamped=1 dbg=1 last=268 epoch2=31169 sched_n=0
   way1 valid=1 rrpv=0 epoch=31169 dist=130 prop=1 stamped=1 dbg=1 last=273 epoch2=31169 sched_n=0
   way2 valid=1 rrpv=2 epoch=31169 dist=130 prop=1 stamped=1 dbg=2 last=276 epoch2=31169 sched_n=0
   way3 valid=1 rrpv=2 epoch=31235 dist=196 prop=1 stamped=1 dbg=2 last=281 epoch2=31235 sched_n=0
   way4 valid=1 rrpv=3 epoch=31169 dist=130 prop=1 stamped=1 dbg=2 last=285 epoch2=31169 sched_n=0
   way5 valid=1 rrpv=7 epoch=31365 dist=326 prop=1 stamped=1 dbg=3 last=305 epoch2=31365 sched_n=0   <== VICTIM
   way6 valid=1 rrpv=4 epoch=31169 dist=130 prop=1 stamped=1 dbg=3 last=293 epoch2=31169 sched_n=0
   way7 valid=1 rrpv=3 epoch=31169 dist=130 prop=1 stamped=1 dbg=3 last=296 epoch2=31169 sched_n=0
   -> victim=way5 reason=max-rrpv farthest-epoch property
[EVICT L3 pol=ECG:rrip_first curEpoch=31039 set_ways=8]
   way0 valid=1 rrpv=0 epoch=31300 dist=261 prop=1 stamped=1 dbg=1 last=270 epoch2=31300 sched_n=0
   way1 valid=1 rrpv=0 epoch=31169 dist=130 prop=1 stamped=1 dbg=1 last=274 epoch2=31169 sched_n=0
   way2 valid=1 rrpv=4 epoch=31235 dist=196 prop=1 stamped=1 dbg=2 last=278 epoch2=31235 sched_n=0
   way3 valid=1 rrpv=3 epoch=21323 dist=55819 prop=1 stamped=1 dbg=2 last=206 epoch2=21323 sched_n=0
   way4 valid=1 rrpv=4 epoch=21323 dist=55819 prop=1 stamped=1 dbg=3 last=260 epoch2=21323 sched_n=0
   way5 valid=1 rrpv=3 epoch=31169 dist=130 prop=1 stamped=1 dbg=3 last=289 epoch2=31169 sched_n=0
   way6 valid=1 rrpv=3 epoch=31235 dist=196 prop=1 stamped=1 dbg=3 last=294 epoch2=31235 sched_n=0
   way7 valid=1 rrpv=7 epoch=31104 dist=65 prop=1 stamped=1 dbg=3 last=306 epoch2=31104 sched_n=0   <== VICTIM
   -> victim=way7 reason=max-rrpv farthest-epoch property
[EVICT L3 pol=ECG:rrip_first curEpoch=31039 set_ways=8]
   way0 valid=1 rrpv=0 epoch=31235 dist=196 prop=1 stamped=1 dbg=1 last=267 epoch2=31235 sched_n=0
   way1 valid=1 rrpv=0 epoch=31235 dist=196 prop=1 stamped=1 dbg=1 last=272 epoch2=31235 sched_n=0
   way2 valid=1 rrpv=0 epoch=21323 dist=55819 prop=1 stamped=1 dbg=1 last=198 epoch2=21323 sched_n=0
   way3 valid=1 rrpv=2 epoch=31169 dist=130 prop=1 stamped=1 dbg=2 last=280 epoch2=31169 sched_n=0
   way4 valid=1 rrpv=2 epoch=31104 dist=65 prop=1 stamped=1 dbg=2 last=283 epoch2=31104 sched_n=0
   way5 valid=1 rrpv=7 epoch=31169 dist=130 prop=1 stamped=1 dbg=3 last=307 epoch2=31169 sched_n=0   <== VICTIM
   way6 valid=1 rrpv=5 epoch=31169 dist=130 prop=1 stamped=1 dbg=3 last=292 epoch2=31169 sched_n=0
   way7 valid=1 rrpv=2 epoch=31169 dist=130 prop=1 stamped=1 dbg=3 last=295 epoch2=31169 sched_n=0
   -> victim=way5 reason=max-rrpv farthest-epoch property
[EVICT L3 pol=ECG:rrip_first curEpoch=31039 set_ways=8]
   way0 valid=1 rrpv=0 epoch=31235 dist=196 prop=1 stamped=1 dbg=1 last=267 epoch2=31235 sched_n=0
   way1 valid=1 rrpv=0 epoch=31235 dist=196 prop=1 stamped=1 dbg=1 last=272 epoch2=31235 sched_n=0
   way2 valid=1 rrpv=0 epoch=21323 dist=55819 prop=1 stamped=1 dbg=1 last=198 epoch2=21323 sched_n=0
   way3 valid=1 rrpv=2 epoch=31169 dist=130 prop=1 stamped=1 dbg=2 last=280 epoch2=31169 sched_n=0
   way4 valid=1 rrpv=2 epoch=31104 dist=65 prop=1 stamped=1 dbg=2 last=283 epoch2=31104 sched_n=0
   way5 valid=1 rrpv=7 epoch=31169 dist=130 prop=0 stamped=0 dbg=3 last=310 epoch2=31169 sched_n=0   <== VICTIM
   way6 valid=1 rrpv=5 epoch=31169 dist=130 prop=1 stamped=1 dbg=3 last=292 epoch2=31169 sched_n=0
   way7 valid=1 rrpv=2 epoch=31169 dist=130 prop=1 stamped=1 dbg=3 last=295 epoch2=31169 sched_n=0
   -> victim=way5 reason=max-rrpv record by recency
[EVICT L3 pol=ECG:rrip_first curEpoch=31039 set_ways=8]
   way0 valid=1 rrpv=0 epoch=31300 dist=261 prop=1 stamped=1 dbg=1 last=270 epoch2=31300 sched_n=0
   way1 valid=1 rrpv=0 epoch=31169 dist=130 prop=1 stamped=1 dbg=1 last=274 epoch2=31169 sched_n=0
   way2 valid=1 rrpv=4 epoch=31235 dist=196 prop=1 stamped=1 dbg=2 last=278 epoch2=31235 sched_n=0
   way3 valid=1 rrpv=3 epoch=21323 dist=55819 prop=1 stamped=1 dbg=2 last=206 epoch2=21323 sched_n=0
   way4 valid=1 rrpv=4 epoch=21323 dist=55819 prop=1 stamped=1 dbg=3 last=260 epoch2=21323 sched_n=0
   way5 valid=1 rrpv=3 epoch=31169 dist=130 prop=1 stamped=1 dbg=3 last=289 epoch2=31169 sched_n=0
   way6 valid=1 rrpv=3 epoch=31235 dist=196 prop=1 stamped=1 dbg=3 last=294 epoch2=31235 sched_n=0
   way7 valid=1 rrpv=7 epoch=31104 dist=65 prop=1 stamped=1 dbg=3 last=309 epoch2=31104 sched_n=0   <== VICTIM
   -> victim=way7 reason=max-rrpv farthest-epoch property
[EVICT L3 pol=ECG:rrip_first curEpoch=31039 set_ways=8]
   way0 valid=1 rrpv=0 epoch=31104 dist=65 prop=1 stamped=1 dbg=1 last=266 epoch2=31104 sched_n=0
   way1 valid=1 rrpv=0 epoch=31104 dist=65 prop=1 stamped=1 dbg=1 last=271 epoch2=31104 sched_n=0
   way2 valid=1 rrpv=0 epoch=31169 dist=130 prop=1 stamped=1 dbg=1 last=275 epoch2=31169 sched_n=0
   way3 valid=1 rrpv=2 epoch=31235 dist=196 prop=1 stamped=1 dbg=2 last=279 epoch2=31235 sched_n=0
   way4 valid=1 rrpv=3 epoch=31169 dist=130 prop=1 stamped=1 dbg=2 last=282 epoch2=31169 sched_n=0
   way5 valid=1 rrpv=7 epoch=31300 dist=261 prop=0 stamped=0 dbg=3 last=303 epoch2=31300 sched_n=0   <== VICTIM
   way6 valid=1 rrpv=3 epoch=31169 dist=130 prop=1 stamped=1 dbg=3 last=291 epoch2=31169 sched_n=0
   way7 valid=1 rrpv=4 epoch=21323 dist=55819 prop=1 stamped=1 dbg=3 last=222 epoch2=21323 sched_n=0
   -> victim=way5 reason=max-rrpv record by recency
[EVICT L3 pol=ECG:rrip_first curEpoch=31039 set_ways=8]
   way0 valid=1 rrpv=0 epoch=31235 dist=196 prop=1 stamped=1 dbg=1 last=267 epoch2=31235 sched_n=0
   way1 valid=1 rrpv=0 epoch=31235 dist=196 prop=1 stamped=1 dbg=1 last=272 epoch2=31235 sched_n=0
   way2 valid=1 rrpv=0 epoch=21323 dist=55819 prop=1 stamped=1 dbg=1 last=198 epoch2=21323 sched_n=0
   way3 valid=1 rrpv=2 epoch=31169 dist=130 prop=1 stamped=1 dbg=2 last=280 epoch2=31169 sched_n=0
   way4 valid=1 rrpv=2 epoch=31104 dist=65 prop=1 stamped=1 dbg=2 last=283 epoch2=31104 sched_n=0
   way5 valid=1 rrpv=7 epoch=31169 dist=130 prop=1 stamped=1 dbg=3 last=311 epoch2=31169 sched_n=0   <== VICTIM
   way6 valid=1 rrpv=5 epoch=31169 dist=130 prop=1 stamped=1 dbg=3 last=292 epoch2=31169 sched_n=0
   way7 valid=1 rrpv=2 epoch=31169 dist=130 prop=1 stamped=1 dbg=3 last=295 epoch2=31169 sched_n=0
   -> victim=way5 reason=max-rrpv farthest-epoch property
[EVICT L3 pol=ECG:rrip_first curEpoch=31039 set_ways=8]
   way0 valid=1 rrpv=0 epoch=31169 dist=130 prop=1 stamped=1 dbg=1 last=268 epoch2=31169 sched_n=0
   way1 valid=1 rrpv=0 epoch=31169 dist=130 prop=1 stamped=1 dbg=1 last=273 epoch2=31169 sched_n=0
   way2 valid=1 rrpv=2 epoch=31169 dist=130 prop=1 stamped=1 dbg=2 last=276 epoch2=31169 sched_n=0
   way3 valid=1 rrpv=2 epoch=31235 dist=196 prop=1 stamped=1 dbg=2 last=281 epoch2=31235 sched_n=0
   way4 valid=1 rrpv=3 epoch=31169 dist=130 prop=1 stamped=1 dbg=2 last=285 epoch2=31169 sched_n=0
   way5 valid=1 rrpv=7 epoch=31235 dist=196 prop=1 stamped=1 dbg=3 last=308 epoch2=31235 sched_n=0   <== VICTIM
   way6 valid=1 rrpv=4 epoch=31169 dist=130 prop=1 stamped=1 dbg=3 last=293 epoch2=31169 sched_n=0
   way7 valid=1 rrpv=3 epoch=31169 dist=130 prop=1 stamped=1 dbg=3 last=296 epoch2=31169 sched_n=0
   -> victim=way5 reason=max-rrpv farthest-epoch property
[EVICT L3 pol=ECG:rrip_first curEpoch=31039 set_ways=8]
   way0 valid=1 rrpv=0 epoch=31300 dist=261 prop=1 stamped=1 dbg=1 last=270 epoch2=31300 sched_n=0
   way1 valid=1 rrpv=0 epoch=31169 dist=130 prop=1 stamped=1 dbg=1 last=274 epoch2=31169 sched_n=0
   way2 valid=1 rrpv=4 epoch=31235 dist=196 prop=1 stamped=1 dbg=2 last=278 epoch2=31235 sched_n=0
   way3 valid=1 rrpv=3 epoch=21323 dist=55819 prop=1 stamped=1 dbg=2 last=206 epoch2=21323 sched_n=0
   way4 valid=1 rrpv=4 epoch=21323 dist=55819 prop=1 stamped=1 dbg=3 last=260 epoch2=21323 sched_n=0
   way5 valid=1 rrpv=3 epoch=31169 dist=130 prop=1 stamped=1 dbg=3 last=289 epoch2=31169 sched_n=0
   way6 valid=1 rrpv=3 epoch=31235 dist=196 prop=1 stamped=1 dbg=3 last=294 epoch2=31235 sched_n=0
   way7 valid=1 rrpv=7 epoch=31169 dist=130 prop=1 stamped=1 dbg=3 last=312 epoch2=31169 sched_n=0   <== VICTIM
   -> victim=way7 reason=max-rrpv farthest-epoch property
[EVICT L3 pol=ECG:rrip_first curEpoch=31039 set_ways=8]
   way0 valid=1 rrpv=0 epoch=31104 dist=65 prop=1 stamped=1 dbg=1 last=266 epoch2=31104 sched_n=0
   way1 valid=1 rrpv=0 epoch=31104 dist=65 prop=1 stamped=1 dbg=1 last=271 epoch2=31104 sched_n=0
   way2 valid=1 rrpv=0 epoch=31169 dist=130 prop=1 stamped=1 dbg=1 last=275 epoch2=31169 sched_n=0
   way3 valid=1 rrpv=2 epoch=31235 dist=196 prop=1 stamped=1 dbg=2 last=279 epoch2=31235 sched_n=0
   way4 valid=1 rrpv=3 epoch=31169 dist=130 prop=1 stamped=1 dbg=2 last=282 epoch2=31169 sched_n=0
   way5 valid=1 rrpv=7 epoch=31235 dist=196 prop=1 stamped=1 dbg=3 last=313 epoch2=31235 sched_n=0   <== VICTIM
   way6 valid=1 rrpv=3 epoch=31169 dist=130 prop=1 stamped=1 dbg=3 last=291 epoch2=31169 sched_n=0
   way7 valid=1 rrpv=4 epoch=21323 dist=55819 prop=1 stamped=1 dbg=3 last=222 epoch2=21323 sched_n=0
   -> victim=way5 reason=max-rrpv farthest-epoch property
[EVICT L3 pol=ECG:rrip_first curEpoch=31039 set_ways=8]
   way0 valid=1 rrpv=0 epoch=31235 dist=196 prop=1 stamped=1 dbg=1 last=267 epoch2=31235 sched_n=0
   way1 valid=1 rrpv=0 epoch=31235 dist=196 prop=1 stamped=1 dbg=1 last=272 epoch2=31235 sched_n=0
   way2 valid=1 rrpv=0 epoch=21323 dist=55819 prop=1 stamped=1 dbg=1 last=198 epoch2=21323 sched_n=0
   way3 valid=1 rrpv=2 epoch=31169 dist=130 prop=1 stamped=1 dbg=2 last=280 epoch2=31169 sched_n=0
   way4 valid=1 rrpv=2 epoch=31104 dist=65 prop=1 stamped=1 dbg=2 last=283 epoch2=31104 sched_n=0
   way5 valid=1 rrpv=7 epoch=31169 dist=130 prop=1 stamped=1 dbg=3 last=314 epoch2=31169 sched_n=0   <== VICTIM
   way6 valid=1 rrpv=5 epoch=31169 dist=130 prop=1 stamped=1 dbg=3 last=292 epoch2=31169 sched_n=0
   way7 valid=1 rrpv=2 epoch=31169 dist=130 prop=1 stamped=1 dbg=3 last=295 epoch2=31169 sched_n=0
   -> victim=way5 reason=max-rrpv farthest-epoch property
[EVICT L3 pol=ECG:rrip_first curEpoch=31039 set_ways=8]
   way0 valid=1 rrpv=0 epoch=31169 dist=130 prop=1 stamped=1 dbg=1 last=268 epoch2=31169 sched_n=0
   way1 valid=1 rrpv=0 epoch=31169 dist=130 prop=1 stamped=1 dbg=1 last=273 epoch2=31169 sched_n=0
   way2 valid=1 rrpv=2 epoch=31169 dist=130 prop=1 stamped=1 dbg=2 last=276 epoch2=31169 sched_n=0
   way3 valid=1 rrpv=2 epoch=31235 dist=196 prop=1 stamped=1 dbg=2 last=281 epoch2=31235 sched_n=0
   way4 valid=1 rrpv=3 epoch=31169 dist=130 prop=1 stamped=1 dbg=2 last=285 epoch2=31169 sched_n=0
   way5 valid=1 rrpv=7 epoch=31235 dist=196 prop=1 stamped=1 dbg=3 last=315 epoch2=31235 sched_n=0   <== VICTIM
   way6 valid=1 rrpv=4 epoch=31169 dist=130 prop=1 stamped=1 dbg=3 last=293 epoch2=31169 sched_n=0
   way7 valid=1 rrpv=3 epoch=31169 dist=130 prop=1 stamped=1 dbg=3 last=296 epoch2=31169 sched_n=0
   -> victim=way5 reason=max-rrpv farthest-epoch property
[EVICT L3 pol=ECG:rrip_first curEpoch=31039 set_ways=8]
   way0 valid=1 rrpv=0 epoch=31169 dist=130 prop=1 stamped=1 dbg=1 last=268 epoch2=31169 sched_n=0
   way1 valid=1 rrpv=0 epoch=31169 dist=130 prop=1 stamped=1 dbg=1 last=273 epoch2=31169 sched_n=0
   way2 valid=1 rrpv=2 epoch=31169 dist=130 prop=1 stamped=1 dbg=2 last=276 epoch2=31169 sched_n=0
   way3 valid=1 rrpv=2 epoch=31235 dist=196 prop=1 stamped=1 dbg=2 last=281 epoch2=31235 sched_n=0
   way4 valid=1 rrpv=3 epoch=31169 dist=130 prop=1 stamped=1 dbg=2 last=285 epoch2=31169 sched_n=0
   way5 valid=1 rrpv=7 epoch=31235 dist=196 prop=0 stamped=0 dbg=3 last=319 epoch2=31235 sched_n=0   <== VICTIM
   way6 valid=1 rrpv=4 epoch=31169 dist=130 prop=1 stamped=1 dbg=3 last=293 epoch2=31169 sched_n=0
   way7 valid=1 rrpv=3 epoch=31169 dist=130 prop=1 stamped=1 dbg=3 last=296 epoch2=31169 sched_n=0
   -> victim=way5 reason=max-rrpv record by recency
[EVICT L3 pol=ECG:rrip_first curEpoch=31039 set_ways=8]
   way0 valid=1 rrpv=0 epoch=31300 dist=261 prop=1 stamped=1 dbg=1 last=270 epoch2=31300 sched_n=0
   way1 valid=1 rrpv=0 epoch=31169 dist=130 prop=1 stamped=1 dbg=1 last=274 epoch2=31169 sched_n=0
   way2 valid=1 rrpv=4 epoch=31235 dist=196 prop=1 stamped=1 dbg=2 last=278 epoch2=31235 sched_n=0
   way3 valid=1 rrpv=3 epoch=21323 dist=55819 prop=1 stamped=1 dbg=2 last=206 epoch2=21323 sched_n=0
   way4 valid=1 rrpv=4 epoch=21323 dist=55819 prop=1 stamped=1 dbg=3 last=260 epoch2=21323 sched_n=0
   way5 valid=1 rrpv=3 epoch=31169 dist=130 prop=1 stamped=1 dbg=3 last=289 epoch2=31169 sched_n=0
   way6 valid=1 rrpv=3 epoch=31235 dist=196 prop=1 stamped=1 dbg=3 last=294 epoch2=31235 sched_n=0
   way7 valid=1 rrpv=7 epoch=31104 dist=65 prop=1 stamped=1 dbg=3 last=316 epoch2=31104 sched_n=0   <== VICTIM
   -> victim=way7 reason=max-rrpv farthest-epoch property
[EVICT L3 pol=ECG:rrip_first curEpoch=31039 set_ways=8]
   way0 valid=1 rrpv=0 epoch=31104 dist=65 prop=1 stamped=1 dbg=1 last=266 epoch2=31104 sched_n=0
   way1 valid=1 rrpv=0 epoch=31104 dist=65 prop=1 stamped=1 dbg=1 last=271 epoch2=31104 sched_n=0
   way2 valid=1 rrpv=0 epoch=31169 dist=130 prop=1 stamped=1 dbg=1 last=275 epoch2=31169 sched_n=0
   way3 valid=1 rrpv=2 epoch=31235 dist=196 prop=1 stamped=1 dbg=2 last=279 epoch2=31235 sched_n=0
   way4 valid=1 rrpv=3 epoch=31169 dist=130 prop=1 stamped=1 dbg=2 last=282 epoch2=31169 sched_n=0
   way5 valid=1 rrpv=7 epoch=31235 dist=196 prop=1 stamped=1 dbg=3 last=317 epoch2=31235 sched_n=0   <== VICTIM
   way6 valid=1 rrpv=3 epoch=31169 dist=130 prop=1 stamped=1 dbg=3 last=291 epoch2=31169 sched_n=0
   way7 valid=1 rrpv=4 epoch=21323 dist=55819 prop=1 stamped=1 dbg=3 last=222 epoch2=21323 sched_n=0
   -> victim=way5 reason=max-rrpv farthest-epoch property
[EVICT L3 pol=ECG:rrip_first curEpoch=31039 set_ways=8]
   way0 valid=1 rrpv=0 epoch=31235 dist=196 prop=1 stamped=1 dbg=1 last=267 epoch2=31235 sched_n=0
   way1 valid=1 rrpv=0 epoch=31235 dist=196 prop=1 stamped=1 dbg=1 last=272 epoch2=31235 sched_n=0
   way2 valid=1 rrpv=0 epoch=21323 dist=55819 prop=1 stamped=1 dbg=1 last=198 epoch2=21323 sched_n=0
   way3 valid=1 rrpv=2 epoch=31169 dist=130 prop=1 stamped=1 dbg=2 last=280 epoch2=31169 sched_n=0
   way4 valid=1 rrpv=2 epoch=31104 dist=65 prop=1 stamped=1 dbg=2 last=283 epoch2=31104 sched_n=0
   way5 valid=1 rrpv=7 epoch=31235 dist=196 prop=1 stamped=1 dbg=3 last=318 epoch2=31235 sched_n=0   <== VICTIM
   way6 valid=1 rrpv=5 epoch=31169 dist=130 prop=1 stamped=1 dbg=3 last=292 epoch2=31169 sched_n=0
   way7 valid=1 rrpv=2 epoch=31169 dist=130 prop=1 stamped=1 dbg=3 last=295 epoch2=31169 sched_n=0
   -> victim=way5 reason=max-rrpv farthest-epoch property
[EVICT L3 pol=ECG:rrip_first curEpoch=31039 set_ways=8]
   way0 valid=1 rrpv=0 epoch=31169 dist=130 prop=1 stamped=1 dbg=1 last=268 epoch2=31169 sched_n=0
   way1 valid=1 rrpv=0 epoch=31169 dist=130 prop=1 stamped=1 dbg=1 last=273 epoch2=31169 sched_n=0
   way2 valid=1 rrpv=2 epoch=31169 dist=130 prop=1 stamped=1 dbg=2 last=276 epoch2=31169 sched_n=0
   way3 valid=1 rrpv=2 epoch=31235 dist=196 prop=1 stamped=1 dbg=2 last=281 epoch2=31235 sched_n=0
   way4 valid=1 rrpv=3 epoch=31169 dist=130 prop=1 stamped=1 dbg=2 last=285 epoch2=31169 sched_n=0
   way5 valid=1 rrpv=7 epoch=31169 dist=130 prop=1 stamped=1 dbg=3 last=320 epoch2=31169 sched_n=0   <== VICTIM
   way6 valid=1 rrpv=4 epoch=31169 dist=130 prop=1 stamped=1 dbg=3 last=293 epoch2=31169 sched_n=0
   way7 valid=1 rrpv=3 epoch=31169 dist=130 prop=1 stamped=1 dbg=3 last=296 epoch2=31169 sched_n=0
   -> victim=way5 reason=max-rrpv farthest-epoch property
[EVICT L3 pol=ECG:rrip_first curEpoch=31039 set_ways=8]
   way0 valid=1 rrpv=0 epoch=31104 dist=65 prop=1 stamped=1 dbg=1 last=266 epoch2=31104 sched_n=0
   way1 valid=1 rrpv=0 epoch=31104 dist=65 prop=1 stamped=1 dbg=1 last=271 epoch2=31104 sched_n=0
   way2 valid=1 rrpv=0 epoch=31169 dist=130 prop=1 stamped=1 dbg=1 last=275 epoch2=31169 sched_n=0
   way3 valid=1 rrpv=2 epoch=31235 dist=196 prop=1 stamped=1 dbg=2 last=279 epoch2=31235 sched_n=0
   way4 valid=1 rrpv=3 epoch=31169 dist=130 prop=1 stamped=1 dbg=2 last=282 epoch2=31169 sched_n=0
   way5 valid=1 rrpv=7 epoch=31104 dist=65 prop=1 stamped=1 dbg=3 last=322 epoch2=31104 sched_n=0   <== VICTIM
   way6 valid=1 rrpv=3 epoch=31169 dist=130 prop=1 stamped=1 dbg=3 last=291 epoch2=31169 sched_n=0
   way7 valid=1 rrpv=4 epoch=21323 dist=55819 prop=1 stamped=1 dbg=3 last=222 epoch2=21323 sched_n=0
   -> victim=way5 reason=max-rrpv farthest-epoch property
[EVICT L3 pol=ECG:rrip_first curEpoch=31039 set_ways=8]
   way0 valid=1 rrpv=0 epoch=31235 dist=196 prop=1 stamped=1 dbg=1 last=267 epoch2=31235 sched_n=0
   way1 valid=1 rrpv=0 epoch=31235 dist=196 prop=1 stamped=1 dbg=1 last=272 epoch2=31235 sched_n=0
   way2 valid=1 rrpv=0 epoch=21323 dist=55819 prop=1 stamped=1 dbg=1 last=198 epoch2=21323 sched_n=0
   way3 valid=1 rrpv=2 epoch=31169 dist=130 prop=1 stamped=1 dbg=2 last=280 epoch2=31169 sched_n=0
   way4 valid=1 rrpv=2 epoch=31104 dist=65 prop=1 stamped=1 dbg=2 last=283 epoch2=31104 sched_n=0
   way5 valid=1 rrpv=7 epoch=31169 dist=130 prop=1 stamped=1 dbg=3 last=323 epoch2=31169 sched_n=0   <== VICTIM
   way6 valid=1 rrpv=5 epoch=31169 dist=130 prop=1 stamped=1 dbg=3 last=292 epoch2=31169 sched_n=0
   way7 valid=1 rrpv=2 epoch=31169 dist=130 prop=1 stamped=1 dbg=3 last=295 epoch2=31169 sched_n=0
   -> victim=way5 reason=max-rrpv farthest-epoch property
[EVICT L3 pol=ECG:rrip_first curEpoch=31039 set_ways=8]
   way0 valid=1 rrpv=0 epoch=31169 dist=130 prop=1 stamped=1 dbg=1 last=268 epoch2=31169 sched_n=0
   way1 valid=1 rrpv=0 epoch=31169 dist=130 prop=1 stamped=1 dbg=1 last=273 epoch2=31169 sched_n=0
   way2 valid=1 rrpv=2 epoch=31169 dist=130 prop=1 stamped=1 dbg=2 last=276 epoch2=31169 sched_n=0
   way3 valid=1 rrpv=2 epoch=31235 dist=196 prop=1 stamped=1 dbg=2 last=281 epoch2=31235 sched_n=0
   way4 valid=1 rrpv=3 epoch=31169 dist=130 prop=1 stamped=1 dbg=2 last=285 epoch2=31169 sched_n=0
   way5 valid=1 rrpv=7 epoch=31104 dist=65 prop=1 stamped=1 dbg=3 last=324 epoch2=31104 sched_n=0   <== VICTIM
   way6 valid=1 rrpv=4 epoch=31169 dist=130 prop=1 stamped=1 dbg=3 last=293 epoch2=31169 sched_n=0
   way7 valid=1 rrpv=3 epoch=31169 dist=130 prop=1 stamped=1 dbg=3 last=296 epoch2=31169 sched_n=0
   -> victim=way5 reason=max-rrpv farthest-epoch property
[EVICT L3 pol=ECG:rrip_first curEpoch=31039 set_ways=8]
   way0 valid=1 rrpv=0 epoch=31300 dist=261 prop=1 stamped=1 dbg=1 last=270 epoch2=31300 sched_n=0
   way1 valid=1 rrpv=0 epoch=31169 dist=130 prop=1 stamped=1 dbg=1 last=274 epoch2=31169 sched_n=0
   way2 valid=1 rrpv=4 epoch=31235 dist=196 prop=1 stamped=1 dbg=2 last=278 epoch2=31235 sched_n=0
   way3 valid=1 rrpv=3 epoch=21323 dist=55819 prop=1 stamped=1 dbg=2 last=206 epoch2=21323 sched_n=0
   way4 valid=1 rrpv=3 epoch=31169 dist=130 prop=1 stamped=1 dbg=3 last=325 epoch2=31169 sched_n=0
   way5 valid=1 rrpv=3 epoch=31169 dist=130 prop=1 stamped=1 dbg=3 last=289 epoch2=31169 sched_n=0
   way6 valid=1 rrpv=3 epoch=31235 dist=196 prop=1 stamped=1 dbg=3 last=294 epoch2=31235 sched_n=0
   way7 valid=1 rrpv=7 epoch=31235 dist=196 prop=1 stamped=1 dbg=3 last=321 epoch2=31235 sched_n=0   <== VICTIM
   -> victim=way7 reason=max-rrpv farthest-epoch property
[EVICT L3 pol=ECG:rrip_first curEpoch=32669 set_ways=8]
   way0 valid=1 rrpv=0 epoch=31104 dist=63970 prop=1 stamped=1 dbg=1 last=266 epoch2=31104 sched_n=0
   way1 valid=1 rrpv=0 epoch=31104 dist=63970 prop=1 stamped=1 dbg=1 last=271 epoch2=31104 sched_n=0
   way2 valid=1 rrpv=0 epoch=31169 dist=64035 prop=1 stamped=1 dbg=1 last=275 epoch2=31169 sched_n=0
   way3 valid=1 rrpv=2 epoch=31235 dist=64101 prop=1 stamped=1 dbg=2 last=279 epoch2=31235 sched_n=0
   way4 valid=1 rrpv=3 epoch=31169 dist=64035 prop=1 stamped=1 dbg=2 last=282 epoch2=31169 sched_n=0
   way5 valid=1 rrpv=7 epoch=31235 dist=64101 prop=1 stamped=1 dbg=3 last=326 epoch2=31235 sched_n=0   <== VICTIM
   way6 valid=1 rrpv=3 epoch=31169 dist=64035 prop=1 stamped=1 dbg=3 last=291 epoch2=31169 sched_n=0
   way7 valid=1 rrpv=4 epoch=21323 dist=54189 prop=1 stamped=1 dbg=3 last=222 epoch2=21323 sched_n=0
   -> victim=way5 reason=max-rrpv farthest-epoch property
[EVICT L3 pol=ECG:rrip_first curEpoch=32669 set_ways=8]
   way0 valid=1 rrpv=0 epoch=32930 dist=261 prop=1 stamped=1 dbg=1 last=332 epoch2=32930 sched_n=0
   way1 valid=1 rrpv=0 epoch=31235 dist=64101 prop=1 stamped=1 dbg=1 last=272 epoch2=31235 sched_n=0
   way2 valid=1 rrpv=0 epoch=21323 dist=54189 prop=1 stamped=1 dbg=1 last=198 epoch2=21323 sched_n=0
   way3 valid=1 rrpv=2 epoch=31169 dist=64035 prop=1 stamped=1 dbg=2 last=280 epoch2=31169 sched_n=0
   way4 valid=1 rrpv=2 epoch=31104 dist=63970 prop=1 stamped=1 dbg=2 last=283 epoch2=31104 sched_n=0
   way5 valid=1 rrpv=7 epoch=31169 dist=64035 prop=1 stamped=1 dbg=3 last=327 epoch2=31169 sched_n=0   <== VICTIM
   way6 valid=1 rrpv=5 epoch=31169 dist=64035 prop=1 stamped=1 dbg=3 last=292 epoch2=31169 sched_n=0
   way7 valid=1 rrpv=2 epoch=31169 dist=64035 prop=1 stamped=1 dbg=3 last=295 epoch2=31169 sched_n=0
   -> victim=way5 reason=max-rrpv farthest-epoch property
[EVICT L3 pol=ECG:rrip_first curEpoch=32669 set_ways=8]
   way0 valid=1 rrpv=0 epoch=32930 dist=261 prop=1 stamped=1 dbg=1 last=333 epoch2=32930 sched_n=0
   way1 valid=1 rrpv=0 epoch=32865 dist=196 prop=1 stamped=1 dbg=1 last=335 epoch2=32865 sched_n=0
   way2 valid=1 rrpv=1 epoch=32930 dist=261 prop=1 stamped=1 dbg=2 last=339 epoch2=32930 sched_n=0
   way3 valid=1 rrpv=1 epoch=32930 dist=261 prop=1 stamped=1 dbg=2 last=342 epoch2=32930 sched_n=0
   way4 valid=1 rrpv=3 epoch=31169 dist=64035 prop=1 stamped=1 dbg=2 last=285 epoch2=31169 sched_n=0
   way5 valid=1 rrpv=7 epoch=31169 dist=64035 prop=1 stamped=1 dbg=3 last=328 epoch2=31169 sched_n=0   <== VICTIM
   way6 valid=1 rrpv=4 epoch=31169 dist=64035 prop=1 stamped=1 dbg=3 last=293 epoch2=31169 sched_n=0
   way7 valid=1 rrpv=3 epoch=31169 dist=64035 prop=1 stamped=1 dbg=3 last=296 epoch2=31169 sched_n=0
   -> victim=way5 reason=max-rrpv farthest-epoch property
[EVICT L3 pol=ECG:rrip_first curEpoch=32669 set_ways=8]
   way0 valid=1 rrpv=0 epoch=31300 dist=64166 prop=1 stamped=1 dbg=1 last=270 epoch2=31300 sched_n=0
   way1 valid=1 rrpv=0 epoch=32800 dist=131 prop=1 stamped=1 dbg=1 last=336 epoch2=32800 sched_n=0
   way2 valid=1 rrpv=4 epoch=31235 dist=64101 prop=1 stamped=1 dbg=2 last=278 epoch2=31235 sched_n=0
   way3 valid=1 rrpv=2 epoch=33060 dist=391 prop=1 stamped=1 dbg=2 last=343 epoch2=33060 sched_n=0
   way4 valid=1 rrpv=3 epoch=31169 dist=64035 prop=1 stamped=1 dbg=3 last=325 epoch2=31169 sched_n=0
   way5 valid=1 rrpv=3 epoch=31169 dist=64035 prop=1 stamped=1 dbg=3 last=289 epoch2=31169 sched_n=0
   way6 valid=1 rrpv=3 epoch=31235 dist=64101 prop=1 stamped=1 dbg=3 last=294 epoch2=31235 sched_n=0
   way7 valid=1 rrpv=7 epoch=31235 dist=64101 prop=0 stamped=0 dbg=3 last=329 epoch2=31235 sched_n=0   <== VICTIM
   -> victim=way7 reason=max-rrpv record by recency
[EVICT L3 pol=ECG:rrip_first curEpoch=32669 set_ways=8]
   way0 valid=1 rrpv=0 epoch=33060 dist=391 prop=1 stamped=1 dbg=1 last=331 epoch2=33060 sched_n=0
   way1 valid=1 rrpv=0 epoch=32930 dist=261 prop=1 stamped=1 dbg=1 last=334 epoch2=32930 sched_n=0
   way2 valid=1 rrpv=0 epoch=32734 dist=65 prop=1 stamped=1 dbg=1 last=337 epoch2=32734 sched_n=0
   way3 valid=1 rrpv=1 epoch=32930 dist=261 prop=1 stamped=1 dbg=2 last=340 epoch2=32930 sched_n=0
   way4 valid=1 rrpv=2 epoch=32930 dist=261 prop=1 stamped=1 dbg=2 last=344 epoch2=32930 sched_n=0
   way5 valid=1 rrpv=7 epoch=31235 dist=64101 prop=0 stamped=0 dbg=3 last=330 epoch2=31235 sched_n=0   <== VICTIM
   way6 valid=1 rrpv=3 epoch=31169 dist=64035 prop=1 stamped=1 dbg=3 last=291 epoch2=31169 sched_n=0
   way7 valid=1 rrpv=4 epoch=21323 dist=54189 prop=1 stamped=1 dbg=3 last=222 epoch2=21323 sched_n=0
   -> victim=way5 reason=max-rrpv record by recency
[EVICT L3 pol=ECG:rrip_first curEpoch=32669 set_ways=8]
   way0 valid=1 rrpv=0 epoch=32930 dist=261 prop=1 stamped=1 dbg=1 last=332 epoch2=32930 sched_n=0
   way1 valid=1 rrpv=0 epoch=31235 dist=64101 prop=1 stamped=1 dbg=1 last=272 epoch2=31235 sched_n=0
   way2 valid=1 rrpv=0 epoch=21323 dist=54189 prop=1 stamped=1 dbg=1 last=198 epoch2=21323 sched_n=0
   way3 valid=1 rrpv=1 epoch=32930 dist=261 prop=1 stamped=1 dbg=2 last=341 epoch2=32930 sched_n=0
   way4 valid=1 rrpv=1 epoch=33321 dist=652 prop=1 stamped=1 dbg=2 last=346 epoch2=33321 sched_n=0
   way5 valid=1 rrpv=7 epoch=31169 dist=64035 prop=0 stamped=0 dbg=3 last=338 epoch2=31169 sched_n=0   <== VICTIM
   way6 valid=1 rrpv=5 epoch=31169 dist=64035 prop=1 stamped=1 dbg=3 last=292 epoch2=31169 sched_n=0
   way7 valid=1 rrpv=2 epoch=31169 dist=64035 prop=1 stamped=1 dbg=3 last=295 epoch2=31169 sched_n=0
   -> victim=way5 reason=max-rrpv record by recency
[EVICT L3 pol=ECG:rrip_first curEpoch=32669 set_ways=8]
   way0 valid=1 rrpv=0 epoch=32930 dist=261 prop=1 stamped=1 dbg=1 last=333 epoch2=32930 sched_n=0
   way1 valid=1 rrpv=0 epoch=32865 dist=196 prop=1 stamped=1 dbg=1 last=335 epoch2=32865 sched_n=0
   way2 valid=1 rrpv=1 epoch=32930 dist=261 prop=1 stamped=1 dbg=2 last=339 epoch2=32930 sched_n=0
   way3 valid=1 rrpv=1 epoch=32930 dist=261 prop=1 stamped=1 dbg=2 last=342 epoch2=32930 sched_n=0
   way4 valid=1 rrpv=2 epoch=32930 dist=261 prop=1 stamped=1 dbg=2 last=347 epoch2=32930 sched_n=0
   way5 valid=1 rrpv=7 epoch=31169 dist=64035 prop=0 stamped=0 dbg=3 last=345 epoch2=31169 sched_n=0   <== VICTIM
   way6 valid=1 rrpv=4 epoch=31169 dist=64035 prop=1 stamped=1 dbg=3 last=293 epoch2=31169 sched_n=0
   way7 valid=1 rrpv=3 epoch=31169 dist=64035 prop=1 stamped=1 dbg=3 last=296 epoch2=31169 sched_n=0
   -> victim=way5 reason=max-rrpv record by recency
[EVICT L3 pol=ECG:rrip_first curEpoch=32669 set_ways=8]
   way0 valid=1 rrpv=0 epoch=31300 dist=64166 prop=1 stamped=1 dbg=1 last=270 epoch2=31300 sched_n=0
   way1 valid=1 rrpv=0 epoch=32800 dist=131 prop=1 stamped=1 dbg=1 last=336 epoch2=32800 sched_n=0
   way2 valid=1 rrpv=4 epoch=31235 dist=64101 prop=1 stamped=1 dbg=2 last=278 epoch2=31235 sched_n=0
   way3 valid=1 rrpv=2 epoch=33060 dist=391 prop=1 stamped=1 dbg=2 last=343 epoch2=33060 sched_n=0
   way4 valid=1 rrpv=3 epoch=31169 dist=64035 prop=1 stamped=1 dbg=3 last=325 epoch2=31169 sched_n=0
   way5 valid=1 rrpv=3 epoch=31169 dist=64035 prop=1 stamped=1 dbg=3 last=289 epoch2=31169 sched_n=0
   way6 valid=1 rrpv=3 epoch=31235 dist=64101 prop=1 stamped=1 dbg=3 last=294 epoch2=31235 sched_n=0
   way7 valid=1 rrpv=7 epoch=33256 dist=587 prop=1 stamped=1 dbg=3 last=348 epoch2=33256 sched_n=0   <== VICTIM
   -> victim=way7 reason=max-rrpv farthest-epoch property
[EVICT L3 pol=ECG:rrip_first curEpoch=32669 set_ways=8]
   way0 valid=1 rrpv=0 epoch=31300 dist=64166 prop=1 stamped=1 dbg=1 last=270 epoch2=31300 sched_n=0
   way1 valid=1 rrpv=0 epoch=32800 dist=131 prop=1 stamped=1 dbg=1 last=336 epoch2=32800 sched_n=0
   way2 valid=1 rrpv=4 epoch=31235 dist=64101 prop=1 stamped=1 dbg=2 last=278 epoch2=31235 sched_n=0
   way3 valid=1 rrpv=2 epoch=33060 dist=391 prop=1 stamped=1 dbg=2 last=343 epoch2=33060 sched_n=0
   way4 valid=1 rrpv=3 epoch=31169 dist=64035 prop=1 stamped=1 dbg=3 last=325 epoch2=31169 sched_n=0
   way5 valid=1 rrpv=3 epoch=31169 dist=64035 prop=1 stamped=1 dbg=3 last=289 epoch2=31169 sched_n=0
   way6 valid=1 rrpv=2 epoch=32930 dist=261 prop=1 stamped=1 dbg=3 last=355 epoch2=32930 sched_n=0
   way7 valid=1 rrpv=7 epoch=33256 dist=587 prop=0 stamped=0 dbg=3 last=352 epoch2=33256 sched_n=0   <== VICTIM
   -> victim=way7 reason=max-rrpv record by recency
[EVICT L3 pol=ECG:rrip_first curEpoch=32669 set_ways=8]
   way0 valid=1 rrpv=0 epoch=33060 dist=391 prop=1 stamped=1 dbg=1 last=331 epoch2=33060 sched_n=0
   way1 valid=1 rrpv=0 epoch=32930 dist=261 prop=1 stamped=1 dbg=1 last=334 epoch2=32930 sched_n=0
   way2 valid=1 rrpv=0 epoch=32734 dist=65 prop=1 stamped=1 dbg=1 last=337 epoch2=32734 sched_n=0
   way3 valid=1 rrpv=1 epoch=32930 dist=261 prop=1 stamped=1 dbg=2 last=340 epoch2=32930 sched_n=0
   way4 valid=1 rrpv=2 epoch=32930 dist=261 prop=1 stamped=1 dbg=2 last=344 epoch2=32930 sched_n=0
   way5 valid=1 rrpv=7 epoch=32930 dist=261 prop=1 stamped=1 dbg=3 last=349 epoch2=32930 sched_n=0   <== VICTIM
   way6 valid=1 rrpv=3 epoch=31169 dist=64035 prop=1 stamped=1 dbg=3 last=291 epoch2=31169 sched_n=0
   way7 valid=1 rrpv=3 epoch=33060 dist=391 prop=1 stamped=1 dbg=3 last=356 epoch2=33060 sched_n=0
   -> victim=way5 reason=max-rrpv farthest-epoch property
[EVICT L3 pol=ECG:rrip_first curEpoch=32669 set_ways=8]
   way0 valid=1 rrpv=0 epoch=32930 dist=261 prop=1 stamped=1 dbg=1 last=332 epoch2=32930 sched_n=0
   way1 valid=1 rrpv=0 epoch=31235 dist=64101 prop=1 stamped=1 dbg=1 last=272 epoch2=31235 sched_n=0
   way2 valid=1 rrpv=0 epoch=21323 dist=54189 prop=1 stamped=1 dbg=1 last=198 epoch2=21323 sched_n=0
   way3 valid=1 rrpv=1 epoch=32930 dist=261 prop=1 stamped=1 dbg=2 last=341 epoch2=32930 sched_n=0
   way4 valid=1 rrpv=1 epoch=33321 dist=652 prop=1 stamped=1 dbg=2 last=346 epoch2=33321 sched_n=0
   way5 valid=1 rrpv=7 epoch=32930 dist=261 prop=1 stamped=1 dbg=3 last=350 epoch2=32930 sched_n=0   <== VICTIM
   way6 valid=1 rrpv=4 epoch=32930 dist=261 prop=1 stamped=1 dbg=3 last=353 epoch2=32930 sched_n=0
   way7 valid=1 rrpv=1 epoch=32930 dist=261 prop=1 stamped=1 dbg=3 last=357 epoch2=32930 sched_n=0
   -> victim=way5 reason=max-rrpv farthest-epoch property
[EVICT L3 pol=ECG:rrip_first curEpoch=32669 set_ways=8]
   way0 valid=1 rrpv=0 epoch=33060 dist=391 prop=1 stamped=1 dbg=1 last=331 epoch2=33060 sched_n=0
   way1 valid=1 rrpv=0 epoch=32930 dist=261 prop=1 stamped=1 dbg=1 last=334 epoch2=32930 sched_n=0
   way2 valid=1 rrpv=0 epoch=32734 dist=65 prop=1 stamped=1 dbg=1 last=337 epoch2=32734 sched_n=0
   way3 valid=1 rrpv=1 epoch=32930 dist=261 prop=1 stamped=1 dbg=2 last=340 epoch2=32930 sched_n=0
   way4 valid=1 rrpv=2 epoch=32930 dist=261 prop=1 stamped=1 dbg=2 last=344 epoch2=32930 sched_n=0
   way5 valid=1 rrpv=7 epoch=32930 dist=261 prop=1 stamped=1 dbg=3 last=360 epoch2=32930 sched_n=0   <== VICTIM
   way6 valid=1 rrpv=3 epoch=31169 dist=64035 prop=1 stamped=1 dbg=3 last=291 epoch2=31169 sched_n=0
   way7 valid=1 rrpv=3 epoch=33060 dist=391 prop=1 stamped=1 dbg=3 last=356 epoch2=33060 sched_n=0
   -> victim=way5 reason=max-rrpv farthest-epoch property
[EVICT L3 pol=ECG:rrip_first curEpoch=32669 set_ways=8]
   way0 valid=1 rrpv=0 epoch=32930 dist=261 prop=1 stamped=1 dbg=1 last=333 epoch2=32930 sched_n=0
   way1 valid=1 rrpv=0 epoch=32865 dist=196 prop=1 stamped=1 dbg=1 last=335 epoch2=32865 sched_n=0
   way2 valid=1 rrpv=1 epoch=32930 dist=261 prop=1 stamped=1 dbg=2 last=339 epoch2=32930 sched_n=0
   way3 valid=1 rrpv=1 epoch=32930 dist=261 prop=1 stamped=1 dbg=2 last=342 epoch2=32930 sched_n=0
   way4 valid=1 rrpv=2 epoch=32930 dist=261 prop=1 stamped=1 dbg=2 last=347 epoch2=32930 sched_n=0
   way5 valid=1 rrpv=7 epoch=32930 dist=261 prop=1 stamped=1 dbg=3 last=351 epoch2=32930 sched_n=0   <== VICTIM
   way6 valid=1 rrpv=3 epoch=33060 dist=391 prop=1 stamped=1 dbg=3 last=354 epoch2=33060 sched_n=0
   way7 valid=1 rrpv=2 epoch=32930 dist=261 prop=1 stamped=1 dbg=3 last=358 epoch2=32930 sched_n=0
   -> victim=way5 reason=max-rrpv farthest-epoch property
[EVICT L3 pol=ECG:rrip_first curEpoch=32669 set_ways=8]
   way0 valid=1 rrpv=0 epoch=31300 dist=64166 prop=1 stamped=1 dbg=1 last=270 epoch2=31300 sched_n=0
   way1 valid=1 rrpv=0 epoch=32800 dist=131 prop=1 stamped=1 dbg=1 last=336 epoch2=32800 sched_n=0
   way2 valid=1 rrpv=4 epoch=31235 dist=64101 prop=1 stamped=1 dbg=2 last=278 epoch2=31235 sched_n=0
   way3 valid=1 rrpv=2 epoch=33060 dist=391 prop=1 stamped=1 dbg=2 last=343 epoch2=33060 sched_n=0
   way4 valid=1 rrpv=3 epoch=31169 dist=64035 prop=1 stamped=1 dbg=3 last=325 epoch2=31169 sched_n=0
   way5 valid=1 rrpv=3 epoch=31169 dist=64035 prop=1 stamped=1 dbg=3 last=289 epoch2=31169 sched_n=0
   way6 valid=1 rrpv=2 epoch=32930 dist=261 prop=1 stamped=1 dbg=3 last=355 epoch2=32930 sched_n=0
   way7 valid=1 rrpv=7 epoch=33060 dist=391 prop=1 stamped=1 dbg=3 last=359 epoch2=33060 sched_n=0   <== VICTIM
   -> victim=way7 reason=max-rrpv farthest-epoch property
[EVICT L3 pol=ECG:rrip_first curEpoch=32669 set_ways=8]
   way0 valid=1 rrpv=0 epoch=33060 dist=391 prop=1 stamped=1 dbg=1 last=331 epoch2=33060 sched_n=0
   way1 valid=1 rrpv=0 epoch=32930 dist=261 prop=1 stamped=1 dbg=1 last=334 epoch2=32930 sched_n=0
   way2 valid=1 rrpv=0 epoch=32734 dist=65 prop=1 stamped=1 dbg=1 last=337 epoch2=32734 sched_n=0
   way3 valid=1 rrpv=1 epoch=32930 dist=261 prop=1 stamped=1 dbg=2 last=340 epoch2=32930 sched_n=0
   way4 valid=1 rrpv=2 epoch=32930 dist=261 prop=1 stamped=1 dbg=2 last=344 epoch2=32930 sched_n=0
   way5 valid=1 rrpv=7 epoch=32930 dist=261 prop=0 stamped=0 dbg=3 last=362 epoch2=32930 sched_n=0   <== VICTIM
   way6 valid=1 rrpv=3 epoch=31169 dist=64035 prop=1 stamped=1 dbg=3 last=291 epoch2=31169 sched_n=0
   way7 valid=1 rrpv=3 epoch=33060 dist=391 prop=1 stamped=1 dbg=3 last=356 epoch2=33060 sched_n=0
   -> victim=way5 reason=max-rrpv record by recency
[EVICT L3 pol=ECG:rrip_first curEpoch=32669 set_ways=8]
   way0 valid=1 rrpv=0 epoch=32930 dist=261 prop=1 stamped=1 dbg=1 last=332 epoch2=32930 sched_n=0
   way1 valid=1 rrpv=0 epoch=31235 dist=64101 prop=1 stamped=1 dbg=1 last=272 epoch2=31235 sched_n=0
   way2 valid=1 rrpv=0 epoch=21323 dist=54189 prop=1 stamped=1 dbg=1 last=198 epoch2=21323 sched_n=0
   way3 valid=1 rrpv=1 epoch=32930 dist=261 prop=1 stamped=1 dbg=2 last=341 epoch2=32930 sched_n=0
   way4 valid=1 rrpv=1 epoch=33321 dist=652 prop=1 stamped=1 dbg=2 last=346 epoch2=33321 sched_n=0
   way5 valid=1 rrpv=7 epoch=32930 dist=261 prop=1 stamped=1 dbg=3 last=361 epoch2=32930 sched_n=0   <== VICTIM
   way6 valid=1 rrpv=4 epoch=32930 dist=261 prop=1 stamped=1 dbg=3 last=353 epoch2=32930 sched_n=0
   way7 valid=1 rrpv=1 epoch=32930 dist=261 prop=1 stamped=1 dbg=3 last=357 epoch2=32930 sched_n=0
   -> victim=way5 reason=max-rrpv farthest-epoch property
[EVICT L3 pol=ECG:rrip_first curEpoch=32669 set_ways=8]
   way0 valid=1 rrpv=0 epoch=32930 dist=261 prop=1 stamped=1 dbg=1 last=333 epoch2=32930 sched_n=0
   way1 valid=1 rrpv=0 epoch=32865 dist=196 prop=1 stamped=1 dbg=1 last=335 epoch2=32865 sched_n=0
   way2 valid=1 rrpv=1 epoch=32930 dist=261 prop=1 stamped=1 dbg=2 last=339 epoch2=32930 sched_n=0
   way3 valid=1 rrpv=1 epoch=32930 dist=261 prop=1 stamped=1 dbg=2 last=342 epoch2=32930 sched_n=0
   way4 valid=1 rrpv=2 epoch=32930 dist=261 prop=1 stamped=1 dbg=2 last=347 epoch2=32930 sched_n=0
   way5 valid=1 rrpv=7 epoch=33517 dist=848 prop=1 stamped=1 dbg=3 last=363 epoch2=33517 sched_n=0   <== VICTIM
   way6 valid=1 rrpv=3 epoch=33060 dist=391 prop=1 stamped=1 dbg=3 last=354 epoch2=33060 sched_n=0
   way7 valid=1 rrpv=2 epoch=32930 dist=261 prop=1 stamped=1 dbg=3 last=358 epoch2=32930 sched_n=0
   -> victim=way5 reason=max-rrpv farthest-epoch property
[EVICT L3 pol=ECG:rrip_first curEpoch=32669 set_ways=8]
   way0 valid=1 rrpv=0 epoch=31300 dist=64166 prop=1 stamped=1 dbg=1 last=270 epoch2=31300 sched_n=0
   way1 valid=1 rrpv=0 epoch=32800 dist=131 prop=1 stamped=1 dbg=1 last=336 epoch2=32800 sched_n=0
   way2 valid=1 rrpv=4 epoch=31235 dist=64101 prop=1 stamped=1 dbg=2 last=278 epoch2=31235 sched_n=0
   way3 valid=1 rrpv=2 epoch=33060 dist=391 prop=1 stamped=1 dbg=2 last=343 epoch2=33060 sched_n=0
   way4 valid=1 rrpv=3 epoch=31169 dist=64035 prop=1 stamped=1 dbg=3 last=325 epoch2=31169 sched_n=0
   way5 valid=1 rrpv=3 epoch=31169 dist=64035 prop=1 stamped=1 dbg=3 last=289 epoch2=31169 sched_n=0
   way6 valid=1 rrpv=2 epoch=32930 dist=261 prop=1 stamped=1 dbg=3 last=355 epoch2=32930 sched_n=0
   way7 valid=1 rrpv=7 epoch=32930 dist=261 prop=1 stamped=1 dbg=3 last=364 epoch2=32930 sched_n=0   <== VICTIM
   -> victim=way7 reason=max-rrpv farthest-epoch property
[EVICT L3 pol=ECG:rrip_first curEpoch=32669 set_ways=8]
   way0 valid=1 rrpv=0 epoch=33060 dist=391 prop=1 stamped=1 dbg=1 last=331 epoch2=33060 sched_n=0
   way1 valid=1 rrpv=0 epoch=32930 dist=261 prop=1 stamped=1 dbg=1 last=334 epoch2=32930 sched_n=0
   way2 valid=1 rrpv=0 epoch=32734 dist=65 prop=1 stamped=1 dbg=1 last=337 epoch2=32734 sched_n=0
   way3 valid=1 rrpv=1 epoch=32930 dist=261 prop=1 stamped=1 dbg=2 last=340 epoch2=32930 sched_n=0
   way4 valid=1 rrpv=2 epoch=32930 dist=261 prop=1 stamped=1 dbg=2 last=344 epoch2=32930 sched_n=0
   way5 valid=1 rrpv=7 epoch=33060 dist=391 prop=1 stamped=1 dbg=3 last=365 epoch2=33060 sched_n=0   <== VICTIM
   way6 valid=1 rrpv=3 epoch=31169 dist=64035 prop=1 stamped=1 dbg=3 last=291 epoch2=31169 sched_n=0
   way7 valid=1 rrpv=3 epoch=33060 dist=391 prop=1 stamped=1 dbg=3 last=356 epoch2=33060 sched_n=0
   -> victim=way5 reason=max-rrpv farthest-epoch property
[EVICT L3 pol=ECG:rrip_first curEpoch=32669 set_ways=8]
   way0 valid=1 rrpv=0 epoch=32930 dist=261 prop=1 stamped=1 dbg=1 last=332 epoch2=32930 sched_n=0
   way1 valid=1 rrpv=0 epoch=31235 dist=64101 prop=1 stamped=1 dbg=1 last=272 epoch2=31235 sched_n=0
   way2 valid=1 rrpv=0 epoch=21323 dist=54189 prop=1 stamped=1 dbg=1 last=198 epoch2=21323 sched_n=0
   way3 valid=1 rrpv=1 epoch=32930 dist=261 prop=1 stamped=1 dbg=2 last=341 epoch2=32930 sched_n=0
   way4 valid=1 rrpv=1 epoch=33321 dist=652 prop=1 stamped=1 dbg=2 last=346 epoch2=33321 sched_n=0
   way5 valid=1 rrpv=7 epoch=32930 dist=261 prop=1 stamped=1 dbg=3 last=366 epoch2=32930 sched_n=0   <== VICTIM
   way6 valid=1 rrpv=4 epoch=32930 dist=261 prop=1 stamped=1 dbg=3 last=353 epoch2=32930 sched_n=0
   way7 valid=1 rrpv=1 epoch=32930 dist=261 prop=1 stamped=1 dbg=3 last=357 epoch2=32930 sched_n=0
   -> victim=way5 reason=max-rrpv farthest-epoch property
[EVICT L3 pol=ECG:rrip_first curEpoch=32669 set_ways=8]
   way0 valid=1 rrpv=0 epoch=32930 dist=261 prop=1 stamped=1 dbg=1 last=333 epoch2=32930 sched_n=0
   way1 valid=1 rrpv=0 epoch=32865 dist=196 prop=1 stamped=1 dbg=1 last=335 epoch2=32865 sched_n=0
   way2 valid=1 rrpv=1 epoch=32930 dist=261 prop=1 stamped=1 dbg=2 last=339 epoch2=32930 sched_n=0
   way3 valid=1 rrpv=1 epoch=32930 dist=261 prop=1 stamped=1 dbg=2 last=342 epoch2=32930 sched_n=0
   way4 valid=1 rrpv=2 epoch=32930 dist=261 prop=1 stamped=1 dbg=2 last=347 epoch2=32930 sched_n=0
   way5 valid=1 rrpv=7 epoch=33060 dist=391 prop=1 stamped=1 dbg=3 last=367 epoch2=33060 sched_n=0   <== VICTIM
   way6 valid=1 rrpv=3 epoch=33060 dist=391 prop=1 stamped=1 dbg=3 last=354 epoch2=33060 sched_n=0
   way7 valid=1 rrpv=2 epoch=32930 dist=261 prop=1 stamped=1 dbg=3 last=358 epoch2=32930 sched_n=0
   -> victim=way5 reason=max-rrpv farthest-epoch property
[EVICT L3 pol=ECG:rrip_first curEpoch=32669 set_ways=8]
   way0 valid=1 rrpv=0 epoch=32930 dist=261 prop=1 stamped=1 dbg=1 last=332 epoch2=32930 sched_n=0
   way1 valid=1 rrpv=0 epoch=31235 dist=64101 prop=1 stamped=1 dbg=1 last=272 epoch2=31235 sched_n=0
   way2 valid=1 rrpv=0 epoch=21323 dist=54189 prop=1 stamped=1 dbg=1 last=198 epoch2=21323 sched_n=0
   way3 valid=1 rrpv=1 epoch=32930 dist=261 prop=1 stamped=1 dbg=2 last=341 epoch2=32930 sched_n=0
   way4 valid=1 rrpv=1 epoch=33321 dist=652 prop=1 stamped=1 dbg=2 last=346 epoch2=33321 sched_n=0
   way5 valid=1 rrpv=7 epoch=32930 dist=261 prop=1 stamped=1 dbg=3 last=370 epoch2=32930 sched_n=0   <== VICTIM
   way6 valid=1 rrpv=4 epoch=32930 dist=261 prop=1 stamped=1 dbg=3 last=353 epoch2=32930 sched_n=0
   way7 valid=1 rrpv=1 epoch=32930 dist=261 prop=1 stamped=1 dbg=3 last=357 epoch2=32930 sched_n=0
   -> victim=way5 reason=max-rrpv farthest-epoch property
[EVICT L3 pol=ECG:rrip_first curEpoch=32669 set_ways=8]
   way0 valid=1 rrpv=0 epoch=31300 dist=64166 prop=1 stamped=1 dbg=1 last=270 epoch2=31300 sched_n=0
   way1 valid=1 rrpv=0 epoch=32800 dist=131 prop=1 stamped=1 dbg=1 last=336 epoch2=32800 sched_n=0
   way2 valid=1 rrpv=4 epoch=31235 dist=64101 prop=1 stamped=1 dbg=2 last=278 epoch2=31235 sched_n=0
   way3 valid=1 rrpv=2 epoch=33060 dist=391 prop=1 stamped=1 dbg=2 last=343 epoch2=33060 sched_n=0
   way4 valid=1 rrpv=3 epoch=31169 dist=64035 prop=1 stamped=1 dbg=3 last=325 epoch2=31169 sched_n=0
   way5 valid=1 rrpv=3 epoch=31169 dist=64035 prop=1 stamped=1 dbg=3 last=289 epoch2=31169 sched_n=0
   way6 valid=1 rrpv=2 epoch=32930 dist=261 prop=1 stamped=1 dbg=3 last=355 epoch2=32930 sched_n=0
   way7 valid=1 rrpv=7 epoch=32930 dist=261 prop=1 stamped=1 dbg=3 last=368 epoch2=32930 sched_n=0   <== VICTIM
   -> victim=way7 reason=max-rrpv farthest-epoch property
[EVICT L3 pol=ECG:rrip_first curEpoch=32669 set_ways=8]
   way0 valid=1 rrpv=0 epoch=33060 dist=391 prop=1 stamped=1 dbg=1 last=331 epoch2=33060 sched_n=0
   way1 valid=1 rrpv=0 epoch=32930 dist=261 prop=1 stamped=1 dbg=1 last=334 epoch2=32930 sched_n=0
   way2 valid=1 rrpv=0 epoch=32734 dist=65 prop=1 stamped=1 dbg=1 last=337 epoch2=32734 sched_n=0
   way3 valid=1 rrpv=1 epoch=32930 dist=261 prop=1 stamped=1 dbg=2 last=340 epoch2=32930 sched_n=0
   way4 valid=1 rrpv=2 epoch=32930 dist=261 prop=1 stamped=1 dbg=2 last=344 epoch2=32930 sched_n=0
   way5 valid=1 rrpv=7 epoch=33256 dist=587 prop=1 stamped=1 dbg=3 last=369 epoch2=33256 sched_n=0   <== VICTIM
   way6 valid=1 rrpv=3 epoch=31169 dist=64035 prop=1 stamped=1 dbg=3 last=291 epoch2=31169 sched_n=0
   way7 valid=1 rrpv=3 epoch=33060 dist=391 prop=1 stamped=1 dbg=3 last=356 epoch2=33060 sched_n=0
   -> victim=way5 reason=max-rrpv farthest-epoch property
[EVICT L3 pol=ECG:rrip_first curEpoch=32669 set_ways=8]
   way0 valid=1 rrpv=0 epoch=32930 dist=261 prop=1 stamped=1 dbg=1 last=332 epoch2=32930 sched_n=0
   way1 valid=1 rrpv=0 epoch=31235 dist=64101 prop=1 stamped=1 dbg=1 last=272 epoch2=31235 sched_n=0
   way2 valid=1 rrpv=0 epoch=21323 dist=54189 prop=1 stamped=1 dbg=1 last=198 epoch2=21323 sched_n=0
   way3 valid=1 rrpv=1 epoch=32930 dist=261 prop=1 stamped=1 dbg=2 last=341 epoch2=32930 sched_n=0
   way4 valid=1 rrpv=1 epoch=33321 dist=652 prop=1 stamped=1 dbg=2 last=346 epoch2=33321 sched_n=0
   way5 valid=1 rrpv=7 epoch=32930 dist=261 prop=0 stamped=0 dbg=3 last=372 epoch2=32930 sched_n=0   <== VICTIM
   way6 valid=1 rrpv=4 epoch=32930 dist=261 prop=1 stamped=1 dbg=3 last=353 epoch2=32930 sched_n=0
   way7 valid=1 rrpv=1 epoch=32930 dist=261 prop=1 stamped=1 dbg=3 last=357 epoch2=32930 sched_n=0
   -> victim=way5 reason=max-rrpv record by recency
[EVICT L3 pol=ECG:rrip_first curEpoch=32669 set_ways=8]
   way0 valid=1 rrpv=0 epoch=32930 dist=261 prop=1 stamped=1 dbg=1 last=333 epoch2=32930 sched_n=0
   way1 valid=1 rrpv=0 epoch=32865 dist=196 prop=1 stamped=1 dbg=1 last=335 epoch2=32865 sched_n=0
   way2 valid=1 rrpv=1 epoch=32930 dist=261 prop=1 stamped=1 dbg=2 last=339 epoch2=32930 sched_n=0
   way3 valid=1 rrpv=1 epoch=32930 dist=261 prop=1 stamped=1 dbg=2 last=342 epoch2=32930 sched_n=0
   way4 valid=1 rrpv=2 epoch=32930 dist=261 prop=1 stamped=1 dbg=2 last=347 epoch2=32930 sched_n=0
   way5 valid=1 rrpv=7 epoch=34299 dist=1630 prop=1 stamped=1 dbg=3 last=371 epoch2=34299 sched_n=0   <== VICTIM
   way6 valid=1 rrpv=3 epoch=33060 dist=391 prop=1 stamped=1 dbg=3 last=354 epoch2=33060 sched_n=0
   way7 valid=1 rrpv=2 epoch=32930 dist=261 prop=1 stamped=1 dbg=3 last=358 epoch2=32930 sched_n=0
   -> victim=way5 reason=max-rrpv farthest-epoch property
[EVICT L3 pol=ECG:rrip_first curEpoch=32669 set_ways=8]
   way0 valid=1 rrpv=0 epoch=31300 dist=64166 prop=1 stamped=1 dbg=1 last=270 epoch2=31300 sched_n=0
   way1 valid=1 rrpv=0 epoch=32800 dist=131 prop=1 stamped=1 dbg=1 last=336 epoch2=32800 sched_n=0
   way2 valid=1 rrpv=4 epoch=31235 dist=64101 prop=1 stamped=1 dbg=2 last=278 epoch2=31235 sched_n=0
   way3 valid=1 rrpv=2 epoch=33060 dist=391 prop=1 stamped=1 dbg=2 last=343 epoch2=33060 sched_n=0
   way4 valid=1 rrpv=3 epoch=31169 dist=64035 prop=1 stamped=1 dbg=3 last=325 epoch2=31169 sched_n=0
   way5 valid=1 rrpv=3 epoch=31169 dist=64035 prop=1 stamped=1 dbg=3 last=289 epoch2=31169 sched_n=0
   way6 valid=1 rrpv=2 epoch=32930 dist=261 prop=1 stamped=1 dbg=3 last=355 epoch2=32930 sched_n=0
   way7 valid=1 rrpv=7 epoch=32930 dist=261 prop=1 stamped=1 dbg=3 last=373 epoch2=32930 sched_n=0   <== VICTIM
   -> victim=way7 reason=max-rrpv farthest-epoch property
[EVICT L3 pol=ECG:rrip_first curEpoch=32669 set_ways=8]
   way0 valid=1 rrpv=0 epoch=32930 dist=261 prop=1 stamped=1 dbg=1 last=332 epoch2=32930 sched_n=0
   way1 valid=1 rrpv=0 epoch=31235 dist=64101 prop=1 stamped=1 dbg=1 last=272 epoch2=31235 sched_n=0
   way2 valid=1 rrpv=0 epoch=21323 dist=54189 prop=1 stamped=1 dbg=1 last=198 epoch2=21323 sched_n=0
   way3 valid=1 rrpv=1 epoch=32930 dist=261 prop=1 stamped=1 dbg=2 last=341 epoch2=32930 sched_n=0
   way4 valid=1 rrpv=1 epoch=33321 dist=652 prop=1 stamped=1 dbg=2 last=346 epoch2=33321 sched_n=0
   way5 valid=1 rrpv=7 epoch=32930 dist=261 prop=1 stamped=1 dbg=3 last=375 epoch2=32930 sched_n=0   <== VICTIM
   way6 valid=1 rrpv=4 epoch=32930 dist=261 prop=1 stamped=1 dbg=3 last=353 epoch2=32930 sched_n=0
   way7 valid=1 rrpv=1 epoch=32930 dist=261 prop=1 stamped=1 dbg=3 last=357 epoch2=32930 sched_n=0
   -> victim=way5 reason=max-rrpv farthest-epoch property
[EVICT L3 pol=ECG:rrip_first curEpoch=32669 set_ways=8]
   way0 valid=1 rrpv=0 epoch=32930 dist=261 prop=1 stamped=1 dbg=1 last=333 epoch2=32930 sched_n=0
   way1 valid=1 rrpv=0 epoch=32865 dist=196 prop=1 stamped=1 dbg=1 last=335 epoch2=32865 sched_n=0
   way2 valid=1 rrpv=1 epoch=32930 dist=261 prop=1 stamped=1 dbg=2 last=339 epoch2=32930 sched_n=0
   way3 valid=1 rrpv=1 epoch=32930 dist=261 prop=1 stamped=1 dbg=2 last=342 epoch2=32930 sched_n=0
   way4 valid=1 rrpv=2 epoch=32930 dist=261 prop=1 stamped=1 dbg=2 last=347 epoch2=32930 sched_n=0
   way5 valid=1 rrpv=7 epoch=33256 dist=587 prop=1 stamped=1 dbg=3 last=376 epoch2=33256 sched_n=0   <== VICTIM
   way6 valid=1 rrpv=3 epoch=33060 dist=391 prop=1 stamped=1 dbg=3 last=354 epoch2=33060 sched_n=0
   way7 valid=1 rrpv=2 epoch=32930 dist=261 prop=1 stamped=1 dbg=3 last=358 epoch2=32930 sched_n=0
   -> victim=way5 reason=max-rrpv farthest-epoch property
[EVICT L3 pol=ECG:rrip_first curEpoch=32669 set_ways=8]
   way0 valid=1 rrpv=0 epoch=31300 dist=64166 prop=1 stamped=1 dbg=1 last=270 epoch2=31300 sched_n=0
   way1 valid=1 rrpv=0 epoch=32800 dist=131 prop=1 stamped=1 dbg=1 last=336 epoch2=32800 sched_n=0
   way2 valid=1 rrpv=4 epoch=31235 dist=64101 prop=1 stamped=1 dbg=2 last=278 epoch2=31235 sched_n=0
   way3 valid=1 rrpv=2 epoch=33060 dist=391 prop=1 stamped=1 dbg=2 last=343 epoch2=33060 sched_n=0
   way4 valid=1 rrpv=3 epoch=31169 dist=64035 prop=1 stamped=1 dbg=3 last=325 epoch2=31169 sched_n=0
   way5 valid=1 rrpv=3 epoch=31169 dist=64035 prop=1 stamped=1 dbg=3 last=289 epoch2=31169 sched_n=0
   way6 valid=1 rrpv=2 epoch=32930 dist=261 prop=1 stamped=1 dbg=3 last=355 epoch2=32930 sched_n=0
   way7 valid=1 rrpv=7 epoch=32930 dist=261 prop=1 stamped=1 dbg=3 last=377 epoch2=32930 sched_n=0   <== VICTIM
   -> victim=way7 reason=max-rrpv farthest-epoch property
[EVICT L3 pol=ECG:rrip_first curEpoch=32669 set_ways=8]
   way0 valid=1 rrpv=0 epoch=32930 dist=261 prop=1 stamped=1 dbg=1 last=333 epoch2=32930 sched_n=0
   way1 valid=1 rrpv=0 epoch=32865 dist=196 prop=1 stamped=1 dbg=1 last=335 epoch2=32865 sched_n=0
   way2 valid=1 rrpv=1 epoch=32930 dist=261 prop=1 stamped=1 dbg=2 last=339 epoch2=32930 sched_n=0
   way3 valid=1 rrpv=1 epoch=32930 dist=261 prop=1 stamped=1 dbg=2 last=342 epoch2=32930 sched_n=0
   way4 valid=1 rrpv=2 epoch=32930 dist=261 prop=1 stamped=1 dbg=2 last=347 epoch2=32930 sched_n=0
   way5 valid=1 rrpv=7 epoch=32930 dist=261 prop=1 stamped=1 dbg=3 last=379 epoch2=32930 sched_n=0   <== VICTIM
   way6 valid=1 rrpv=3 epoch=33060 dist=391 prop=1 stamped=1 dbg=3 last=354 epoch2=33060 sched_n=0
   way7 valid=1 rrpv=2 epoch=32930 dist=261 prop=1 stamped=1 dbg=3 last=358 epoch2=32930 sched_n=0
   -> victim=way5 reason=max-rrpv farthest-epoch property
[EVICT L3 pol=ECG:rrip_first curEpoch=32669 set_ways=8]
   way0 valid=1 rrpv=0 epoch=32930 dist=261 prop=1 stamped=1 dbg=1 last=332 epoch2=32930 sched_n=0
   way1 valid=1 rrpv=0 epoch=31235 dist=64101 prop=1 stamped=1 dbg=1 last=272 epoch2=31235 sched_n=0
   way2 valid=1 rrpv=0 epoch=21323 dist=54189 prop=1 stamped=1 dbg=1 last=198 epoch2=21323 sched_n=0
   way3 valid=1 rrpv=1 epoch=32930 dist=261 prop=1 stamped=1 dbg=2 last=341 epoch2=32930 sched_n=0
   way4 valid=1 rrpv=1 epoch=33321 dist=652 prop=1 stamped=1 dbg=2 last=346 epoch2=33321 sched_n=0
   way5 valid=1 rrpv=7 epoch=32930 dist=261 prop=1 stamped=1 dbg=3 last=378 epoch2=32930 sched_n=0   <== VICTIM
   way6 valid=1 rrpv=4 epoch=32930 dist=261 prop=1 stamped=1 dbg=3 last=353 epoch2=32930 sched_n=0
   way7 valid=1 rrpv=1 epoch=32930 dist=261 prop=1 stamped=1 dbg=3 last=357 epoch2=32930 sched_n=0
   -> victim=way5 reason=max-rrpv farthest-epoch property
[EVICT L3 pol=ECG:rrip_first curEpoch=32669 set_ways=8]
   way0 valid=1 rrpv=0 epoch=32930 dist=261 prop=1 stamped=1 dbg=1 last=333 epoch2=32930 sched_n=0
   way1 valid=1 rrpv=0 epoch=32865 dist=196 prop=1 stamped=1 dbg=1 last=335 epoch2=32865 sched_n=0
   way2 valid=1 rrpv=1 epoch=32930 dist=261 prop=1 stamped=1 dbg=2 last=339 epoch2=32930 sched_n=0
   way3 valid=1 rrpv=1 epoch=32930 dist=261 prop=1 stamped=1 dbg=2 last=342 epoch2=32930 sched_n=0
   way4 valid=1 rrpv=2 epoch=32930 dist=261 prop=1 stamped=1 dbg=2 last=347 epoch2=32930 sched_n=0
   way5 valid=1 rrpv=7 epoch=32930 dist=261 prop=0 stamped=0 dbg=3 last=381 epoch2=32930 sched_n=0   <== VICTIM
   way6 valid=1 rrpv=3 epoch=33060 dist=391 prop=1 stamped=1 dbg=3 last=354 epoch2=33060 sched_n=0
   way7 valid=1 rrpv=2 epoch=32930 dist=261 prop=1 stamped=1 dbg=3 last=358 epoch2=32930 sched_n=0
   -> victim=way5 reason=max-rrpv record by recency
[EVICT L3 pol=ECG:rrip_first curEpoch=32669 set_ways=8]
   way0 valid=1 rrpv=0 epoch=31300 dist=64166 prop=1 stamped=1 dbg=1 last=270 epoch2=31300 sched_n=0
   way1 valid=1 rrpv=0 epoch=32800 dist=131 prop=1 stamped=1 dbg=1 last=336 epoch2=32800 sched_n=0
   way2 valid=1 rrpv=4 epoch=31235 dist=64101 prop=1 stamped=1 dbg=2 last=278 epoch2=31235 sched_n=0
   way3 valid=1 rrpv=2 epoch=33060 dist=391 prop=1 stamped=1 dbg=2 last=343 epoch2=33060 sched_n=0
   way4 valid=1 rrpv=3 epoch=31169 dist=64035 prop=1 stamped=1 dbg=3 last=325 epoch2=31169 sched_n=0
   way5 valid=1 rrpv=3 epoch=31169 dist=64035 prop=1 stamped=1 dbg=3 last=289 epoch2=31169 sched_n=0
   way6 valid=1 rrpv=2 epoch=32930 dist=261 prop=1 stamped=1 dbg=3 last=355 epoch2=32930 sched_n=0
   way7 valid=1 rrpv=7 epoch=32800 dist=131 prop=1 stamped=1 dbg=3 last=380 epoch2=32800 sched_n=0   <== VICTIM
   -> victim=way7 reason=max-rrpv farthest-epoch property
[EVICT L3 pol=ECG:rrip_first curEpoch=32669 set_ways=8]
   way0 valid=1 rrpv=0 epoch=33060 dist=391 prop=1 stamped=1 dbg=1 last=331 epoch2=33060 sched_n=0
   way1 valid=1 rrpv=0 epoch=32930 dist=261 prop=1 stamped=1 dbg=1 last=334 epoch2=32930 sched_n=0
   way2 valid=1 rrpv=0 epoch=32734 dist=65 prop=1 stamped=1 dbg=1 last=337 epoch2=32734 sched_n=0
   way3 valid=1 rrpv=1 epoch=32930 dist=261 prop=1 stamped=1 dbg=2 last=340 epoch2=32930 sched_n=0
   way4 valid=1 rrpv=2 epoch=32930 dist=261 prop=1 stamped=1 dbg=2 last=344 epoch2=32930 sched_n=0
   way5 valid=1 rrpv=7 epoch=33256 dist=587 prop=1 stamped=1 dbg=3 last=374 epoch2=33256 sched_n=0   <== VICTIM
   way6 valid=1 rrpv=3 epoch=31169 dist=64035 prop=1 stamped=1 dbg=3 last=291 epoch2=31169 sched_n=0
   way7 valid=1 rrpv=3 epoch=33060 dist=391 prop=1 stamped=1 dbg=3 last=356 epoch2=33060 sched_n=0
   -> victim=way5 reason=max-rrpv farthest-epoch property
[EVICT L3 pol=ECG:rrip_first curEpoch=32669 set_ways=8]
   way0 valid=1 rrpv=0 epoch=32930 dist=261 prop=1 stamped=1 dbg=1 last=332 epoch2=32930 sched_n=0
   way1 valid=1 rrpv=0 epoch=31235 dist=64101 prop=1 stamped=1 dbg=1 last=272 epoch2=31235 sched_n=0
   way2 valid=1 rrpv=0 epoch=21323 dist=54189 prop=1 stamped=1 dbg=1 last=198 epoch2=21323 sched_n=0
   way3 valid=1 rrpv=1 epoch=32930 dist=261 prop=1 stamped=1 dbg=2 last=341 epoch2=32930 sched_n=0
   way4 valid=1 rrpv=1 epoch=33321 dist=652 prop=1 stamped=1 dbg=2 last=346 epoch2=33321 sched_n=0
   way5 valid=1 rrpv=7 epoch=33191 dist=522 prop=1 stamped=1 dbg=3 last=382 epoch2=33191 sched_n=0   <== VICTIM
   way6 valid=1 rrpv=4 epoch=32930 dist=261 prop=1 stamped=1 dbg=3 last=353 epoch2=32930 sched_n=0
   way7 valid=1 rrpv=1 epoch=32930 dist=261 prop=1 stamped=1 dbg=3 last=357 epoch2=32930 sched_n=0
   -> victim=way5 reason=max-rrpv farthest-epoch property
[EVICT L3 pol=ECG:rrip_first curEpoch=32669 set_ways=8]
   way0 valid=1 rrpv=0 epoch=32930 dist=261 prop=1 stamped=1 dbg=1 last=333 epoch2=32930 sched_n=0
   way1 valid=1 rrpv=0 epoch=32865 dist=196 prop=1 stamped=1 dbg=1 last=335 epoch2=32865 sched_n=0
   way2 valid=1 rrpv=1 epoch=32930 dist=261 prop=1 stamped=1 dbg=2 last=339 epoch2=32930 sched_n=0
   way3 valid=1 rrpv=1 epoch=32930 dist=261 prop=1 stamped=1 dbg=2 last=342 epoch2=32930 sched_n=0
   way4 valid=1 rrpv=2 epoch=32930 dist=261 prop=1 stamped=1 dbg=2 last=347 epoch2=32930 sched_n=0
   way5 valid=1 rrpv=7 epoch=33060 dist=391 prop=1 stamped=1 dbg=3 last=383 epoch2=33060 sched_n=0   <== VICTIM
   way6 valid=1 rrpv=3 epoch=33060 dist=391 prop=1 stamped=1 dbg=3 last=354 epoch2=33060 sched_n=0
   way7 valid=1 rrpv=2 epoch=32930 dist=261 prop=1 stamped=1 dbg=3 last=358 epoch2=32930 sched_n=0
   -> victim=way5 reason=max-rrpv farthest-epoch property
[EVICT L3 pol=ECG:rrip_first curEpoch=32669 set_ways=8]
   way0 valid=1 rrpv=0 epoch=31300 dist=64166 prop=1 stamped=1 dbg=1 last=270 epoch2=31300 sched_n=0
   way1 valid=1 rrpv=0 epoch=32800 dist=131 prop=1 stamped=1 dbg=1 last=336 epoch2=32800 sched_n=0
   way2 valid=1 rrpv=4 epoch=31235 dist=64101 prop=1 stamped=1 dbg=2 last=278 epoch2=31235 sched_n=0
   way3 valid=1 rrpv=2 epoch=33060 dist=391 prop=1 stamped=1 dbg=2 last=343 epoch2=33060 sched_n=0
   way4 valid=1 rrpv=2 epoch=32995 dist=326 prop=1 stamped=1 dbg=3 last=388 epoch2=32995 sched_n=0
   way5 valid=1 rrpv=3 epoch=31169 dist=64035 prop=1 stamped=1 dbg=3 last=289 epoch2=31169 sched_n=0
   way6 valid=1 rrpv=2 epoch=32930 dist=261 prop=1 stamped=1 dbg=3 last=355 epoch2=32930 sched_n=0
   way7 valid=1 rrpv=7 epoch=32800 dist=131 prop=1 stamped=1 dbg=3 last=384 epoch2=32800 sched_n=0   <== VICTIM
   -> victim=way7 reason=max-rrpv farthest-epoch property
[EVICT L3 pol=ECG:rrip_first curEpoch=32669 set_ways=8]
   way0 valid=1 rrpv=0 epoch=33060 dist=391 prop=1 stamped=1 dbg=1 last=331 epoch2=33060 sched_n=0
   way1 valid=1 rrpv=0 epoch=32930 dist=261 prop=1 stamped=1 dbg=1 last=334 epoch2=32930 sched_n=0
   way2 valid=1 rrpv=0 epoch=32734 dist=65 prop=1 stamped=1 dbg=1 last=337 epoch2=32734 sched_n=0
   way3 valid=1 rrpv=1 epoch=32930 dist=261 prop=1 stamped=1 dbg=2 last=340 epoch2=32930 sched_n=0
   way4 valid=1 rrpv=2 epoch=32930 dist=261 prop=1 stamped=1 dbg=2 last=344 epoch2=32930 sched_n=0
   way5 valid=1 rrpv=7 epoch=32930 dist=261 prop=1 stamped=1 dbg=3 last=385 epoch2=32930 sched_n=0   <== VICTIM
   way6 valid=1 rrpv=3 epoch=31169 dist=64035 prop=1 stamped=1 dbg=3 last=291 epoch2=31169 sched_n=0
   way7 valid=1 rrpv=3 epoch=33060 dist=391 prop=1 stamped=1 dbg=3 last=356 epoch2=33060 sched_n=0
   -> victim=way5 reason=max-rrpv farthest-epoch property
[EVICT L3 pol=ECG:rrip_first curEpoch=32669 set_ways=8]
   way0 valid=1 rrpv=0 epoch=32930 dist=261 prop=1 stamped=1 dbg=1 last=332 epoch2=32930 sched_n=0
   way1 valid=1 rrpv=0 epoch=31235 dist=64101 prop=1 stamped=1 dbg=1 last=272 epoch2=31235 sched_n=0
   way2 valid=1 rrpv=0 epoch=21323 dist=54189 prop=1 stamped=1 dbg=1 last=198 epoch2=21323 sched_n=0
   way3 valid=1 rrpv=1 epoch=32930 dist=261 prop=1 stamped=1 dbg=2 last=341 epoch2=32930 sched_n=0
   way4 valid=1 rrpv=1 epoch=33321 dist=652 prop=1 stamped=1 dbg=2 last=346 epoch2=33321 sched_n=0
   way5 valid=1 rrpv=7 epoch=32930 dist=261 prop=1 stamped=1 dbg=3 last=386 epoch2=32930 sched_n=0   <== VICTIM
   way6 valid=1 rrpv=4 epoch=32930 dist=261 prop=1 stamped=1 dbg=3 last=353 epoch2=32930 sched_n=0
   way7 valid=1 rrpv=1 epoch=32930 dist=261 prop=1 stamped=1 dbg=3 last=357 epoch2=32930 sched_n=0
   -> victim=way5 reason=max-rrpv farthest-epoch property
[EVICT L3 pol=ECG:rrip_first curEpoch=32669 set_ways=8]
   way0 valid=1 rrpv=0 epoch=32930 dist=261 prop=1 stamped=1 dbg=1 last=333 epoch2=32930 sched_n=0
   way1 valid=1 rrpv=0 epoch=32865 dist=196 prop=1 stamped=1 dbg=1 last=335 epoch2=32865 sched_n=0
   way2 valid=1 rrpv=1 epoch=32930 dist=261 prop=1 stamped=1 dbg=2 last=339 epoch2=32930 sched_n=0
   way3 valid=1 rrpv=1 epoch=32930 dist=261 prop=1 stamped=1 dbg=2 last=342 epoch2=32930 sched_n=0
   way4 valid=1 rrpv=2 epoch=32930 dist=261 prop=1 stamped=1 dbg=2 last=347 epoch2=32930 sched_n=0
   way5 valid=1 rrpv=7 epoch=32930 dist=261 prop=1 stamped=1 dbg=3 last=387 epoch2=32930 sched_n=0   <== VICTIM
   way6 valid=1 rrpv=3 epoch=33060 dist=391 prop=1 stamped=1 dbg=3 last=354 epoch2=33060 sched_n=0
   way7 valid=1 rrpv=2 epoch=32930 dist=261 prop=1 stamped=1 dbg=3 last=358 epoch2=32930 sched_n=0
   -> victim=way5 reason=max-rrpv farthest-epoch property
[EVICT L3 pol=ECG:rrip_first curEpoch=39321 set_ways=8]
   way0 valid=1 rrpv=0 epoch=32930 dist=59144 prop=1 stamped=1 dbg=1 last=332 epoch2=32930 sched_n=0
   way1 valid=1 rrpv=0 epoch=31235 dist=57449 prop=1 stamped=1 dbg=1 last=272 epoch2=31235 sched_n=0
   way2 valid=1 rrpv=0 epoch=21323 dist=47537 prop=1 stamped=1 dbg=1 last=198 epoch2=21323 sched_n=0
   way3 valid=1 rrpv=1 epoch=32930 dist=59144 prop=1 stamped=1 dbg=2 last=341 epoch2=32930 sched_n=0
   way4 valid=1 rrpv=1 epoch=33321 dist=59535 prop=1 stamped=1 dbg=2 last=346 epoch2=33321 sched_n=0
   way5 valid=1 rrpv=7 epoch=32930 dist=59144 prop=1 stamped=1 dbg=3 last=391 epoch2=32930 sched_n=0   <== VICTIM
   way6 valid=1 rrpv=4 epoch=32930 dist=59144 prop=1 stamped=1 dbg=3 last=353 epoch2=32930 sched_n=0
   way7 valid=1 rrpv=1 epoch=32930 dist=59144 prop=1 stamped=1 dbg=3 last=357 epoch2=32930 sched_n=0
   -> victim=way5 reason=max-rrpv farthest-epoch property
[EVICT L3 pol=ECG:rrip_first curEpoch=39321 set_ways=8]
   way0 valid=1 rrpv=0 epoch=32930 dist=59144 prop=1 stamped=1 dbg=1 last=333 epoch2=32930 sched_n=0
   way1 valid=1 rrpv=0 epoch=32865 dist=59079 prop=1 stamped=1 dbg=1 last=335 epoch2=32865 sched_n=0
   way2 valid=1 rrpv=1 epoch=32930 dist=59144 prop=1 stamped=1 dbg=2 last=339 epoch2=32930 sched_n=0
   way3 valid=1 rrpv=1 epoch=32930 dist=59144 prop=1 stamped=1 dbg=2 last=342 epoch2=32930 sched_n=0
   way4 valid=1 rrpv=2 epoch=32930 dist=59144 prop=1 stamped=1 dbg=2 last=347 epoch2=32930 sched_n=0
   way5 valid=1 rrpv=7 epoch=32930 dist=59144 prop=1 stamped=1 dbg=3 last=392 epoch2=32930 sched_n=0   <== VICTIM
   way6 valid=1 rrpv=3 epoch=33060 dist=59274 prop=1 stamped=1 dbg=3 last=354 epoch2=33060 sched_n=0
   way7 valid=1 rrpv=2 epoch=32930 dist=59144 prop=1 stamped=1 dbg=3 last=358 epoch2=32930 sched_n=0
   -> victim=way5 reason=max-rrpv farthest-epoch property
[EVICT L3 pol=ECG:rrip_first curEpoch=39321 set_ways=8]
   way0 valid=1 rrpv=0 epoch=39581 dist=260 prop=1 stamped=1 dbg=1 last=398 epoch2=39581 sched_n=0
   way1 valid=1 rrpv=0 epoch=39451 dist=130 prop=1 stamped=1 dbg=1 last=402 epoch2=39451 sched_n=0
   way2 valid=1 rrpv=4 epoch=31235 dist=57449 prop=1 stamped=1 dbg=2 last=278 epoch2=31235 sched_n=0
   way3 valid=1 rrpv=2 epoch=33060 dist=59274 prop=1 stamped=1 dbg=2 last=343 epoch2=33060 sched_n=0
   way4 valid=1 rrpv=2 epoch=32995 dist=59209 prop=1 stamped=1 dbg=3 last=388 epoch2=32995 sched_n=0
   way5 valid=1 rrpv=3 epoch=31169 dist=57383 prop=1 stamped=1 dbg=3 last=289 epoch2=31169 sched_n=0
   way6 valid=1 rrpv=2 epoch=32930 dist=59144 prop=1 stamped=1 dbg=3 last=355 epoch2=32930 sched_n=0
   way7 valid=1 rrpv=7 epoch=32800 dist=59014 prop=0 stamped=0 dbg=3 last=389 epoch2=32800 sched_n=0   <== VICTIM
   -> victim=way7 reason=max-rrpv record by recency
[EVICT L3 pol=ECG:rrip_first curEpoch=39321 set_ways=8]
   way0 valid=1 rrpv=0 epoch=39386 dist=65 prop=1 stamped=1 dbg=1 last=394 epoch2=39386 sched_n=0
   way1 valid=1 rrpv=0 epoch=39516 dist=195 prop=1 stamped=1 dbg=1 last=399 epoch2=39516 sched_n=0
   way2 valid=1 rrpv=0 epoch=39516 dist=195 prop=1 stamped=1 dbg=1 last=404 epoch2=39516 sched_n=0
   way3 valid=1 rrpv=1 epoch=32930 dist=59144 prop=1 stamped=1 dbg=2 last=340 epoch2=32930 sched_n=0
   way4 valid=1 rrpv=2 epoch=32930 dist=59144 prop=1 stamped=1 dbg=2 last=344 epoch2=32930 sched_n=0
   way5 valid=1 rrpv=7 epoch=33060 dist=59274 prop=1 stamped=1 dbg=3 last=390 epoch2=33060 sched_n=0   <== VICTIM
   way6 valid=1 rrpv=3 epoch=31169 dist=57383 prop=1 stamped=1 dbg=3 last=291 epoch2=31169 sched_n=0
   way7 valid=1 rrpv=3 epoch=33060 dist=59274 prop=1 stamped=1 dbg=3 last=356 epoch2=33060 sched_n=0
   -> victim=way5 reason=max-rrpv farthest-epoch property
[EVICT L3 pol=ECG:rrip_first curEpoch=39321 set_ways=8]
   way0 valid=1 rrpv=0 epoch=39516 dist=195 prop=1 stamped=1 dbg=1 last=395 epoch2=39516 sched_n=0
   way1 valid=1 rrpv=0 epoch=39451 dist=130 prop=1 stamped=1 dbg=1 last=400 epoch2=39451 sched_n=0
   way2 valid=1 rrpv=0 epoch=39581 dist=260 prop=1 stamped=1 dbg=1 last=405 epoch2=39581 sched_n=0
   way3 valid=1 rrpv=0 epoch=39516 dist=195 prop=1 stamped=1 dbg=2 last=410 epoch2=39516 sched_n=0
   way4 valid=1 rrpv=0 epoch=39516 dist=195 prop=1 stamped=1 dbg=2 last=413 epoch2=39516 sched_n=0
   way5 valid=1 rrpv=7 epoch=32930 dist=59144 prop=0 stamped=0 dbg=3 last=393 epoch2=32930 sched_n=0   <== VICTIM
   way6 valid=1 rrpv=4 epoch=32930 dist=59144 prop=1 stamped=1 dbg=3 last=353 epoch2=32930 sched_n=0
   way7 valid=1 rrpv=1 epoch=32930 dist=59144 prop=1 stamped=1 dbg=3 last=357 epoch2=32930 sched_n=0
   -> victim=way5 reason=max-rrpv record by recency
[EVICT L3 pol=ECG:rrip_first curEpoch=39321 set_ways=8]
   way0 valid=1 rrpv=0 epoch=39581 dist=260 prop=1 stamped=1 dbg=1 last=398 epoch2=39581 sched_n=0
   way1 valid=1 rrpv=0 epoch=39451 dist=130 prop=1 stamped=1 dbg=1 last=402 epoch2=39451 sched_n=0
   way2 valid=1 rrpv=3 epoch=39581 dist=260 prop=1 stamped=1 dbg=2 last=407 epoch2=39581 sched_n=0
   way3 valid=1 rrpv=2 epoch=33060 dist=59274 prop=1 stamped=1 dbg=2 last=343 epoch2=33060 sched_n=0
   way4 valid=1 rrpv=2 epoch=32995 dist=59209 prop=1 stamped=1 dbg=3 last=388 epoch2=32995 sched_n=0
   way5 valid=1 rrpv=3 epoch=31169 dist=57383 prop=1 stamped=1 dbg=3 last=289 epoch2=31169 sched_n=0
   way6 valid=1 rrpv=2 epoch=32930 dist=59144 prop=1 stamped=1 dbg=3 last=355 epoch2=32930 sched_n=0
   way7 valid=1 rrpv=7 epoch=32800 dist=59014 prop=0 stamped=0 dbg=3 last=403 epoch2=32800 sched_n=0   <== VICTIM
   -> victim=way7 reason=max-rrpv record by recency
[EVICT L3 pol=ECG:rrip_first curEpoch=39321 set_ways=8]
   way0 valid=1 rrpv=0 epoch=39386 dist=65 prop=1 stamped=1 dbg=1 last=394 epoch2=39386 sched_n=0
   way1 valid=1 rrpv=0 epoch=39516 dist=195 prop=1 stamped=1 dbg=1 last=399 epoch2=39516 sched_n=0
   way2 valid=1 rrpv=0 epoch=39516 dist=195 prop=1 stamped=1 dbg=1 last=404 epoch2=39516 sched_n=0
   way3 valid=1 rrpv=0 epoch=39451 dist=130 prop=1 stamped=1 dbg=2 last=409 epoch2=39451 sched_n=0
   way4 valid=1 rrpv=1 epoch=39581 dist=260 prop=1 stamped=1 dbg=2 last=412 epoch2=39581 sched_n=0
   way5 valid=1 rrpv=7 epoch=33060 dist=59274 prop=0 stamped=0 dbg=3 last=408 epoch2=33060 sched_n=0   <== VICTIM
   way6 valid=1 rrpv=3 epoch=31169 dist=57383 prop=1 stamped=1 dbg=3 last=291 epoch2=31169 sched_n=0
   way7 valid=1 rrpv=3 epoch=33060 dist=59274 prop=1 stamped=1 dbg=3 last=356 epoch2=33060 sched_n=0
   -> victim=way5 reason=max-rrpv record by recency
[EVICT L3 pol=ECG:rrip_first curEpoch=39321 set_ways=8]
   way0 valid=1 rrpv=0 epoch=39516 dist=195 prop=1 stamped=1 dbg=1 last=395 epoch2=39516 sched_n=0
   way1 valid=1 rrpv=0 epoch=39451 dist=130 prop=1 stamped=1 dbg=1 last=400 epoch2=39451 sched_n=0
   way2 valid=1 rrpv=0 epoch=39581 dist=260 prop=1 stamped=1 dbg=1 last=405 epoch2=39581 sched_n=0
   way3 valid=1 rrpv=0 epoch=39516 dist=195 prop=1 stamped=1 dbg=2 last=410 epoch2=39516 sched_n=0
   way4 valid=1 rrpv=0 epoch=39516 dist=195 prop=1 stamped=1 dbg=2 last=413 epoch2=39516 sched_n=0
   way5 valid=1 rrpv=7 epoch=32930 dist=59144 prop=0 stamped=0 dbg=3 last=415 epoch2=32930 sched_n=0   <== VICTIM
   way6 valid=1 rrpv=4 epoch=32930 dist=59144 prop=1 stamped=1 dbg=3 last=353 epoch2=32930 sched_n=0
   way7 valid=1 rrpv=1 epoch=32930 dist=59144 prop=1 stamped=1 dbg=3 last=357 epoch2=32930 sched_n=0
   -> victim=way5 reason=max-rrpv record by recency
[EVICT L3 pol=ECG:rrip_first curEpoch=39321 set_ways=8]
   way0 valid=1 rrpv=0 epoch=39451 dist=130 prop=1 stamped=1 dbg=1 last=397 epoch2=39451 sched_n=0
   way1 valid=1 rrpv=0 epoch=39581 dist=260 prop=1 stamped=1 dbg=1 last=401 epoch2=39581 sched_n=0
   way2 valid=1 rrpv=0 epoch=39516 dist=195 prop=1 stamped=1 dbg=2 last=406 epoch2=39516 sched_n=0
   way3 valid=1 rrpv=0 epoch=39451 dist=130 prop=1 stamped=1 dbg=2 last=411 epoch2=39451 sched_n=0
   way4 valid=1 rrpv=1 epoch=39516 dist=195 prop=1 stamped=1 dbg=2 last=414 epoch2=39516 sched_n=0
   way5 valid=1 rrpv=7 epoch=32930 dist=59144 prop=0 stamped=0 dbg=3 last=396 epoch2=32930 sched_n=0   <== VICTIM
   way6 valid=1 rrpv=3 epoch=33060 dist=59274 prop=1 stamped=1 dbg=3 last=354 epoch2=33060 sched_n=0
   way7 valid=1 rrpv=2 epoch=32930 dist=59144 prop=1 stamped=1 dbg=3 last=358 epoch2=32930 sched_n=0
   -> victim=way5 reason=max-rrpv record by recency
[EVICT L3 pol=ECG:rrip_first curEpoch=39321 set_ways=8]
   way0 valid=1 rrpv=0 epoch=39451 dist=130 prop=1 stamped=1 dbg=1 last=397 epoch2=39451 sched_n=0
   way1 valid=1 rrpv=0 epoch=39581 dist=260 prop=1 stamped=1 dbg=1 last=401 epoch2=39581 sched_n=0
   way2 valid=1 rrpv=0 epoch=39516 dist=195 prop=1 stamped=1 dbg=2 last=406 epoch2=39516 sched_n=0
   way3 valid=1 rrpv=0 epoch=39451 dist=130 prop=1 stamped=1 dbg=2 last=411 epoch2=39451 sched_n=0
   way4 valid=1 rrpv=1 epoch=39516 dist=195 prop=1 stamped=1 dbg=2 last=414 epoch2=39516 sched_n=0
   way5 valid=1 rrpv=7 epoch=39516 dist=195 prop=1 stamped=1 dbg=3 last=419 epoch2=39516 sched_n=0   <== VICTIM
   way6 valid=1 rrpv=3 epoch=33060 dist=59274 prop=1 stamped=1 dbg=3 last=354 epoch2=33060 sched_n=0
   way7 valid=1 rrpv=2 epoch=32930 dist=59144 prop=1 stamped=1 dbg=3 last=358 epoch2=32930 sched_n=0
   -> victim=way5 reason=max-rrpv farthest-epoch property
[EVICT L3 pol=ECG:rrip_first curEpoch=39321 set_ways=8]
   way0 valid=1 rrpv=0 epoch=39581 dist=260 prop=1 stamped=1 dbg=1 last=398 epoch2=39581 sched_n=0
   way1 valid=1 rrpv=0 epoch=39451 dist=130 prop=1 stamped=1 dbg=1 last=402 epoch2=39451 sched_n=0
   way2 valid=1 rrpv=3 epoch=39581 dist=260 prop=1 stamped=1 dbg=2 last=407 epoch2=39581 sched_n=0
   way3 valid=1 rrpv=2 epoch=33060 dist=59274 prop=1 stamped=1 dbg=2 last=343 epoch2=33060 sched_n=0
   way4 valid=1 rrpv=2 epoch=32995 dist=59209 prop=1 stamped=1 dbg=3 last=388 epoch2=32995 sched_n=0
   way5 valid=1 rrpv=2 epoch=39386 dist=65 prop=1 stamped=1 dbg=3 last=420 epoch2=39386 sched_n=0
   way6 valid=1 rrpv=1 epoch=39451 dist=130 prop=1 stamped=1 dbg=3 last=425 epoch2=39451 sched_n=0
   way7 valid=1 rrpv=7 epoch=39581 dist=260 prop=1 stamped=1 dbg=3 last=416 epoch2=39581 sched_n=0   <== VICTIM
   -> victim=way7 reason=max-rrpv farthest-epoch property
[EVICT L3 pol=ECG:rrip_first curEpoch=39321 set_ways=8]
   way0 valid=1 rrpv=0 epoch=39581 dist=260 prop=1 stamped=1 dbg=1 last=398 epoch2=39581 sched_n=0
   way1 valid=1 rrpv=0 epoch=39451 dist=130 prop=1 stamped=1 dbg=1 last=402 epoch2=39451 sched_n=0
   way2 valid=1 rrpv=3 epoch=39581 dist=260 prop=1 stamped=1 dbg=2 last=407 epoch2=39581 sched_n=0
   way3 valid=1 rrpv=2 epoch=33060 dist=59274 prop=1 stamped=1 dbg=2 last=343 epoch2=33060 sched_n=0
   way4 valid=1 rrpv=2 epoch=32995 dist=59209 prop=1 stamped=1 dbg=3 last=388 epoch2=32995 sched_n=0
   way5 valid=1 rrpv=2 epoch=39386 dist=65 prop=1 stamped=1 dbg=3 last=420 epoch2=39386 sched_n=0
   way6 valid=1 rrpv=1 epoch=39451 dist=130 prop=1 stamped=1 dbg=3 last=425 epoch2=39451 sched_n=0
   way7 valid=1 rrpv=7 epoch=39581 dist=260 prop=0 stamped=0 dbg=3 last=427 epoch2=39581 sched_n=0   <== VICTIM
   -> victim=way7 reason=max-rrpv record by recency
[EVICT L3 pol=ECG:rrip_first curEpoch=39321 set_ways=8]
   way0 valid=1 rrpv=0 epoch=39386 dist=65 prop=1 stamped=1 dbg=1 last=394 epoch2=39386 sched_n=0
   way1 valid=1 rrpv=0 epoch=39516 dist=195 prop=1 stamped=1 dbg=1 last=399 epoch2=39516 sched_n=0
   way2 valid=1 rrpv=0 epoch=39516 dist=195 prop=1 stamped=1 dbg=1 last=404 epoch2=39516 sched_n=0
   way3 valid=1 rrpv=0 epoch=39451 dist=130 prop=1 stamped=1 dbg=2 last=409 epoch2=39451 sched_n=0
   way4 valid=1 rrpv=1 epoch=39581 dist=260 prop=1 stamped=1 dbg=2 last=412 epoch2=39581 sched_n=0
   way5 valid=1 rrpv=7 epoch=39516 dist=195 prop=1 stamped=1 dbg=3 last=417 epoch2=39516 sched_n=0   <== VICTIM
   way6 valid=1 rrpv=2 epoch=39386 dist=65 prop=1 stamped=1 dbg=3 last=422 epoch2=39386 sched_n=0
   way7 valid=1 rrpv=2 epoch=39451 dist=130 prop=1 stamped=1 dbg=3 last=426 epoch2=39451 sched_n=0
   -> victim=way5 reason=max-rrpv farthest-epoch property
[EVICT L3 pol=ECG:rrip_first curEpoch=39321 set_ways=8]
   way0 valid=1 rrpv=0 epoch=39516 dist=195 prop=1 stamped=1 dbg=1 last=395 epoch2=39516 sched_n=0
   way1 valid=1 rrpv=0 epoch=39451 dist=130 prop=1 stamped=1 dbg=1 last=400 epoch2=39451 sched_n=0
   way2 valid=1 rrpv=0 epoch=39581 dist=260 prop=1 stamped=1 dbg=1 last=405 epoch2=39581 sched_n=0
   way3 valid=1 rrpv=0 epoch=39516 dist=195 prop=1 stamped=1 dbg=2 last=410 epoch2=39516 sched_n=0
   way4 valid=1 rrpv=0 epoch=39516 dist=195 prop=1 stamped=1 dbg=2 last=413 epoch2=39516 sched_n=0
   way5 valid=1 rrpv=7 epoch=39516 dist=195 prop=1 stamped=1 dbg=3 last=418 epoch2=39516 sched_n=0   <== VICTIM
   way6 valid=1 rrpv=3 epoch=39516 dist=195 prop=1 stamped=1 dbg=3 last=423 epoch2=39516 sched_n=0
   way7 valid=1 rrpv=0 epoch=39451 dist=130 prop=1 stamped=1 dbg=3 last=428 epoch2=39451 sched_n=0
   -> victim=way5 reason=max-rrpv farthest-epoch property
[EVICT L3 pol=ECG:rrip_first curEpoch=39321 set_ways=8]
   way0 valid=1 rrpv=0 epoch=39386 dist=65 prop=1 stamped=1 dbg=1 last=394 epoch2=39386 sched_n=0
   way1 valid=1 rrpv=0 epoch=39516 dist=195 prop=1 stamped=1 dbg=1 last=399 epoch2=39516 sched_n=0
   way2 valid=1 rrpv=0 epoch=39516 dist=195 prop=1 stamped=1 dbg=1 last=404 epoch2=39516 sched_n=0
   way3 valid=1 rrpv=0 epoch=39451 dist=130 prop=1 stamped=1 dbg=2 last=409 epoch2=39451 sched_n=0
   way4 valid=1 rrpv=1 epoch=39581 dist=260 prop=1 stamped=1 dbg=2 last=412 epoch2=39581 sched_n=0
   way5 valid=1 rrpv=7 epoch=39386 dist=65 prop=1 stamped=1 dbg=3 last=431 epoch2=39386 sched_n=0   <== VICTIM
   way6 valid=1 rrpv=2 epoch=39386 dist=65 prop=1 stamped=1 dbg=3 last=422 epoch2=39386 sched_n=0
   way7 valid=1 rrpv=2 epoch=39451 dist=130 prop=1 stamped=1 dbg=3 last=426 epoch2=39451 sched_n=0
   -> victim=way5 reason=max-rrpv farthest-epoch property
[EVICT L3 pol=ECG:rrip_first curEpoch=39321 set_ways=8]
   way0 valid=1 rrpv=0 epoch=39451 dist=130 prop=1 stamped=1 dbg=1 last=397 epoch2=39451 sched_n=0
   way1 valid=1 rrpv=0 epoch=39581 dist=260 prop=1 stamped=1 dbg=1 last=401 epoch2=39581 sched_n=0
   way2 valid=1 rrpv=0 epoch=39516 dist=195 prop=1 stamped=1 dbg=2 last=406 epoch2=39516 sched_n=0
   way3 valid=1 rrpv=0 epoch=39451 dist=130 prop=1 stamped=1 dbg=2 last=411 epoch2=39451 sched_n=0
   way4 valid=1 rrpv=1 epoch=39516 dist=195 prop=1 stamped=1 dbg=2 last=414 epoch2=39516 sched_n=0
   way5 valid=1 rrpv=7 epoch=39516 dist=195 prop=0 stamped=0 dbg=3 last=421 epoch2=39516 sched_n=0   <== VICTIM
   way6 valid=1 rrpv=2 epoch=39451 dist=130 prop=1 stamped=1 dbg=3 last=424 epoch2=39451 sched_n=0
   way7 valid=1 rrpv=1 epoch=39451 dist=130 prop=1 stamped=1 dbg=3 last=429 epoch2=39451 sched_n=0
   -> victim=way5 reason=max-rrpv record by recency
[EVICT L3 pol=ECG:rrip_first curEpoch=39321 set_ways=8]
   way0 valid=1 rrpv=0 epoch=39581 dist=260 prop=1 stamped=1 dbg=1 last=398 epoch2=39581 sched_n=0
   way1 valid=1 rrpv=0 epoch=39451 dist=130 prop=1 stamped=1 dbg=1 last=402 epoch2=39451 sched_n=0
   way2 valid=1 rrpv=3 epoch=39581 dist=260 prop=1 stamped=1 dbg=2 last=407 epoch2=39581 sched_n=0
   way3 valid=1 rrpv=2 epoch=33060 dist=59274 prop=1 stamped=1 dbg=2 last=343 epoch2=33060 sched_n=0
   way4 valid=1 rrpv=2 epoch=32995 dist=59209 prop=1 stamped=1 dbg=3 last=388 epoch2=32995 sched_n=0
   way5 valid=1 rrpv=2 epoch=39386 dist=65 prop=1 stamped=1 dbg=3 last=420 epoch2=39386 sched_n=0
   way6 valid=1 rrpv=1 epoch=39451 dist=130 prop=1 stamped=1 dbg=3 last=425 epoch2=39451 sched_n=0
   way7 valid=1 rrpv=7 epoch=39451 dist=130 prop=1 stamped=1 dbg=3 last=430 epoch2=39451 sched_n=0   <== VICTIM
   -> victim=way7 reason=max-rrpv farthest-epoch property
[EVICT L3 pol=ECG:rrip_first curEpoch=39321 set_ways=8]
   way0 valid=1 rrpv=0 epoch=39386 dist=65 prop=1 stamped=1 dbg=1 last=394 epoch2=39386 sched_n=0
   way1 valid=1 rrpv=0 epoch=39516 dist=195 prop=1 stamped=1 dbg=1 last=399 epoch2=39516 sched_n=0
   way2 valid=1 rrpv=0 epoch=39516 dist=195 prop=1 stamped=1 dbg=1 last=404 epoch2=39516 sched_n=0
   way3 valid=1 rrpv=0 epoch=39451 dist=130 prop=1 stamped=1 dbg=2 last=409 epoch2=39451 sched_n=0
   way4 valid=1 rrpv=1 epoch=39581 dist=260 prop=1 stamped=1 dbg=2 last=412 epoch2=39581 sched_n=0
   way5 valid=1 rrpv=7 epoch=39386 dist=65 prop=0 stamped=0 dbg=3 last=433 epoch2=39386 sched_n=0   <== VICTIM
   way6 valid=1 rrpv=2 epoch=39386 dist=65 prop=1 stamped=1 dbg=3 last=422 epoch2=39386 sched_n=0
   way7 valid=1 rrpv=2 epoch=39451 dist=130 prop=1 stamped=1 dbg=3 last=426 epoch2=39451 sched_n=0
   -> victim=way5 reason=max-rrpv record by recency
[EVICT L3 pol=ECG:rrip_first curEpoch=39321 set_ways=8]
   way0 valid=1 rrpv=0 epoch=39516 dist=195 prop=1 stamped=1 dbg=1 last=395 epoch2=39516 sched_n=0
   way1 valid=1 rrpv=0 epoch=39451 dist=130 prop=1 stamped=1 dbg=1 last=400 epoch2=39451 sched_n=0
   way2 valid=1 rrpv=0 epoch=39581 dist=260 prop=1 stamped=1 dbg=1 last=405 epoch2=39581 sched_n=0
   way3 valid=1 rrpv=0 epoch=39516 dist=195 prop=1 stamped=1 dbg=2 last=410 epoch2=39516 sched_n=0
   way4 valid=1 rrpv=0 epoch=39516 dist=195 prop=1 stamped=1 dbg=2 last=413 epoch2=39516 sched_n=0
   way5 valid=1 rrpv=7 epoch=39451 dist=130 prop=1 stamped=1 dbg=3 last=432 epoch2=39451 sched_n=0   <== VICTIM
   way6 valid=1 rrpv=3 epoch=39516 dist=195 prop=1 stamped=1 dbg=3 last=423 epoch2=39516 sched_n=0
   way7 valid=1 rrpv=0 epoch=39451 dist=130 prop=1 stamped=1 dbg=3 last=428 epoch2=39451 sched_n=0
   -> victim=way5 reason=max-rrpv farthest-epoch property
[EVICT L3 pol=ECG:rrip_first curEpoch=39321 set_ways=8]
   way0 valid=1 rrpv=0 epoch=39451 dist=130 prop=1 stamped=1 dbg=1 last=397 epoch2=39451 sched_n=0
   way1 valid=1 rrpv=0 epoch=39581 dist=260 prop=1 stamped=1 dbg=1 last=401 epoch2=39581 sched_n=0
   way2 valid=1 rrpv=0 epoch=39516 dist=195 prop=1 stamped=1 dbg=2 last=406 epoch2=39516 sched_n=0
   way3 valid=1 rrpv=0 epoch=39451 dist=130 prop=1 stamped=1 dbg=2 last=411 epoch2=39451 sched_n=0
   way4 valid=1 rrpv=1 epoch=39516 dist=195 prop=1 stamped=1 dbg=2 last=414 epoch2=39516 sched_n=0
   way5 valid=1 rrpv=7 epoch=39451 dist=130 prop=1 stamped=1 dbg=3 last=434 epoch2=39451 sched_n=0   <== VICTIM
   way6 valid=1 rrpv=2 epoch=39451 dist=130 prop=1 stamped=1 dbg=3 last=424 epoch2=39451 sched_n=0
   way7 valid=1 rrpv=1 epoch=39451 dist=130 prop=1 stamped=1 dbg=3 last=429 epoch2=39451 sched_n=0
   -> victim=way5 reason=max-rrpv farthest-epoch property
[EVICT L3 pol=ECG:rrip_first curEpoch=39321 set_ways=8]
   way0 valid=1 rrpv=0 epoch=39516 dist=195 prop=1 stamped=1 dbg=1 last=395 epoch2=39516 sched_n=0
   way1 valid=1 rrpv=0 epoch=39451 dist=130 prop=1 stamped=1 dbg=1 last=400 epoch2=39451 sched_n=0
   way2 valid=1 rrpv=0 epoch=39581 dist=260 prop=1 stamped=1 dbg=1 last=405 epoch2=39581 sched_n=0
   way3 valid=1 rrpv=0 epoch=39516 dist=195 prop=1 stamped=1 dbg=2 last=410 epoch2=39516 sched_n=0
   way4 valid=1 rrpv=0 epoch=39516 dist=195 prop=1 stamped=1 dbg=2 last=413 epoch2=39516 sched_n=0
   way5 valid=1 rrpv=7 epoch=39451 dist=130 prop=1 stamped=1 dbg=3 last=437 epoch2=39451 sched_n=0   <== VICTIM
   way6 valid=1 rrpv=3 epoch=39516 dist=195 prop=1 stamped=1 dbg=3 last=423 epoch2=39516 sched_n=0
   way7 valid=1 rrpv=0 epoch=39451 dist=130 prop=1 stamped=1 dbg=3 last=428 epoch2=39451 sched_n=0
   -> victim=way5 reason=max-rrpv farthest-epoch property
[EVICT L3 pol=ECG:rrip_first curEpoch=39321 set_ways=8]
   way0 valid=1 rrpv=0 epoch=39581 dist=260 prop=1 stamped=1 dbg=1 last=398 epoch2=39581 sched_n=0
   way1 valid=1 rrpv=0 epoch=39451 dist=130 prop=1 stamped=1 dbg=1 last=402 epoch2=39451 sched_n=0
   way2 valid=1 rrpv=3 epoch=39581 dist=260 prop=1 stamped=1 dbg=2 last=407 epoch2=39581 sched_n=0
   way3 valid=1 rrpv=2 epoch=33060 dist=59274 prop=1 stamped=1 dbg=2 last=343 epoch2=33060 sched_n=0
   way4 valid=1 rrpv=2 epoch=32995 dist=59209 prop=1 stamped=1 dbg=3 last=388 epoch2=32995 sched_n=0
   way5 valid=1 rrpv=2 epoch=39386 dist=65 prop=1 stamped=1 dbg=3 last=420 epoch2=39386 sched_n=0
   way6 valid=1 rrpv=1 epoch=39451 dist=130 prop=1 stamped=1 dbg=3 last=425 epoch2=39451 sched_n=0
   way7 valid=1 rrpv=7 epoch=39451 dist=130 prop=1 stamped=1 dbg=3 last=435 epoch2=39451 sched_n=0   <== VICTIM
   -> victim=way7 reason=max-rrpv farthest-epoch property
[EVICT L3 pol=ECG:rrip_first curEpoch=39321 set_ways=8]
   way0 valid=1 rrpv=0 epoch=39386 dist=65 prop=1 stamped=1 dbg=1 last=394 epoch2=39386 sched_n=0
   way1 valid=1 rrpv=0 epoch=39516 dist=195 prop=1 stamped=1 dbg=1 last=399 epoch2=39516 sched_n=0
   way2 valid=1 rrpv=0 epoch=39516 dist=195 prop=1 stamped=1 dbg=1 last=404 epoch2=39516 sched_n=0
   way3 valid=1 rrpv=0 epoch=39451 dist=130 prop=1 stamped=1 dbg=2 last=409 epoch2=39451 sched_n=0
   way4 valid=1 rrpv=1 epoch=39581 dist=260 prop=1 stamped=1 dbg=2 last=412 epoch2=39581 sched_n=0
   way5 valid=1 rrpv=7 epoch=39581 dist=260 prop=1 stamped=1 dbg=3 last=436 epoch2=39581 sched_n=0   <== VICTIM
   way6 valid=1 rrpv=2 epoch=39386 dist=65 prop=1 stamped=1 dbg=3 last=422 epoch2=39386 sched_n=0
   way7 valid=1 rrpv=2 epoch=39451 dist=130 prop=1 stamped=1 dbg=3 last=426 epoch2=39451 sched_n=0
   -> victim=way5 reason=max-rrpv farthest-epoch property
[EVICT L3 pol=ECG:rrip_first curEpoch=39321 set_ways=8]
   way0 valid=1 rrpv=0 epoch=39516 dist=195 prop=1 stamped=1 dbg=1 last=395 epoch2=39516 sched_n=0
   way1 valid=1 rrpv=0 epoch=39451 dist=130 prop=1 stamped=1 dbg=1 last=400 epoch2=39451 sched_n=0
   way2 valid=1 rrpv=0 epoch=39581 dist=260 prop=1 stamped=1 dbg=1 last=405 epoch2=39581 sched_n=0
   way3 valid=1 rrpv=0 epoch=39516 dist=195 prop=1 stamped=1 dbg=2 last=410 epoch2=39516 sched_n=0
   way4 valid=1 rrpv=0 epoch=39516 dist=195 prop=1 stamped=1 dbg=2 last=413 epoch2=39516 sched_n=0
   way5 valid=1 rrpv=7 epoch=39451 dist=130 prop=0 stamped=0 dbg=3 last=439 epoch2=39451 sched_n=0   <== VICTIM
   way6 valid=1 rrpv=3 epoch=39516 dist=195 prop=1 stamped=1 dbg=3 last=423 epoch2=39516 sched_n=0
   way7 valid=1 rrpv=0 epoch=39451 dist=130 prop=1 stamped=1 dbg=3 last=428 epoch2=39451 sched_n=0
   -> victim=way5 reason=max-rrpv record by recency
[EVICT L3 pol=ECG:rrip_first curEpoch=39321 set_ways=8]
   way0 valid=1 rrpv=0 epoch=39451 dist=130 prop=1 stamped=1 dbg=1 last=397 epoch2=39451 sched_n=0
   way1 valid=1 rrpv=0 epoch=39581 dist=260 prop=1 stamped=1 dbg=1 last=401 epoch2=39581 sched_n=0
   way2 valid=1 rrpv=0 epoch=39516 dist=195 prop=1 stamped=1 dbg=2 last=406 epoch2=39516 sched_n=0
   way3 valid=1 rrpv=0 epoch=39451 dist=130 prop=1 stamped=1 dbg=2 last=411 epoch2=39451 sched_n=0
   way4 valid=1 rrpv=1 epoch=39516 dist=195 prop=1 stamped=1 dbg=2 last=414 epoch2=39516 sched_n=0
   way5 valid=1 rrpv=7 epoch=39516 dist=195 prop=1 stamped=1 dbg=3 last=438 epoch2=39516 sched_n=0   <== VICTIM
   way6 valid=1 rrpv=2 epoch=39451 dist=130 prop=1 stamped=1 dbg=3 last=424 epoch2=39451 sched_n=0
   way7 valid=1 rrpv=1 epoch=39451 dist=130 prop=1 stamped=1 dbg=3 last=429 epoch2=39451 sched_n=0
   -> victim=way5 reason=max-rrpv farthest-epoch property
[EVICT L3 pol=ECG:rrip_first curEpoch=39321 set_ways=8]
   way0 valid=1 rrpv=0 epoch=39581 dist=260 prop=1 stamped=1 dbg=1 last=398 epoch2=39581 sched_n=0
   way1 valid=1 rrpv=0 epoch=39451 dist=130 prop=1 stamped=1 dbg=1 last=402 epoch2=39451 sched_n=0
   way2 valid=1 rrpv=3 epoch=39581 dist=260 prop=1 stamped=1 dbg=2 last=407 epoch2=39581 sched_n=0
   way3 valid=1 rrpv=2 epoch=33060 dist=59274 prop=1 stamped=1 dbg=2 last=343 epoch2=33060 sched_n=0
   way4 valid=1 rrpv=2 epoch=32995 dist=59209 prop=1 stamped=1 dbg=3 last=388 epoch2=32995 sched_n=0
   way5 valid=1 rrpv=2 epoch=39386 dist=65 prop=1 stamped=1 dbg=3 last=420 epoch2=39386 sched_n=0
   way6 valid=1 rrpv=1 epoch=39451 dist=130 prop=1 stamped=1 dbg=3 last=425 epoch2=39451 sched_n=0
   way7 valid=1 rrpv=7 epoch=39451 dist=130 prop=1 stamped=1 dbg=3 last=440 epoch2=39451 sched_n=0   <== VICTIM
   -> victim=way7 reason=max-rrpv farthest-epoch property
[EVICT L3 pol=ECG:rrip_first curEpoch=39321 set_ways=8]
   way0 valid=1 rrpv=0 epoch=39386 dist=65 prop=1 stamped=1 dbg=1 last=394 epoch2=39386 sched_n=0
   way1 valid=1 rrpv=0 epoch=39516 dist=195 prop=1 stamped=1 dbg=1 last=399 epoch2=39516 sched_n=0
   way2 valid=1 rrpv=0 epoch=39516 dist=195 prop=1 stamped=1 dbg=1 last=404 epoch2=39516 sched_n=0
   way3 valid=1 rrpv=0 epoch=39451 dist=130 prop=1 stamped=1 dbg=2 last=409 epoch2=39451 sched_n=0
   way4 valid=1 rrpv=1 epoch=39581 dist=260 prop=1 stamped=1 dbg=2 last=412 epoch2=39581 sched_n=0
   way5 valid=1 rrpv=7 epoch=39581 dist=260 prop=1 stamped=1 dbg=3 last=441 epoch2=39581 sched_n=0   <== VICTIM
   way6 valid=1 rrpv=2 epoch=39386 dist=65 prop=1 stamped=1 dbg=3 last=422 epoch2=39386 sched_n=0
   way7 valid=1 rrpv=2 epoch=39451 dist=130 prop=1 stamped=1 dbg=3 last=426 epoch2=39451 sched_n=0
   -> victim=way5 reason=max-rrpv farthest-epoch property
[EVICT L3 pol=ECG:rrip_first curEpoch=39321 set_ways=8]
   way0 valid=1 rrpv=0 epoch=39516 dist=195 prop=1 stamped=1 dbg=1 last=395 epoch2=39516 sched_n=0
   way1 valid=1 rrpv=0 epoch=39451 dist=130 prop=1 stamped=1 dbg=1 last=400 epoch2=39451 sched_n=0
   way2 valid=1 rrpv=0 epoch=39581 dist=260 prop=1 stamped=1 dbg=1 last=405 epoch2=39581 sched_n=0
   way3 valid=1 rrpv=0 epoch=39516 dist=195 prop=1 stamped=1 dbg=2 last=410 epoch2=39516 sched_n=0
   way4 valid=1 rrpv=0 epoch=39516 dist=195 prop=1 stamped=1 dbg=2 last=413 epoch2=39516 sched_n=0
   way5 valid=1 rrpv=7 epoch=39451 dist=130 prop=1 stamped=1 dbg=3 last=442 epoch2=39451 sched_n=0   <== VICTIM
   way6 valid=1 rrpv=3 epoch=39516 dist=195 prop=1 stamped=1 dbg=3 last=423 epoch2=39516 sched_n=0
   way7 valid=1 rrpv=0 epoch=39451 dist=130 prop=1 stamped=1 dbg=3 last=428 epoch2=39451 sched_n=0
   -> victim=way5 reason=max-rrpv farthest-epoch property
[EVICT L3 pol=ECG:rrip_first curEpoch=39321 set_ways=8]
   way0 valid=1 rrpv=0 epoch=39451 dist=130 prop=1 stamped=1 dbg=1 last=397 epoch2=39451 sched_n=0
   way1 valid=1 rrpv=0 epoch=39581 dist=260 prop=1 stamped=1 dbg=1 last=401 epoch2=39581 sched_n=0
   way2 valid=1 rrpv=0 epoch=39516 dist=195 prop=1 stamped=1 dbg=2 last=406 epoch2=39516 sched_n=0
   way3 valid=1 rrpv=0 epoch=39451 dist=130 prop=1 stamped=1 dbg=2 last=411 epoch2=39451 sched_n=0
   way4 valid=1 rrpv=1 epoch=39516 dist=195 prop=1 stamped=1 dbg=2 last=414 epoch2=39516 sched_n=0
   way5 valid=1 rrpv=7 epoch=39581 dist=260 prop=1 stamped=1 dbg=3 last=443 epoch2=39581 sched_n=0   <== VICTIM
   way6 valid=1 rrpv=2 epoch=39451 dist=130 prop=1 stamped=1 dbg=3 last=424 epoch2=39451 sched_n=0
   way7 valid=1 rrpv=1 epoch=39451 dist=130 prop=1 stamped=1 dbg=3 last=429 epoch2=39451 sched_n=0
   -> victim=way5 reason=max-rrpv farthest-epoch property
[EVICT L3 pol=ECG:rrip_first curEpoch=39321 set_ways=8]
   way0 valid=1 rrpv=0 epoch=39581 dist=260 prop=1 stamped=1 dbg=1 last=398 epoch2=39581 sched_n=0
   way1 valid=1 rrpv=0 epoch=39451 dist=130 prop=1 stamped=1 dbg=1 last=402 epoch2=39451 sched_n=0
   way2 valid=1 rrpv=3 epoch=39581 dist=260 prop=1 stamped=1 dbg=2 last=407 epoch2=39581 sched_n=0
   way3 valid=1 rrpv=2 epoch=33060 dist=59274 prop=1 stamped=1 dbg=2 last=343 epoch2=33060 sched_n=0
   way4 valid=1 rrpv=2 epoch=32995 dist=59209 prop=1 stamped=1 dbg=3 last=388 epoch2=32995 sched_n=0
   way5 valid=1 rrpv=2 epoch=39386 dist=65 prop=1 stamped=1 dbg=3 last=420 epoch2=39386 sched_n=0
   way6 valid=1 rrpv=1 epoch=39451 dist=130 prop=1 stamped=1 dbg=3 last=425 epoch2=39451 sched_n=0
   way7 valid=1 rrpv=7 epoch=39451 dist=130 prop=1 stamped=1 dbg=3 last=444 epoch2=39451 sched_n=0   <== VICTIM
   -> victim=way7 reason=max-rrpv farthest-epoch property
[EVICT L3 pol=ECG:rrip_first curEpoch=39321 set_ways=8]
   way0 valid=1 rrpv=0 epoch=39451 dist=130 prop=1 stamped=1 dbg=1 last=397 epoch2=39451 sched_n=0
   way1 valid=1 rrpv=0 epoch=39581 dist=260 prop=1 stamped=1 dbg=1 last=401 epoch2=39581 sched_n=0
   way2 valid=1 rrpv=0 epoch=39516 dist=195 prop=1 stamped=1 dbg=2 last=406 epoch2=39516 sched_n=0
   way3 valid=1 rrpv=0 epoch=39451 dist=130 prop=1 stamped=1 dbg=2 last=411 epoch2=39451 sched_n=0
   way4 valid=1 rrpv=1 epoch=39516 dist=195 prop=1 stamped=1 dbg=2 last=414 epoch2=39516 sched_n=0
   way5 valid=1 rrpv=7 epoch=39451 dist=130 prop=1 stamped=1 dbg=3 last=447 epoch2=39451 sched_n=0   <== VICTIM
   way6 valid=1 rrpv=2 epoch=39451 dist=130 prop=1 stamped=1 dbg=3 last=424 epoch2=39451 sched_n=0
   way7 valid=1 rrpv=1 epoch=39451 dist=130 prop=1 stamped=1 dbg=3 last=429 epoch2=39451 sched_n=0
   -> victim=way5 reason=max-rrpv farthest-epoch property
[EVICT L3 pol=ECG:rrip_first curEpoch=39321 set_ways=8]
   way0 valid=1 rrpv=0 epoch=39386 dist=65 prop=1 stamped=1 dbg=1 last=394 epoch2=39386 sched_n=0
   way1 valid=1 rrpv=0 epoch=39516 dist=195 prop=1 stamped=1 dbg=1 last=399 epoch2=39516 sched_n=0
   way2 valid=1 rrpv=0 epoch=39516 dist=195 prop=1 stamped=1 dbg=1 last=404 epoch2=39516 sched_n=0
   way3 valid=1 rrpv=0 epoch=39451 dist=130 prop=1 stamped=1 dbg=2 last=409 epoch2=39451 sched_n=0
   way4 valid=1 rrpv=1 epoch=39581 dist=260 prop=1 stamped=1 dbg=2 last=412 epoch2=39581 sched_n=0
   way5 valid=1 rrpv=7 epoch=39581 dist=260 prop=1 stamped=1 dbg=3 last=445 epoch2=39581 sched_n=0   <== VICTIM
   way6 valid=1 rrpv=2 epoch=39386 dist=65 prop=1 stamped=1 dbg=3 last=422 epoch2=39386 sched_n=0
   way7 valid=1 rrpv=2 epoch=39451 dist=130 prop=1 stamped=1 dbg=3 last=426 epoch2=39451 sched_n=0
   -> victim=way5 reason=max-rrpv farthest-epoch property
[EVICT L3 pol=ECG:rrip_first curEpoch=39321 set_ways=8]
   way0 valid=1 rrpv=0 epoch=39516 dist=195 prop=1 stamped=1 dbg=1 last=395 epoch2=39516 sched_n=0
   way1 valid=1 rrpv=0 epoch=39451 dist=130 prop=1 stamped=1 dbg=1 last=400 epoch2=39451 sched_n=0
   way2 valid=1 rrpv=0 epoch=39581 dist=260 prop=1 stamped=1 dbg=1 last=405 epoch2=39581 sched_n=0
   way3 valid=1 rrpv=0 epoch=39516 dist=195 prop=1 stamped=1 dbg=2 last=410 epoch2=39516 sched_n=0
   way4 valid=1 rrpv=0 epoch=39516 dist=195 prop=1 stamped=1 dbg=2 last=413 epoch2=39516 sched_n=0
   way5 valid=1 rrpv=7 epoch=39451 dist=130 prop=1 stamped=1 dbg=3 last=446 epoch2=39451 sched_n=0   <== VICTIM
   way6 valid=1 rrpv=3 epoch=39516 dist=195 prop=1 stamped=1 dbg=3 last=423 epoch2=39516 sched_n=0
   way7 valid=1 rrpv=0 epoch=39451 dist=130 prop=1 stamped=1 dbg=3 last=428 epoch2=39451 sched_n=0
   -> victim=way5 reason=max-rrpv farthest-epoch property
[EVICT L3 pol=ECG:rrip_first curEpoch=39321 set_ways=8]
   way0 valid=1 rrpv=0 epoch=39451 dist=130 prop=1 stamped=1 dbg=1 last=397 epoch2=39451 sched_n=0
   way1 valid=1 rrpv=0 epoch=39581 dist=260 prop=1 stamped=1 dbg=1 last=401 epoch2=39581 sched_n=0
   way2 valid=1 rrpv=0 epoch=39516 dist=195 prop=1 stamped=1 dbg=2 last=406 epoch2=39516 sched_n=0
   way3 valid=1 rrpv=0 epoch=39451 dist=130 prop=1 stamped=1 dbg=2 last=411 epoch2=39451 sched_n=0
   way4 valid=1 rrpv=1 epoch=39516 dist=195 prop=1 stamped=1 dbg=2 last=414 epoch2=39516 sched_n=0
   way5 valid=1 rrpv=7 epoch=39451 dist=130 prop=0 stamped=0 dbg=3 last=449 epoch2=39451 sched_n=0   <== VICTIM
   way6 valid=1 rrpv=2 epoch=39451 dist=130 prop=1 stamped=1 dbg=3 last=424 epoch2=39451 sched_n=0
   way7 valid=1 rrpv=1 epoch=39451 dist=130 prop=1 stamped=1 dbg=3 last=429 epoch2=39451 sched_n=0
   -> victim=way5 reason=max-rrpv record by recency
[EVICT L3 pol=ECG:rrip_first curEpoch=39321 set_ways=8]
   way0 valid=1 rrpv=0 epoch=39581 dist=260 prop=1 stamped=1 dbg=1 last=398 epoch2=39581 sched_n=0
   way1 valid=1 rrpv=0 epoch=39451 dist=130 prop=1 stamped=1 dbg=1 last=402 epoch2=39451 sched_n=0
   way2 valid=1 rrpv=3 epoch=39581 dist=260 prop=1 stamped=1 dbg=2 last=407 epoch2=39581 sched_n=0
   way3 valid=1 rrpv=2 epoch=33060 dist=59274 prop=1 stamped=1 dbg=2 last=343 epoch2=33060 sched_n=0
   way4 valid=1 rrpv=2 epoch=32995 dist=59209 prop=1 stamped=1 dbg=3 last=388 epoch2=32995 sched_n=0
   way5 valid=1 rrpv=2 epoch=39386 dist=65 prop=1 stamped=1 dbg=3 last=420 epoch2=39386 sched_n=0
   way6 valid=1 rrpv=1 epoch=39451 dist=130 prop=1 stamped=1 dbg=3 last=425 epoch2=39451 sched_n=0
   way7 valid=1 rrpv=7 epoch=39451 dist=130 prop=1 stamped=1 dbg=3 last=448 epoch2=39451 sched_n=0   <== VICTIM
   -> victim=way7 reason=max-rrpv farthest-epoch property
[EVICT L3 pol=ECG:rrip_first curEpoch=39321 set_ways=8]
   way0 valid=1 rrpv=0 epoch=39386 dist=65 prop=1 stamped=1 dbg=1 last=394 epoch2=39386 sched_n=0
   way1 valid=1 rrpv=0 epoch=39516 dist=195 prop=1 stamped=1 dbg=1 last=399 epoch2=39516 sched_n=0
   way2 valid=1 rrpv=0 epoch=39516 dist=195 prop=1 stamped=1 dbg=1 last=404 epoch2=39516 sched_n=0
   way3 valid=1 rrpv=0 epoch=39451 dist=130 prop=1 stamped=1 dbg=2 last=409 epoch2=39451 sched_n=0
   way4 valid=1 rrpv=1 epoch=39581 dist=260 prop=1 stamped=1 dbg=2 last=412 epoch2=39581 sched_n=0
   way5 valid=1 rrpv=7 epoch=39516 dist=195 prop=1 stamped=1 dbg=3 last=450 epoch2=39516 sched_n=0   <== VICTIM
   way6 valid=1 rrpv=2 epoch=39386 dist=65 prop=1 stamped=1 dbg=3 last=422 epoch2=39386 sched_n=0
   way7 valid=1 rrpv=2 epoch=39451 dist=130 prop=1 stamped=1 dbg=3 last=426 epoch2=39451 sched_n=0
   -> victim=way5 reason=max-rrpv farthest-epoch property
[EVICT L3 pol=ECG:rrip_first curEpoch=39321 set_ways=8]
   way0 valid=1 rrpv=0 epoch=39516 dist=195 prop=1 stamped=1 dbg=1 last=395 epoch2=39516 sched_n=0
   way1 valid=1 rrpv=0 epoch=39451 dist=130 prop=1 stamped=1 dbg=1 last=400 epoch2=39451 sched_n=0
   way2 valid=1 rrpv=0 epoch=39581 dist=260 prop=1 stamped=1 dbg=1 last=405 epoch2=39581 sched_n=0
   way3 valid=1 rrpv=0 epoch=39516 dist=195 prop=1 stamped=1 dbg=2 last=410 epoch2=39516 sched_n=0
   way4 valid=1 rrpv=0 epoch=39516 dist=195 prop=1 stamped=1 dbg=2 last=413 epoch2=39516 sched_n=0
   way5 valid=1 rrpv=7 epoch=39581 dist=260 prop=1 stamped=1 dbg=3 last=451 epoch2=39581 sched_n=0   <== VICTIM
   way6 valid=1 rrpv=3 epoch=39516 dist=195 prop=1 stamped=1 dbg=3 last=423 epoch2=39516 sched_n=0
   way7 valid=1 rrpv=0 epoch=39451 dist=130 prop=1 stamped=1 dbg=3 last=428 epoch2=39451 sched_n=0
   -> victim=way5 reason=max-rrpv farthest-epoch property
[EVICT L3 pol=ECG:rrip_first curEpoch=39321 set_ways=8]
   way0 valid=1 rrpv=0 epoch=39581 dist=260 prop=1 stamped=1 dbg=1 last=398 epoch2=39581 sched_n=0
   way1 valid=1 rrpv=0 epoch=39451 dist=130 prop=1 stamped=1 dbg=1 last=402 epoch2=39451 sched_n=0
   way2 valid=1 rrpv=3 epoch=39581 dist=260 prop=1 stamped=1 dbg=2 last=407 epoch2=39581 sched_n=0
   way3 valid=1 rrpv=2 epoch=33060 dist=59274 prop=1 stamped=1 dbg=2 last=343 epoch2=33060 sched_n=0
   way4 valid=1 rrpv=2 epoch=32995 dist=59209 prop=1 stamped=1 dbg=3 last=388 epoch2=32995 sched_n=0
   way5 valid=1 rrpv=2 epoch=39386 dist=65 prop=1 stamped=1 dbg=3 last=420 epoch2=39386 sched_n=0
   way6 valid=1 rrpv=1 epoch=39451 dist=130 prop=1 stamped=1 dbg=3 last=425 epoch2=39451 sched_n=0
   way7 valid=1 rrpv=7 epoch=39451 dist=130 prop=1 stamped=1 dbg=3 last=453 epoch2=39451 sched_n=0   <== VICTIM
   -> victim=way7 reason=max-rrpv farthest-epoch property
[EVICT L3 pol=ECG:rrip_first curEpoch=39321 set_ways=8]
   way0 valid=1 rrpv=0 epoch=39451 dist=130 prop=1 stamped=1 dbg=1 last=397 epoch2=39451 sched_n=0
   way1 valid=1 rrpv=0 epoch=39581 dist=260 prop=1 stamped=1 dbg=1 last=401 epoch2=39581 sched_n=0
   way2 valid=1 rrpv=0 epoch=39516 dist=195 prop=1 stamped=1 dbg=2 last=406 epoch2=39516 sched_n=0
   way3 valid=1 rrpv=0 epoch=39451 dist=130 prop=1 stamped=1 dbg=2 last=411 epoch2=39451 sched_n=0
   way4 valid=1 rrpv=1 epoch=39516 dist=195 prop=1 stamped=1 dbg=2 last=414 epoch2=39516 sched_n=0
   way5 valid=1 rrpv=7 epoch=39516 dist=195 prop=1 stamped=1 dbg=3 last=452 epoch2=39516 sched_n=0   <== VICTIM
   way6 valid=1 rrpv=2 epoch=39451 dist=130 prop=1 stamped=1 dbg=3 last=424 epoch2=39451 sched_n=0
   way7 valid=1 rrpv=1 epoch=39451 dist=130 prop=1 stamped=1 dbg=3 last=429 epoch2=39451 sched_n=0
   -> victim=way5 reason=max-rrpv farthest-epoch property
[EVICT L3 pol=ECG:rrip_first curEpoch=39321 set_ways=8]
   way0 valid=1 rrpv=0 epoch=39581 dist=260 prop=1 stamped=1 dbg=1 last=398 epoch2=39581 sched_n=0
   way1 valid=1 rrpv=0 epoch=39451 dist=130 prop=1 stamped=1 dbg=1 last=402 epoch2=39451 sched_n=0
   way2 valid=1 rrpv=3 epoch=39581 dist=260 prop=1 stamped=1 dbg=2 last=407 epoch2=39581 sched_n=0
   way3 valid=1 rrpv=2 epoch=33060 dist=59274 prop=1 stamped=1 dbg=2 last=343 epoch2=33060 sched_n=0
   way4 valid=1 rrpv=2 epoch=32995 dist=59209 prop=1 stamped=1 dbg=3 last=388 epoch2=32995 sched_n=0
   way5 valid=1 rrpv=2 epoch=39386 dist=65 prop=1 stamped=1 dbg=3 last=420 epoch2=39386 sched_n=0
   way6 valid=1 rrpv=1 epoch=39451 dist=130 prop=1 stamped=1 dbg=3 last=425 epoch2=39451 sched_n=0
   way7 valid=1 rrpv=7 epoch=39451 dist=130 prop=0 stamped=0 dbg=3 last=456 epoch2=39451 sched_n=0   <== VICTIM
   -> victim=way7 reason=max-rrpv record by recency
[EVICT L3 pol=ECG:rrip_first curEpoch=39321 set_ways=8]
   way0 valid=1 rrpv=0 epoch=39386 dist=65 prop=1 stamped=1 dbg=1 last=394 epoch2=39386 sched_n=0
   way1 valid=1 rrpv=0 epoch=39516 dist=195 prop=1 stamped=1 dbg=1 last=399 epoch2=39516 sched_n=0
   way2 valid=1 rrpv=0 epoch=39516 dist=195 prop=1 stamped=1 dbg=1 last=404 epoch2=39516 sched_n=0
   way3 valid=1 rrpv=0 epoch=39451 dist=130 prop=1 stamped=1 dbg=2 last=409 epoch2=39451 sched_n=0
   way4 valid=1 rrpv=1 epoch=39581 dist=260 prop=1 stamped=1 dbg=2 last=412 epoch2=39581 sched_n=0
   way5 valid=1 rrpv=7 epoch=39451 dist=130 prop=1 stamped=1 dbg=3 last=454 epoch2=39451 sched_n=0   <== VICTIM
   way6 valid=1 rrpv=2 epoch=39386 dist=65 prop=1 stamped=1 dbg=3 last=422 epoch2=39386 sched_n=0
   way7 valid=1 rrpv=2 epoch=39451 dist=130 prop=1 stamped=1 dbg=3 last=426 epoch2=39451 sched_n=0
   -> victim=way5 reason=max-rrpv farthest-epoch property
[EVICT L3 pol=ECG:rrip_first curEpoch=39321 set_ways=8]
   way0 valid=1 rrpv=0 epoch=39516 dist=195 prop=1 stamped=1 dbg=1 last=395 epoch2=39516 sched_n=0
   way1 valid=1 rrpv=0 epoch=39451 dist=130 prop=1 stamped=1 dbg=1 last=400 epoch2=39451 sched_n=0
   way2 valid=1 rrpv=0 epoch=39581 dist=260 prop=1 stamped=1 dbg=1 last=405 epoch2=39581 sched_n=0
   way3 valid=1 rrpv=0 epoch=39516 dist=195 prop=1 stamped=1 dbg=2 last=410 epoch2=39516 sched_n=0
   way4 valid=1 rrpv=0 epoch=39516 dist=195 prop=1 stamped=1 dbg=2 last=413 epoch2=39516 sched_n=0
   way5 valid=1 rrpv=7 epoch=39516 dist=195 prop=1 stamped=1 dbg=3 last=455 epoch2=39516 sched_n=0   <== VICTIM
   way6 valid=1 rrpv=3 epoch=39516 dist=195 prop=1 stamped=1 dbg=3 last=423 epoch2=39516 sched_n=0
   way7 valid=1 rrpv=0 epoch=39451 dist=130 prop=1 stamped=1 dbg=3 last=428 epoch2=39451 sched_n=0
   -> victim=way5 reason=max-rrpv farthest-epoch property
[EVICT L3 pol=ECG:rrip_first curEpoch=39321 set_ways=8]
   way0 valid=1 rrpv=0 epoch=39451 dist=130 prop=1 stamped=1 dbg=1 last=397 epoch2=39451 sched_n=0
   way1 valid=1 rrpv=0 epoch=39581 dist=260 prop=1 stamped=1 dbg=1 last=401 epoch2=39581 sched_n=0
   way2 valid=1 rrpv=0 epoch=39516 dist=195 prop=1 stamped=1 dbg=2 last=406 epoch2=39516 sched_n=0
   way3 valid=1 rrpv=0 epoch=39451 dist=130 prop=1 stamped=1 dbg=2 last=411 epoch2=39451 sched_n=0
   way4 valid=1 rrpv=1 epoch=39516 dist=195 prop=1 stamped=1 dbg=2 last=414 epoch2=39516 sched_n=0
   way5 valid=1 rrpv=7 epoch=40494 dist=1173 prop=1 stamped=1 dbg=3 last=457 epoch2=40494 sched_n=0   <== VICTIM
   way6 valid=1 rrpv=2 epoch=39451 dist=130 prop=1 stamped=1 dbg=3 last=424 epoch2=39451 sched_n=0
   way7 valid=1 rrpv=1 epoch=39451 dist=130 prop=1 stamped=1 dbg=3 last=429 epoch2=39451 sched_n=0
   -> victim=way5 reason=max-rrpv farthest-epoch property
[EVICT L3 pol=ECG:rrip_first curEpoch=39321 set_ways=8]
   way0 valid=1 rrpv=0 epoch=39386 dist=65 prop=1 stamped=1 dbg=1 last=394 epoch2=39386 sched_n=0
   way1 valid=1 rrpv=0 epoch=39516 dist=195 prop=1 stamped=1 dbg=1 last=399 epoch2=39516 sched_n=0
   way2 valid=1 rrpv=0 epoch=39516 dist=195 prop=1 stamped=1 dbg=1 last=404 epoch2=39516 sched_n=0
   way3 valid=1 rrpv=0 epoch=39451 dist=130 prop=1 stamped=1 dbg=2 last=409 epoch2=39451 sched_n=0
   way4 valid=1 rrpv=1 epoch=39581 dist=260 prop=1 stamped=1 dbg=2 last=412 epoch2=39581 sched_n=0
   way5 valid=1 rrpv=7 epoch=39386 dist=65 prop=1 stamped=1 dbg=3 last=459 epoch2=39386 sched_n=0   <== VICTIM
   way6 valid=1 rrpv=2 epoch=39386 dist=65 prop=1 stamped=1 dbg=3 last=422 epoch2=39386 sched_n=0
   way7 valid=1 rrpv=2 epoch=39451 dist=130 prop=1 stamped=1 dbg=3 last=426 epoch2=39451 sched_n=0
   -> victim=way5 reason=max-rrpv farthest-epoch property
[EVICT L3 pol=ECG:rrip_first curEpoch=39321 set_ways=8]
   way0 valid=1 rrpv=0 epoch=39386 dist=65 prop=1 stamped=1 dbg=1 last=394 epoch2=39386 sched_n=0
   way1 valid=1 rrpv=0 epoch=39516 dist=195 prop=1 stamped=1 dbg=1 last=399 epoch2=39516 sched_n=0
   way2 valid=1 rrpv=0 epoch=39516 dist=195 prop=1 stamped=1 dbg=1 last=404 epoch2=39516 sched_n=0
   way3 valid=1 rrpv=0 epoch=39451 dist=130 prop=1 stamped=1 dbg=2 last=409 epoch2=39451 sched_n=0
   way4 valid=1 rrpv=1 epoch=39581 dist=260 prop=1 stamped=1 dbg=2 last=412 epoch2=39581 sched_n=0
   way5 valid=1 rrpv=7 epoch=39386 dist=65 prop=0 stamped=0 dbg=3 last=462 epoch2=39386 sched_n=0   <== VICTIM
   way6 valid=1 rrpv=2 epoch=39386 dist=65 prop=1 stamped=1 dbg=3 last=422 epoch2=39386 sched_n=0
   way7 valid=1 rrpv=2 epoch=39451 dist=130 prop=1 stamped=1 dbg=3 last=426 epoch2=39451 sched_n=0
   -> victim=way5 reason=max-rrpv record by recency
[EVICT L3 pol=ECG:rrip_first curEpoch=39321 set_ways=8]
   way0 valid=1 rrpv=0 epoch=39516 dist=195 prop=1 stamped=1 dbg=1 last=395 epoch2=39516 sched_n=0
   way1 valid=1 rrpv=0 epoch=39451 dist=130 prop=1 stamped=1 dbg=1 last=400 epoch2=39451 sched_n=0
   way2 valid=1 rrpv=0 epoch=39581 dist=260 prop=1 stamped=1 dbg=1 last=405 epoch2=39581 sched_n=0
   way3 valid=1 rrpv=0 epoch=39516 dist=195 prop=1 stamped=1 dbg=2 last=410 epoch2=39516 sched_n=0
   way4 valid=1 rrpv=0 epoch=39516 dist=195 prop=1 stamped=1 dbg=2 last=413 epoch2=39516 sched_n=0
   way5 valid=1 rrpv=7 epoch=39516 dist=195 prop=1 stamped=1 dbg=3 last=460 epoch2=39516 sched_n=0   <== VICTIM
   way6 valid=1 rrpv=3 epoch=39516 dist=195 prop=1 stamped=1 dbg=3 last=423 epoch2=39516 sched_n=0
   way7 valid=1 rrpv=0 epoch=39451 dist=130 prop=1 stamped=1 dbg=3 last=428 epoch2=39451 sched_n=0
   -> victim=way5 reason=max-rrpv farthest-epoch property
[EVICT L3 pol=ECG:rrip_first curEpoch=39321 set_ways=8]
   way0 valid=1 rrpv=0 epoch=39451 dist=130 prop=1 stamped=1 dbg=1 last=397 epoch2=39451 sched_n=0
   way1 valid=1 rrpv=0 epoch=39581 dist=260 prop=1 stamped=1 dbg=1 last=401 epoch2=39581 sched_n=0
   way2 valid=1 rrpv=0 epoch=39516 dist=195 prop=1 stamped=1 dbg=2 last=406 epoch2=39516 sched_n=0
   way3 valid=1 rrpv=0 epoch=39451 dist=130 prop=1 stamped=1 dbg=2 last=411 epoch2=39451 sched_n=0
   way4 valid=1 rrpv=1 epoch=39516 dist=195 prop=1 stamped=1 dbg=2 last=414 epoch2=39516 sched_n=0
   way5 valid=1 rrpv=7 epoch=39451 dist=130 prop=1 stamped=1 dbg=3 last=461 epoch2=39451 sched_n=0   <== VICTIM
   way6 valid=1 rrpv=2 epoch=39451 dist=130 prop=1 stamped=1 dbg=3 last=424 epoch2=39451 sched_n=0
   way7 valid=1 rrpv=1 epoch=39451 dist=130 prop=1 stamped=1 dbg=3 last=429 epoch2=39451 sched_n=0
   -> victim=way5 reason=max-rrpv farthest-epoch property
[EVICT L3 pol=ECG:rrip_first curEpoch=47667 set_ways=8]
   way0 valid=1 rrpv=0 epoch=39516 dist=57384 prop=1 stamped=1 dbg=1 last=395 epoch2=39516 sched_n=0
   way1 valid=1 rrpv=0 epoch=39451 dist=57319 prop=1 stamped=1 dbg=1 last=400 epoch2=39451 sched_n=0
   way2 valid=1 rrpv=0 epoch=39581 dist=57449 prop=1 stamped=1 dbg=1 last=405 epoch2=39581 sched_n=0
   way3 valid=1 rrpv=0 epoch=39516 dist=57384 prop=1 stamped=1 dbg=2 last=410 epoch2=39516 sched_n=0
   way4 valid=1 rrpv=0 epoch=39516 dist=57384 prop=1 stamped=1 dbg=2 last=413 epoch2=39516 sched_n=0
   way5 valid=1 rrpv=7 epoch=39451 dist=57319 prop=1 stamped=1 dbg=3 last=465 epoch2=39451 sched_n=0   <== VICTIM
   way6 valid=1 rrpv=3 epoch=39516 dist=57384 prop=1 stamped=1 dbg=3 last=423 epoch2=39516 sched_n=0
   way7 valid=1 rrpv=0 epoch=39451 dist=57319 prop=1 stamped=1 dbg=3 last=428 epoch2=39451 sched_n=0
   -> victim=way5 reason=max-rrpv farthest-epoch property
[EVICT L3 pol=ECG:rrip_first curEpoch=47667 set_ways=8]
   way0 valid=1 rrpv=0 epoch=48124 dist=457 prop=1 stamped=1 dbg=1 last=469 epoch2=48124 sched_n=0
   way1 valid=1 rrpv=0 epoch=39581 dist=57449 prop=1 stamped=1 dbg=1 last=401 epoch2=39581 sched_n=0
   way2 valid=1 rrpv=0 epoch=39516 dist=57384 prop=1 stamped=1 dbg=2 last=406 epoch2=39516 sched_n=0
   way3 valid=1 rrpv=0 epoch=39451 dist=57319 prop=1 stamped=1 dbg=2 last=411 epoch2=39451 sched_n=0
   way4 valid=1 rrpv=1 epoch=39516 dist=57384 prop=1 stamped=1 dbg=2 last=414 epoch2=39516 sched_n=0
   way5 valid=1 rrpv=7 epoch=39581 dist=57449 prop=1 stamped=1 dbg=3 last=466 epoch2=39581 sched_n=0   <== VICTIM
   way6 valid=1 rrpv=2 epoch=39451 dist=57319 prop=1 stamped=1 dbg=3 last=424 epoch2=39451 sched_n=0
   way7 valid=1 rrpv=1 epoch=39451 dist=57319 prop=1 stamped=1 dbg=3 last=429 epoch2=39451 sched_n=0
   -> victim=way5 reason=max-rrpv farthest-epoch property
[EVICT L3 pol=ECG:rrip_first curEpoch=47667 set_ways=8]
   way0 valid=1 rrpv=0 epoch=39581 dist=57449 prop=1 stamped=1 dbg=1 last=398 epoch2=39581 sched_n=0
   way1 valid=1 rrpv=0 epoch=39451 dist=57319 prop=1 stamped=1 dbg=1 last=402 epoch2=39451 sched_n=0
   way2 valid=1 rrpv=3 epoch=39581 dist=57449 prop=1 stamped=1 dbg=2 last=407 epoch2=39581 sched_n=0
   way3 valid=1 rrpv=2 epoch=33060 dist=50928 prop=1 stamped=1 dbg=2 last=343 epoch2=33060 sched_n=0
   way4 valid=1 rrpv=1 epoch=39451 dist=57319 prop=1 stamped=1 dbg=3 last=463 epoch2=39451 sched_n=0
   way5 valid=1 rrpv=2 epoch=39386 dist=57254 prop=1 stamped=1 dbg=3 last=420 epoch2=39386 sched_n=0
   way6 valid=1 rrpv=1 epoch=39451 dist=57319 prop=1 stamped=1 dbg=3 last=425 epoch2=39451 sched_n=0
   way7 valid=1 rrpv=7 epoch=39451 dist=57319 prop=1 stamped=1 dbg=3 last=458 epoch2=39451 sched_n=0   <== VICTIM
   -> victim=way7 reason=max-rrpv farthest-epoch property
[EVICT L3 pol=ECG:rrip_first curEpoch=47667 set_ways=8]
   way0 valid=1 rrpv=0 epoch=39581 dist=57449 prop=1 stamped=1 dbg=1 last=398 epoch2=39581 sched_n=0
   way1 valid=1 rrpv=0 epoch=39451 dist=57319 prop=1 stamped=1 dbg=1 last=402 epoch2=39451 sched_n=0
   way2 valid=1 rrpv=3 epoch=39581 dist=57449 prop=1 stamped=1 dbg=2 last=407 epoch2=39581 sched_n=0
   way3 valid=1 rrpv=1 epoch=47798 dist=131 prop=1 stamped=1 dbg=2 last=480 epoch2=47798 sched_n=0
   way4 valid=1 rrpv=1 epoch=39451 dist=57319 prop=1 stamped=1 dbg=3 last=463 epoch2=39451 sched_n=0
   way5 valid=1 rrpv=2 epoch=39386 dist=57254 prop=1 stamped=1 dbg=3 last=420 epoch2=39386 sched_n=0
   way6 valid=1 rrpv=1 epoch=39451 dist=57319 prop=1 stamped=1 dbg=3 last=425 epoch2=39451 sched_n=0
   way7 valid=1 rrpv=7 epoch=39451 dist=57319 prop=0 stamped=0 dbg=3 last=478 epoch2=39451 sched_n=0   <== VICTIM
   -> victim=way7 reason=max-rrpv record by recency
[EVICT L3 pol=ECG:rrip_first curEpoch=47667 set_ways=8]
   way0 valid=1 rrpv=0 epoch=39386 dist=57254 prop=1 stamped=1 dbg=1 last=394 epoch2=39386 sched_n=0
   way1 valid=1 rrpv=0 epoch=47928 dist=261 prop=1 stamped=1 dbg=1 last=470 epoch2=47928 sched_n=0
   way2 valid=1 rrpv=0 epoch=48254 dist=587 prop=1 stamped=1 dbg=1 last=474 epoch2=48254 sched_n=0
   way3 valid=1 rrpv=0 epoch=47798 dist=131 prop=1 stamped=1 dbg=2 last=476 epoch2=47798 sched_n=0
   way4 valid=1 rrpv=0 epoch=47798 dist=131 prop=1 stamped=1 dbg=2 last=481 epoch2=47798 sched_n=0
   way5 valid=1 rrpv=7 epoch=39516 dist=57384 prop=1 stamped=1 dbg=3 last=464 epoch2=39516 sched_n=0   <== VICTIM
   way6 valid=1 rrpv=2 epoch=39386 dist=57254 prop=1 stamped=1 dbg=3 last=422 epoch2=39386 sched_n=0
   way7 valid=1 rrpv=2 epoch=39451 dist=57319 prop=1 stamped=1 dbg=3 last=426 epoch2=39451 sched_n=0
   -> victim=way5 reason=max-rrpv farthest-epoch property
[EVICT L3 pol=ECG:rrip_first curEpoch=47667 set_ways=8]
   way0 valid=1 rrpv=0 epoch=47732 dist=65 prop=1 stamped=1 dbg=1 last=468 epoch2=47732 sched_n=0
   way1 valid=1 rrpv=0 epoch=48515 dist=848 prop=1 stamped=1 dbg=1 last=472 epoch2=48515 sched_n=0
   way2 valid=1 rrpv=0 epoch=39581 dist=57449 prop=1 stamped=1 dbg=1 last=405 epoch2=39581 sched_n=0
   way3 valid=1 rrpv=0 epoch=47798 dist=131 prop=1 stamped=1 dbg=2 last=477 epoch2=47798 sched_n=0
   way4 valid=1 rrpv=0 epoch=47732 dist=65 prop=1 stamped=1 dbg=2 last=482 epoch2=47732 sched_n=0
   way5 valid=1 rrpv=7 epoch=39451 dist=57319 prop=0 stamped=0 dbg=3 last=467 epoch2=39451 sched_n=0   <== VICTIM
   way6 valid=1 rrpv=3 epoch=39516 dist=57384 prop=1 stamped=1 dbg=3 last=423 epoch2=39516 sched_n=0
   way7 valid=1 rrpv=0 epoch=39451 dist=57319 prop=1 stamped=1 dbg=3 last=428 epoch2=39451 sched_n=0
   -> victim=way5 reason=max-rrpv record by recency
[EVICT L3 pol=ECG:rrip_first curEpoch=47667 set_ways=8]
   way0 valid=1 rrpv=0 epoch=48124 dist=457 prop=1 stamped=1 dbg=1 last=469 epoch2=48124 sched_n=0
   way1 valid=1 rrpv=0 epoch=47732 dist=65 prop=1 stamped=1 dbg=1 last=473 epoch2=47732 sched_n=0
   way2 valid=1 rrpv=0 epoch=47863 dist=196 prop=1 stamped=1 dbg=2 last=475 epoch2=47863 sched_n=0
   way3 valid=1 rrpv=0 epoch=48319 dist=652 prop=1 stamped=1 dbg=2 last=479 epoch2=48319 sched_n=0
   way4 valid=1 rrpv=1 epoch=39516 dist=57384 prop=1 stamped=1 dbg=2 last=414 epoch2=39516 sched_n=0
   way5 valid=1 rrpv=7 epoch=39581 dist=57449 prop=0 stamped=0 dbg=3 last=471 epoch2=39581 sched_n=0   <== VICTIM
   way6 valid=1 rrpv=2 epoch=39451 dist=57319 prop=1 stamped=1 dbg=3 last=424 epoch2=39451 sched_n=0
   way7 valid=1 rrpv=1 epoch=39451 dist=57319 prop=1 stamped=1 dbg=3 last=429 epoch2=39451 sched_n=0
   -> victim=way5 reason=max-rrpv record by recency
[EVICT L3 pol=ECG:rrip_first curEpoch=47667 set_ways=8]
   way0 valid=1 rrpv=0 epoch=39386 dist=57254 prop=1 stamped=1 dbg=1 last=394 epoch2=39386 sched_n=0
   way1 valid=1 rrpv=0 epoch=47928 dist=261 prop=1 stamped=1 dbg=1 last=470 epoch2=47928 sched_n=0
   way2 valid=1 rrpv=0 epoch=48254 dist=587 prop=1 stamped=1 dbg=1 last=474 epoch2=48254 sched_n=0
   way3 valid=1 rrpv=0 epoch=47798 dist=131 prop=1 stamped=1 dbg=2 last=476 epoch2=47798 sched_n=0
   way4 valid=1 rrpv=0 epoch=47798 dist=131 prop=1 stamped=1 dbg=2 last=481 epoch2=47798 sched_n=0
   way5 valid=1 rrpv=7 epoch=47798 dist=131 prop=1 stamped=1 dbg=3 last=484 epoch2=47798 sched_n=0   <== VICTIM
   way6 valid=1 rrpv=2 epoch=39386 dist=57254 prop=1 stamped=1 dbg=3 last=422 epoch2=39386 sched_n=0
   way7 valid=1 rrpv=2 epoch=39451 dist=57319 prop=1 stamped=1 dbg=3 last=426 epoch2=39451 sched_n=0
   -> victim=way5 reason=max-rrpv farthest-epoch property
[EVICT L3 pol=ECG:rrip_first curEpoch=47667 set_ways=8]
   way0 valid=1 rrpv=0 epoch=39581 dist=57449 prop=1 stamped=1 dbg=1 last=398 epoch2=39581 sched_n=0
   way1 valid=1 rrpv=0 epoch=39451 dist=57319 prop=1 stamped=1 dbg=1 last=402 epoch2=39451 sched_n=0
   way2 valid=1 rrpv=3 epoch=39581 dist=57449 prop=1 stamped=1 dbg=2 last=407 epoch2=39581 sched_n=0
   way3 valid=1 rrpv=1 epoch=47798 dist=131 prop=1 stamped=1 dbg=2 last=480 epoch2=47798 sched_n=0
   way4 valid=1 rrpv=1 epoch=39451 dist=57319 prop=1 stamped=1 dbg=3 last=463 epoch2=39451 sched_n=0
   way5 valid=1 rrpv=1 epoch=47863 dist=196 prop=1 stamped=1 dbg=3 last=487 epoch2=47863 sched_n=0
   way6 valid=1 rrpv=0 epoch=47732 dist=65 prop=1 stamped=1 dbg=3 last=490 epoch2=47732 sched_n=0
   way7 valid=1 rrpv=7 epoch=47798 dist=131 prop=1 stamped=1 dbg=3 last=483 epoch2=47798 sched_n=0   <== VICTIM
   -> victim=way7 reason=max-rrpv farthest-epoch property
[EVICT L3 pol=ECG:rrip_first curEpoch=47667 set_ways=8]
   way0 valid=1 rrpv=0 epoch=47732 dist=65 prop=1 stamped=1 dbg=1 last=468 epoch2=47732 sched_n=0
   way1 valid=1 rrpv=0 epoch=48515 dist=848 prop=1 stamped=1 dbg=1 last=472 epoch2=48515 sched_n=0
   way2 valid=1 rrpv=0 epoch=39581 dist=57449 prop=1 stamped=1 dbg=1 last=405 epoch2=39581 sched_n=0
   way3 valid=1 rrpv=0 epoch=47798 dist=131 prop=1 stamped=1 dbg=2 last=477 epoch2=47798 sched_n=0
   way4 valid=1 rrpv=0 epoch=47732 dist=65 prop=1 stamped=1 dbg=2 last=482 epoch2=47732 sched_n=0
   way5 valid=1 rrpv=7 epoch=47798 dist=131 prop=1 stamped=1 dbg=3 last=485 epoch2=47798 sched_n=0   <== VICTIM
   way6 valid=1 rrpv=3 epoch=39516 dist=57384 prop=1 stamped=1 dbg=3 last=423 epoch2=39516 sched_n=0
   way7 valid=1 rrpv=0 epoch=48319 dist=652 prop=1 stamped=1 dbg=3 last=491 epoch2=48319 sched_n=0
   -> victim=way5 reason=max-rrpv farthest-epoch property
[EVICT L3 pol=ECG:rrip_first curEpoch=47667 set_ways=8]
   way0 valid=1 rrpv=0 epoch=48124 dist=457 prop=1 stamped=1 dbg=1 last=469 epoch2=48124 sched_n=0
   way1 valid=1 rrpv=0 epoch=47732 dist=65 prop=1 stamped=1 dbg=1 last=473 epoch2=47732 sched_n=0
   way2 valid=1 rrpv=0 epoch=47863 dist=196 prop=1 stamped=1 dbg=2 last=475 epoch2=47863 sched_n=0
   way3 valid=1 rrpv=0 epoch=48319 dist=652 prop=1 stamped=1 dbg=2 last=479 epoch2=48319 sched_n=0
   way4 valid=1 rrpv=1 epoch=39516 dist=57384 prop=1 stamped=1 dbg=2 last=414 epoch2=39516 sched_n=0
   way5 valid=1 rrpv=7 epoch=48319 dist=652 prop=1 stamped=1 dbg=3 last=486 epoch2=48319 sched_n=0   <== VICTIM
   way6 valid=1 rrpv=2 epoch=39451 dist=57319 prop=1 stamped=1 dbg=3 last=424 epoch2=39451 sched_n=0
   way7 valid=1 rrpv=0 epoch=48124 dist=457 prop=1 stamped=1 dbg=3 last=492 epoch2=48124 sched_n=0
   -> victim=way5 reason=max-rrpv farthest-epoch property
[EVICT L3 pol=ECG:rrip_first curEpoch=47667 set_ways=8]
   way0 valid=1 rrpv=0 epoch=39386 dist=57254 prop=1 stamped=1 dbg=1 last=394 epoch2=39386 sched_n=0
   way1 valid=1 rrpv=0 epoch=47928 dist=261 prop=1 stamped=1 dbg=1 last=470 epoch2=47928 sched_n=0
   way2 valid=1 rrpv=0 epoch=48254 dist=587 prop=1 stamped=1 dbg=1 last=474 epoch2=48254 sched_n=0
   way3 valid=1 rrpv=0 epoch=47798 dist=131 prop=1 stamped=1 dbg=2 last=476 epoch2=47798 sched_n=0
   way4 valid=1 rrpv=0 epoch=47798 dist=131 prop=1 stamped=1 dbg=2 last=481 epoch2=47798 sched_n=0
   way5 valid=1 rrpv=7 epoch=47798 dist=131 prop=0 stamped=0 dbg=3 last=488 epoch2=47798 sched_n=0   <== VICTIM
   way6 valid=1 rrpv=1 epoch=48450 dist=783 prop=1 stamped=1 dbg=3 last=489 epoch2=48450 sched_n=0
   way7 valid=1 rrpv=2 epoch=39451 dist=57319 prop=1 stamped=1 dbg=3 last=426 epoch2=39451 sched_n=0
   -> victim=way5 reason=max-rrpv record by recency
[EVICT L3 pol=ECG:rrip_first curEpoch=47667 set_ways=8]
   way0 valid=1 rrpv=0 epoch=48124 dist=457 prop=1 stamped=1 dbg=1 last=469 epoch2=48124 sched_n=0
   way1 valid=1 rrpv=0 epoch=47732 dist=65 prop=1 stamped=1 dbg=1 last=473 epoch2=47732 sched_n=0
   way2 valid=1 rrpv=0 epoch=47863 dist=196 prop=1 stamped=1 dbg=2 last=475 epoch2=47863 sched_n=0
   way3 valid=1 rrpv=0 epoch=48319 dist=652 prop=1 stamped=1 dbg=2 last=479 epoch2=48319 sched_n=0
   way4 valid=1 rrpv=1 epoch=39516 dist=57384 prop=1 stamped=1 dbg=2 last=414 epoch2=39516 sched_n=0
   way5 valid=1 rrpv=7 epoch=47732 dist=65 prop=1 stamped=1 dbg=3 last=495 epoch2=47732 sched_n=0   <== VICTIM
   way6 valid=1 rrpv=2 epoch=39451 dist=57319 prop=1 stamped=1 dbg=3 last=424 epoch2=39451 sched_n=0
   way7 valid=1 rrpv=0 epoch=48124 dist=457 prop=1 stamped=1 dbg=3 last=492 epoch2=48124 sched_n=0
   -> victim=way5 reason=max-rrpv farthest-epoch property
[EVICT L3 pol=ECG:rrip_first curEpoch=47667 set_ways=8]
   way0 valid=1 rrpv=0 epoch=47732 dist=65 prop=1 stamped=1 dbg=1 last=468 epoch2=47732 sched_n=0
   way1 valid=1 rrpv=0 epoch=48515 dist=848 prop=1 stamped=1 dbg=1 last=472 epoch2=48515 sched_n=0
   way2 valid=1 rrpv=0 epoch=39581 dist=57449 prop=1 stamped=1 dbg=1 last=405 epoch2=39581 sched_n=0
   way3 valid=1 rrpv=0 epoch=47798 dist=131 prop=1 stamped=1 dbg=2 last=477 epoch2=47798 sched_n=0
   way4 valid=1 rrpv=0 epoch=47732 dist=65 prop=1 stamped=1 dbg=2 last=482 epoch2=47732 sched_n=0
   way5 valid=1 rrpv=7 epoch=47798 dist=131 prop=1 stamped=1 dbg=3 last=494 epoch2=47798 sched_n=0   <== VICTIM
   way6 valid=1 rrpv=3 epoch=39516 dist=57384 prop=1 stamped=1 dbg=3 last=423 epoch2=39516 sched_n=0
   way7 valid=1 rrpv=0 epoch=48319 dist=652 prop=1 stamped=1 dbg=3 last=491 epoch2=48319 sched_n=0
   -> victim=way5 reason=max-rrpv farthest-epoch property
[EVICT L3 pol=ECG:rrip_first curEpoch=47667 set_ways=8]
   way0 valid=1 rrpv=0 epoch=48124 dist=457 prop=1 stamped=1 dbg=1 last=469 epoch2=48124 sched_n=0
   way1 valid=1 rrpv=0 epoch=47732 dist=65 prop=1 stamped=1 dbg=1 last=473 epoch2=47732 sched_n=0
   way2 valid=1 rrpv=0 epoch=47863 dist=196 prop=1 stamped=1 dbg=2 last=475 epoch2=47863 sched_n=0
   way3 valid=1 rrpv=0 epoch=48319 dist=652 prop=1 stamped=1 dbg=2 last=479 epoch2=48319 sched_n=0
   way4 valid=1 rrpv=1 epoch=39516 dist=57384 prop=1 stamped=1 dbg=2 last=414 epoch2=39516 sched_n=0
   way5 valid=1 rrpv=7 epoch=47928 dist=261 prop=1 stamped=1 dbg=3 last=497 epoch2=47928 sched_n=0   <== VICTIM
   way6 valid=1 rrpv=2 epoch=39451 dist=57319 prop=1 stamped=1 dbg=3 last=424 epoch2=39451 sched_n=0
   way7 valid=1 rrpv=0 epoch=48124 dist=457 prop=1 stamped=1 dbg=3 last=492 epoch2=48124 sched_n=0
   -> victim=way5 reason=max-rrpv farthest-epoch property
[EVICT L3 pol=ECG:rrip_first curEpoch=47667 set_ways=8]
   way0 valid=1 rrpv=0 epoch=47732 dist=65 prop=1 stamped=1 dbg=1 last=468 epoch2=47732 sched_n=0
   way1 valid=1 rrpv=0 epoch=48515 dist=848 prop=1 stamped=1 dbg=1 last=472 epoch2=48515 sched_n=0
   way2 valid=1 rrpv=0 epoch=39581 dist=57449 prop=1 stamped=1 dbg=1 last=405 epoch2=39581 sched_n=0
   way3 valid=1 rrpv=0 epoch=47798 dist=131 prop=1 stamped=1 dbg=2 last=477 epoch2=47798 sched_n=0
   way4 valid=1 rrpv=0 epoch=47732 dist=65 prop=1 stamped=1 dbg=2 last=482 epoch2=47732 sched_n=0
   way5 valid=1 rrpv=7 epoch=48841 dist=1174 prop=1 stamped=1 dbg=3 last=498 epoch2=48841 sched_n=0   <== VICTIM
   way6 valid=1 rrpv=3 epoch=39516 dist=57384 prop=1 stamped=1 dbg=3 last=423 epoch2=39516 sched_n=0
   way7 valid=1 rrpv=0 epoch=48319 dist=652 prop=1 stamped=1 dbg=3 last=491 epoch2=48319 sched_n=0
   -> victim=way5 reason=max-rrpv farthest-epoch property
[EVICT L3 pol=ECG:rrip_first curEpoch=47667 set_ways=8]
   way0 valid=1 rrpv=0 epoch=39581 dist=57449 prop=1 stamped=1 dbg=1 last=398 epoch2=39581 sched_n=0
   way1 valid=1 rrpv=0 epoch=39451 dist=57319 prop=1 stamped=1 dbg=1 last=402 epoch2=39451 sched_n=0
   way2 valid=1 rrpv=3 epoch=39581 dist=57449 prop=1 stamped=1 dbg=2 last=407 epoch2=39581 sched_n=0
   way3 valid=1 rrpv=1 epoch=47798 dist=131 prop=1 stamped=1 dbg=2 last=480 epoch2=47798 sched_n=0
   way4 valid=1 rrpv=1 epoch=39451 dist=57319 prop=1 stamped=1 dbg=3 last=463 epoch2=39451 sched_n=0
   way5 valid=1 rrpv=1 epoch=47863 dist=196 prop=1 stamped=1 dbg=3 last=487 epoch2=47863 sched_n=0
   way6 valid=1 rrpv=0 epoch=47732 dist=65 prop=1 stamped=1 dbg=3 last=490 epoch2=47732 sched_n=0
   way7 valid=1 rrpv=7 epoch=47798 dist=131 prop=1 stamped=1 dbg=3 last=493 epoch2=47798 sched_n=0   <== VICTIM
   -> victim=way7 reason=max-rrpv farthest-epoch property
[EVICT L3 pol=ECG:rrip_first curEpoch=47667 set_ways=8]
   way0 valid=1 rrpv=0 epoch=47732 dist=65 prop=1 stamped=1 dbg=1 last=468 epoch2=47732 sched_n=0
   way1 valid=1 rrpv=0 epoch=48515 dist=848 prop=1 stamped=1 dbg=1 last=472 epoch2=48515 sched_n=0
   way2 valid=1 rrpv=0 epoch=39581 dist=57449 prop=1 stamped=1 dbg=1 last=405 epoch2=39581 sched_n=0
   way3 valid=1 rrpv=0 epoch=47798 dist=131 prop=1 stamped=1 dbg=2 last=477 epoch2=47798 sched_n=0
   way4 valid=1 rrpv=0 epoch=47732 dist=65 prop=1 stamped=1 dbg=2 last=482 epoch2=47732 sched_n=0
   way5 valid=1 rrpv=7 epoch=48841 dist=1174 prop=0 stamped=0 dbg=3 last=500 epoch2=48841 sched_n=0   <== VICTIM
   way6 valid=1 rrpv=3 epoch=39516 dist=57384 prop=1 stamped=1 dbg=3 last=423 epoch2=39516 sched_n=0
   way7 valid=1 rrpv=0 epoch=48319 dist=652 prop=1 stamped=1 dbg=3 last=491 epoch2=48319 sched_n=0
   -> victim=way5 reason=max-rrpv record by recency
[EVICT L3 pol=ECG:rrip_first curEpoch=47667 set_ways=8]
   way0 valid=1 rrpv=0 epoch=47732 dist=65 prop=1 stamped=1 dbg=1 last=468 epoch2=47732 sched_n=0
   way1 valid=1 rrpv=0 epoch=48515 dist=848 prop=1 stamped=1 dbg=1 last=472 epoch2=48515 sched_n=0
   way2 valid=1 rrpv=0 epoch=39581 dist=57449 prop=1 stamped=1 dbg=1 last=405 epoch2=39581 sched_n=0
   way3 valid=1 rrpv=0 epoch=47798 dist=131 prop=1 stamped=1 dbg=2 last=477 epoch2=47798 sched_n=0
   way4 valid=1 rrpv=0 epoch=47732 dist=65 prop=1 stamped=1 dbg=2 last=482 epoch2=47732 sched_n=0
   way5 valid=1 rrpv=7 epoch=47732 dist=65 prop=1 stamped=1 dbg=3 last=502 epoch2=47732 sched_n=0   <== VICTIM
   way6 valid=1 rrpv=3 epoch=39516 dist=57384 prop=1 stamped=1 dbg=3 last=423 epoch2=39516 sched_n=0
   way7 valid=1 rrpv=0 epoch=48319 dist=652 prop=1 stamped=1 dbg=3 last=491 epoch2=48319 sched_n=0
   -> victim=way5 reason=max-rrpv farthest-epoch property
[EVICT L3 pol=ECG:rrip_first curEpoch=47667 set_ways=8]
   way0 valid=1 rrpv=0 epoch=48124 dist=457 prop=1 stamped=1 dbg=1 last=469 epoch2=48124 sched_n=0
   way1 valid=1 rrpv=0 epoch=47732 dist=65 prop=1 stamped=1 dbg=1 last=473 epoch2=47732 sched_n=0
   way2 valid=1 rrpv=0 epoch=47863 dist=196 prop=1 stamped=1 dbg=2 last=475 epoch2=47863 sched_n=0
   way3 valid=1 rrpv=0 epoch=48319 dist=652 prop=1 stamped=1 dbg=2 last=479 epoch2=48319 sched_n=0
   way4 valid=1 rrpv=1 epoch=39516 dist=57384 prop=1 stamped=1 dbg=2 last=414 epoch2=39516 sched_n=0
   way5 valid=1 rrpv=7 epoch=48319 dist=652 prop=1 stamped=1 dbg=3 last=499 epoch2=48319 sched_n=0   <== VICTIM
   way6 valid=1 rrpv=2 epoch=39451 dist=57319 prop=1 stamped=1 dbg=3 last=424 epoch2=39451 sched_n=0
   way7 valid=1 rrpv=0 epoch=48124 dist=457 prop=1 stamped=1 dbg=3 last=492 epoch2=48124 sched_n=0
   -> victim=way5 reason=max-rrpv farthest-epoch property
[EVICT L3 pol=ECG:rrip_first curEpoch=47667 set_ways=8]
   way0 valid=1 rrpv=0 epoch=39581 dist=57449 prop=1 stamped=1 dbg=1 last=398 epoch2=39581 sched_n=0
   way1 valid=1 rrpv=0 epoch=39451 dist=57319 prop=1 stamped=1 dbg=1 last=402 epoch2=39451 sched_n=0
   way2 valid=1 rrpv=3 epoch=39581 dist=57449 prop=1 stamped=1 dbg=2 last=407 epoch2=39581 sched_n=0
   way3 valid=1 rrpv=1 epoch=47798 dist=131 prop=1 stamped=1 dbg=2 last=480 epoch2=47798 sched_n=0
   way4 valid=1 rrpv=1 epoch=39451 dist=57319 prop=1 stamped=1 dbg=3 last=463 epoch2=39451 sched_n=0
   way5 valid=1 rrpv=1 epoch=47863 dist=196 prop=1 stamped=1 dbg=3 last=487 epoch2=47863 sched_n=0
   way6 valid=1 rrpv=0 epoch=47732 dist=65 prop=1 stamped=1 dbg=3 last=490 epoch2=47732 sched_n=0
   way7 valid=1 rrpv=7 epoch=48776 dist=1109 prop=1 stamped=1 dbg=3 last=501 epoch2=48776 sched_n=0   <== VICTIM
   -> victim=way7 reason=max-rrpv farthest-epoch property
[EVICT L3 pol=ECG:rrip_first curEpoch=47667 set_ways=8]
   way0 valid=1 rrpv=0 epoch=47732 dist=65 prop=1 stamped=1 dbg=1 last=468 epoch2=47732 sched_n=0
   way1 valid=1 rrpv=0 epoch=48515 dist=848 prop=1 stamped=1 dbg=1 last=472 epoch2=48515 sched_n=0
   way2 valid=1 rrpv=0 epoch=39581 dist=57449 prop=1 stamped=1 dbg=1 last=405 epoch2=39581 sched_n=0
   way3 valid=1 rrpv=0 epoch=47798 dist=131 prop=1 stamped=1 dbg=2 last=477 epoch2=47798 sched_n=0
   way4 valid=1 rrpv=0 epoch=47732 dist=65 prop=1 stamped=1 dbg=2 last=482 epoch2=47732 sched_n=0
   way5 valid=1 rrpv=7 epoch=47928 dist=261 prop=1 stamped=1 dbg=3 last=503 epoch2=47928 sched_n=0   <== VICTIM
   way6 valid=1 rrpv=3 epoch=39516 dist=57384 prop=1 stamped=1 dbg=3 last=423 epoch2=39516 sched_n=0
   way7 valid=1 rrpv=0 epoch=48319 dist=652 prop=1 stamped=1 dbg=3 last=491 epoch2=48319 sched_n=0
   -> victim=way5 reason=max-rrpv farthest-epoch property
[EVICT L3 pol=ECG:rrip_first curEpoch=47667 set_ways=8]
   way0 valid=1 rrpv=0 epoch=39581 dist=57449 prop=1 stamped=1 dbg=1 last=398 epoch2=39581 sched_n=0
   way1 valid=1 rrpv=0 epoch=39451 dist=57319 prop=1 stamped=1 dbg=1 last=402 epoch2=39451 sched_n=0
   way2 valid=1 rrpv=3 epoch=39581 dist=57449 prop=1 stamped=1 dbg=2 last=407 epoch2=39581 sched_n=0
   way3 valid=1 rrpv=1 epoch=47798 dist=131 prop=1 stamped=1 dbg=2 last=480 epoch2=47798 sched_n=0
   way4 valid=1 rrpv=1 epoch=39451 dist=57319 prop=1 stamped=1 dbg=3 last=463 epoch2=39451 sched_n=0
   way5 valid=1 rrpv=1 epoch=47863 dist=196 prop=1 stamped=1 dbg=3 last=487 epoch2=47863 sched_n=0
   way6 valid=1 rrpv=0 epoch=47732 dist=65 prop=1 stamped=1 dbg=3 last=490 epoch2=47732 sched_n=0
   way7 valid=1 rrpv=7 epoch=47798 dist=131 prop=1 stamped=1 dbg=3 last=505 epoch2=47798 sched_n=0   <== VICTIM
   -> victim=way7 reason=max-rrpv farthest-epoch property
[EVICT L3 pol=ECG:rrip_first curEpoch=47667 set_ways=8]
   way0 valid=1 rrpv=0 epoch=39386 dist=57254 prop=1 stamped=1 dbg=1 last=394 epoch2=39386 sched_n=0
   way1 valid=1 rrpv=0 epoch=47928 dist=261 prop=1 stamped=1 dbg=1 last=470 epoch2=47928 sched_n=0
   way2 valid=1 rrpv=0 epoch=48254 dist=587 prop=1 stamped=1 dbg=1 last=474 epoch2=48254 sched_n=0
   way3 valid=1 rrpv=0 epoch=47798 dist=131 prop=1 stamped=1 dbg=2 last=476 epoch2=47798 sched_n=0
   way4 valid=1 rrpv=0 epoch=47798 dist=131 prop=1 stamped=1 dbg=2 last=481 epoch2=47798 sched_n=0
   way5 valid=1 rrpv=7 epoch=47732 dist=65 prop=1 stamped=1 dbg=3 last=496 epoch2=47732 sched_n=0   <== VICTIM
   way6 valid=1 rrpv=1 epoch=48450 dist=783 prop=1 stamped=1 dbg=3 last=489 epoch2=48450 sched_n=0
   way7 valid=1 rrpv=2 epoch=39451 dist=57319 prop=1 stamped=1 dbg=3 last=426 epoch2=39451 sched_n=0
   -> victim=way5 reason=max-rrpv farthest-epoch property
[EVICT L3 pol=ECG:rrip_first curEpoch=47667 set_ways=8]
   way0 valid=1 rrpv=0 epoch=47732 dist=65 prop=1 stamped=1 dbg=1 last=468 epoch2=47732 sched_n=0
   way1 valid=1 rrpv=0 epoch=48515 dist=848 prop=1 stamped=1 dbg=1 last=472 epoch2=48515 sched_n=0
   way2 valid=1 rrpv=0 epoch=39581 dist=57449 prop=1 stamped=1 dbg=1 last=405 epoch2=39581 sched_n=0
   way3 valid=1 rrpv=0 epoch=47798 dist=131 prop=1 stamped=1 dbg=2 last=477 epoch2=47798 sched_n=0
   way4 valid=1 rrpv=0 epoch=47732 dist=65 prop=1 stamped=1 dbg=2 last=482 epoch2=47732 sched_n=0
   way5 valid=1 rrpv=7 epoch=47928 dist=261 prop=1 stamped=1 dbg=3 last=506 epoch2=47928 sched_n=0   <== VICTIM
   way6 valid=1 rrpv=3 epoch=39516 dist=57384 prop=1 stamped=1 dbg=3 last=423 epoch2=39516 sched_n=0
   way7 valid=1 rrpv=0 epoch=48319 dist=652 prop=1 stamped=1 dbg=3 last=491 epoch2=48319 sched_n=0
   -> victim=way5 reason=max-rrpv farthest-epoch property
[EVICT L3 pol=ECG:rrip_first curEpoch=47667 set_ways=8]
   way0 valid=1 rrpv=0 epoch=48124 dist=457 prop=1 stamped=1 dbg=1 last=469 epoch2=48124 sched_n=0
   way1 valid=1 rrpv=0 epoch=47732 dist=65 prop=1 stamped=1 dbg=1 last=473 epoch2=47732 sched_n=0
   way2 valid=1 rrpv=0 epoch=47863 dist=196 prop=1 stamped=1 dbg=2 last=475 epoch2=47863 sched_n=0
   way3 valid=1 rrpv=0 epoch=48319 dist=652 prop=1 stamped=1 dbg=2 last=479 epoch2=48319 sched_n=0
   way4 valid=1 rrpv=1 epoch=39516 dist=57384 prop=1 stamped=1 dbg=2 last=414 epoch2=39516 sched_n=0
   way5 valid=1 rrpv=7 epoch=48254 dist=587 prop=1 stamped=1 dbg=3 last=504 epoch2=48254 sched_n=0   <== VICTIM
   way6 valid=1 rrpv=2 epoch=39451 dist=57319 prop=1 stamped=1 dbg=3 last=424 epoch2=39451 sched_n=0
   way7 valid=1 rrpv=0 epoch=48124 dist=457 prop=1 stamped=1 dbg=3 last=492 epoch2=48124 sched_n=0
   -> victim=way5 reason=max-rrpv farthest-epoch property
[EVICT L3 pol=ECG:rrip_first curEpoch=47667 set_ways=8]
   way0 valid=1 rrpv=0 epoch=48124 dist=457 prop=1 stamped=1 dbg=1 last=469 epoch2=48124 sched_n=0
   way1 valid=1 rrpv=0 epoch=47732 dist=65 prop=1 stamped=1 dbg=1 last=473 epoch2=47732 sched_n=0
   way2 valid=1 rrpv=0 epoch=47863 dist=196 prop=1 stamped=1 dbg=2 last=475 epoch2=47863 sched_n=0
   way3 valid=1 rrpv=0 epoch=48319 dist=652 prop=1 stamped=1 dbg=2 last=479 epoch2=48319 sched_n=0
   way4 valid=1 rrpv=1 epoch=39516 dist=57384 prop=1 stamped=1 dbg=2 last=414 epoch2=39516 sched_n=0
   way5 valid=1 rrpv=7 epoch=47863 dist=196 prop=1 stamped=1 dbg=3 last=510 epoch2=47863 sched_n=0   <== VICTIM
   way6 valid=1 rrpv=2 epoch=39451 dist=57319 prop=1 stamped=1 dbg=3 last=424 epoch2=39451 sched_n=0
   way7 valid=1 rrpv=0 epoch=48124 dist=457 prop=1 stamped=1 dbg=3 last=492 epoch2=48124 sched_n=0
   -> victim=way5 reason=max-rrpv farthest-epoch property
[EVICT L3 pol=ECG:rrip_first curEpoch=47667 set_ways=8]
   way0 valid=1 rrpv=0 epoch=47732 dist=65 prop=1 stamped=1 dbg=1 last=468 epoch2=47732 sched_n=0
   way1 valid=1 rrpv=0 epoch=48515 dist=848 prop=1 stamped=1 dbg=1 last=472 epoch2=48515 sched_n=0
   way2 valid=1 rrpv=0 epoch=39581 dist=57449 prop=1 stamped=1 dbg=1 last=405 epoch2=39581 sched_n=0
   way3 valid=1 rrpv=0 epoch=47798 dist=131 prop=1 stamped=1 dbg=2 last=477 epoch2=47798 sched_n=0
   way4 valid=1 rrpv=0 epoch=47732 dist=65 prop=1 stamped=1 dbg=2 last=482 epoch2=47732 sched_n=0
   way5 valid=1 rrpv=7 epoch=47928 dist=261 prop=1 stamped=1 dbg=3 last=509 epoch2=47928 sched_n=0   <== VICTIM
   way6 valid=1 rrpv=3 epoch=39516 dist=57384 prop=1 stamped=1 dbg=3 last=423 epoch2=39516 sched_n=0
   way7 valid=1 rrpv=0 epoch=48319 dist=652 prop=1 stamped=1 dbg=3 last=491 epoch2=48319 sched_n=0
   -> victim=way5 reason=max-rrpv farthest-epoch property
[EVICT L3 pol=ECG:rrip_first curEpoch=47667 set_ways=8]
   way0 valid=1 rrpv=0 epoch=48124 dist=457 prop=1 stamped=1 dbg=1 last=469 epoch2=48124 sched_n=0
   way1 valid=1 rrpv=0 epoch=47732 dist=65 prop=1 stamped=1 dbg=1 last=473 epoch2=47732 sched_n=0
   way2 valid=1 rrpv=0 epoch=47863 dist=196 prop=1 stamped=1 dbg=2 last=475 epoch2=47863 sched_n=0
   way3 valid=1 rrpv=0 epoch=48319 dist=652 prop=1 stamped=1 dbg=2 last=479 epoch2=48319 sched_n=0
   way4 valid=1 rrpv=1 epoch=39516 dist=57384 prop=1 stamped=1 dbg=2 last=414 epoch2=39516 sched_n=0
   way5 valid=1 rrpv=7 epoch=47863 dist=196 prop=0 stamped=0 dbg=3 last=511 epoch2=47863 sched_n=0   <== VICTIM
   way6 valid=1 rrpv=2 epoch=39451 dist=57319 prop=1 stamped=1 dbg=3 last=424 epoch2=39451 sched_n=0
   way7 valid=1 rrpv=0 epoch=48124 dist=457 prop=1 stamped=1 dbg=3 last=492 epoch2=48124 sched_n=0
   -> victim=way5 reason=max-rrpv record by recency
[EVICT L3 pol=ECG:rrip_first curEpoch=0 set_ways=8]
   way0 valid=1 rrpv=0 epoch=39386 dist=39386 prop=1 stamped=1 dbg=1 last=514 epoch2=39386 sched_n=0
   way1 valid=1 rrpv=0 epoch=47928 dist=47928 prop=1 stamped=1 dbg=1 last=470 epoch2=47928 sched_n=0
   way2 valid=1 rrpv=0 epoch=48254 dist=48254 prop=1 stamped=1 dbg=1 last=474 epoch2=48254 sched_n=0
   way3 valid=1 rrpv=0 epoch=47798 dist=47798 prop=1 stamped=1 dbg=2 last=476 epoch2=47798 sched_n=0
   way4 valid=1 rrpv=0 epoch=47798 dist=47798 prop=1 stamped=1 dbg=2 last=481 epoch2=47798 sched_n=0
   way5 valid=1 rrpv=7 epoch=48189 dist=48189 prop=1 stamped=1 dbg=3 last=508 epoch2=48189 sched_n=0   <== VICTIM
   way6 valid=1 rrpv=1 epoch=48450 dist=48450 prop=1 stamped=1 dbg=3 last=489 epoch2=48450 sched_n=0
   way7 valid=1 rrpv=2 epoch=39451 dist=39451 prop=1 stamped=1 dbg=3 last=426 epoch2=39451 sched_n=0
   -> victim=way5 reason=max-rrpv farthest-epoch property
[EVICT L3 pol=ECG:rrip_first curEpoch=0 set_ways=8]
   way0 valid=1 rrpv=0 epoch=48124 dist=48124 prop=1 stamped=1 dbg=1 last=469 epoch2=48124 sched_n=0
   way1 valid=1 rrpv=0 epoch=47732 dist=47732 prop=1 stamped=1 dbg=1 last=473 epoch2=47732 sched_n=0
   way2 valid=1 rrpv=0 epoch=47863 dist=47863 prop=1 stamped=1 dbg=2 last=475 epoch2=47863 sched_n=0
   way3 valid=1 rrpv=0 epoch=48319 dist=48319 prop=1 stamped=1 dbg=2 last=479 epoch2=48319 sched_n=0
   way4 valid=1 rrpv=1 epoch=39516 dist=39516 prop=1 stamped=1 dbg=2 last=414 epoch2=39516 sched_n=0
   way5 valid=1 rrpv=7 epoch=48580 dist=48580 prop=1 stamped=1 dbg=3 last=513 epoch2=48580 sched_n=0   <== VICTIM
   way6 valid=1 rrpv=2 epoch=39451 dist=39451 prop=1 stamped=1 dbg=3 last=424 epoch2=39451 sched_n=0
   way7 valid=1 rrpv=0 epoch=48124 dist=48124 prop=1 stamped=1 dbg=3 last=492 epoch2=48124 sched_n=0
   -> victim=way5 reason=max-rrpv farthest-epoch property
[EVICT L3 pol=ECG:rrip_first curEpoch=130 set_ways=8]
   way0 valid=1 rrpv=0 epoch=48124 dist=47994 prop=1 stamped=1 dbg=1 last=469 epoch2=48124 sched_n=0
   way1 valid=1 rrpv=0 epoch=47732 dist=47602 prop=1 stamped=1 dbg=1 last=473 epoch2=47732 sched_n=0
   way2 valid=1 rrpv=0 epoch=47863 dist=47733 prop=1 stamped=1 dbg=2 last=475 epoch2=47863 sched_n=0
   way3 valid=1 rrpv=0 epoch=48319 dist=48189 prop=1 stamped=1 dbg=2 last=479 epoch2=48319 sched_n=0
   way4 valid=1 rrpv=1 epoch=39516 dist=39386 prop=1 stamped=1 dbg=2 last=414 epoch2=39516 sched_n=0
   way5 valid=1 rrpv=7 epoch=48580 dist=48450 prop=0 stamped=0 dbg=3 last=516 epoch2=48580 sched_n=0   <== VICTIM
   way6 valid=1 rrpv=2 epoch=39451 dist=39321 prop=1 stamped=1 dbg=3 last=424 epoch2=39451 sched_n=0
   way7 valid=1 rrpv=0 epoch=48124 dist=47994 prop=1 stamped=1 dbg=3 last=492 epoch2=48124 sched_n=0
   -> victim=way5 reason=max-rrpv record by recency
[EVICT L3 pol=ECG:rrip_first curEpoch=260 set_ways=8]
   way0 valid=1 rrpv=0 epoch=39581 dist=39321 prop=1 stamped=1 dbg=1 last=398 epoch2=39581 sched_n=0
   way1 valid=1 rrpv=0 epoch=39451 dist=39191 prop=1 stamped=1 dbg=1 last=402 epoch2=39451 sched_n=0
   way2 valid=1 rrpv=3 epoch=39581 dist=39321 prop=1 stamped=1 dbg=2 last=407 epoch2=39581 sched_n=0
   way3 valid=1 rrpv=1 epoch=47798 dist=47538 prop=1 stamped=1 dbg=2 last=480 epoch2=47798 sched_n=0
   way4 valid=1 rrpv=1 epoch=39451 dist=39191 prop=1 stamped=1 dbg=3 last=463 epoch2=39451 sched_n=0
   way5 valid=1 rrpv=1 epoch=47863 dist=47603 prop=1 stamped=1 dbg=3 last=487 epoch2=47863 sched_n=0
   way6 valid=1 rrpv=0 epoch=47732 dist=47472 prop=1 stamped=1 dbg=3 last=490 epoch2=47732 sched_n=0
   way7 valid=1 rrpv=7 epoch=47928 dist=47668 prop=1 stamped=1 dbg=3 last=507 epoch2=47928 sched_n=0   <== VICTIM
   -> victim=way7 reason=max-rrpv farthest-epoch property
[EVICT L3 pol=ECG:rrip_first curEpoch=326 set_ways=8]
   way0 valid=1 rrpv=0 epoch=47732 dist=47406 prop=1 stamped=1 dbg=1 last=468 epoch2=47732 sched_n=0
   way1 valid=1 rrpv=0 epoch=48515 dist=48189 prop=1 stamped=1 dbg=1 last=472 epoch2=48515 sched_n=0
   way2 valid=1 rrpv=0 epoch=39581 dist=39255 prop=1 stamped=1 dbg=1 last=405 epoch2=39581 sched_n=0
   way3 valid=1 rrpv=0 epoch=47798 dist=47472 prop=1 stamped=1 dbg=2 last=477 epoch2=47798 sched_n=0
   way4 valid=1 rrpv=0 epoch=47732 dist=47406 prop=1 stamped=1 dbg=2 last=482 epoch2=47732 sched_n=0
   way5 valid=1 rrpv=7 epoch=48254 dist=47928 prop=1 stamped=1 dbg=3 last=512 epoch2=48254 sched_n=0   <== VICTIM
   way6 valid=1 rrpv=3 epoch=39516 dist=39190 prop=1 stamped=1 dbg=3 last=423 epoch2=39516 sched_n=0
   way7 valid=1 rrpv=0 epoch=48319 dist=47993 prop=1 stamped=1 dbg=3 last=491 epoch2=48319 sched_n=0
   -> victim=way5 reason=max-rrpv farthest-epoch property
[EVICT L3 pol=ECG:rrip_first curEpoch=391 set_ways=8]
   way0 valid=1 rrpv=0 epoch=48124 dist=47733 prop=1 stamped=1 dbg=1 last=469 epoch2=48124 sched_n=0
   way1 valid=1 rrpv=0 epoch=47732 dist=47341 prop=1 stamped=1 dbg=1 last=473 epoch2=47732 sched_n=0
   way2 valid=1 rrpv=0 epoch=47863 dist=47472 prop=1 stamped=1 dbg=2 last=475 epoch2=47863 sched_n=0
   way3 valid=1 rrpv=0 epoch=48319 dist=47928 prop=1 stamped=1 dbg=2 last=479 epoch2=48319 sched_n=0
   way4 valid=1 rrpv=1 epoch=39516 dist=39125 prop=1 stamped=1 dbg=2 last=414 epoch2=39516 sched_n=0
   way5 valid=1 rrpv=7 epoch=48580 dist=48189 prop=0 stamped=0 dbg=3 last=517 epoch2=48580 sched_n=0   <== VICTIM
   way6 valid=1 rrpv=2 epoch=39451 dist=39060 prop=1 stamped=1 dbg=3 last=424 epoch2=39451 sched_n=0
   way7 valid=1 rrpv=0 epoch=48124 dist=47733 prop=1 stamped=1 dbg=3 last=492 epoch2=48124 sched_n=0
   -> victim=way5 reason=max-rrpv record by recency
[EVICT L3 pol=ECG:rrip_first curEpoch=521 set_ways=8]
   way0 valid=1 rrpv=0 epoch=39386 dist=38865 prop=1 stamped=1 dbg=1 last=514 epoch2=39386 sched_n=0
   way1 valid=1 rrpv=0 epoch=47928 dist=47407 prop=1 stamped=1 dbg=1 last=470 epoch2=47928 sched_n=0
   way2 valid=1 rrpv=0 epoch=48254 dist=47733 prop=1 stamped=1 dbg=1 last=474 epoch2=48254 sched_n=0
   way3 valid=1 rrpv=0 epoch=47798 dist=47277 prop=1 stamped=1 dbg=2 last=476 epoch2=47798 sched_n=0
   way4 valid=1 rrpv=0 epoch=47798 dist=47277 prop=1 stamped=1 dbg=2 last=481 epoch2=47798 sched_n=0
   way5 valid=1 rrpv=7 epoch=48189 dist=47668 prop=0 stamped=0 dbg=3 last=515 epoch2=48189 sched_n=0   <== VICTIM
   way6 valid=1 rrpv=1 epoch=48450 dist=47929 prop=1 stamped=1 dbg=3 last=489 epoch2=48450 sched_n=0
   way7 valid=1 rrpv=2 epoch=39451 dist=38930 prop=1 stamped=1 dbg=3 last=426 epoch2=39451 sched_n=0
   -> victim=way5 reason=max-rrpv record by recency
[EVICT L3 pol=ECG:rrip_first curEpoch=521 set_ways=8]
   way0 valid=1 rrpv=0 epoch=47732 dist=47211 prop=1 stamped=1 dbg=1 last=468 epoch2=47732 sched_n=0
   way1 valid=1 rrpv=0 epoch=48515 dist=47994 prop=1 stamped=1 dbg=1 last=472 epoch2=48515 sched_n=0
   way2 valid=1 rrpv=0 epoch=39581 dist=39060 prop=1 stamped=1 dbg=1 last=405 epoch2=39581 sched_n=0
   way3 valid=1 rrpv=0 epoch=47798 dist=47277 prop=1 stamped=1 dbg=2 last=477 epoch2=47798 sched_n=0
   way4 valid=1 rrpv=0 epoch=47732 dist=47211 prop=1 stamped=1 dbg=2 last=482 epoch2=47732 sched_n=0
   way5 valid=1 rrpv=7 epoch=48254 dist=47733 prop=0 stamped=0 dbg=3 last=519 epoch2=48254 sched_n=0   <== VICTIM
   way6 valid=1 rrpv=3 epoch=39516 dist=38995 prop=1 stamped=1 dbg=3 last=423 epoch2=39516 sched_n=0
   way7 valid=1 rrpv=0 epoch=48319 dist=47798 prop=1 stamped=1 dbg=3 last=491 epoch2=48319 sched_n=0
   -> victim=way5 reason=max-rrpv record by recency
[EVICT L3 pol=ECG:rrip_first curEpoch=586 set_ways=8]
   way0 valid=1 rrpv=0 epoch=48124 dist=47538 prop=1 stamped=1 dbg=1 last=469 epoch2=48124 sched_n=0
   way1 valid=1 rrpv=0 epoch=47732 dist=47146 prop=1 stamped=1 dbg=1 last=473 epoch2=47732 sched_n=0
   way2 valid=1 rrpv=0 epoch=47863 dist=47277 prop=1 stamped=1 dbg=2 last=475 epoch2=47863 sched_n=0
   way3 valid=1 rrpv=0 epoch=48319 dist=47733 prop=1 stamped=1 dbg=2 last=479 epoch2=48319 sched_n=0
   way4 valid=1 rrpv=1 epoch=39516 dist=38930 prop=1 stamped=1 dbg=2 last=414 epoch2=39516 sched_n=0
   way5 valid=1 rrpv=7 epoch=48580 dist=47994 prop=0 stamped=0 dbg=3 last=520 epoch2=48580 sched_n=0   <== VICTIM
   way6 valid=1 rrpv=2 epoch=39451 dist=38865 prop=1 stamped=1 dbg=3 last=424 epoch2=39451 sched_n=0
   way7 valid=1 rrpv=0 epoch=48124 dist=47538 prop=1 stamped=1 dbg=3 last=492 epoch2=48124 sched_n=0
   -> victim=way5 reason=max-rrpv record by recency
[EVICT L3 pol=ECG:rrip_first curEpoch=652 set_ways=8]
   way0 valid=1 rrpv=0 epoch=39581 dist=38929 prop=1 stamped=1 dbg=1 last=398 epoch2=39581 sched_n=0
   way1 valid=1 rrpv=0 epoch=39451 dist=38799 prop=1 stamped=1 dbg=1 last=402 epoch2=39451 sched_n=0
   way2 valid=1 rrpv=3 epoch=39581 dist=38929 prop=1 stamped=1 dbg=2 last=407 epoch2=39581 sched_n=0
   way3 valid=1 rrpv=1 epoch=47798 dist=47146 prop=1 stamped=1 dbg=2 last=480 epoch2=47798 sched_n=0
   way4 valid=1 rrpv=1 epoch=39451 dist=38799 prop=1 stamped=1 dbg=3 last=463 epoch2=39451 sched_n=0
   way5 valid=1 rrpv=1 epoch=47863 dist=47211 prop=1 stamped=1 dbg=3 last=487 epoch2=47863 sched_n=0
   way6 valid=1 rrpv=0 epoch=47732 dist=47080 prop=1 stamped=1 dbg=3 last=490 epoch2=47732 sched_n=0
   way7 valid=1 rrpv=7 epoch=47928 dist=47276 prop=0 stamped=0 dbg=3 last=518 epoch2=47928 sched_n=0   <== VICTIM
   -> victim=way7 reason=max-rrpv record by recency
[EVICT L3 pol=ECG:rrip_first curEpoch=782 set_ways=8]
   way0 valid=1 rrpv=0 epoch=39386 dist=38604 prop=1 stamped=1 dbg=1 last=514 epoch2=39386 sched_n=0
   way1 valid=1 rrpv=0 epoch=47928 dist=47146 prop=1 stamped=1 dbg=1 last=470 epoch2=47928 sched_n=0
   way2 valid=1 rrpv=0 epoch=48254 dist=47472 prop=1 stamped=1 dbg=1 last=474 epoch2=48254 sched_n=0
   way3 valid=1 rrpv=0 epoch=47798 dist=47016 prop=1 stamped=1 dbg=2 last=476 epoch2=47798 sched_n=0
   way4 valid=1 rrpv=0 epoch=47798 dist=47016 prop=1 stamped=1 dbg=2 last=481 epoch2=47798 sched_n=0
   way5 valid=1 rrpv=7 epoch=48189 dist=47407 prop=0 stamped=0 dbg=3 last=521 epoch2=48189 sched_n=0   <== VICTIM
   way6 valid=1 rrpv=1 epoch=48450 dist=47668 prop=1 stamped=1 dbg=3 last=489 epoch2=48450 sched_n=0
   way7 valid=1 rrpv=2 epoch=39451 dist=38669 prop=1 stamped=1 dbg=3 last=426 epoch2=39451 sched_n=0
   -> victim=way5 reason=max-rrpv record by recency
[EVICT L3 pol=ECG:rrip_first curEpoch=782 set_ways=8]
   way0 valid=1 rrpv=0 epoch=39581 dist=38799 prop=1 stamped=1 dbg=1 last=398 epoch2=39581 sched_n=0
   way1 valid=1 rrpv=0 epoch=39451 dist=38669 prop=1 stamped=1 dbg=1 last=402 epoch2=39451 sched_n=0
   way2 valid=1 rrpv=3 epoch=39581 dist=38799 prop=1 stamped=1 dbg=2 last=407 epoch2=39581 sched_n=0
   way3 valid=1 rrpv=1 epoch=47798 dist=47016 prop=1 stamped=1 dbg=2 last=480 epoch2=47798 sched_n=0
   way4 valid=1 rrpv=1 epoch=39451 dist=38669 prop=1 stamped=1 dbg=3 last=463 epoch2=39451 sched_n=0
   way5 valid=1 rrpv=1 epoch=47863 dist=47081 prop=1 stamped=1 dbg=3 last=487 epoch2=47863 sched_n=0
   way6 valid=1 rrpv=0 epoch=47732 dist=46950 prop=1 stamped=1 dbg=3 last=490 epoch2=47732 sched_n=0
   way7 valid=1 rrpv=7 epoch=47928 dist=47146 prop=0 stamped=0 dbg=3 last=524 epoch2=47928 sched_n=0   <== VICTIM
   -> victim=way7 reason=max-rrpv record by recency
[EVICT L3 pol=ECG:rrip_first curEpoch=1043 set_ways=8]
   way0 valid=1 rrpv=0 epoch=39581 dist=38538 prop=1 stamped=1 dbg=1 last=398 epoch2=39581 sched_n=0
   way1 valid=1 rrpv=0 epoch=39451 dist=38408 prop=1 stamped=1 dbg=1 last=402 epoch2=39451 sched_n=0
   way2 valid=1 rrpv=3 epoch=39581 dist=38538 prop=1 stamped=1 dbg=2 last=407 epoch2=39581 sched_n=0
   way3 valid=1 rrpv=1 epoch=47798 dist=46755 prop=1 stamped=1 dbg=2 last=480 epoch2=47798 sched_n=0
   way4 valid=1 rrpv=1 epoch=39451 dist=38408 prop=1 stamped=1 dbg=3 last=463 epoch2=39451 sched_n=0
   way5 valid=1 rrpv=1 epoch=47863 dist=46820 prop=1 stamped=1 dbg=3 last=487 epoch2=47863 sched_n=0
   way6 valid=1 rrpv=0 epoch=47732 dist=46689 prop=1 stamped=1 dbg=3 last=490 epoch2=47732 sched_n=0
   way7 valid=1 rrpv=7 epoch=47928 dist=46885 prop=0 stamped=0 dbg=3 last=526 epoch2=47928 sched_n=0   <== VICTIM
   -> victim=way7 reason=max-rrpv record by recency
[EVICT L3 pol=ECG:rrip_first curEpoch=1108 set_ways=8]
   way0 valid=1 rrpv=0 epoch=39386 dist=38278 prop=1 stamped=1 dbg=1 last=514 epoch2=39386 sched_n=0
   way1 valid=1 rrpv=0 epoch=47928 dist=46820 prop=1 stamped=1 dbg=1 last=470 epoch2=47928 sched_n=0
   way2 valid=1 rrpv=0 epoch=48254 dist=47146 prop=1 stamped=1 dbg=1 last=474 epoch2=48254 sched_n=0
   way3 valid=1 rrpv=0 epoch=47798 dist=46690 prop=1 stamped=1 dbg=2 last=476 epoch2=47798 sched_n=0
   way4 valid=1 rrpv=0 epoch=47798 dist=46690 prop=1 stamped=1 dbg=2 last=481 epoch2=47798 sched_n=0
   way5 valid=1 rrpv=7 epoch=48189 dist=47081 prop=0 stamped=0 dbg=3 last=525 epoch2=48189 sched_n=0   <== VICTIM
   way6 valid=1 rrpv=1 epoch=48450 dist=47342 prop=1 stamped=1 dbg=3 last=489 epoch2=48450 sched_n=0
   way7 valid=1 rrpv=2 epoch=39451 dist=38343 prop=1 stamped=1 dbg=3 last=426 epoch2=39451 sched_n=0
   -> victim=way5 reason=max-rrpv record by recency
[EVICT L3 pol=ECG:rrip_first curEpoch=1173 set_ways=8]
   way0 valid=1 rrpv=0 epoch=47732 dist=46559 prop=1 stamped=1 dbg=1 last=527 epoch2=47732 sched_n=0
   way1 valid=1 rrpv=0 epoch=48515 dist=47342 prop=1 stamped=1 dbg=1 last=472 epoch2=48515 sched_n=0
   way2 valid=1 rrpv=0 epoch=39581 dist=38408 prop=1 stamped=1 dbg=1 last=405 epoch2=39581 sched_n=0
   way3 valid=1 rrpv=0 epoch=47798 dist=46625 prop=1 stamped=1 dbg=2 last=477 epoch2=47798 sched_n=0
   way4 valid=1 rrpv=0 epoch=47732 dist=46559 prop=1 stamped=1 dbg=2 last=482 epoch2=47732 sched_n=0
   way5 valid=1 rrpv=7 epoch=48254 dist=47081 prop=0 stamped=0 dbg=3 last=522 epoch2=48254 sched_n=0   <== VICTIM
   way6 valid=1 rrpv=3 epoch=39516 dist=38343 prop=1 stamped=1 dbg=3 last=423 epoch2=39516 sched_n=0
   way7 valid=1 rrpv=0 epoch=48319 dist=47146 prop=1 stamped=1 dbg=3 last=491 epoch2=48319 sched_n=0
   -> victim=way5 reason=max-rrpv record by recency
[EVICT L3 pol=ECG:rrip_first curEpoch=1304 set_ways=8]
   way0 valid=1 rrpv=0 epoch=48124 dist=46820 prop=1 stamped=1 dbg=1 last=469 epoch2=48124 sched_n=0
   way1 valid=1 rrpv=0 epoch=47732 dist=46428 prop=1 stamped=1 dbg=1 last=473 epoch2=47732 sched_n=0
   way2 valid=1 rrpv=0 epoch=47863 dist=46559 prop=1 stamped=1 dbg=2 last=475 epoch2=47863 sched_n=0
   way3 valid=1 rrpv=0 epoch=48319 dist=47015 prop=1 stamped=1 dbg=2 last=479 epoch2=48319 sched_n=0
   way4 valid=1 rrpv=1 epoch=39516 dist=38212 prop=1 stamped=1 dbg=2 last=414 epoch2=39516 sched_n=0
   way5 valid=1 rrpv=7 epoch=48580 dist=47276 prop=0 stamped=0 dbg=3 last=523 epoch2=48580 sched_n=0   <== VICTIM
   way6 valid=1 rrpv=2 epoch=39451 dist=38147 prop=1 stamped=1 dbg=3 last=424 epoch2=39451 sched_n=0
   way7 valid=1 rrpv=0 epoch=48124 dist=46820 prop=1 stamped=1 dbg=3 last=492 epoch2=48124 sched_n=0
   -> victim=way5 reason=max-rrpv record by recency
[EVICT L3 pol=ECG:rrip_first curEpoch=1434 set_ways=8]
   way0 valid=1 rrpv=0 epoch=47732 dist=46298 prop=1 stamped=1 dbg=1 last=527 epoch2=47732 sched_n=0
   way1 valid=1 rrpv=0 epoch=48515 dist=47081 prop=1 stamped=1 dbg=1 last=472 epoch2=48515 sched_n=0
   way2 valid=1 rrpv=0 epoch=39581 dist=38147 prop=1 stamped=1 dbg=1 last=405 epoch2=39581 sched_n=0
   way3 valid=1 rrpv=0 epoch=47798 dist=46364 prop=1 stamped=1 dbg=2 last=477 epoch2=47798 sched_n=0
   way4 valid=1 rrpv=0 epoch=47732 dist=46298 prop=1 stamped=1 dbg=2 last=482 epoch2=47732 sched_n=0
   way5 valid=1 rrpv=7 epoch=48254 dist=46820 prop=0 stamped=0 dbg=3 last=530 epoch2=48254 sched_n=0   <== VICTIM
   way6 valid=1 rrpv=3 epoch=39516 dist=38082 prop=1 stamped=1 dbg=3 last=423 epoch2=39516 sched_n=0
   way7 valid=1 rrpv=0 epoch=48319 dist=46885 prop=1 stamped=1 dbg=3 last=491 epoch2=48319 sched_n=0
   -> victim=way5 reason=max-rrpv record by recency
[EVICT L3 pol=ECG:rrip_first curEpoch=1499 set_ways=8]
   way0 valid=1 rrpv=0 epoch=39386 dist=37887 prop=1 stamped=1 dbg=1 last=514 epoch2=39386 sched_n=0
   way1 valid=1 rrpv=0 epoch=47928 dist=46429 prop=1 stamped=1 dbg=1 last=470 epoch2=47928 sched_n=0
   way2 valid=1 rrpv=0 epoch=48254 dist=46755 prop=1 stamped=1 dbg=1 last=474 epoch2=48254 sched_n=0
   way3 valid=1 rrpv=0 epoch=47798 dist=46299 prop=1 stamped=1 dbg=2 last=476 epoch2=47798 sched_n=0
   way4 valid=1 rrpv=0 epoch=47798 dist=46299 prop=1 stamped=1 dbg=2 last=481 epoch2=47798 sched_n=0
   way5 valid=1 rrpv=7 epoch=48189 dist=46690 prop=0 stamped=0 dbg=3 last=529 epoch2=48189 sched_n=0   <== VICTIM
   way6 valid=1 rrpv=1 epoch=48450 dist=46951 prop=1 stamped=1 dbg=3 last=489 epoch2=48450 sched_n=0
   way7 valid=1 rrpv=2 epoch=39451 dist=37952 prop=1 stamped=1 dbg=3 last=426 epoch2=39451 sched_n=0
   -> victim=way5 reason=max-rrpv record by recency
[EVICT L3 pol=ECG:rrip_first curEpoch=1630 set_ways=8]
   way0 valid=1 rrpv=0 epoch=39581 dist=37951 prop=1 stamped=1 dbg=1 last=398 epoch2=39581 sched_n=0
   way1 valid=1 rrpv=0 epoch=39451 dist=37821 prop=1 stamped=1 dbg=1 last=402 epoch2=39451 sched_n=0
   way2 valid=1 rrpv=3 epoch=39581 dist=37951 prop=1 stamped=1 dbg=2 last=407 epoch2=39581 sched_n=0
   way3 valid=1 rrpv=1 epoch=47798 dist=46168 prop=1 stamped=1 dbg=2 last=480 epoch2=47798 sched_n=0
   way4 valid=1 rrpv=1 epoch=39451 dist=37821 prop=1 stamped=1 dbg=3 last=463 epoch2=39451 sched_n=0
   way5 valid=1 rrpv=1 epoch=47863 dist=46233 prop=1 stamped=1 dbg=3 last=487 epoch2=47863 sched_n=0
   way6 valid=1 rrpv=0 epoch=47732 dist=46102 prop=1 stamped=1 dbg=3 last=490 epoch2=47732 sched_n=0
   way7 valid=1 rrpv=7 epoch=47928 dist=46298 prop=0 stamped=0 dbg=3 last=528 epoch2=47928 sched_n=0   <== VICTIM
   -> victim=way7 reason=max-rrpv record by recency
[EVICT L3 pol=ECG:rrip_first curEpoch=1825 set_ways=8]
   way0 valid=1 rrpv=0 epoch=47732 dist=45907 prop=1 stamped=1 dbg=1 last=527 epoch2=47732 sched_n=0
   way1 valid=1 rrpv=0 epoch=48515 dist=46690 prop=1 stamped=1 dbg=1 last=472 epoch2=48515 sched_n=0
   way2 valid=1 rrpv=0 epoch=39581 dist=37756 prop=1 stamped=1 dbg=1 last=405 epoch2=39581 sched_n=0
   way3 valid=1 rrpv=0 epoch=47798 dist=45973 prop=1 stamped=1 dbg=2 last=477 epoch2=47798 sched_n=0
   way4 valid=1 rrpv=0 epoch=47732 dist=45907 prop=1 stamped=1 dbg=2 last=482 epoch2=47732 sched_n=0
   way5 valid=1 rrpv=7 epoch=48254 dist=46429 prop=0 stamped=0 dbg=3 last=532 epoch2=48254 sched_n=0   <== VICTIM
   way6 valid=1 rrpv=3 epoch=39516 dist=37691 prop=1 stamped=1 dbg=3 last=423 epoch2=39516 sched_n=0
   way7 valid=1 rrpv=0 epoch=48319 dist=46494 prop=1 stamped=1 dbg=3 last=491 epoch2=48319 sched_n=0
   -> victim=way5 reason=max-rrpv record by recency
[EVICT L3 pol=ECG:rrip_first curEpoch=2412 set_ways=8]
   way0 valid=1 rrpv=0 epoch=48124 dist=45712 prop=1 stamped=1 dbg=1 last=536 epoch2=48124 sched_n=0
   way1 valid=1 rrpv=0 epoch=47732 dist=45320 prop=1 stamped=1 dbg=1 last=473 epoch2=47732 sched_n=0
   way2 valid=1 rrpv=0 epoch=47863 dist=45451 prop=1 stamped=1 dbg=2 last=475 epoch2=47863 sched_n=0
   way3 valid=1 rrpv=0 epoch=48319 dist=45907 prop=1 stamped=1 dbg=2 last=479 epoch2=48319 sched_n=0
   way4 valid=1 rrpv=1 epoch=39516 dist=37104 prop=1 stamped=1 dbg=2 last=414 epoch2=39516 sched_n=0
   way5 valid=1 rrpv=7 epoch=48580 dist=46168 prop=0 stamped=0 dbg=3 last=531 epoch2=48580 sched_n=0   <== VICTIM
   way6 valid=1 rrpv=2 epoch=39451 dist=37039 prop=1 stamped=1 dbg=3 last=424 epoch2=39451 sched_n=0
   way7 valid=1 rrpv=0 epoch=48124 dist=45712 prop=1 stamped=1 dbg=3 last=492 epoch2=48124 sched_n=0
   -> victim=way5 reason=max-rrpv record by recency
[EVICT L3 pol=ECG:rrip_first curEpoch=2477 set_ways=8]
   way0 valid=1 rrpv=0 epoch=39581 dist=37104 prop=1 stamped=1 dbg=1 last=398 epoch2=39581 sched_n=0
   way1 valid=1 rrpv=0 epoch=39451 dist=36974 prop=1 stamped=1 dbg=1 last=402 epoch2=39451 sched_n=0
   way2 valid=1 rrpv=3 epoch=39581 dist=37104 prop=1 stamped=1 dbg=2 last=407 epoch2=39581 sched_n=0
   way3 valid=1 rrpv=1 epoch=47798 dist=45321 prop=1 stamped=1 dbg=2 last=480 epoch2=47798 sched_n=0
   way4 valid=1 rrpv=1 epoch=39451 dist=36974 prop=1 stamped=1 dbg=3 last=463 epoch2=39451 sched_n=0
   way5 valid=1 rrpv=1 epoch=47863 dist=45386 prop=1 stamped=1 dbg=3 last=487 epoch2=47863 sched_n=0
   way6 valid=1 rrpv=0 epoch=47732 dist=45255 prop=1 stamped=1 dbg=3 last=490 epoch2=47732 sched_n=0
   way7 valid=1 rrpv=7 epoch=47928 dist=45451 prop=0 stamped=0 dbg=3 last=534 epoch2=47928 sched_n=0   <== VICTIM
   -> victim=way7 reason=max-rrpv record by recency
[EVICT L3 pol=ECG:rrip_first curEpoch=2673 set_ways=8]
   way0 valid=1 rrpv=0 epoch=47732 dist=45059 prop=1 stamped=1 dbg=1 last=527 epoch2=47732 sched_n=0
   way1 valid=1 rrpv=0 epoch=48515 dist=45842 prop=1 stamped=1 dbg=1 last=472 epoch2=48515 sched_n=0
   way2 valid=1 rrpv=0 epoch=39581 dist=36908 prop=1 stamped=1 dbg=1 last=405 epoch2=39581 sched_n=0
   way3 valid=1 rrpv=0 epoch=47798 dist=45125 prop=1 stamped=1 dbg=2 last=477 epoch2=47798 sched_n=0
   way4 valid=1 rrpv=0 epoch=47732 dist=45059 prop=1 stamped=1 dbg=2 last=482 epoch2=47732 sched_n=0
   way5 valid=1 rrpv=7 epoch=48254 dist=45581 prop=0 stamped=0 dbg=3 last=535 epoch2=48254 sched_n=0   <== VICTIM
   way6 valid=1 rrpv=3 epoch=39516 dist=36843 prop=1 stamped=1 dbg=3 last=423 epoch2=39516 sched_n=0
   way7 valid=1 rrpv=0 epoch=48319 dist=45646 prop=1 stamped=1 dbg=3 last=491 epoch2=48319 sched_n=0
   -> victim=way5 reason=max-rrpv record by recency
[EVICT L3 pol=ECG:rrip_first curEpoch=2803 set_ways=8]
   way0 valid=1 rrpv=0 epoch=39581 dist=36778 prop=1 stamped=1 dbg=1 last=398 epoch2=39581 sched_n=0
   way1 valid=1 rrpv=0 epoch=39451 dist=36648 prop=1 stamped=1 dbg=1 last=402 epoch2=39451 sched_n=0
   way2 valid=1 rrpv=3 epoch=39581 dist=36778 prop=1 stamped=1 dbg=2 last=407 epoch2=39581 sched_n=0
   way3 valid=1 rrpv=1 epoch=47798 dist=44995 prop=1 stamped=1 dbg=2 last=480 epoch2=47798 sched_n=0
   way4 valid=1 rrpv=1 epoch=39451 dist=36648 prop=1 stamped=1 dbg=3 last=463 epoch2=39451 sched_n=0
   way5 valid=1 rrpv=1 epoch=47863 dist=45060 prop=1 stamped=1 dbg=3 last=487 epoch2=47863 sched_n=0
   way6 valid=1 rrpv=0 epoch=47732 dist=44929 prop=1 stamped=1 dbg=3 last=490 epoch2=47732 sched_n=0
   way7 valid=1 rrpv=7 epoch=47928 dist=45125 prop=0 stamped=0 dbg=3 last=538 epoch2=47928 sched_n=0   <== VICTIM
   -> victim=way7 reason=max-rrpv record by recency
[EVICT L3 pol=ECG:rrip_first curEpoch=2934 set_ways=8]
   way0 valid=1 rrpv=0 epoch=39386 dist=36452 prop=1 stamped=1 dbg=1 last=514 epoch2=39386 sched_n=0
   way1 valid=1 rrpv=0 epoch=47928 dist=44994 prop=1 stamped=1 dbg=1 last=470 epoch2=47928 sched_n=0
   way2 valid=1 rrpv=0 epoch=48254 dist=45320 prop=1 stamped=1 dbg=1 last=474 epoch2=48254 sched_n=0
   way3 valid=1 rrpv=0 epoch=47798 dist=44864 prop=1 stamped=1 dbg=2 last=476 epoch2=47798 sched_n=0
   way4 valid=1 rrpv=0 epoch=47798 dist=44864 prop=1 stamped=1 dbg=2 last=481 epoch2=47798 sched_n=0
   way5 valid=1 rrpv=7 epoch=48189 dist=45255 prop=0 stamped=0 dbg=3 last=533 epoch2=48189 sched_n=0   <== VICTIM
   way6 valid=1 rrpv=1 epoch=48450 dist=45516 prop=1 stamped=1 dbg=3 last=489 epoch2=48450 sched_n=0
   way7 valid=1 rrpv=2 epoch=39451 dist=36517 prop=1 stamped=1 dbg=3 last=426 epoch2=39451 sched_n=0
   -> victim=way5 reason=max-rrpv record by recency
[EVICT L3 pol=ECG:rrip_first curEpoch=3130 set_ways=8]
   way0 valid=1 rrpv=0 epoch=48124 dist=44994 prop=1 stamped=1 dbg=1 last=536 epoch2=48124 sched_n=0
   way1 valid=1 rrpv=0 epoch=47732 dist=44602 prop=1 stamped=1 dbg=1 last=473 epoch2=47732 sched_n=0
   way2 valid=1 rrpv=0 epoch=47863 dist=44733 prop=1 stamped=1 dbg=2 last=475 epoch2=47863 sched_n=0
   way3 valid=1 rrpv=0 epoch=48319 dist=45189 prop=1 stamped=1 dbg=2 last=479 epoch2=48319 sched_n=0
   way4 valid=1 rrpv=1 epoch=39516 dist=36386 prop=1 stamped=1 dbg=2 last=414 epoch2=39516 sched_n=0
   way5 valid=1 rrpv=7 epoch=48580 dist=45450 prop=0 stamped=0 dbg=3 last=537 epoch2=48580 sched_n=0   <== VICTIM
   way6 valid=1 rrpv=2 epoch=39451 dist=36321 prop=1 stamped=1 dbg=3 last=424 epoch2=39451 sched_n=0
   way7 valid=1 rrpv=0 epoch=48124 dist=44994 prop=1 stamped=1 dbg=3 last=492 epoch2=48124 sched_n=0
   -> victim=way5 reason=max-rrpv record by recency
[EVICT L3 pol=ECG:rrip_first curEpoch=3130 set_ways=8]
   way0 valid=1 rrpv=0 epoch=39386 dist=36256 prop=1 stamped=1 dbg=1 last=514 epoch2=39386 sched_n=0
   way1 valid=1 rrpv=0 epoch=47928 dist=44798 prop=1 stamped=1 dbg=1 last=470 epoch2=47928 sched_n=0
   way2 valid=1 rrpv=0 epoch=48254 dist=45124 prop=1 stamped=1 dbg=1 last=474 epoch2=48254 sched_n=0
   way3 valid=1 rrpv=0 epoch=47798 dist=44668 prop=1 stamped=1 dbg=2 last=476 epoch2=47798 sched_n=0
   way4 valid=1 rrpv=0 epoch=47798 dist=44668 prop=1 stamped=1 dbg=2 last=481 epoch2=47798 sched_n=0
   way5 valid=1 rrpv=7 epoch=48189 dist=45059 prop=0 stamped=0 dbg=3 last=541 epoch2=48189 sched_n=0   <== VICTIM
   way6 valid=1 rrpv=1 epoch=48450 dist=45320 prop=1 stamped=1 dbg=3 last=489 epoch2=48450 sched_n=0
   way7 valid=1 rrpv=2 epoch=39451 dist=36321 prop=1 stamped=1 dbg=3 last=426 epoch2=39451 sched_n=0
   -> victim=way5 reason=max-rrpv record by recency
[EVICT L3 pol=ECG:rrip_first curEpoch=3390 set_ways=8]
   way0 valid=1 rrpv=0 epoch=39386 dist=35996 prop=1 stamped=1 dbg=1 last=514 epoch2=39386 sched_n=0
   way1 valid=1 rrpv=0 epoch=47928 dist=44538 prop=1 stamped=1 dbg=1 last=470 epoch2=47928 sched_n=0
   way2 valid=1 rrpv=0 epoch=48254 dist=44864 prop=1 stamped=1 dbg=1 last=474 epoch2=48254 sched_n=0
   way3 valid=1 rrpv=0 epoch=47798 dist=44408 prop=1 stamped=1 dbg=2 last=476 epoch2=47798 sched_n=0
   way4 valid=1 rrpv=0 epoch=47798 dist=44408 prop=1 stamped=1 dbg=2 last=481 epoch2=47798 sched_n=0
   way5 valid=1 rrpv=7 epoch=48189 dist=44799 prop=0 stamped=0 dbg=3 last=544 epoch2=48189 sched_n=0   <== VICTIM
   way6 valid=1 rrpv=1 epoch=48450 dist=45060 prop=1 stamped=1 dbg=3 last=489 epoch2=48450 sched_n=0
   way7 valid=1 rrpv=2 epoch=39451 dist=36061 prop=1 stamped=1 dbg=3 last=426 epoch2=39451 sched_n=0
   -> victim=way5 reason=max-rrpv record by recency
[EVICT L3 pol=ECG:rrip_first curEpoch=3456 set_ways=8]
   way0 valid=1 rrpv=0 epoch=47732 dist=44276 prop=1 stamped=1 dbg=1 last=527 epoch2=47732 sched_n=0
   way1 valid=1 rrpv=0 epoch=48515 dist=45059 prop=1 stamped=1 dbg=1 last=472 epoch2=48515 sched_n=0
   way2 valid=1 rrpv=0 epoch=39581 dist=36125 prop=1 stamped=1 dbg=1 last=405 epoch2=39581 sched_n=0
   way3 valid=1 rrpv=0 epoch=47798 dist=44342 prop=1 stamped=1 dbg=2 last=477 epoch2=47798 sched_n=0
   way4 valid=1 rrpv=0 epoch=47732 dist=44276 prop=1 stamped=1 dbg=2 last=482 epoch2=47732 sched_n=0
   way5 valid=1 rrpv=7 epoch=48254 dist=44798 prop=0 stamped=0 dbg=3 last=539 epoch2=48254 sched_n=0   <== VICTIM
   way6 valid=1 rrpv=3 epoch=39516 dist=36060 prop=1 stamped=1 dbg=3 last=423 epoch2=39516 sched_n=0
   way7 valid=1 rrpv=0 epoch=48319 dist=44863 prop=1 stamped=1 dbg=3 last=491 epoch2=48319 sched_n=0
   -> victim=way5 reason=max-rrpv record by recency
[EVICT L3 pol=ECG:rrip_first curEpoch=3651 set_ways=8]
   way0 valid=1 rrpv=0 epoch=48124 dist=44473 prop=1 stamped=1 dbg=1 last=536 epoch2=48124 sched_n=0
   way1 valid=1 rrpv=0 epoch=47732 dist=44081 prop=1 stamped=1 dbg=1 last=473 epoch2=47732 sched_n=0
   way2 valid=1 rrpv=0 epoch=47863 dist=44212 prop=1 stamped=1 dbg=2 last=475 epoch2=47863 sched_n=0
   way3 valid=1 rrpv=0 epoch=48319 dist=44668 prop=1 stamped=1 dbg=2 last=479 epoch2=48319 sched_n=0
   way4 valid=1 rrpv=1 epoch=39516 dist=35865 prop=1 stamped=1 dbg=2 last=414 epoch2=39516 sched_n=0
   way5 valid=1 rrpv=7 epoch=48580 dist=44929 prop=0 stamped=0 dbg=3 last=543 epoch2=48580 sched_n=0   <== VICTIM
   way6 valid=1 rrpv=2 epoch=39451 dist=35800 prop=1 stamped=1 dbg=3 last=424 epoch2=39451 sched_n=0
   way7 valid=1 rrpv=0 epoch=48124 dist=44473 prop=1 stamped=1 dbg=3 last=492 epoch2=48124 sched_n=0
   -> victim=way5 reason=max-rrpv record by recency
[EVICT L3 pol=ECG:rrip_first curEpoch=3651 set_ways=8]
   way0 valid=1 rrpv=0 epoch=39581 dist=35930 prop=1 stamped=1 dbg=1 last=542 epoch2=39581 sched_n=0
   way1 valid=1 rrpv=0 epoch=39451 dist=35800 prop=1 stamped=1 dbg=1 last=402 epoch2=39451 sched_n=0
   way2 valid=1 rrpv=3 epoch=39581 dist=35930 prop=1 stamped=1 dbg=2 last=407 epoch2=39581 sched_n=0
   way3 valid=1 rrpv=1 epoch=47798 dist=44147 prop=1 stamped=1 dbg=2 last=480 epoch2=47798 sched_n=0
   way4 valid=1 rrpv=1 epoch=39451 dist=35800 prop=1 stamped=1 dbg=3 last=463 epoch2=39451 sched_n=0
   way5 valid=1 rrpv=1 epoch=47863 dist=44212 prop=1 stamped=1 dbg=3 last=487 epoch2=47863 sched_n=0
   way6 valid=1 rrpv=0 epoch=47732 dist=44081 prop=1 stamped=1 dbg=3 last=490 epoch2=47732 sched_n=0
   way7 valid=1 rrpv=7 epoch=47928 dist=44277 prop=0 stamped=0 dbg=3 last=540 epoch2=47928 sched_n=0   <== VICTIM
   -> victim=way7 reason=max-rrpv record by recency
[EVICT L3 pol=ECG:rrip_first curEpoch=3782 set_ways=8]
   way0 valid=1 rrpv=0 epoch=39386 dist=35604 prop=1 stamped=1 dbg=1 last=514 epoch2=39386 sched_n=0
   way1 valid=1 rrpv=0 epoch=47928 dist=44146 prop=1 stamped=1 dbg=1 last=470 epoch2=47928 sched_n=0
   way2 valid=1 rrpv=0 epoch=48254 dist=44472 prop=1 stamped=1 dbg=1 last=474 epoch2=48254 sched_n=0
   way3 valid=1 rrpv=0 epoch=47798 dist=44016 prop=1 stamped=1 dbg=2 last=476 epoch2=47798 sched_n=0
   way4 valid=1 rrpv=0 epoch=47798 dist=44016 prop=1 stamped=1 dbg=2 last=481 epoch2=47798 sched_n=0
   way5 valid=1 rrpv=7 epoch=48189 dist=44407 prop=0 stamped=0 dbg=3 last=545 epoch2=48189 sched_n=0   <== VICTIM
   way6 valid=1 rrpv=1 epoch=48450 dist=44668 prop=1 stamped=1 dbg=3 last=489 epoch2=48450 sched_n=0
   way7 valid=1 rrpv=2 epoch=39451 dist=35669 prop=1 stamped=1 dbg=3 last=426 epoch2=39451 sched_n=0
   -> victim=way5 reason=max-rrpv record by recency
[EVICT L3 pol=ECG:rrip_first curEpoch=3847 set_ways=8]
   way0 valid=1 rrpv=0 epoch=48124 dist=44277 prop=1 stamped=1 dbg=1 last=536 epoch2=48124 sched_n=0
   way1 valid=1 rrpv=0 epoch=47732 dist=43885 prop=1 stamped=1 dbg=1 last=473 epoch2=47732 sched_n=0
   way2 valid=1 rrpv=0 epoch=47863 dist=44016 prop=1 stamped=1 dbg=2 last=475 epoch2=47863 sched_n=0
   way3 valid=1 rrpv=0 epoch=48319 dist=44472 prop=1 stamped=1 dbg=2 last=479 epoch2=48319 sched_n=0
   way4 valid=1 rrpv=1 epoch=39516 dist=35669 prop=1 stamped=1 dbg=2 last=414 epoch2=39516 sched_n=0
   way5 valid=1 rrpv=7 epoch=48580 dist=44733 prop=0 stamped=0 dbg=3 last=547 epoch2=48580 sched_n=0   <== VICTIM
   way6 valid=1 rrpv=2 epoch=39451 dist=35604 prop=1 stamped=1 dbg=3 last=424 epoch2=39451 sched_n=0
   way7 valid=1 rrpv=0 epoch=48124 dist=44277 prop=1 stamped=1 dbg=3 last=492 epoch2=48124 sched_n=0
   -> victim=way5 reason=max-rrpv record by recency
[EVICT L3 pol=ECG:rrip_first curEpoch=3977 set_ways=8]
   way0 valid=1 rrpv=0 epoch=48124 dist=44147 prop=1 stamped=1 dbg=1 last=536 epoch2=48124 sched_n=0
   way1 valid=1 rrpv=0 epoch=47732 dist=43755 prop=1 stamped=1 dbg=1 last=473 epoch2=47732 sched_n=0
   way2 valid=1 rrpv=0 epoch=47863 dist=43886 prop=1 stamped=1 dbg=2 last=475 epoch2=47863 sched_n=0
   way3 valid=1 rrpv=0 epoch=48319 dist=44342 prop=1 stamped=1 dbg=2 last=479 epoch2=48319 sched_n=0
   way4 valid=1 rrpv=1 epoch=39516 dist=35539 prop=1 stamped=1 dbg=2 last=414 epoch2=39516 sched_n=0
   way5 valid=1 rrpv=7 epoch=48580 dist=44603 prop=0 stamped=0 dbg=3 last=550 epoch2=48580 sched_n=0   <== VICTIM
   way6 valid=1 rrpv=2 epoch=39451 dist=35474 prop=1 stamped=1 dbg=3 last=424 epoch2=39451 sched_n=0
   way7 valid=1 rrpv=0 epoch=48124 dist=44147 prop=1 stamped=1 dbg=3 last=492 epoch2=48124 sched_n=0
   -> victim=way5 reason=max-rrpv record by recency
[EVICT L3 pol=ECG:rrip_first curEpoch=4042 set_ways=8]
   way0 valid=1 rrpv=0 epoch=39581 dist=35539 prop=1 stamped=1 dbg=1 last=542 epoch2=39581 sched_n=0
   way1 valid=1 rrpv=0 epoch=39451 dist=35409 prop=1 stamped=1 dbg=1 last=402 epoch2=39451 sched_n=0
   way2 valid=1 rrpv=3 epoch=39581 dist=35539 prop=1 stamped=1 dbg=2 last=407 epoch2=39581 sched_n=0
   way3 valid=1 rrpv=1 epoch=47798 dist=43756 prop=1 stamped=1 dbg=2 last=480 epoch2=47798 sched_n=0
   way4 valid=1 rrpv=1 epoch=39451 dist=35409 prop=1 stamped=1 dbg=3 last=463 epoch2=39451 sched_n=0
   way5 valid=1 rrpv=1 epoch=47863 dist=43821 prop=1 stamped=1 dbg=3 last=487 epoch2=47863 sched_n=0
   way6 valid=1 rrpv=0 epoch=47732 dist=43690 prop=1 stamped=1 dbg=3 last=490 epoch2=47732 sched_n=0
   way7 valid=1 rrpv=7 epoch=47928 dist=43886 prop=0 stamped=0 dbg=3 last=548 epoch2=47928 sched_n=0   <== VICTIM
   -> victim=way7 reason=max-rrpv record by recency
[EVICT L3 pol=ECG:rrip_first curEpoch=4369 set_ways=8]
   way0 valid=1 rrpv=0 epoch=48124 dist=43755 prop=1 stamped=1 dbg=1 last=536 epoch2=48124 sched_n=0
   way1 valid=1 rrpv=0 epoch=47732 dist=43363 prop=1 stamped=1 dbg=1 last=473 epoch2=47732 sched_n=0
   way2 valid=1 rrpv=0 epoch=47863 dist=43494 prop=1 stamped=1 dbg=2 last=475 epoch2=47863 sched_n=0
   way3 valid=1 rrpv=0 epoch=48319 dist=43950 prop=1 stamped=1 dbg=2 last=479 epoch2=48319 sched_n=0
   way4 valid=1 rrpv=1 epoch=39516 dist=35147 prop=1 stamped=1 dbg=2 last=414 epoch2=39516 sched_n=0
   way5 valid=1 rrpv=7 epoch=48580 dist=44211 prop=0 stamped=0 dbg=3 last=551 epoch2=48580 sched_n=0   <== VICTIM
   way6 valid=1 rrpv=2 epoch=39451 dist=35082 prop=1 stamped=1 dbg=3 last=424 epoch2=39451 sched_n=0
   way7 valid=1 rrpv=0 epoch=48124 dist=43755 prop=1 stamped=1 dbg=3 last=492 epoch2=48124 sched_n=0
   -> victim=way5 reason=max-rrpv record by recency
[EVICT L3 pol=ECG:rrip_first curEpoch=4434 set_ways=8]
   way0 valid=1 rrpv=0 epoch=39581 dist=35147 prop=1 stamped=1 dbg=1 last=542 epoch2=39581 sched_n=0
   way1 valid=1 rrpv=0 epoch=39451 dist=35017 prop=1 stamped=1 dbg=1 last=402 epoch2=39451 sched_n=0
   way2 valid=1 rrpv=3 epoch=39581 dist=35147 prop=1 stamped=1 dbg=2 last=407 epoch2=39581 sched_n=0
   way3 valid=1 rrpv=1 epoch=47798 dist=43364 prop=1 stamped=1 dbg=2 last=480 epoch2=47798 sched_n=0
   way4 valid=1 rrpv=1 epoch=39451 dist=35017 prop=1 stamped=1 dbg=3 last=463 epoch2=39451 sched_n=0
   way5 valid=1 rrpv=1 epoch=47863 dist=43429 prop=1 stamped=1 dbg=3 last=487 epoch2=47863 sched_n=0
   way6 valid=1 rrpv=0 epoch=47732 dist=43298 prop=1 stamped=1 dbg=3 last=490 epoch2=47732 sched_n=0
   way7 valid=1 rrpv=7 epoch=47928 dist=43494 prop=0 stamped=0 dbg=3 last=552 epoch2=47928 sched_n=0   <== VICTIM
   -> victim=way7 reason=max-rrpv record by recency
[EVICT L3 pol=ECG:rrip_first curEpoch=4564 set_ways=8]
   way0 valid=1 rrpv=0 epoch=39386 dist=34822 prop=1 stamped=1 dbg=1 last=514 epoch2=39386 sched_n=0
   way1 valid=1 rrpv=0 epoch=47928 dist=43364 prop=1 stamped=1 dbg=1 last=553 epoch2=47928 sched_n=0
   way2 valid=1 rrpv=0 epoch=48254 dist=43690 prop=1 stamped=1 dbg=1 last=474 epoch2=48254 sched_n=0
   way3 valid=1 rrpv=0 epoch=47798 dist=43234 prop=1 stamped=1 dbg=2 last=476 epoch2=47798 sched_n=0
   way4 valid=1 rrpv=0 epoch=47798 dist=43234 prop=1 stamped=1 dbg=2 last=481 epoch2=47798 sched_n=0
   way5 valid=1 rrpv=7 epoch=48189 dist=43625 prop=0 stamped=0 dbg=3 last=549 epoch2=48189 sched_n=0   <== VICTIM
   way6 valid=1 rrpv=1 epoch=48450 dist=43886 prop=1 stamped=1 dbg=3 last=489 epoch2=48450 sched_n=0
   way7 valid=1 rrpv=2 epoch=39451 dist=34887 prop=1 stamped=1 dbg=3 last=426 epoch2=39451 sched_n=0
   -> victim=way5 reason=max-rrpv record by recency
[EVICT L3 pol=ECG:rrip_first curEpoch=4695 set_ways=8]
   way0 valid=1 rrpv=0 epoch=48124 dist=43429 prop=1 stamped=1 dbg=1 last=536 epoch2=48124 sched_n=0
   way1 valid=1 rrpv=0 epoch=47732 dist=43037 prop=1 stamped=1 dbg=1 last=473 epoch2=47732 sched_n=0
   way2 valid=1 rrpv=0 epoch=47863 dist=43168 prop=1 stamped=1 dbg=2 last=475 epoch2=47863 sched_n=0
   way3 valid=1 rrpv=0 epoch=48319 dist=43624 prop=1 stamped=1 dbg=2 last=479 epoch2=48319 sched_n=0
   way4 valid=1 rrpv=1 epoch=39516 dist=34821 prop=1 stamped=1 dbg=2 last=414 epoch2=39516 sched_n=0
   way5 valid=1 rrpv=7 epoch=48580 dist=43885 prop=0 stamped=0 dbg=3 last=554 epoch2=48580 sched_n=0   <== VICTIM
   way6 valid=1 rrpv=2 epoch=39451 dist=34756 prop=1 stamped=1 dbg=3 last=424 epoch2=39451 sched_n=0
   way7 valid=1 rrpv=0 epoch=48124 dist=43429 prop=1 stamped=1 dbg=3 last=492 epoch2=48124 sched_n=0
   -> victim=way5 reason=max-rrpv record by recency
[EVICT L3 pol=ECG:rrip_first curEpoch=4760 set_ways=8]
   way0 valid=1 rrpv=0 epoch=39581 dist=34821 prop=1 stamped=1 dbg=1 last=542 epoch2=39581 sched_n=0
   way1 valid=1 rrpv=0 epoch=39451 dist=34691 prop=1 stamped=1 dbg=1 last=402 epoch2=39451 sched_n=0
   way2 valid=1 rrpv=3 epoch=39581 dist=34821 prop=1 stamped=1 dbg=2 last=407 epoch2=39581 sched_n=0
   way3 valid=1 rrpv=1 epoch=47798 dist=43038 prop=1 stamped=1 dbg=2 last=480 epoch2=47798 sched_n=0
   way4 valid=1 rrpv=1 epoch=39451 dist=34691 prop=1 stamped=1 dbg=3 last=463 epoch2=39451 sched_n=0
   way5 valid=1 rrpv=1 epoch=47863 dist=43103 prop=1 stamped=1 dbg=3 last=487 epoch2=47863 sched_n=0
   way6 valid=1 rrpv=0 epoch=47732 dist=42972 prop=1 stamped=1 dbg=3 last=490 epoch2=47732 sched_n=0
   way7 valid=1 rrpv=7 epoch=47928 dist=43168 prop=0 stamped=0 dbg=3 last=555 epoch2=47928 sched_n=0   <== VICTIM
   -> victim=way7 reason=max-rrpv record by recency
[EVICT L3 pol=ECG:rrip_first curEpoch=4825 set_ways=8]
   way0 valid=1 rrpv=0 epoch=39386 dist=34561 prop=1 stamped=1 dbg=1 last=514 epoch2=39386 sched_n=0
   way1 valid=1 rrpv=0 epoch=47928 dist=43103 prop=1 stamped=1 dbg=1 last=553 epoch2=47928 sched_n=0
   way2 valid=1 rrpv=0 epoch=48254 dist=43429 prop=1 stamped=1 dbg=1 last=474 epoch2=48254 sched_n=0
   way3 valid=1 rrpv=0 epoch=47798 dist=42973 prop=1 stamped=1 dbg=2 last=476 epoch2=47798 sched_n=0
   way4 valid=1 rrpv=0 epoch=47798 dist=42973 prop=1 stamped=1 dbg=2 last=481 epoch2=47798 sched_n=0
   way5 valid=1 rrpv=7 epoch=48189 dist=43364 prop=0 stamped=0 dbg=3 last=556 epoch2=48189 sched_n=0   <== VICTIM
   way6 valid=1 rrpv=1 epoch=48450 dist=43625 prop=1 stamped=1 dbg=3 last=489 epoch2=48450 sched_n=0
   way7 valid=1 rrpv=2 epoch=39451 dist=34626 prop=1 stamped=1 dbg=3 last=426 epoch2=39451 sched_n=0
   -> victim=way5 reason=max-rrpv record by recency
[EVICT L3 pol=ECG:rrip_first curEpoch=4955 set_ways=8]
   way0 valid=1 rrpv=0 epoch=39386 dist=34431 prop=1 stamped=1 dbg=1 last=514 epoch2=39386 sched_n=0
   way1 valid=1 rrpv=0 epoch=47928 dist=42973 prop=1 stamped=1 dbg=1 last=553 epoch2=47928 sched_n=0
   way2 valid=1 rrpv=0 epoch=48254 dist=43299 prop=1 stamped=1 dbg=1 last=474 epoch2=48254 sched_n=0
   way3 valid=1 rrpv=0 epoch=47798 dist=42843 prop=1 stamped=1 dbg=2 last=476 epoch2=47798 sched_n=0
   way4 valid=1 rrpv=0 epoch=47798 dist=42843 prop=1 stamped=1 dbg=2 last=481 epoch2=47798 sched_n=0
   way5 valid=1 rrpv=7 epoch=48189 dist=43234 prop=0 stamped=0 dbg=3 last=559 epoch2=48189 sched_n=0   <== VICTIM
   way6 valid=1 rrpv=1 epoch=48450 dist=43495 prop=1 stamped=1 dbg=3 last=489 epoch2=48450 sched_n=0
   way7 valid=1 rrpv=2 epoch=39451 dist=34496 prop=1 stamped=1 dbg=3 last=426 epoch2=39451 sched_n=0
   -> victim=way5 reason=max-rrpv record by recency
[EVICT L3 pol=ECG:rrip_first curEpoch=5021 set_ways=8]
   way0 valid=1 rrpv=0 epoch=47732 dist=42711 prop=1 stamped=1 dbg=1 last=527 epoch2=47732 sched_n=0
   way1 valid=1 rrpv=0 epoch=48515 dist=43494 prop=1 stamped=1 dbg=1 last=472 epoch2=48515 sched_n=0
   way2 valid=1 rrpv=0 epoch=39581 dist=34560 prop=1 stamped=1 dbg=1 last=405 epoch2=39581 sched_n=0
   way3 valid=1 rrpv=0 epoch=47798 dist=42777 prop=1 stamped=1 dbg=2 last=477 epoch2=47798 sched_n=0
   way4 valid=1 rrpv=0 epoch=47732 dist=42711 prop=1 stamped=1 dbg=2 last=482 epoch2=47732 sched_n=0
   way5 valid=1 rrpv=7 epoch=48254 dist=43233 prop=0 stamped=0 dbg=3 last=546 epoch2=48254 sched_n=0   <== VICTIM
   way6 valid=1 rrpv=3 epoch=39516 dist=34495 prop=1 stamped=1 dbg=3 last=423 epoch2=39516 sched_n=0
   way7 valid=1 rrpv=0 epoch=48319 dist=43298 prop=1 stamped=1 dbg=3 last=491 epoch2=48319 sched_n=0
   -> victim=way5 reason=max-rrpv record by recency
[EVICT L3 pol=ECG:rrip_first curEpoch=5281 set_ways=8]
   way0 valid=1 rrpv=0 epoch=48124 dist=42843 prop=1 stamped=1 dbg=1 last=536 epoch2=48124 sched_n=0
   way1 valid=1 rrpv=0 epoch=47732 dist=42451 prop=1 stamped=1 dbg=1 last=473 epoch2=47732 sched_n=0
   way2 valid=1 rrpv=0 epoch=47863 dist=42582 prop=1 stamped=1 dbg=2 last=475 epoch2=47863 sched_n=0
   way3 valid=1 rrpv=0 epoch=48319 dist=43038 prop=1 stamped=1 dbg=2 last=479 epoch2=48319 sched_n=0
   way4 valid=1 rrpv=1 epoch=39516 dist=34235 prop=1 stamped=1 dbg=2 last=414 epoch2=39516 sched_n=0
   way5 valid=1 rrpv=7 epoch=48580 dist=43299 prop=0 stamped=0 dbg=3 last=557 epoch2=48580 sched_n=0   <== VICTIM
   way6 valid=1 rrpv=2 epoch=39451 dist=34170 prop=1 stamped=1 dbg=3 last=424 epoch2=39451 sched_n=0
   way7 valid=1 rrpv=0 epoch=48124 dist=42843 prop=1 stamped=1 dbg=3 last=492 epoch2=48124 sched_n=0
   -> victim=way5 reason=max-rrpv record by recency
[EVICT L3 pol=ECG:rrip_first curEpoch=5347 set_ways=8]
   way0 valid=1 rrpv=0 epoch=39581 dist=34234 prop=1 stamped=1 dbg=1 last=542 epoch2=39581 sched_n=0
   way1 valid=1 rrpv=0 epoch=39451 dist=34104 prop=1 stamped=1 dbg=1 last=402 epoch2=39451 sched_n=0
   way2 valid=1 rrpv=3 epoch=39581 dist=34234 prop=1 stamped=1 dbg=2 last=407 epoch2=39581 sched_n=0
   way3 valid=1 rrpv=1 epoch=47798 dist=42451 prop=1 stamped=1 dbg=2 last=480 epoch2=47798 sched_n=0
   way4 valid=1 rrpv=1 epoch=39451 dist=34104 prop=1 stamped=1 dbg=3 last=463 epoch2=39451 sched_n=0
   way5 valid=1 rrpv=1 epoch=47863 dist=42516 prop=1 stamped=1 dbg=3 last=487 epoch2=47863 sched_n=0
   way6 valid=1 rrpv=0 epoch=47732 dist=42385 prop=1 stamped=1 dbg=3 last=490 epoch2=47732 sched_n=0
   way7 valid=1 rrpv=7 epoch=47928 dist=42581 prop=0 stamped=0 dbg=3 last=558 epoch2=47928 sched_n=0   <== VICTIM
   -> victim=way7 reason=max-rrpv record by recency
[EVICT L3 pol=ECG:rrip_first curEpoch=5477 set_ways=8]
   way0 valid=1 rrpv=0 epoch=48124 dist=42647 prop=1 stamped=1 dbg=1 last=536 epoch2=48124 sched_n=0
   way1 valid=1 rrpv=0 epoch=47732 dist=42255 prop=1 stamped=1 dbg=1 last=473 epoch2=47732 sched_n=0
   way2 valid=1 rrpv=0 epoch=47863 dist=42386 prop=1 stamped=1 dbg=2 last=475 epoch2=47863 sched_n=0
   way3 valid=1 rrpv=0 epoch=48319 dist=42842 prop=1 stamped=1 dbg=2 last=479 epoch2=48319 sched_n=0
   way4 valid=1 rrpv=1 epoch=39516 dist=34039 prop=1 stamped=1 dbg=2 last=414 epoch2=39516 sched_n=0
   way5 valid=1 rrpv=7 epoch=48580 dist=43103 prop=0 stamped=0 dbg=3 last=563 epoch2=48580 sched_n=0   <== VICTIM
   way6 valid=1 rrpv=2 epoch=39451 dist=33974 prop=1 stamped=1 dbg=3 last=424 epoch2=39451 sched_n=0
   way7 valid=1 rrpv=0 epoch=48124 dist=42647 prop=1 stamped=1 dbg=3 last=492 epoch2=48124 sched_n=0
   -> victim=way5 reason=max-rrpv record by recency
[EVICT L3 pol=ECG:rrip_first curEpoch=5607 set_ways=8]
   way0 valid=1 rrpv=0 epoch=48124 dist=42517 prop=1 stamped=1 dbg=1 last=536 epoch2=48124 sched_n=0
   way1 valid=1 rrpv=0 epoch=47732 dist=42125 prop=1 stamped=1 dbg=1 last=473 epoch2=47732 sched_n=0
   way2 valid=1 rrpv=0 epoch=47863 dist=42256 prop=1 stamped=1 dbg=2 last=475 epoch2=47863 sched_n=0
   way3 valid=1 rrpv=0 epoch=48319 dist=42712 prop=1 stamped=1 dbg=2 last=479 epoch2=48319 sched_n=0
   way4 valid=1 rrpv=1 epoch=39516 dist=33909 prop=1 stamped=1 dbg=2 last=414 epoch2=39516 sched_n=0
   way5 valid=1 rrpv=7 epoch=48580 dist=42973 prop=0 stamped=0 dbg=3 last=565 epoch2=48580 sched_n=0   <== VICTIM
   way6 valid=1 rrpv=2 epoch=39451 dist=33844 prop=1 stamped=1 dbg=3 last=424 epoch2=39451 sched_n=0
   way7 valid=1 rrpv=0 epoch=48124 dist=42517 prop=1 stamped=1 dbg=3 last=492 epoch2=48124 sched_n=0
   -> victim=way5 reason=max-rrpv record by recency
[EVICT L3 pol=ECG:rrip_first curEpoch=5738 set_ways=8]
   way0 valid=1 rrpv=0 epoch=48124 dist=42386 prop=1 stamped=1 dbg=1 last=536 epoch2=48124 sched_n=0
   way1 valid=1 rrpv=0 epoch=47732 dist=41994 prop=1 stamped=1 dbg=1 last=473 epoch2=47732 sched_n=0
   way2 valid=1 rrpv=0 epoch=47863 dist=42125 prop=1 stamped=1 dbg=2 last=475 epoch2=47863 sched_n=0
   way3 valid=1 rrpv=0 epoch=48319 dist=42581 prop=1 stamped=1 dbg=2 last=479 epoch2=48319 sched_n=0
   way4 valid=1 rrpv=1 epoch=39516 dist=33778 prop=1 stamped=1 dbg=2 last=414 epoch2=39516 sched_n=0
   way5 valid=1 rrpv=7 epoch=48580 dist=42842 prop=0 stamped=0 dbg=3 last=566 epoch2=48580 sched_n=0   <== VICTIM
   way6 valid=1 rrpv=2 epoch=39451 dist=33713 prop=1 stamped=1 dbg=3 last=424 epoch2=39451 sched_n=0
   way7 valid=1 rrpv=0 epoch=48124 dist=42386 prop=1 stamped=1 dbg=3 last=492 epoch2=48124 sched_n=0
   -> victim=way5 reason=max-rrpv record by recency
[EVICT L3 pol=ECG:rrip_first curEpoch=5738 set_ways=8]
   way0 valid=1 rrpv=0 epoch=39581 dist=33843 prop=1 stamped=1 dbg=1 last=542 epoch2=39581 sched_n=0
   way1 valid=1 rrpv=0 epoch=39451 dist=33713 prop=1 stamped=1 dbg=1 last=402 epoch2=39451 sched_n=0
   way2 valid=1 rrpv=3 epoch=39581 dist=33843 prop=1 stamped=1 dbg=2 last=407 epoch2=39581 sched_n=0
   way3 valid=1 rrpv=1 epoch=47798 dist=42060 prop=1 stamped=1 dbg=2 last=480 epoch2=47798 sched_n=0
   way4 valid=1 rrpv=1 epoch=39451 dist=33713 prop=1 stamped=1 dbg=3 last=463 epoch2=39451 sched_n=0
   way5 valid=1 rrpv=1 epoch=47863 dist=42125 prop=1 stamped=1 dbg=3 last=487 epoch2=47863 sched_n=0
   way6 valid=1 rrpv=0 epoch=47732 dist=41994 prop=1 stamped=1 dbg=3 last=490 epoch2=47732 sched_n=0
   way7 valid=1 rrpv=7 epoch=47928 dist=42190 prop=0 stamped=0 dbg=3 last=564 epoch2=47928 sched_n=0   <== VICTIM
   -> victim=way7 reason=max-rrpv record by recency
[EVICT L3 pol=ECG:rrip_first curEpoch=5803 set_ways=8]
   way0 valid=1 rrpv=0 epoch=39386 dist=33583 prop=1 stamped=1 dbg=1 last=514 epoch2=39386 sched_n=0
   way1 valid=1 rrpv=0 epoch=47928 dist=42125 prop=1 stamped=1 dbg=1 last=553 epoch2=47928 sched_n=0
   way2 valid=1 rrpv=0 epoch=48254 dist=42451 prop=1 stamped=1 dbg=1 last=474 epoch2=48254 sched_n=0
   way3 valid=1 rrpv=0 epoch=47798 dist=41995 prop=1 stamped=1 dbg=2 last=476 epoch2=47798 sched_n=0
   way4 valid=1 rrpv=0 epoch=47798 dist=41995 prop=1 stamped=1 dbg=2 last=481 epoch2=47798 sched_n=0
   way5 valid=1 rrpv=7 epoch=48189 dist=42386 prop=0 stamped=0 dbg=3 last=560 epoch2=48189 sched_n=0   <== VICTIM
   way6 valid=1 rrpv=1 epoch=48450 dist=42647 prop=1 stamped=1 dbg=3 last=489 epoch2=48450 sched_n=0
   way7 valid=1 rrpv=2 epoch=39451 dist=33648 prop=1 stamped=1 dbg=3 last=426 epoch2=39451 sched_n=0
   -> victim=way5 reason=max-rrpv record by recency
[EVICT L3 pol=ECG:rrip_first curEpoch=5999 set_ways=8]
   way0 valid=1 rrpv=0 epoch=47732 dist=41733 prop=1 stamped=1 dbg=1 last=527 epoch2=47732 sched_n=0
   way1 valid=1 rrpv=0 epoch=48515 dist=42516 prop=1 stamped=1 dbg=1 last=562 epoch2=48515 sched_n=0
   way2 valid=1 rrpv=0 epoch=39581 dist=33582 prop=1 stamped=1 dbg=1 last=405 epoch2=39581 sched_n=0
   way3 valid=1 rrpv=0 epoch=47798 dist=41799 prop=1 stamped=1 dbg=2 last=477 epoch2=47798 sched_n=0
   way4 valid=1 rrpv=0 epoch=47732 dist=41733 prop=1 stamped=1 dbg=2 last=482 epoch2=47732 sched_n=0
   way5 valid=1 rrpv=7 epoch=48254 dist=42255 prop=0 stamped=0 dbg=3 last=561 epoch2=48254 sched_n=0   <== VICTIM
   way6 valid=1 rrpv=3 epoch=39516 dist=33517 prop=1 stamped=1 dbg=3 last=423 epoch2=39516 sched_n=0
   way7 valid=1 rrpv=0 epoch=48319 dist=42320 prop=1 stamped=1 dbg=3 last=491 epoch2=48319 sched_n=0
   -> victim=way5 reason=max-rrpv record by recency
[EVICT L3 pol=ECG:rrip_first curEpoch=6129 set_ways=8]
   way0 valid=1 rrpv=0 epoch=48124 dist=41995 prop=1 stamped=1 dbg=1 last=536 epoch2=48124 sched_n=0
   way1 valid=1 rrpv=0 epoch=47732 dist=41603 prop=1 stamped=1 dbg=1 last=473 epoch2=47732 sched_n=0
   way2 valid=1 rrpv=0 epoch=47863 dist=41734 prop=1 stamped=1 dbg=2 last=475 epoch2=47863 sched_n=0
   way3 valid=1 rrpv=0 epoch=48319 dist=42190 prop=1 stamped=1 dbg=2 last=479 epoch2=48319 sched_n=0
   way4 valid=1 rrpv=1 epoch=39516 dist=33387 prop=1 stamped=1 dbg=2 last=414 epoch2=39516 sched_n=0
   way5 valid=1 rrpv=7 epoch=48580 dist=42451 prop=0 stamped=0 dbg=3 last=567 epoch2=48580 sched_n=0   <== VICTIM
   way6 valid=1 rrpv=2 epoch=39451 dist=33322 prop=1 stamped=1 dbg=3 last=424 epoch2=39451 sched_n=0
   way7 valid=1 rrpv=0 epoch=48124 dist=41995 prop=1 stamped=1 dbg=3 last=492 epoch2=48124 sched_n=0
   -> victim=way5 reason=max-rrpv record by recency
[EVICT L3 pol=ECG:rrip_first curEpoch=6455 set_ways=8]
   way0 valid=1 rrpv=0 epoch=48124 dist=41669 prop=1 stamped=1 dbg=1 last=536 epoch2=48124 sched_n=0
   way1 valid=1 rrpv=0 epoch=47732 dist=41277 prop=1 stamped=1 dbg=1 last=572 epoch2=47732 sched_n=0
   way2 valid=1 rrpv=0 epoch=47863 dist=41408 prop=1 stamped=1 dbg=2 last=475 epoch2=47863 sched_n=0
   way3 valid=1 rrpv=0 epoch=48319 dist=41864 prop=1 stamped=1 dbg=2 last=479 epoch2=48319 sched_n=0
   way4 valid=1 rrpv=1 epoch=39516 dist=33061 prop=1 stamped=1 dbg=2 last=414 epoch2=39516 sched_n=0
   way5 valid=1 rrpv=7 epoch=48580 dist=42125 prop=0 stamped=0 dbg=3 last=571 epoch2=48580 sched_n=0   <== VICTIM
   way6 valid=1 rrpv=2 epoch=39451 dist=32996 prop=1 stamped=1 dbg=3 last=424 epoch2=39451 sched_n=0
   way7 valid=1 rrpv=0 epoch=48124 dist=41669 prop=1 stamped=1 dbg=3 last=492 epoch2=48124 sched_n=0
   -> victim=way5 reason=max-rrpv record by recency
[EVICT L3 pol=ECG:rrip_first curEpoch=6455 set_ways=8]
   way0 valid=1 rrpv=0 epoch=39581 dist=33126 prop=1 stamped=1 dbg=1 last=542 epoch2=39581 sched_n=0
   way1 valid=1 rrpv=0 epoch=39451 dist=32996 prop=1 stamped=1 dbg=1 last=402 epoch2=39451 sched_n=0
   way2 valid=1 rrpv=3 epoch=39581 dist=33126 prop=1 stamped=1 dbg=2 last=407 epoch2=39581 sched_n=0
   way3 valid=1 rrpv=1 epoch=47798 dist=41343 prop=1 stamped=1 dbg=2 last=480 epoch2=47798 sched_n=0
   way4 valid=1 rrpv=1 epoch=39451 dist=32996 prop=1 stamped=1 dbg=3 last=463 epoch2=39451 sched_n=0
   way5 valid=1 rrpv=1 epoch=47863 dist=41408 prop=1 stamped=1 dbg=3 last=487 epoch2=47863 sched_n=0
   way6 valid=1 rrpv=0 epoch=47732 dist=41277 prop=1 stamped=1 dbg=3 last=490 epoch2=47732 sched_n=0
   way7 valid=1 rrpv=7 epoch=47928 dist=41473 prop=0 stamped=0 dbg=3 last=568 epoch2=47928 sched_n=0   <== VICTIM
   -> victim=way7 reason=max-rrpv record by recency
[EVICT L3 pol=ECG:rrip_first curEpoch=6716 set_ways=8]
   way0 valid=1 rrpv=0 epoch=48124 dist=41408 prop=1 stamped=1 dbg=1 last=536 epoch2=48124 sched_n=0
   way1 valid=1 rrpv=0 epoch=47732 dist=41016 prop=1 stamped=1 dbg=1 last=572 epoch2=47732 sched_n=0
   way2 valid=1 rrpv=0 epoch=47863 dist=41147 prop=1 stamped=1 dbg=2 last=475 epoch2=47863 sched_n=0
   way3 valid=1 rrpv=0 epoch=48319 dist=41603 prop=1 stamped=1 dbg=2 last=479 epoch2=48319 sched_n=0
   way4 valid=1 rrpv=1 epoch=39516 dist=32800 prop=1 stamped=1 dbg=2 last=414 epoch2=39516 sched_n=0
   way5 valid=1 rrpv=7 epoch=48580 dist=41864 prop=0 stamped=0 dbg=3 last=573 epoch2=48580 sched_n=0   <== VICTIM
   way6 valid=1 rrpv=2 epoch=39451 dist=32735 prop=1 stamped=1 dbg=3 last=424 epoch2=39451 sched_n=0
   way7 valid=1 rrpv=0 epoch=48124 dist=41408 prop=1 stamped=1 dbg=3 last=492 epoch2=48124 sched_n=0
   -> victim=way5 reason=max-rrpv record by recency
[EVICT L3 pol=ECG:rrip_first curEpoch=6781 set_ways=8]
   way0 valid=1 rrpv=0 epoch=39581 dist=32800 prop=1 stamped=1 dbg=1 last=542 epoch2=39581 sched_n=0
   way1 valid=1 rrpv=0 epoch=39451 dist=32670 prop=1 stamped=1 dbg=1 last=402 epoch2=39451 sched_n=0
   way2 valid=1 rrpv=3 epoch=39581 dist=32800 prop=1 stamped=1 dbg=2 last=407 epoch2=39581 sched_n=0
   way3 valid=1 rrpv=1 epoch=47798 dist=41017 prop=1 stamped=1 dbg=2 last=480 epoch2=47798 sched_n=0
   way4 valid=1 rrpv=1 epoch=39451 dist=32670 prop=1 stamped=1 dbg=3 last=463 epoch2=39451 sched_n=0
   way5 valid=1 rrpv=1 epoch=47863 dist=41082 prop=1 stamped=1 dbg=3 last=487 epoch2=47863 sched_n=0
   way6 valid=1 rrpv=0 epoch=47732 dist=40951 prop=1 stamped=1 dbg=3 last=490 epoch2=47732 sched_n=0
   way7 valid=1 rrpv=7 epoch=47928 dist=41147 prop=0 stamped=0 dbg=3 last=574 epoch2=47928 sched_n=0   <== VICTIM
   -> victim=way7 reason=max-rrpv record by recency
[EVICT L3 pol=ECG:rrip_first curEpoch=6977 set_ways=8]
   way0 valid=1 rrpv=0 epoch=48124 dist=41147 prop=1 stamped=1 dbg=1 last=536 epoch2=48124 sched_n=0
   way1 valid=1 rrpv=0 epoch=47732 dist=40755 prop=1 stamped=1 dbg=1 last=572 epoch2=47732 sched_n=0
   way2 valid=1 rrpv=0 epoch=47863 dist=40886 prop=1 stamped=1 dbg=2 last=475 epoch2=47863 sched_n=0
   way3 valid=1 rrpv=0 epoch=48319 dist=41342 prop=1 stamped=1 dbg=2 last=479 epoch2=48319 sched_n=0
   way4 valid=1 rrpv=1 epoch=39516 dist=32539 prop=1 stamped=1 dbg=2 last=414 epoch2=39516 sched_n=0
   way5 valid=1 rrpv=7 epoch=48580 dist=41603 prop=0 stamped=0 dbg=3 last=575 epoch2=48580 sched_n=0   <== VICTIM
   way6 valid=1 rrpv=2 epoch=39451 dist=32474 prop=1 stamped=1 dbg=3 last=424 epoch2=39451 sched_n=0
   way7 valid=1 rrpv=0 epoch=48124 dist=41147 prop=1 stamped=1 dbg=3 last=492 epoch2=48124 sched_n=0
   -> victim=way5 reason=max-rrpv record by recency
[EVICT L3 pol=ECG:rrip_first curEpoch=7172 set_ways=8]
   way0 valid=1 rrpv=0 epoch=39581 dist=32409 prop=1 stamped=1 dbg=1 last=542 epoch2=39581 sched_n=0
   way1 valid=1 rrpv=0 epoch=39451 dist=32279 prop=1 stamped=1 dbg=1 last=402 epoch2=39451 sched_n=0
   way2 valid=1 rrpv=3 epoch=39581 dist=32409 prop=1 stamped=1 dbg=2 last=407 epoch2=39581 sched_n=0
   way3 valid=1 rrpv=1 epoch=47798 dist=40626 prop=1 stamped=1 dbg=2 last=480 epoch2=47798 sched_n=0
   way4 valid=1 rrpv=1 epoch=39451 dist=32279 prop=1 stamped=1 dbg=3 last=463 epoch2=39451 sched_n=0
   way5 valid=1 rrpv=1 epoch=47863 dist=40691 prop=1 stamped=1 dbg=3 last=487 epoch2=47863 sched_n=0
   way6 valid=1 rrpv=0 epoch=47732 dist=40560 prop=1 stamped=1 dbg=3 last=490 epoch2=47732 sched_n=0
   way7 valid=1 rrpv=7 epoch=47928 dist=40756 prop=0 stamped=0 dbg=3 last=576 epoch2=47928 sched_n=0   <== VICTIM
   -> victim=way7 reason=max-rrpv record by recency
[EVICT L3 pol=ECG:rrip_first curEpoch=7499 set_ways=8]
   way0 valid=1 rrpv=0 epoch=47732 dist=40233 prop=1 stamped=1 dbg=1 last=527 epoch2=47732 sched_n=0
   way1 valid=1 rrpv=0 epoch=48515 dist=41016 prop=1 stamped=1 dbg=1 last=562 epoch2=48515 sched_n=0
   way2 valid=1 rrpv=0 epoch=39581 dist=32082 prop=1 stamped=1 dbg=1 last=405 epoch2=39581 sched_n=0
   way3 valid=1 rrpv=0 epoch=47798 dist=40299 prop=1 stamped=1 dbg=2 last=477 epoch2=47798 sched_n=0
   way4 valid=1 rrpv=0 epoch=47732 dist=40233 prop=1 stamped=1 dbg=2 last=482 epoch2=47732 sched_n=0
   way5 valid=1 rrpv=7 epoch=48254 dist=40755 prop=0 stamped=0 dbg=3 last=570 epoch2=48254 sched_n=0   <== VICTIM
   way6 valid=1 rrpv=3 epoch=39516 dist=32017 prop=1 stamped=1 dbg=3 last=423 epoch2=39516 sched_n=0
   way7 valid=1 rrpv=0 epoch=48319 dist=40820 prop=1 stamped=1 dbg=3 last=491 epoch2=48319 sched_n=0
   -> victim=way5 reason=max-rrpv record by recency
[EVICT L3 pol=ECG:rrip_first curEpoch=7564 set_ways=8]
   way0 valid=1 rrpv=0 epoch=39581 dist=32017 prop=1 stamped=1 dbg=1 last=542 epoch2=39581 sched_n=0
   way1 valid=1 rrpv=0 epoch=39451 dist=31887 prop=1 stamped=1 dbg=1 last=579 epoch2=39451 sched_n=0
   way2 valid=1 rrpv=3 epoch=39581 dist=32017 prop=1 stamped=1 dbg=2 last=407 epoch2=39581 sched_n=0
   way3 valid=1 rrpv=1 epoch=47798 dist=40234 prop=1 stamped=1 dbg=2 last=480 epoch2=47798 sched_n=0
   way4 valid=1 rrpv=1 epoch=39451 dist=31887 prop=1 stamped=1 dbg=3 last=463 epoch2=39451 sched_n=0
   way5 valid=1 rrpv=1 epoch=47863 dist=40299 prop=1 stamped=1 dbg=3 last=487 epoch2=47863 sched_n=0
   way6 valid=1 rrpv=0 epoch=47732 dist=40168 prop=1 stamped=1 dbg=3 last=490 epoch2=47732 sched_n=0
   way7 valid=1 rrpv=7 epoch=47928 dist=40364 prop=0 stamped=0 dbg=3 last=578 epoch2=47928 sched_n=0   <== VICTIM
   -> victim=way7 reason=max-rrpv record by recency
[EVICT L3 pol=ECG:rrip_first curEpoch=7825 set_ways=8]
   way0 valid=1 rrpv=0 epoch=48124 dist=40299 prop=1 stamped=1 dbg=1 last=536 epoch2=48124 sched_n=0
   way1 valid=1 rrpv=0 epoch=47732 dist=39907 prop=1 stamped=1 dbg=1 last=572 epoch2=47732 sched_n=0
   way2 valid=1 rrpv=0 epoch=47863 dist=40038 prop=1 stamped=1 dbg=2 last=475 epoch2=47863 sched_n=0
   way3 valid=1 rrpv=0 epoch=48319 dist=40494 prop=1 stamped=1 dbg=2 last=479 epoch2=48319 sched_n=0
   way4 valid=1 rrpv=1 epoch=39516 dist=31691 prop=1 stamped=1 dbg=2 last=414 epoch2=39516 sched_n=0
   way5 valid=1 rrpv=7 epoch=48580 dist=40755 prop=0 stamped=0 dbg=3 last=577 epoch2=48580 sched_n=0   <== VICTIM
   way6 valid=1 rrpv=2 epoch=39451 dist=31626 prop=1 stamped=1 dbg=3 last=424 epoch2=39451 sched_n=0
   way7 valid=1 rrpv=0 epoch=48124 dist=40299 prop=1 stamped=1 dbg=3 last=492 epoch2=48124 sched_n=0
   -> victim=way5 reason=max-rrpv record by recency
[EVICT L3 pol=ECG:rrip_first curEpoch=7955 set_ways=8]
   way0 valid=1 rrpv=0 epoch=39581 dist=31626 prop=1 stamped=1 dbg=1 last=542 epoch2=39581 sched_n=0
   way1 valid=1 rrpv=0 epoch=39451 dist=31496 prop=1 stamped=1 dbg=1 last=579 epoch2=39451 sched_n=0
   way2 valid=1 rrpv=3 epoch=39581 dist=31626 prop=1 stamped=1 dbg=2 last=407 epoch2=39581 sched_n=0
   way3 valid=1 rrpv=1 epoch=47798 dist=39843 prop=1 stamped=1 dbg=2 last=480 epoch2=47798 sched_n=0
   way4 valid=1 rrpv=1 epoch=39451 dist=31496 prop=1 stamped=1 dbg=3 last=463 epoch2=39451 sched_n=0
   way5 valid=1 rrpv=1 epoch=47863 dist=39908 prop=1 stamped=1 dbg=3 last=487 epoch2=47863 sched_n=0
   way6 valid=1 rrpv=0 epoch=47732 dist=39777 prop=1 stamped=1 dbg=3 last=490 epoch2=47732 sched_n=0
   way7 valid=1 rrpv=7 epoch=47928 dist=39973 prop=0 stamped=0 dbg=3 last=581 epoch2=47928 sched_n=0   <== VICTIM
   -> victim=way7 reason=max-rrpv record by recency
[EVICT L3 pol=ECG:rrip_first curEpoch=8085 set_ways=8]
   way0 valid=1 rrpv=0 epoch=39581 dist=31496 prop=1 stamped=1 dbg=1 last=542 epoch2=39581 sched_n=0
   way1 valid=1 rrpv=0 epoch=39451 dist=31366 prop=1 stamped=1 dbg=1 last=579 epoch2=39451 sched_n=0
   way2 valid=1 rrpv=3 epoch=39581 dist=31496 prop=1 stamped=1 dbg=2 last=407 epoch2=39581 sched_n=0
   way3 valid=1 rrpv=1 epoch=47798 dist=39713 prop=1 stamped=1 dbg=2 last=480 epoch2=47798 sched_n=0
   way4 valid=1 rrpv=1 epoch=39451 dist=31366 prop=1 stamped=1 dbg=3 last=463 epoch2=39451 sched_n=0
   way5 valid=1 rrpv=1 epoch=47863 dist=39778 prop=1 stamped=1 dbg=3 last=487 epoch2=47863 sched_n=0
   way6 valid=1 rrpv=0 epoch=47732 dist=39647 prop=1 stamped=1 dbg=3 last=490 epoch2=47732 sched_n=0
   way7 valid=1 rrpv=7 epoch=47928 dist=39843 prop=0 stamped=0 dbg=3 last=583 epoch2=47928 sched_n=0   <== VICTIM
   -> victim=way7 reason=max-rrpv record by recency
[EVICT L3 pol=ECG:rrip_first curEpoch=8151 set_ways=8]
   way0 valid=1 rrpv=0 epoch=39386 dist=31235 prop=1 stamped=1 dbg=1 last=514 epoch2=39386 sched_n=0
   way1 valid=1 rrpv=0 epoch=47928 dist=39777 prop=1 stamped=1 dbg=1 last=553 epoch2=47928 sched_n=0
   way2 valid=1 rrpv=0 epoch=48254 dist=40103 prop=1 stamped=1 dbg=1 last=474 epoch2=48254 sched_n=0
   way3 valid=1 rrpv=0 epoch=47798 dist=39647 prop=1 stamped=1 dbg=2 last=476 epoch2=47798 sched_n=0
   way4 valid=1 rrpv=0 epoch=47798 dist=39647 prop=1 stamped=1 dbg=2 last=481 epoch2=47798 sched_n=0
   way5 valid=1 rrpv=7 epoch=48189 dist=40038 prop=0 stamped=0 dbg=3 last=569 epoch2=48189 sched_n=0   <== VICTIM
   way6 valid=1 rrpv=1 epoch=48450 dist=40299 prop=1 stamped=1 dbg=3 last=489 epoch2=48450 sched_n=0
   way7 valid=1 rrpv=2 epoch=39451 dist=31300 prop=1 stamped=1 dbg=3 last=426 epoch2=39451 sched_n=0
   -> victim=way5 reason=max-rrpv record by recency
[EVICT L3 pol=ECG:rrip_first curEpoch=8281 set_ways=8]
   way0 valid=1 rrpv=0 epoch=47732 dist=39451 prop=1 stamped=1 dbg=1 last=527 epoch2=47732 sched_n=0
   way1 valid=1 rrpv=0 epoch=48515 dist=40234 prop=1 stamped=1 dbg=1 last=562 epoch2=48515 sched_n=0
   way2 valid=1 rrpv=0 epoch=39581 dist=31300 prop=1 stamped=1 dbg=1 last=405 epoch2=39581 sched_n=0
   way3 valid=1 rrpv=0 epoch=47798 dist=39517 prop=1 stamped=1 dbg=2 last=477 epoch2=47798 sched_n=0
   way4 valid=1 rrpv=0 epoch=47732 dist=39451 prop=1 stamped=1 dbg=2 last=482 epoch2=47732 sched_n=0
   way5 valid=1 rrpv=7 epoch=48254 dist=39973 prop=0 stamped=0 dbg=3 last=580 epoch2=48254 sched_n=0   <== VICTIM
   way6 valid=1 rrpv=3 epoch=39516 dist=31235 prop=1 stamped=1 dbg=3 last=423 epoch2=39516 sched_n=0
   way7 valid=1 rrpv=0 epoch=48319 dist=40038 prop=1 stamped=1 dbg=3 last=491 epoch2=48319 sched_n=0
   -> victim=way5 reason=max-rrpv record by recency
[EVICT L3 pol=ECG:rrip_first curEpoch=8542 set_ways=8]
   way0 valid=1 rrpv=0 epoch=47732 dist=39190 prop=1 stamped=1 dbg=1 last=527 epoch2=47732 sched_n=0
   way1 valid=1 rrpv=0 epoch=48515 dist=39973 prop=1 stamped=1 dbg=1 last=562 epoch2=48515 sched_n=0
   way2 valid=1 rrpv=0 epoch=39581 dist=31039 prop=1 stamped=1 dbg=1 last=405 epoch2=39581 sched_n=0
   way3 valid=1 rrpv=0 epoch=47798 dist=39256 prop=1 stamped=1 dbg=2 last=477 epoch2=47798 sched_n=0
   way4 valid=1 rrpv=0 epoch=47732 dist=39190 prop=1 stamped=1 dbg=2 last=482 epoch2=47732 sched_n=0
   way5 valid=1 rrpv=7 epoch=48254 dist=39712 prop=0 stamped=0 dbg=3 last=586 epoch2=48254 sched_n=0   <== VICTIM
   way6 valid=1 rrpv=3 epoch=39516 dist=30974 prop=1 stamped=1 dbg=3 last=423 epoch2=39516 sched_n=0
   way7 valid=1 rrpv=0 epoch=48319 dist=39777 prop=1 stamped=1 dbg=3 last=491 epoch2=48319 sched_n=0
   -> victim=way5 reason=max-rrpv record by recency
[EVICT L3 pol=ECG:rrip_first curEpoch=8868 set_ways=8]
   way0 valid=1 rrpv=0 epoch=39581 dist=30713 prop=1 stamped=1 dbg=1 last=542 epoch2=39581 sched_n=0
   way1 valid=1 rrpv=0 epoch=39451 dist=30583 prop=1 stamped=1 dbg=1 last=579 epoch2=39451 sched_n=0
   way2 valid=1 rrpv=3 epoch=39581 dist=30713 prop=1 stamped=1 dbg=2 last=407 epoch2=39581 sched_n=0
   way3 valid=1 rrpv=1 epoch=47798 dist=38930 prop=1 stamped=1 dbg=2 last=480 epoch2=47798 sched_n=0
   way4 valid=1 rrpv=1 epoch=39451 dist=30583 prop=1 stamped=1 dbg=3 last=463 epoch2=39451 sched_n=0
   way5 valid=1 rrpv=1 epoch=47863 dist=38995 prop=1 stamped=1 dbg=3 last=487 epoch2=47863 sched_n=0
   way6 valid=1 rrpv=0 epoch=47732 dist=38864 prop=1 stamped=1 dbg=3 last=490 epoch2=47732 sched_n=0
   way7 valid=1 rrpv=7 epoch=47928 dist=39060 prop=0 stamped=0 dbg=3 last=584 epoch2=47928 sched_n=0   <== VICTIM
   -> victim=way7 reason=max-rrpv record by recency
[EVICT L3 pol=ECG:rrip_first curEpoch=9064 set_ways=8]
   way0 valid=1 rrpv=0 epoch=39386 dist=30322 prop=1 stamped=1 dbg=1 last=514 epoch2=39386 sched_n=0
   way1 valid=1 rrpv=0 epoch=47928 dist=38864 prop=1 stamped=1 dbg=1 last=553 epoch2=47928 sched_n=0
   way2 valid=1 rrpv=0 epoch=48254 dist=39190 prop=1 stamped=1 dbg=1 last=587 epoch2=48254 sched_n=0
   way3 valid=1 rrpv=0 epoch=47798 dist=38734 prop=1 stamped=1 dbg=2 last=476 epoch2=47798 sched_n=0
   way4 valid=1 rrpv=0 epoch=47798 dist=38734 prop=1 stamped=1 dbg=2 last=481 epoch2=47798 sched_n=0
   way5 valid=1 rrpv=7 epoch=48189 dist=39125 prop=0 stamped=0 dbg=3 last=585 epoch2=48189 sched_n=0   <== VICTIM
   way6 valid=1 rrpv=1 epoch=48450 dist=39386 prop=1 stamped=1 dbg=3 last=489 epoch2=48450 sched_n=0
   way7 valid=1 rrpv=2 epoch=39451 dist=30387 prop=1 stamped=1 dbg=3 last=426 epoch2=39451 sched_n=0
   -> victim=way5 reason=max-rrpv record by recency
[EVICT L3 pol=ECG:rrip_first curEpoch=9194 set_ways=8]
   way0 valid=1 rrpv=0 epoch=47732 dist=38538 prop=1 stamped=1 dbg=1 last=527 epoch2=47732 sched_n=0
   way1 valid=1 rrpv=0 epoch=48515 dist=39321 prop=1 stamped=1 dbg=1 last=562 epoch2=48515 sched_n=0
   way2 valid=1 rrpv=0 epoch=39581 dist=30387 prop=1 stamped=1 dbg=1 last=405 epoch2=39581 sched_n=0
   way3 valid=1 rrpv=0 epoch=47798 dist=38604 prop=1 stamped=1 dbg=2 last=477 epoch2=47798 sched_n=0
   way4 valid=1 rrpv=0 epoch=47732 dist=38538 prop=1 stamped=1 dbg=2 last=482 epoch2=47732 sched_n=0
   way5 valid=1 rrpv=7 epoch=48254 dist=39060 prop=0 stamped=0 dbg=3 last=588 epoch2=48254 sched_n=0   <== VICTIM
   way6 valid=1 rrpv=3 epoch=39516 dist=30322 prop=1 stamped=1 dbg=3 last=423 epoch2=39516 sched_n=0
   way7 valid=1 rrpv=0 epoch=48319 dist=39125 prop=1 stamped=1 dbg=3 last=491 epoch2=48319 sched_n=0
   -> victim=way5 reason=max-rrpv record by recency
[EVICT L3 pol=ECG:rrip_first curEpoch=9455 set_ways=8]
   way0 valid=1 rrpv=0 epoch=48124 dist=38669 prop=1 stamped=1 dbg=1 last=536 epoch2=48124 sched_n=0
   way1 valid=1 rrpv=0 epoch=47732 dist=38277 prop=1 stamped=1 dbg=1 last=572 epoch2=47732 sched_n=0
   way2 valid=1 rrpv=0 epoch=47863 dist=38408 prop=1 stamped=1 dbg=2 last=475 epoch2=47863 sched_n=0
   way3 valid=1 rrpv=0 epoch=48319 dist=38864 prop=1 stamped=1 dbg=2 last=479 epoch2=48319 sched_n=0
   way4 valid=1 rrpv=1 epoch=39516 dist=30061 prop=1 stamped=1 dbg=2 last=414 epoch2=39516 sched_n=0
   way5 valid=1 rrpv=7 epoch=48580 dist=39125 prop=0 stamped=0 dbg=3 last=582 epoch2=48580 sched_n=0   <== VICTIM
   way6 valid=1 rrpv=2 epoch=39451 dist=29996 prop=1 stamped=1 dbg=3 last=424 epoch2=39451 sched_n=0
   way7 valid=1 rrpv=0 epoch=48124 dist=38669 prop=1 stamped=1 dbg=3 last=492 epoch2=48124 sched_n=0
   -> victim=way5 reason=max-rrpv record by recency
[EVICT L3 pol=ECG:rrip_first curEpoch=9716 set_ways=8]
   way0 valid=1 rrpv=0 epoch=47732 dist=38016 prop=1 stamped=1 dbg=1 last=527 epoch2=47732 sched_n=0
   way1 valid=1 rrpv=0 epoch=48515 dist=38799 prop=1 stamped=1 dbg=1 last=562 epoch2=48515 sched_n=0
   way2 valid=1 rrpv=0 epoch=39581 dist=29865 prop=1 stamped=1 dbg=1 last=592 epoch2=39581 sched_n=0
   way3 valid=1 rrpv=0 epoch=47798 dist=38082 prop=1 stamped=1 dbg=2 last=477 epoch2=47798 sched_n=0
   way4 valid=1 rrpv=0 epoch=47732 dist=38016 prop=1 stamped=1 dbg=2 last=482 epoch2=47732 sched_n=0
   way5 valid=1 rrpv=7 epoch=48254 dist=38538 prop=0 stamped=0 dbg=3 last=591 epoch2=48254 sched_n=0   <== VICTIM
   way6 valid=1 rrpv=3 epoch=39516 dist=29800 prop=1 stamped=1 dbg=3 last=423 epoch2=39516 sched_n=0
   way7 valid=1 rrpv=0 epoch=48319 dist=38603 prop=1 stamped=1 dbg=3 last=491 epoch2=48319 sched_n=0
   -> victim=way5 reason=max-rrpv record by recency
[EVICT L3 pol=ECG:rrip_first curEpoch=9781 set_ways=8]
   way0 valid=1 rrpv=0 epoch=48124 dist=38343 prop=1 stamped=1 dbg=1 last=536 epoch2=48124 sched_n=0
   way1 valid=1 rrpv=0 epoch=47732 dist=37951 prop=1 stamped=1 dbg=1 last=572 epoch2=47732 sched_n=0
   way2 valid=1 rrpv=0 epoch=47863 dist=38082 prop=1 stamped=1 dbg=2 last=475 epoch2=47863 sched_n=0
   way3 valid=1 rrpv=0 epoch=48319 dist=38538 prop=1 stamped=1 dbg=2 last=479 epoch2=48319 sched_n=0
   way4 valid=1 rrpv=1 epoch=39516 dist=29735 prop=1 stamped=1 dbg=2 last=414 epoch2=39516 sched_n=0
   way5 valid=1 rrpv=7 epoch=48580 dist=38799 prop=0 stamped=0 dbg=3 last=593 epoch2=48580 sched_n=0   <== VICTIM
   way6 valid=1 rrpv=2 epoch=39451 dist=29670 prop=1 stamped=1 dbg=3 last=424 epoch2=39451 sched_n=0
   way7 valid=1 rrpv=0 epoch=48124 dist=38343 prop=1 stamped=1 dbg=3 last=492 epoch2=48124 sched_n=0
   -> victim=way5 reason=max-rrpv record by recency
[EVICT L3 pol=ECG:rrip_first curEpoch=9911 set_ways=8]
   way0 valid=1 rrpv=0 epoch=39581 dist=29670 prop=1 stamped=1 dbg=1 last=542 epoch2=39581 sched_n=0
   way1 valid=1 rrpv=0 epoch=39451 dist=29540 prop=1 stamped=1 dbg=1 last=579 epoch2=39451 sched_n=0
   way2 valid=1 rrpv=3 epoch=39581 dist=29670 prop=1 stamped=1 dbg=2 last=407 epoch2=39581 sched_n=0
   way3 valid=1 rrpv=1 epoch=47798 dist=37887 prop=1 stamped=1 dbg=2 last=480 epoch2=47798 sched_n=0
   way4 valid=1 rrpv=1 epoch=39451 dist=29540 prop=1 stamped=1 dbg=3 last=463 epoch2=39451 sched_n=0
   way5 valid=1 rrpv=1 epoch=47863 dist=37952 prop=1 stamped=1 dbg=3 last=487 epoch2=47863 sched_n=0
   way6 valid=1 rrpv=0 epoch=47732 dist=37821 prop=1 stamped=1 dbg=3 last=490 epoch2=47732 sched_n=0
   way7 valid=1 rrpv=7 epoch=47928 dist=38017 prop=0 stamped=0 dbg=3 last=589 epoch2=47928 sched_n=0   <== VICTIM
   -> victim=way7 reason=max-rrpv record by recency
[EVICT L3 pol=ECG:rrip_first curEpoch=10107 set_ways=8]
   way0 valid=1 rrpv=0 epoch=39386 dist=29279 prop=1 stamped=1 dbg=1 last=514 epoch2=39386 sched_n=0
   way1 valid=1 rrpv=0 epoch=47928 dist=37821 prop=1 stamped=1 dbg=1 last=553 epoch2=47928 sched_n=0
   way2 valid=1 rrpv=0 epoch=48254 dist=38147 prop=1 stamped=1 dbg=1 last=587 epoch2=48254 sched_n=0
   way3 valid=1 rrpv=0 epoch=47798 dist=37691 prop=1 stamped=1 dbg=2 last=476 epoch2=47798 sched_n=0
   way4 valid=1 rrpv=0 epoch=47798 dist=37691 prop=1 stamped=1 dbg=2 last=481 epoch2=47798 sched_n=0
   way5 valid=1 rrpv=7 epoch=48189 dist=38082 prop=0 stamped=0 dbg=3 last=590 epoch2=48189 sched_n=0   <== VICTIM
   way6 valid=1 rrpv=1 epoch=48450 dist=38343 prop=1 stamped=1 dbg=3 last=489 epoch2=48450 sched_n=0
   way7 valid=1 rrpv=2 epoch=39451 dist=29344 prop=1 stamped=1 dbg=3 last=426 epoch2=39451 sched_n=0
   -> victim=way5 reason=max-rrpv record by recency
[EVICT L3 pol=ECG:rrip_first curEpoch=10172 set_ways=8]
   way0 valid=1 rrpv=0 epoch=48124 dist=37952 prop=1 stamped=1 dbg=1 last=536 epoch2=48124 sched_n=0
   way1 valid=1 rrpv=0 epoch=47732 dist=37560 prop=1 stamped=1 dbg=1 last=572 epoch2=47732 sched_n=0
   way2 valid=1 rrpv=0 epoch=47863 dist=37691 prop=1 stamped=1 dbg=2 last=475 epoch2=47863 sched_n=0
   way3 valid=1 rrpv=0 epoch=48319 dist=38147 prop=1 stamped=1 dbg=2 last=479 epoch2=48319 sched_n=0
   way4 valid=1 rrpv=1 epoch=39516 dist=29344 prop=1 stamped=1 dbg=2 last=414 epoch2=39516 sched_n=0
   way5 valid=1 rrpv=7 epoch=48580 dist=38408 prop=0 stamped=0 dbg=3 last=595 epoch2=48580 sched_n=0   <== VICTIM
   way6 valid=1 rrpv=2 epoch=39451 dist=29279 prop=1 stamped=1 dbg=3 last=424 epoch2=39451 sched_n=0
   way7 valid=1 rrpv=0 epoch=48124 dist=37952 prop=1 stamped=1 dbg=3 last=492 epoch2=48124 sched_n=0
   -> victim=way5 reason=max-rrpv record by recency
[EVICT L3 pol=ECG:rrip_first curEpoch=10303 set_ways=8]
   way0 valid=1 rrpv=0 epoch=39386 dist=29083 prop=1 stamped=1 dbg=1 last=514 epoch2=39386 sched_n=0
   way1 valid=1 rrpv=0 epoch=47928 dist=37625 prop=1 stamped=1 dbg=1 last=553 epoch2=47928 sched_n=0
   way2 valid=1 rrpv=0 epoch=48254 dist=37951 prop=1 stamped=1 dbg=1 last=587 epoch2=48254 sched_n=0
   way3 valid=1 rrpv=0 epoch=47798 dist=37495 prop=1 stamped=1 dbg=2 last=476 epoch2=47798 sched_n=0
   way4 valid=1 rrpv=0 epoch=47798 dist=37495 prop=1 stamped=1 dbg=2 last=481 epoch2=47798 sched_n=0
   way5 valid=1 rrpv=7 epoch=48189 dist=37886 prop=0 stamped=0 dbg=3 last=597 epoch2=48189 sched_n=0   <== VICTIM
   way6 valid=1 rrpv=1 epoch=48450 dist=38147 prop=1 stamped=1 dbg=3 last=489 epoch2=48450 sched_n=0
   way7 valid=1 rrpv=2 epoch=39451 dist=29148 prop=1 stamped=1 dbg=3 last=426 epoch2=39451 sched_n=0
   -> victim=way5 reason=max-rrpv record by recency
[EVICT L3 pol=ECG:rrip_first curEpoch=10368 set_ways=8]
   way0 valid=1 rrpv=0 epoch=47732 dist=37364 prop=1 stamped=1 dbg=1 last=527 epoch2=47732 sched_n=0
   way1 valid=1 rrpv=0 epoch=48515 dist=38147 prop=1 stamped=1 dbg=1 last=562 epoch2=48515 sched_n=0
   way2 valid=1 rrpv=0 epoch=39581 dist=29213 prop=1 stamped=1 dbg=1 last=592 epoch2=39581 sched_n=0
   way3 valid=1 rrpv=0 epoch=47798 dist=37430 prop=1 stamped=1 dbg=2 last=477 epoch2=47798 sched_n=0
   way4 valid=1 rrpv=0 epoch=47732 dist=37364 prop=1 stamped=1 dbg=2 last=482 epoch2=47732 sched_n=0
   way5 valid=1 rrpv=7 epoch=48254 dist=37886 prop=0 stamped=0 dbg=3 last=594 epoch2=48254 sched_n=0   <== VICTIM
   way6 valid=1 rrpv=3 epoch=39516 dist=29148 prop=1 stamped=1 dbg=3 last=423 epoch2=39516 sched_n=0
   way7 valid=1 rrpv=0 epoch=48319 dist=37951 prop=1 stamped=1 dbg=3 last=491 epoch2=48319 sched_n=0
   -> victim=way5 reason=max-rrpv record by recency
[EVICT L3 pol=ECG:rrip_first curEpoch=10498 set_ways=8]
   way0 valid=1 rrpv=0 epoch=47732 dist=37234 prop=1 stamped=1 dbg=1 last=527 epoch2=47732 sched_n=0
   way1 valid=1 rrpv=0 epoch=48515 dist=38017 prop=1 stamped=1 dbg=1 last=562 epoch2=48515 sched_n=0
   way2 valid=1 rrpv=0 epoch=39581 dist=29083 prop=1 stamped=1 dbg=1 last=592 epoch2=39581 sched_n=0
   way3 valid=1 rrpv=0 epoch=47798 dist=37300 prop=1 stamped=1 dbg=2 last=477 epoch2=47798 sched_n=0
   way4 valid=1 rrpv=0 epoch=47732 dist=37234 prop=1 stamped=1 dbg=2 last=482 epoch2=47732 sched_n=0
   way5 valid=1 rrpv=7 epoch=48254 dist=37756 prop=0 stamped=0 dbg=3 last=600 epoch2=48254 sched_n=0   <== VICTIM
   way6 valid=1 rrpv=3 epoch=39516 dist=29018 prop=1 stamped=1 dbg=3 last=423 epoch2=39516 sched_n=0
   way7 valid=1 rrpv=0 epoch=48319 dist=37821 prop=1 stamped=1 dbg=3 last=491 epoch2=48319 sched_n=0
   -> victim=way5 reason=max-rrpv record by recency
[EVICT L3 pol=ECG:rrip_first curEpoch=10824 set_ways=8]
   way0 valid=1 rrpv=0 epoch=47732 dist=36908 prop=1 stamped=1 dbg=1 last=527 epoch2=47732 sched_n=0
   way1 valid=1 rrpv=0 epoch=48515 dist=37691 prop=1 stamped=1 dbg=1 last=562 epoch2=48515 sched_n=0
   way2 valid=1 rrpv=0 epoch=39581 dist=28757 prop=1 stamped=1 dbg=1 last=592 epoch2=39581 sched_n=0
   way3 valid=1 rrpv=0 epoch=47798 dist=36974 prop=1 stamped=1 dbg=2 last=477 epoch2=47798 sched_n=0
   way4 valid=1 rrpv=0 epoch=47732 dist=36908 prop=1 stamped=1 dbg=2 last=482 epoch2=47732 sched_n=0
   way5 valid=1 rrpv=7 epoch=48254 dist=37430 prop=0 stamped=0 dbg=3 last=602 epoch2=48254 sched_n=0   <== VICTIM
   way6 valid=1 rrpv=3 epoch=39516 dist=28692 prop=1 stamped=1 dbg=3 last=423 epoch2=39516 sched_n=0
   way7 valid=1 rrpv=0 epoch=48319 dist=37495 prop=1 stamped=1 dbg=3 last=491 epoch2=48319 sched_n=0
   -> victim=way5 reason=max-rrpv record by recency
[EVICT L3 pol=ECG:rrip_first curEpoch=11085 set_ways=8]
   way0 valid=1 rrpv=0 epoch=39581 dist=28496 prop=1 stamped=1 dbg=1 last=542 epoch2=39581 sched_n=0
   way1 valid=1 rrpv=0 epoch=39451 dist=28366 prop=1 stamped=1 dbg=1 last=579 epoch2=39451 sched_n=0
   way2 valid=1 rrpv=3 epoch=39581 dist=28496 prop=1 stamped=1 dbg=2 last=407 epoch2=39581 sched_n=0
   way3 valid=1 rrpv=1 epoch=47798 dist=36713 prop=1 stamped=1 dbg=2 last=480 epoch2=47798 sched_n=0
   way4 valid=1 rrpv=1 epoch=39451 dist=28366 prop=1 stamped=1 dbg=3 last=463 epoch2=39451 sched_n=0
   way5 valid=1 rrpv=1 epoch=47863 dist=36778 prop=1 stamped=1 dbg=3 last=487 epoch2=47863 sched_n=0
   way6 valid=1 rrpv=0 epoch=47732 dist=36647 prop=1 stamped=1 dbg=3 last=490 epoch2=47732 sched_n=0
   way7 valid=1 rrpv=7 epoch=47928 dist=36843 prop=0 stamped=0 dbg=3 last=596 epoch2=47928 sched_n=0   <== VICTIM
   -> victim=way7 reason=max-rrpv record by recency
[EVICT L3 pol=ECG:rrip_first curEpoch=11150 set_ways=8]
   way0 valid=1 rrpv=0 epoch=39386 dist=28236 prop=1 stamped=1 dbg=1 last=514 epoch2=39386 sched_n=0
   way1 valid=1 rrpv=0 epoch=47928 dist=36778 prop=1 stamped=1 dbg=1 last=553 epoch2=47928 sched_n=0
   way2 valid=1 rrpv=0 epoch=48254 dist=37104 prop=1 stamped=1 dbg=1 last=587 epoch2=48254 sched_n=0
   way3 valid=1 rrpv=0 epoch=47798 dist=36648 prop=1 stamped=1 dbg=2 last=476 epoch2=47798 sched_n=0
   way4 valid=1 rrpv=0 epoch=47798 dist=36648 prop=1 stamped=1 dbg=2 last=481 epoch2=47798 sched_n=0
   way5 valid=1 rrpv=7 epoch=48189 dist=37039 prop=0 stamped=0 dbg=3 last=599 epoch2=48189 sched_n=0   <== VICTIM
   way6 valid=1 rrpv=1 epoch=48450 dist=37300 prop=1 stamped=1 dbg=3 last=489 epoch2=48450 sched_n=0
   way7 valid=1 rrpv=2 epoch=39451 dist=28301 prop=1 stamped=1 dbg=3 last=426 epoch2=39451 sched_n=0
   -> victim=way5 reason=max-rrpv record by recency
[EVICT L3 pol=ECG:rrip_first curEpoch=11476 set_ways=8]
   way0 valid=1 rrpv=0 epoch=47732 dist=36256 prop=1 stamped=1 dbg=1 last=527 epoch2=47732 sched_n=0
   way1 valid=1 rrpv=0 epoch=48515 dist=37039 prop=1 stamped=1 dbg=1 last=562 epoch2=48515 sched_n=0
   way2 valid=1 rrpv=0 epoch=39581 dist=28105 prop=1 stamped=1 dbg=1 last=592 epoch2=39581 sched_n=0
   way3 valid=1 rrpv=0 epoch=47798 dist=36322 prop=1 stamped=1 dbg=2 last=477 epoch2=47798 sched_n=0
   way4 valid=1 rrpv=0 epoch=47732 dist=36256 prop=1 stamped=1 dbg=2 last=482 epoch2=47732 sched_n=0
   way5 valid=1 rrpv=7 epoch=48254 dist=36778 prop=0 stamped=0 dbg=3 last=603 epoch2=48254 sched_n=0   <== VICTIM
   way6 valid=1 rrpv=3 epoch=39516 dist=28040 prop=1 stamped=1 dbg=3 last=423 epoch2=39516 sched_n=0
   way7 valid=1 rrpv=0 epoch=48319 dist=36843 prop=1 stamped=1 dbg=3 last=491 epoch2=48319 sched_n=0
   -> victim=way5 reason=max-rrpv record by recency
[EVICT L3 pol=ECG:rrip_first curEpoch=11672 set_ways=8]
   way0 valid=1 rrpv=0 epoch=48124 dist=36452 prop=1 stamped=1 dbg=1 last=536 epoch2=48124 sched_n=0
   way1 valid=1 rrpv=0 epoch=47732 dist=36060 prop=1 stamped=1 dbg=1 last=572 epoch2=47732 sched_n=0
   way2 valid=1 rrpv=0 epoch=47863 dist=36191 prop=1 stamped=1 dbg=2 last=601 epoch2=47863 sched_n=0
   way3 valid=1 rrpv=0 epoch=48319 dist=36647 prop=1 stamped=1 dbg=2 last=479 epoch2=48319 sched_n=0
   way4 valid=1 rrpv=1 epoch=39516 dist=27844 prop=1 stamped=1 dbg=2 last=414 epoch2=39516 sched_n=0
   way5 valid=1 rrpv=7 epoch=48580 dist=36908 prop=0 stamped=0 dbg=3 last=598 epoch2=48580 sched_n=0   <== VICTIM
   way6 valid=1 rrpv=2 epoch=39451 dist=27779 prop=1 stamped=1 dbg=3 last=424 epoch2=39451 sched_n=0
   way7 valid=1 rrpv=0 epoch=48124 dist=36452 prop=1 stamped=1 dbg=3 last=492 epoch2=48124 sched_n=0
   -> victim=way5 reason=max-rrpv record by recency
[EVICT L3 pol=ECG:rrip_first curEpoch=11802 set_ways=8]
   way0 valid=1 rrpv=0 epoch=47732 dist=35930 prop=1 stamped=1 dbg=1 last=527 epoch2=47732 sched_n=0
   way1 valid=1 rrpv=0 epoch=48515 dist=36713 prop=1 stamped=1 dbg=1 last=562 epoch2=48515 sched_n=0
   way2 valid=1 rrpv=0 epoch=39581 dist=27779 prop=1 stamped=1 dbg=1 last=592 epoch2=39581 sched_n=0
   way3 valid=1 rrpv=0 epoch=47798 dist=35996 prop=1 stamped=1 dbg=2 last=477 epoch2=47798 sched_n=0
   way4 valid=1 rrpv=0 epoch=47732 dist=35930 prop=1 stamped=1 dbg=2 last=482 epoch2=47732 sched_n=0
   way5 valid=1 rrpv=7 epoch=48254 dist=36452 prop=0 stamped=0 dbg=3 last=607 epoch2=48254 sched_n=0   <== VICTIM
   way6 valid=1 rrpv=3 epoch=39516 dist=27714 prop=1 stamped=1 dbg=3 last=423 epoch2=39516 sched_n=0
   way7 valid=1 rrpv=0 epoch=48319 dist=36517 prop=1 stamped=1 dbg=3 last=491 epoch2=48319 sched_n=0
   -> victim=way5 reason=max-rrpv record by recency
[EVICT L3 pol=ECG:rrip_first curEpoch=11933 set_ways=8]
   way0 valid=1 rrpv=0 epoch=39386 dist=27453 prop=1 stamped=1 dbg=1 last=514 epoch2=39386 sched_n=0
   way1 valid=1 rrpv=0 epoch=47928 dist=35995 prop=1 stamped=1 dbg=1 last=553 epoch2=47928 sched_n=0
   way2 valid=1 rrpv=0 epoch=48254 dist=36321 prop=1 stamped=1 dbg=1 last=587 epoch2=48254 sched_n=0
   way3 valid=1 rrpv=0 epoch=47798 dist=35865 prop=1 stamped=1 dbg=2 last=476 epoch2=47798 sched_n=0
   way4 valid=1 rrpv=0 epoch=47798 dist=35865 prop=1 stamped=1 dbg=2 last=481 epoch2=47798 sched_n=0
   way5 valid=1 rrpv=7 epoch=48189 dist=36256 prop=0 stamped=0 dbg=3 last=605 epoch2=48189 sched_n=0   <== VICTIM
   way6 valid=1 rrpv=1 epoch=48450 dist=36517 prop=1 stamped=1 dbg=3 last=489 epoch2=48450 sched_n=0
   way7 valid=1 rrpv=2 epoch=39451 dist=27518 prop=1 stamped=1 dbg=3 last=426 epoch2=39451 sched_n=0
   -> victim=way5 reason=max-rrpv record by recency
[EVICT L3 pol=ECG:rrip_first curEpoch=11998 set_ways=8]
   way0 valid=1 rrpv=0 epoch=47732 dist=35734 prop=1 stamped=1 dbg=1 last=527 epoch2=47732 sched_n=0
   way1 valid=1 rrpv=0 epoch=48515 dist=36517 prop=1 stamped=1 dbg=1 last=562 epoch2=48515 sched_n=0
   way2 valid=1 rrpv=0 epoch=39581 dist=27583 prop=1 stamped=1 dbg=1 last=592 epoch2=39581 sched_n=0
   way3 valid=1 rrpv=0 epoch=47798 dist=35800 prop=1 stamped=1 dbg=2 last=477 epoch2=47798 sched_n=0
   way4 valid=1 rrpv=0 epoch=47732 dist=35734 prop=1 stamped=1 dbg=2 last=482 epoch2=47732 sched_n=0
   way5 valid=1 rrpv=7 epoch=48254 dist=36256 prop=0 stamped=0 dbg=3 last=609 epoch2=48254 sched_n=0   <== VICTIM
   way6 valid=1 rrpv=3 epoch=39516 dist=27518 prop=1 stamped=1 dbg=3 last=423 epoch2=39516 sched_n=0
   way7 valid=1 rrpv=0 epoch=48319 dist=36321 prop=1 stamped=1 dbg=3 last=491 epoch2=48319 sched_n=0
   -> victim=way5 reason=max-rrpv record by recency
[EVICT L3 pol=ECG:rrip_first curEpoch=12063 set_ways=8]
   way0 valid=1 rrpv=0 epoch=48124 dist=36061 prop=1 stamped=1 dbg=1 last=536 epoch2=48124 sched_n=0
   way1 valid=1 rrpv=0 epoch=47732 dist=35669 prop=1 stamped=1 dbg=1 last=572 epoch2=47732 sched_n=0
   way2 valid=1 rrpv=0 epoch=47863 dist=35800 prop=1 stamped=1 dbg=2 last=601 epoch2=47863 sched_n=0
   way3 valid=1 rrpv=0 epoch=48319 dist=36256 prop=1 stamped=1 dbg=2 last=479 epoch2=48319 sched_n=0
   way4 valid=1 rrpv=1 epoch=39516 dist=27453 prop=1 stamped=1 dbg=2 last=414 epoch2=39516 sched_n=0
   way5 valid=1 rrpv=7 epoch=48580 dist=36517 prop=0 stamped=0 dbg=3 last=608 epoch2=48580 sched_n=0   <== VICTIM
   way6 valid=1 rrpv=2 epoch=39451 dist=27388 prop=1 stamped=1 dbg=3 last=424 epoch2=39451 sched_n=0
   way7 valid=1 rrpv=0 epoch=48124 dist=36061 prop=1 stamped=1 dbg=3 last=492 epoch2=48124 sched_n=0
   -> victim=way5 reason=max-rrpv record by recency
[EVICT L3 pol=ECG:rrip_first curEpoch=12194 set_ways=8]
   way0 valid=1 rrpv=0 epoch=39581 dist=27387 prop=1 stamped=1 dbg=1 last=542 epoch2=39581 sched_n=0
   way1 valid=1 rrpv=0 epoch=39451 dist=27257 prop=1 stamped=1 dbg=1 last=579 epoch2=39451 sched_n=0
   way2 valid=1 rrpv=2 epoch=39581 dist=27387 prop=1 stamped=1 dbg=2 last=606 epoch2=39581 sched_n=0
   way3 valid=1 rrpv=1 epoch=47798 dist=35604 prop=1 stamped=1 dbg=2 last=480 epoch2=47798 sched_n=0
   way4 valid=1 rrpv=1 epoch=39451 dist=27257 prop=1 stamped=1 dbg=3 last=463 epoch2=39451 sched_n=0
   way5 valid=1 rrpv=1 epoch=47863 dist=35669 prop=1 stamped=1 dbg=3 last=487 epoch2=47863 sched_n=0
   way6 valid=1 rrpv=0 epoch=47732 dist=35538 prop=1 stamped=1 dbg=3 last=490 epoch2=47732 sched_n=0
   way7 valid=1 rrpv=7 epoch=47928 dist=35734 prop=0 stamped=0 dbg=3 last=604 epoch2=47928 sched_n=0   <== VICTIM
   -> victim=way7 reason=max-rrpv record by recency
[EVICT L3 pol=ECG:rrip_first curEpoch=12259 set_ways=8]
   way0 valid=1 rrpv=0 epoch=39386 dist=27127 prop=1 stamped=1 dbg=1 last=514 epoch2=39386 sched_n=0
   way1 valid=1 rrpv=0 epoch=47928 dist=35669 prop=1 stamped=1 dbg=1 last=553 epoch2=47928 sched_n=0
   way2 valid=1 rrpv=0 epoch=48254 dist=35995 prop=1 stamped=1 dbg=1 last=587 epoch2=48254 sched_n=0
   way3 valid=1 rrpv=0 epoch=47798 dist=35539 prop=1 stamped=1 dbg=2 last=476 epoch2=47798 sched_n=0
   way4 valid=1 rrpv=0 epoch=47798 dist=35539 prop=1 stamped=1 dbg=2 last=481 epoch2=47798 sched_n=0
   way5 valid=1 rrpv=7 epoch=48189 dist=35930 prop=0 stamped=0 dbg=3 last=610 epoch2=48189 sched_n=0   <== VICTIM
   way6 valid=1 rrpv=1 epoch=48450 dist=36191 prop=1 stamped=1 dbg=3 last=489 epoch2=48450 sched_n=0
   way7 valid=1 rrpv=2 epoch=39451 dist=27192 prop=1 stamped=1 dbg=3 last=426 epoch2=39451 sched_n=0
   -> victim=way5 reason=max-rrpv record by recency
[EVICT L3 pol=ECG:rrip_first curEpoch=12389 set_ways=8]
   way0 valid=1 rrpv=0 epoch=48124 dist=35735 prop=1 stamped=1 dbg=1 last=536 epoch2=48124 sched_n=0
   way1 valid=1 rrpv=0 epoch=47732 dist=35343 prop=1 stamped=1 dbg=1 last=572 epoch2=47732 sched_n=0
   way2 valid=1 rrpv=0 epoch=47863 dist=35474 prop=1 stamped=1 dbg=2 last=601 epoch2=47863 sched_n=0
   way3 valid=1 rrpv=0 epoch=48319 dist=35930 prop=1 stamped=1 dbg=2 last=479 epoch2=48319 sched_n=0
   way4 valid=1 rrpv=1 epoch=39516 dist=27127 prop=1 stamped=1 dbg=2 last=414 epoch2=39516 sched_n=0
   way5 valid=1 rrpv=7 epoch=48580 dist=36191 prop=0 stamped=0 dbg=3 last=612 epoch2=48580 sched_n=0   <== VICTIM
   way6 valid=1 rrpv=2 epoch=39451 dist=27062 prop=1 stamped=1 dbg=3 last=424 epoch2=39451 sched_n=0
   way7 valid=1 rrpv=0 epoch=48124 dist=35735 prop=1 stamped=1 dbg=3 last=492 epoch2=48124 sched_n=0
   -> victim=way5 reason=max-rrpv record by recency
[EVICT L3 pol=ECG:rrip_first curEpoch=12715 set_ways=8]
   way0 valid=1 rrpv=0 epoch=39386 dist=26671 prop=1 stamped=1 dbg=1 last=514 epoch2=39386 sched_n=0
   way1 valid=1 rrpv=0 epoch=47928 dist=35213 prop=1 stamped=1 dbg=1 last=553 epoch2=47928 sched_n=0
   way2 valid=1 rrpv=0 epoch=48254 dist=35539 prop=1 stamped=1 dbg=1 last=587 epoch2=48254 sched_n=0
   way3 valid=1 rrpv=0 epoch=47798 dist=35083 prop=1 stamped=1 dbg=2 last=616 epoch2=47798 sched_n=0
   way4 valid=1 rrpv=0 epoch=47798 dist=35083 prop=1 stamped=1 dbg=2 last=481 epoch2=47798 sched_n=0
   way5 valid=1 rrpv=7 epoch=48189 dist=35474 prop=0 stamped=0 dbg=3 last=614 epoch2=48189 sched_n=0   <== VICTIM
   way6 valid=1 rrpv=1 epoch=48450 dist=35735 prop=1 stamped=1 dbg=3 last=489 epoch2=48450 sched_n=0
   way7 valid=1 rrpv=2 epoch=39451 dist=26736 prop=1 stamped=1 dbg=3 last=426 epoch2=39451 sched_n=0
   -> victim=way5 reason=max-rrpv record by recency
[EVICT L3 pol=ECG:rrip_first curEpoch=12780 set_ways=8]
   way0 valid=1 rrpv=0 epoch=39581 dist=26801 prop=1 stamped=1 dbg=1 last=542 epoch2=39581 sched_n=0
   way1 valid=1 rrpv=0 epoch=39451 dist=26671 prop=1 stamped=1 dbg=1 last=579 epoch2=39451 sched_n=0
   way2 valid=1 rrpv=2 epoch=39581 dist=26801 prop=1 stamped=1 dbg=2 last=606 epoch2=39581 sched_n=0
   way3 valid=1 rrpv=1 epoch=47798 dist=35018 prop=1 stamped=1 dbg=2 last=480 epoch2=47798 sched_n=0
   way4 valid=1 rrpv=1 epoch=39451 dist=26671 prop=1 stamped=1 dbg=3 last=463 epoch2=39451 sched_n=0
   way5 valid=1 rrpv=1 epoch=47863 dist=35083 prop=1 stamped=1 dbg=3 last=487 epoch2=47863 sched_n=0
   way6 valid=1 rrpv=0 epoch=47732 dist=34952 prop=1 stamped=1 dbg=3 last=490 epoch2=47732 sched_n=0
   way7 valid=1 rrpv=7 epoch=47928 dist=35148 prop=0 stamped=0 dbg=3 last=613 epoch2=47928 sched_n=0   <== VICTIM
   -> victim=way7 reason=max-rrpv record by recency
[EVICT L3 pol=ECG:rrip_first curEpoch=12911 set_ways=8]
   way0 valid=1 rrpv=0 epoch=47732 dist=34821 prop=1 stamped=1 dbg=1 last=527 epoch2=47732 sched_n=0
   way1 valid=1 rrpv=0 epoch=48515 dist=35604 prop=1 stamped=1 dbg=1 last=562 epoch2=48515 sched_n=0
   way2 valid=1 rrpv=0 epoch=39581 dist=26670 prop=1 stamped=1 dbg=1 last=592 epoch2=39581 sched_n=0
   way3 valid=1 rrpv=0 epoch=47798 dist=34887 prop=1 stamped=1 dbg=2 last=477 epoch2=47798 sched_n=0
   way4 valid=1 rrpv=0 epoch=47732 dist=34821 prop=1 stamped=1 dbg=2 last=482 epoch2=47732 sched_n=0
   way5 valid=1 rrpv=7 epoch=48254 dist=35343 prop=0 stamped=0 dbg=3 last=611 epoch2=48254 sched_n=0   <== VICTIM
   way6 valid=1 rrpv=3 epoch=39516 dist=26605 prop=1 stamped=1 dbg=3 last=423 epoch2=39516 sched_n=0
   way7 valid=1 rrpv=0 epoch=48319 dist=35408 prop=1 stamped=1 dbg=3 last=491 epoch2=48319 sched_n=0
   -> victim=way5 reason=max-rrpv record by recency
[EVICT L3 pol=ECG:rrip_first curEpoch=13041 set_ways=8]
   way0 valid=1 rrpv=0 epoch=39581 dist=26540 prop=1 stamped=1 dbg=1 last=542 epoch2=39581 sched_n=0
   way1 valid=1 rrpv=0 epoch=39451 dist=26410 prop=1 stamped=1 dbg=1 last=579 epoch2=39451 sched_n=0
   way2 valid=1 rrpv=2 epoch=39581 dist=26540 prop=1 stamped=1 dbg=2 last=606 epoch2=39581 sched_n=0
   way3 valid=1 rrpv=1 epoch=47798 dist=34757 prop=1 stamped=1 dbg=2 last=480 epoch2=47798 sched_n=0
   way4 valid=1 rrpv=1 epoch=39451 dist=26410 prop=1 stamped=1 dbg=3 last=463 epoch2=39451 sched_n=0
   way5 valid=1 rrpv=1 epoch=47863 dist=34822 prop=1 stamped=1 dbg=3 last=487 epoch2=47863 sched_n=0
   way6 valid=1 rrpv=0 epoch=47732 dist=34691 prop=1 stamped=1 dbg=3 last=490 epoch2=47732 sched_n=0
   way7 valid=1 rrpv=7 epoch=47928 dist=34887 prop=0 stamped=0 dbg=3 last=618 epoch2=47928 sched_n=0   <== VICTIM
   -> victim=way7 reason=max-rrpv record by recency
[EVICT L3 pol=ECG:rrip_first curEpoch=13107 set_ways=8]
   way0 valid=1 rrpv=0 epoch=39386 dist=26279 prop=1 stamped=1 dbg=1 last=514 epoch2=39386 sched_n=0
   way1 valid=1 rrpv=0 epoch=47928 dist=34821 prop=1 stamped=1 dbg=1 last=553 epoch2=47928 sched_n=0
   way2 valid=1 rrpv=0 epoch=48254 dist=35147 prop=1 stamped=1 dbg=1 last=587 epoch2=48254 sched_n=0
   way3 valid=1 rrpv=0 epoch=47798 dist=34691 prop=1 stamped=1 dbg=2 last=616 epoch2=47798 sched_n=0
   way4 valid=1 rrpv=0 epoch=47798 dist=34691 prop=1 stamped=1 dbg=2 last=481 epoch2=47798 sched_n=0
   way5 valid=1 rrpv=7 epoch=48189 dist=35082 prop=0 stamped=0 dbg=3 last=617 epoch2=48189 sched_n=0   <== VICTIM
   way6 valid=1 rrpv=1 epoch=48450 dist=35343 prop=1 stamped=1 dbg=3 last=489 epoch2=48450 sched_n=0
   way7 valid=1 rrpv=2 epoch=39451 dist=26344 prop=1 stamped=1 dbg=3 last=426 epoch2=39451 sched_n=0
   -> victim=way5 reason=max-rrpv record by recency
[EVICT L3 pol=ECG:rrip_first curEpoch=13172 set_ways=8]
   way0 valid=1 rrpv=0 epoch=47732 dist=34560 prop=1 stamped=1 dbg=1 last=527 epoch2=47732 sched_n=0
   way1 valid=1 rrpv=0 epoch=48515 dist=35343 prop=1 stamped=1 dbg=1 last=562 epoch2=48515 sched_n=0
   way2 valid=1 rrpv=0 epoch=39581 dist=26409 prop=1 stamped=1 dbg=1 last=592 epoch2=39581 sched_n=0
   way3 valid=1 rrpv=0 epoch=47798 dist=34626 prop=1 stamped=1 dbg=2 last=477 epoch2=47798 sched_n=0
   way4 valid=1 rrpv=0 epoch=47732 dist=34560 prop=1 stamped=1 dbg=2 last=482 epoch2=47732 sched_n=0
   way5 valid=1 rrpv=7 epoch=48254 dist=35082 prop=0 stamped=0 dbg=3 last=619 epoch2=48254 sched_n=0   <== VICTIM
   way6 valid=1 rrpv=3 epoch=39516 dist=26344 prop=1 stamped=1 dbg=3 last=423 epoch2=39516 sched_n=0
   way7 valid=1 rrpv=0 epoch=48319 dist=35147 prop=1 stamped=1 dbg=3 last=491 epoch2=48319 sched_n=0
   -> victim=way5 reason=max-rrpv record by recency
[EVICT L3 pol=ECG:rrip_first curEpoch=13302 set_ways=8]
   way0 valid=1 rrpv=0 epoch=48124 dist=34822 prop=1 stamped=1 dbg=1 last=536 epoch2=48124 sched_n=0
   way1 valid=1 rrpv=0 epoch=47732 dist=34430 prop=1 stamped=1 dbg=1 last=572 epoch2=47732 sched_n=0
   way2 valid=1 rrpv=0 epoch=47863 dist=34561 prop=1 stamped=1 dbg=2 last=601 epoch2=47863 sched_n=0
   way3 valid=1 rrpv=0 epoch=48319 dist=35017 prop=1 stamped=1 dbg=2 last=479 epoch2=48319 sched_n=0
   way4 valid=1 rrpv=1 epoch=39516 dist=26214 prop=1 stamped=1 dbg=2 last=414 epoch2=39516 sched_n=0
   way5 valid=1 rrpv=7 epoch=48580 dist=35278 prop=0 stamped=0 dbg=3 last=615 epoch2=48580 sched_n=0   <== VICTIM
   way6 valid=1 rrpv=2 epoch=39451 dist=26149 prop=1 stamped=1 dbg=3 last=424 epoch2=39451 sched_n=0
   way7 valid=1 rrpv=0 epoch=48124 dist=34822 prop=1 stamped=1 dbg=3 last=492 epoch2=48124 sched_n=0
   -> victim=way5 reason=max-rrpv record by recency
[EVICT L3 pol=ECG:rrip_first curEpoch=13693 set_ways=8]
   way0 valid=1 rrpv=0 epoch=39386 dist=25693 prop=1 stamped=1 dbg=1 last=514 epoch2=39386 sched_n=0
   way1 valid=1 rrpv=0 epoch=47928 dist=34235 prop=1 stamped=1 dbg=1 last=553 epoch2=47928 sched_n=0
   way2 valid=1 rrpv=0 epoch=48254 dist=34561 prop=1 stamped=1 dbg=1 last=587 epoch2=48254 sched_n=0
   way3 valid=1 rrpv=0 epoch=47798 dist=34105 prop=1 stamped=1 dbg=2 last=616 epoch2=47798 sched_n=0
   way4 valid=1 rrpv=0 epoch=47798 dist=34105 prop=1 stamped=1 dbg=2 last=481 epoch2=47798 sched_n=0
   way5 valid=1 rrpv=7 epoch=48189 dist=34496 prop=0 stamped=0 dbg=3 last=621 epoch2=48189 sched_n=0   <== VICTIM
   way6 valid=1 rrpv=1 epoch=48450 dist=34757 prop=1 stamped=1 dbg=3 last=489 epoch2=48450 sched_n=0
   way7 valid=1 rrpv=2 epoch=39451 dist=25758 prop=1 stamped=1 dbg=3 last=426 epoch2=39451 sched_n=0
   -> victim=way5 reason=max-rrpv record by recency
[EVICT L3 pol=ECG:rrip_first curEpoch=13889 set_ways=8]
   way0 valid=1 rrpv=0 epoch=47732 dist=33843 prop=1 stamped=1 dbg=1 last=527 epoch2=47732 sched_n=0
   way1 valid=1 rrpv=0 epoch=48515 dist=34626 prop=1 stamped=1 dbg=1 last=562 epoch2=48515 sched_n=0
   way2 valid=1 rrpv=0 epoch=39581 dist=25692 prop=1 stamped=1 dbg=1 last=592 epoch2=39581 sched_n=0
   way3 valid=1 rrpv=0 epoch=47798 dist=33909 prop=1 stamped=1 dbg=2 last=624 epoch2=47798 sched_n=0
   way4 valid=1 rrpv=0 epoch=47732 dist=33843 prop=1 stamped=1 dbg=2 last=482 epoch2=47732 sched_n=0
   way5 valid=1 rrpv=7 epoch=48254 dist=34365 prop=0 stamped=0 dbg=3 last=622 epoch2=48254 sched_n=0   <== VICTIM
   way6 valid=1 rrpv=3 epoch=39516 dist=25627 prop=1 stamped=1 dbg=3 last=423 epoch2=39516 sched_n=0
   way7 valid=1 rrpv=0 epoch=48319 dist=34430 prop=1 stamped=1 dbg=3 last=491 epoch2=48319 sched_n=0
   -> victim=way5 reason=max-rrpv record by recency
[EVICT L3 pol=ECG:rrip_first curEpoch=14085 set_ways=8]
   way0 valid=1 rrpv=0 epoch=48124 dist=34039 prop=1 stamped=1 dbg=1 last=536 epoch2=48124 sched_n=0
   way1 valid=1 rrpv=0 epoch=47732 dist=33647 prop=1 stamped=1 dbg=1 last=572 epoch2=47732 sched_n=0
   way2 valid=1 rrpv=0 epoch=47863 dist=33778 prop=1 stamped=1 dbg=2 last=601 epoch2=47863 sched_n=0
   way3 valid=1 rrpv=0 epoch=48319 dist=34234 prop=1 stamped=1 dbg=2 last=479 epoch2=48319 sched_n=0
   way4 valid=1 rrpv=1 epoch=39516 dist=25431 prop=1 stamped=1 dbg=2 last=414 epoch2=39516 sched_n=0
   way5 valid=1 rrpv=7 epoch=48580 dist=34495 prop=0 stamped=0 dbg=3 last=623 epoch2=48580 sched_n=0   <== VICTIM
   way6 valid=1 rrpv=2 epoch=39451 dist=25366 prop=1 stamped=1 dbg=3 last=424 epoch2=39451 sched_n=0
   way7 valid=1 rrpv=0 epoch=48124 dist=34039 prop=1 stamped=1 dbg=3 last=492 epoch2=48124 sched_n=0
   -> victim=way5 reason=max-rrpv record by recency
[EVICT L3 pol=ECG:rrip_first curEpoch=14541 set_ways=8]
   way0 valid=1 rrpv=0 epoch=47732 dist=33191 prop=1 stamped=1 dbg=1 last=527 epoch2=47732 sched_n=0
   way1 valid=1 rrpv=0 epoch=48515 dist=33974 prop=1 stamped=1 dbg=1 last=562 epoch2=48515 sched_n=0
   way2 valid=1 rrpv=0 epoch=39581 dist=25040 prop=1 stamped=1 dbg=1 last=592 epoch2=39581 sched_n=0
   way3 valid=1 rrpv=0 epoch=47798 dist=33257 prop=1 stamped=1 dbg=2 last=624 epoch2=47798 sched_n=0
   way4 valid=1 rrpv=0 epoch=47732 dist=33191 prop=1 stamped=1 dbg=2 last=482 epoch2=47732 sched_n=0
   way5 valid=1 rrpv=7 epoch=48254 dist=33713 prop=0 stamped=0 dbg=3 last=626 epoch2=48254 sched_n=0   <== VICTIM
   way6 valid=1 rrpv=3 epoch=39516 dist=24975 prop=1 stamped=1 dbg=3 last=423 epoch2=39516 sched_n=0
   way7 valid=1 rrpv=0 epoch=48319 dist=33778 prop=1 stamped=1 dbg=3 last=491 epoch2=48319 sched_n=0
   -> victim=way5 reason=max-rrpv record by recency
[EVICT L3 pol=ECG:rrip_first curEpoch=14802 set_ways=8]
   way0 valid=1 rrpv=0 epoch=39386 dist=24584 prop=1 stamped=1 dbg=1 last=514 epoch2=39386 sched_n=0
   way1 valid=1 rrpv=0 epoch=47928 dist=33126 prop=1 stamped=1 dbg=1 last=553 epoch2=47928 sched_n=0
   way2 valid=1 rrpv=0 epoch=48254 dist=33452 prop=1 stamped=1 dbg=1 last=587 epoch2=48254 sched_n=0
   way3 valid=1 rrpv=0 epoch=47798 dist=32996 prop=1 stamped=1 dbg=2 last=616 epoch2=47798 sched_n=0
   way4 valid=1 rrpv=0 epoch=47798 dist=32996 prop=1 stamped=1 dbg=2 last=481 epoch2=47798 sched_n=0
   way5 valid=1 rrpv=7 epoch=48189 dist=33387 prop=0 stamped=0 dbg=3 last=625 epoch2=48189 sched_n=0   <== VICTIM
   way6 valid=1 rrpv=1 epoch=48450 dist=33648 prop=1 stamped=1 dbg=3 last=489 epoch2=48450 sched_n=0
   way7 valid=1 rrpv=2 epoch=39451 dist=24649 prop=1 stamped=1 dbg=3 last=426 epoch2=39451 sched_n=0
   -> victim=way5 reason=max-rrpv record by recency
[EVICT L3 pol=ECG:rrip_first curEpoch=14867 set_ways=8]
   way0 valid=1 rrpv=0 epoch=48124 dist=33257 prop=1 stamped=1 dbg=1 last=536 epoch2=48124 sched_n=0
   way1 valid=1 rrpv=0 epoch=47732 dist=32865 prop=1 stamped=1 dbg=1 last=572 epoch2=47732 sched_n=0
   way2 valid=1 rrpv=0 epoch=47863 dist=32996 prop=1 stamped=1 dbg=2 last=601 epoch2=47863 sched_n=0
   way3 valid=1 rrpv=0 epoch=48319 dist=33452 prop=1 stamped=1 dbg=2 last=629 epoch2=48319 sched_n=0
   way4 valid=1 rrpv=1 epoch=39516 dist=24649 prop=1 stamped=1 dbg=2 last=414 epoch2=39516 sched_n=0
   way5 valid=1 rrpv=7 epoch=48580 dist=33713 prop=0 stamped=0 dbg=3 last=627 epoch2=48580 sched_n=0   <== VICTIM
   way6 valid=1 rrpv=2 epoch=39451 dist=24584 prop=1 stamped=1 dbg=3 last=424 epoch2=39451 sched_n=0
   way7 valid=1 rrpv=0 epoch=48124 dist=33257 prop=1 stamped=1 dbg=3 last=492 epoch2=48124 sched_n=0
   -> victim=way5 reason=max-rrpv record by recency
[EVICT L3 pol=ECG:rrip_first curEpoch=14998 set_ways=8]
   way0 valid=1 rrpv=0 epoch=39386 dist=24388 prop=1 stamped=1 dbg=1 last=514 epoch2=39386 sched_n=0
   way1 valid=1 rrpv=0 epoch=47928 dist=32930 prop=1 stamped=1 dbg=1 last=553 epoch2=47928 sched_n=0
   way2 valid=1 rrpv=0 epoch=48254 dist=33256 prop=1 stamped=1 dbg=1 last=587 epoch2=48254 sched_n=0
   way3 valid=1 rrpv=0 epoch=47798 dist=32800 prop=1 stamped=1 dbg=2 last=616 epoch2=47798 sched_n=0
   way4 valid=1 rrpv=0 epoch=47798 dist=32800 prop=1 stamped=1 dbg=2 last=481 epoch2=47798 sched_n=0
   way5 valid=1 rrpv=7 epoch=48189 dist=33191 prop=0 stamped=0 dbg=3 last=630 epoch2=48189 sched_n=0   <== VICTIM
   way6 valid=1 rrpv=1 epoch=48450 dist=33452 prop=1 stamped=1 dbg=3 last=489 epoch2=48450 sched_n=0
   way7 valid=1 rrpv=2 epoch=39451 dist=24453 prop=1 stamped=1 dbg=3 last=426 epoch2=39451 sched_n=0
   -> victim=way5 reason=max-rrpv record by recency
[EVICT L3 pol=ECG:rrip_first curEpoch=15063 set_ways=8]
   way0 valid=1 rrpv=0 epoch=47732 dist=32669 prop=1 stamped=1 dbg=1 last=527 epoch2=47732 sched_n=0
   way1 valid=1 rrpv=0 epoch=48515 dist=33452 prop=1 stamped=1 dbg=1 last=562 epoch2=48515 sched_n=0
   way2 valid=1 rrpv=0 epoch=39581 dist=24518 prop=1 stamped=1 dbg=1 last=592 epoch2=39581 sched_n=0
   way3 valid=1 rrpv=0 epoch=47798 dist=32735 prop=1 stamped=1 dbg=2 last=624 epoch2=47798 sched_n=0
   way4 valid=1 rrpv=0 epoch=47732 dist=32669 prop=1 stamped=1 dbg=2 last=482 epoch2=47732 sched_n=0
   way5 valid=1 rrpv=7 epoch=48254 dist=33191 prop=0 stamped=0 dbg=3 last=628 epoch2=48254 sched_n=0   <== VICTIM
   way6 valid=1 rrpv=3 epoch=39516 dist=24453 prop=1 stamped=1 dbg=3 last=423 epoch2=39516 sched_n=0
   way7 valid=1 rrpv=0 epoch=48319 dist=33256 prop=1 stamped=1 dbg=3 last=491 epoch2=48319 sched_n=0
   -> victim=way5 reason=max-rrpv record by recency
[EVICT L3 pol=ECG:rrip_first curEpoch=15324 set_ways=8]
   way0 valid=1 rrpv=0 epoch=47732 dist=32408 prop=1 stamped=1 dbg=1 last=527 epoch2=47732 sched_n=0
   way1 valid=1 rrpv=0 epoch=48515 dist=33191 prop=1 stamped=1 dbg=1 last=562 epoch2=48515 sched_n=0
   way2 valid=1 rrpv=0 epoch=39581 dist=24257 prop=1 stamped=1 dbg=1 last=592 epoch2=39581 sched_n=0
   way3 valid=1 rrpv=0 epoch=47798 dist=32474 prop=1 stamped=1 dbg=2 last=624 epoch2=47798 sched_n=0
   way4 valid=1 rrpv=0 epoch=47732 dist=32408 prop=1 stamped=1 dbg=2 last=482 epoch2=47732 sched_n=0
   way5 valid=1 rrpv=7 epoch=48254 dist=32930 prop=0 stamped=0 dbg=3 last=633 epoch2=48254 sched_n=0   <== VICTIM
   way6 valid=1 rrpv=3 epoch=39516 dist=24192 prop=1 stamped=1 dbg=3 last=423 epoch2=39516 sched_n=0
   way7 valid=1 rrpv=0 epoch=48319 dist=32995 prop=1 stamped=1 dbg=3 last=491 epoch2=48319 sched_n=0
   -> victim=way5 reason=max-rrpv record by recency
[EVICT L3 pol=ECG:rrip_first curEpoch=15389 set_ways=8]
   way0 valid=1 rrpv=0 epoch=48124 dist=32735 prop=1 stamped=1 dbg=1 last=536 epoch2=48124 sched_n=0
   way1 valid=1 rrpv=0 epoch=47732 dist=32343 prop=1 stamped=1 dbg=1 last=572 epoch2=47732 sched_n=0
   way2 valid=1 rrpv=0 epoch=47863 dist=32474 prop=1 stamped=1 dbg=2 last=601 epoch2=47863 sched_n=0
   way3 valid=1 rrpv=0 epoch=48319 dist=32930 prop=1 stamped=1 dbg=2 last=629 epoch2=48319 sched_n=0
   way4 valid=1 rrpv=1 epoch=39516 dist=24127 prop=1 stamped=1 dbg=2 last=414 epoch2=39516 sched_n=0
   way5 valid=1 rrpv=7 epoch=48580 dist=33191 prop=0 stamped=0 dbg=3 last=631 epoch2=48580 sched_n=0   <== VICTIM
   way6 valid=1 rrpv=2 epoch=39451 dist=24062 prop=1 stamped=1 dbg=3 last=424 epoch2=39451 sched_n=0
   way7 valid=1 rrpv=0 epoch=48124 dist=32735 prop=1 stamped=1 dbg=3 last=492 epoch2=48124 sched_n=0
   -> victim=way5 reason=max-rrpv record by recency
[EVICT L3 pol=ECG:rrip_first curEpoch=15650 set_ways=8]
   way0 valid=1 rrpv=0 epoch=39581 dist=23931 prop=1 stamped=1 dbg=1 last=542 epoch2=39581 sched_n=0
   way1 valid=1 rrpv=0 epoch=39451 dist=23801 prop=1 stamped=1 dbg=1 last=579 epoch2=39451 sched_n=0
   way2 valid=1 rrpv=2 epoch=39581 dist=23931 prop=1 stamped=1 dbg=2 last=606 epoch2=39581 sched_n=0
   way3 valid=1 rrpv=0 epoch=47798 dist=32148 prop=1 stamped=1 dbg=2 last=636 epoch2=47798 sched_n=0
   way4 valid=1 rrpv=1 epoch=39451 dist=23801 prop=1 stamped=1 dbg=3 last=463 epoch2=39451 sched_n=0
   way5 valid=1 rrpv=1 epoch=47863 dist=32213 prop=1 stamped=1 dbg=3 last=487 epoch2=47863 sched_n=0
   way6 valid=1 rrpv=0 epoch=47732 dist=32082 prop=1 stamped=1 dbg=3 last=490 epoch2=47732 sched_n=0
   way7 valid=1 rrpv=7 epoch=47928 dist=32278 prop=0 stamped=0 dbg=3 last=620 epoch2=47928 sched_n=0   <== VICTIM
   -> victim=way7 reason=max-rrpv record by recency
[EVICT L3 pol=ECG:rrip_first curEpoch=15780 set_ways=8]
   way0 valid=1 rrpv=0 epoch=39386 dist=23606 prop=1 stamped=1 dbg=1 last=514 epoch2=39386 sched_n=0
   way1 valid=1 rrpv=0 epoch=47928 dist=32148 prop=1 stamped=1 dbg=1 last=553 epoch2=47928 sched_n=0
   way2 valid=1 rrpv=0 epoch=48254 dist=32474 prop=1 stamped=1 dbg=1 last=587 epoch2=48254 sched_n=0
   way3 valid=1 rrpv=0 epoch=47798 dist=32018 prop=1 stamped=1 dbg=2 last=616 epoch2=47798 sched_n=0
   way4 valid=1 rrpv=0 epoch=47798 dist=32018 prop=1 stamped=1 dbg=2 last=481 epoch2=47798 sched_n=0
   way5 valid=1 rrpv=7 epoch=48189 dist=32409 prop=0 stamped=0 dbg=3 last=632 epoch2=48189 sched_n=0   <== VICTIM
   way6 valid=1 rrpv=1 epoch=48450 dist=32670 prop=1 stamped=1 dbg=3 last=489 epoch2=48450 sched_n=0
   way7 valid=1 rrpv=2 epoch=39451 dist=23671 prop=1 stamped=1 dbg=3 last=426 epoch2=39451 sched_n=0
   -> victim=way5 reason=max-rrpv record by recency
[EVICT L3 pol=ECG:rrip_first curEpoch=15845 set_ways=8]
   way0 valid=1 rrpv=0 epoch=47732 dist=31887 prop=1 stamped=1 dbg=1 last=527 epoch2=47732 sched_n=0
   way1 valid=1 rrpv=0 epoch=48515 dist=32670 prop=1 stamped=1 dbg=1 last=562 epoch2=48515 sched_n=0
   way2 valid=1 rrpv=0 epoch=39581 dist=23736 prop=1 stamped=1 dbg=1 last=592 epoch2=39581 sched_n=0
   way3 valid=1 rrpv=0 epoch=47798 dist=31953 prop=1 stamped=1 dbg=2 last=624 epoch2=47798 sched_n=0
   way4 valid=1 rrpv=0 epoch=47732 dist=31887 prop=1 stamped=1 dbg=2 last=482 epoch2=47732 sched_n=0
   way5 valid=1 rrpv=7 epoch=48254 dist=32409 prop=0 stamped=0 dbg=3 last=634 epoch2=48254 sched_n=0   <== VICTIM
   way6 valid=1 rrpv=3 epoch=39516 dist=23671 prop=1 stamped=1 dbg=3 last=423 epoch2=39516 sched_n=0
   way7 valid=1 rrpv=0 epoch=48319 dist=32474 prop=1 stamped=1 dbg=3 last=491 epoch2=48319 sched_n=0
   -> victim=way5 reason=max-rrpv record by recency
[EVICT L3 pol=ECG:rrip_first curEpoch=15910 set_ways=8]
   way0 valid=1 rrpv=0 epoch=39581 dist=23671 prop=1 stamped=1 dbg=1 last=542 epoch2=39581 sched_n=0
   way1 valid=1 rrpv=0 epoch=39451 dist=23541 prop=1 stamped=1 dbg=1 last=579 epoch2=39451 sched_n=0
   way2 valid=1 rrpv=2 epoch=39581 dist=23671 prop=1 stamped=1 dbg=2 last=606 epoch2=39581 sched_n=0
   way3 valid=1 rrpv=0 epoch=47798 dist=31888 prop=1 stamped=1 dbg=2 last=636 epoch2=47798 sched_n=0
   way4 valid=1 rrpv=1 epoch=39451 dist=23541 prop=1 stamped=1 dbg=3 last=463 epoch2=39451 sched_n=0
   way5 valid=1 rrpv=1 epoch=47863 dist=31953 prop=1 stamped=1 dbg=3 last=487 epoch2=47863 sched_n=0
   way6 valid=1 rrpv=0 epoch=47732 dist=31822 prop=1 stamped=1 dbg=3 last=490 epoch2=47732 sched_n=0
   way7 valid=1 rrpv=7 epoch=47928 dist=32018 prop=0 stamped=0 dbg=3 last=637 epoch2=47928 sched_n=0   <== VICTIM
   -> victim=way7 reason=max-rrpv record by recency
[EVICT L3 pol=ECG:rrip_first curEpoch=16041 set_ways=8]
   way0 valid=1 rrpv=0 epoch=39386 dist=23345 prop=1 stamped=1 dbg=1 last=514 epoch2=39386 sched_n=0
   way1 valid=1 rrpv=0 epoch=47928 dist=31887 prop=1 stamped=1 dbg=1 last=553 epoch2=47928 sched_n=0
   way2 valid=1 rrpv=0 epoch=48254 dist=32213 prop=1 stamped=1 dbg=1 last=587 epoch2=48254 sched_n=0
   way3 valid=1 rrpv=0 epoch=47798 dist=31757 prop=1 stamped=1 dbg=2 last=616 epoch2=47798 sched_n=0
   way4 valid=1 rrpv=0 epoch=47798 dist=31757 prop=1 stamped=1 dbg=2 last=481 epoch2=47798 sched_n=0
   way5 valid=1 rrpv=7 epoch=48189 dist=32148 prop=0 stamped=0 dbg=3 last=638 epoch2=48189 sched_n=0   <== VICTIM
   way6 valid=1 rrpv=1 epoch=48450 dist=32409 prop=1 stamped=1 dbg=3 last=489 epoch2=48450 sched_n=0
   way7 valid=1 rrpv=2 epoch=39451 dist=23410 prop=1 stamped=1 dbg=3 last=426 epoch2=39451 sched_n=0
   -> victim=way5 reason=max-rrpv record by recency
[EVICT L3 pol=ECG:rrip_first curEpoch=16237 set_ways=8]
   way0 valid=1 rrpv=0 epoch=39386 dist=23149 prop=1 stamped=1 dbg=1 last=514 epoch2=39386 sched_n=0
   way1 valid=1 rrpv=0 epoch=47928 dist=31691 prop=1 stamped=1 dbg=1 last=553 epoch2=47928 sched_n=0
   way2 valid=1 rrpv=0 epoch=48254 dist=32017 prop=1 stamped=1 dbg=1 last=587 epoch2=48254 sched_n=0
   way3 valid=1 rrpv=0 epoch=47798 dist=31561 prop=1 stamped=1 dbg=2 last=616 epoch2=47798 sched_n=0
   way4 valid=1 rrpv=0 epoch=47798 dist=31561 prop=1 stamped=1 dbg=2 last=481 epoch2=47798 sched_n=0
   way5 valid=1 rrpv=7 epoch=48189 dist=31952 prop=0 stamped=0 dbg=3 last=641 epoch2=48189 sched_n=0   <== VICTIM
   way6 valid=1 rrpv=1 epoch=48450 dist=32213 prop=1 stamped=1 dbg=3 last=489 epoch2=48450 sched_n=0
   way7 valid=1 rrpv=2 epoch=39451 dist=23214 prop=1 stamped=1 dbg=3 last=426 epoch2=39451 sched_n=0
   -> victim=way5 reason=max-rrpv record by recency
[EVICT L3 pol=ECG:rrip_first curEpoch=16563 set_ways=8]
   way0 valid=1 rrpv=0 epoch=39581 dist=23018 prop=1 stamped=1 dbg=1 last=542 epoch2=39581 sched_n=0
   way1 valid=1 rrpv=0 epoch=39451 dist=22888 prop=1 stamped=1 dbg=1 last=579 epoch2=39451 sched_n=0
   way2 valid=1 rrpv=2 epoch=39581 dist=23018 prop=1 stamped=1 dbg=2 last=606 epoch2=39581 sched_n=0
   way3 valid=1 rrpv=0 epoch=47798 dist=31235 prop=1 stamped=1 dbg=2 last=636 epoch2=47798 sched_n=0
   way4 valid=1 rrpv=1 epoch=39451 dist=22888 prop=1 stamped=1 dbg=3 last=463 epoch2=39451 sched_n=0
   way5 valid=1 rrpv=1 epoch=47863 dist=31300 prop=1 stamped=1 dbg=3 last=487 epoch2=47863 sched_n=0
   way6 valid=1 rrpv=0 epoch=47732 dist=31169 prop=1 stamped=1 dbg=3 last=490 epoch2=47732 sched_n=0
   way7 valid=1 rrpv=7 epoch=47928 dist=31365 prop=0 stamped=0 dbg=3 last=640 epoch2=47928 sched_n=0   <== VICTIM
   -> victim=way7 reason=max-rrpv record by recency
[EVICT L3 pol=ECG:rrip_first curEpoch=16823 set_ways=8]
   way0 valid=1 rrpv=0 epoch=47732 dist=30909 prop=1 stamped=1 dbg=1 last=527 epoch2=47732 sched_n=0
   way1 valid=1 rrpv=0 epoch=48515 dist=31692 prop=1 stamped=1 dbg=1 last=562 epoch2=48515 sched_n=0
   way2 valid=1 rrpv=0 epoch=39581 dist=22758 prop=1 stamped=1 dbg=1 last=592 epoch2=39581 sched_n=0
   way3 valid=1 rrpv=0 epoch=47798 dist=30975 prop=1 stamped=1 dbg=2 last=624 epoch2=47798 sched_n=0
   way4 valid=1 rrpv=0 epoch=47732 dist=30909 prop=1 stamped=1 dbg=2 last=482 epoch2=47732 sched_n=0
   way5 valid=1 rrpv=7 epoch=48254 dist=31431 prop=0 stamped=0 dbg=3 last=639 epoch2=48254 sched_n=0   <== VICTIM
   way6 valid=1 rrpv=3 epoch=39516 dist=22693 prop=1 stamped=1 dbg=3 last=423 epoch2=39516 sched_n=0
   way7 valid=1 rrpv=0 epoch=48319 dist=31496 prop=1 stamped=1 dbg=3 last=491 epoch2=48319 sched_n=0
   -> victim=way5 reason=max-rrpv record by recency
[EVICT L3 pol=ECG:rrip_first curEpoch=16889 set_ways=8]
   way0 valid=1 rrpv=0 epoch=48124 dist=31235 prop=1 stamped=1 dbg=1 last=536 epoch2=48124 sched_n=0
   way1 valid=1 rrpv=0 epoch=47732 dist=30843 prop=1 stamped=1 dbg=1 last=572 epoch2=47732 sched_n=0
   way2 valid=1 rrpv=0 epoch=47863 dist=30974 prop=1 stamped=1 dbg=2 last=601 epoch2=47863 sched_n=0
   way3 valid=1 rrpv=0 epoch=48319 dist=31430 prop=1 stamped=1 dbg=2 last=629 epoch2=48319 sched_n=0
   way4 valid=1 rrpv=1 epoch=39516 dist=22627 prop=1 stamped=1 dbg=2 last=414 epoch2=39516 sched_n=0
   way5 valid=1 rrpv=7 epoch=48580 dist=31691 prop=0 stamped=0 dbg=3 last=635 epoch2=48580 sched_n=0   <== VICTIM
   way6 valid=1 rrpv=2 epoch=39451 dist=22562 prop=1 stamped=1 dbg=3 last=424 epoch2=39451 sched_n=0
   way7 valid=1 rrpv=0 epoch=48124 dist=31235 prop=1 stamped=1 dbg=3 last=492 epoch2=48124 sched_n=0
   -> victim=way5 reason=max-rrpv record by recency
[EVICT L3 pol=ECG:rrip_first curEpoch=16954 set_ways=8]
   way0 valid=1 rrpv=0 epoch=39581 dist=22627 prop=1 stamped=1 dbg=1 last=542 epoch2=39581 sched_n=0
   way1 valid=1 rrpv=0 epoch=39451 dist=22497 prop=1 stamped=1 dbg=1 last=579 epoch2=39451 sched_n=0
   way2 valid=1 rrpv=2 epoch=39581 dist=22627 prop=1 stamped=1 dbg=2 last=606 epoch2=39581 sched_n=0
   way3 valid=1 rrpv=0 epoch=47798 dist=30844 prop=1 stamped=1 dbg=2 last=636 epoch2=47798 sched_n=0
   way4 valid=1 rrpv=1 epoch=39451 dist=22497 prop=1 stamped=1 dbg=3 last=463 epoch2=39451 sched_n=0
   way5 valid=1 rrpv=1 epoch=47863 dist=30909 prop=1 stamped=1 dbg=3 last=487 epoch2=47863 sched_n=0
   way6 valid=1 rrpv=0 epoch=47732 dist=30778 prop=1 stamped=1 dbg=3 last=490 epoch2=47732 sched_n=0
   way7 valid=1 rrpv=7 epoch=47928 dist=30974 prop=0 stamped=0 dbg=3 last=643 epoch2=47928 sched_n=0   <== VICTIM
   -> victim=way7 reason=max-rrpv record by recency
[EVICT L3 pol=ECG:rrip_first curEpoch=17084 set_ways=8]
   way0 valid=1 rrpv=0 epoch=47732 dist=30648 prop=1 stamped=1 dbg=1 last=527 epoch2=47732 sched_n=0
   way1 valid=1 rrpv=0 epoch=48515 dist=31431 prop=1 stamped=1 dbg=1 last=562 epoch2=48515 sched_n=0
   way2 valid=1 rrpv=0 epoch=39581 dist=22497 prop=1 stamped=1 dbg=1 last=592 epoch2=39581 sched_n=0
   way3 valid=1 rrpv=0 epoch=47798 dist=30714 prop=1 stamped=1 dbg=2 last=624 epoch2=47798 sched_n=0
   way4 valid=1 rrpv=0 epoch=47732 dist=30648 prop=1 stamped=1 dbg=2 last=482 epoch2=47732 sched_n=0
   way5 valid=1 rrpv=7 epoch=48254 dist=31170 prop=0 stamped=0 dbg=3 last=645 epoch2=48254 sched_n=0   <== VICTIM
   way6 valid=1 rrpv=3 epoch=39516 dist=22432 prop=1 stamped=1 dbg=3 last=423 epoch2=39516 sched_n=0
   way7 valid=1 rrpv=0 epoch=48319 dist=31235 prop=1 stamped=1 dbg=3 last=491 epoch2=48319 sched_n=0
   -> victim=way5 reason=max-rrpv record by recency
[EVICT L3 pol=ECG:rrip_first curEpoch=17345 set_ways=8]
   way0 valid=1 rrpv=0 epoch=39386 dist=22041 prop=1 stamped=1 dbg=1 last=514 epoch2=39386 sched_n=0
   way1 valid=1 rrpv=0 epoch=47928 dist=30583 prop=1 stamped=1 dbg=1 last=553 epoch2=47928 sched_n=0
   way2 valid=1 rrpv=0 epoch=48254 dist=30909 prop=1 stamped=1 dbg=1 last=587 epoch2=48254 sched_n=0
   way3 valid=1 rrpv=0 epoch=47798 dist=30453 prop=1 stamped=1 dbg=2 last=616 epoch2=47798 sched_n=0
   way4 valid=1 rrpv=0 epoch=47798 dist=30453 prop=1 stamped=1 dbg=2 last=644 epoch2=47798 sched_n=0
   way5 valid=1 rrpv=7 epoch=48189 dist=30844 prop=0 stamped=0 dbg=3 last=642 epoch2=48189 sched_n=0   <== VICTIM
   way6 valid=1 rrpv=1 epoch=48450 dist=31105 prop=1 stamped=1 dbg=3 last=489 epoch2=48450 sched_n=0
   way7 valid=1 rrpv=2 epoch=39451 dist=22106 prop=1 stamped=1 dbg=3 last=426 epoch2=39451 sched_n=0
   -> victim=way5 reason=max-rrpv record by recency
[EVICT L3 pol=ECG:rrip_first curEpoch=17867 set_ways=8]
   way0 valid=1 rrpv=0 epoch=48124 dist=30257 prop=1 stamped=1 dbg=1 last=536 epoch2=48124 sched_n=0
   way1 valid=1 rrpv=0 epoch=47732 dist=29865 prop=1 stamped=1 dbg=1 last=572 epoch2=47732 sched_n=0
   way2 valid=1 rrpv=0 epoch=47863 dist=29996 prop=1 stamped=1 dbg=2 last=601 epoch2=47863 sched_n=0
   way3 valid=1 rrpv=0 epoch=48319 dist=30452 prop=1 stamped=1 dbg=2 last=629 epoch2=48319 sched_n=0
   way4 valid=1 rrpv=1 epoch=39516 dist=21649 prop=1 stamped=1 dbg=2 last=414 epoch2=39516 sched_n=0
   way5 valid=1 rrpv=7 epoch=48580 dist=30713 prop=0 stamped=0 dbg=3 last=646 epoch2=48580 sched_n=0   <== VICTIM
   way6 valid=1 rrpv=2 epoch=39451 dist=21584 prop=1 stamped=1 dbg=3 last=424 epoch2=39451 sched_n=0
   way7 valid=1 rrpv=0 epoch=48124 dist=30257 prop=1 stamped=1 dbg=3 last=492 epoch2=48124 sched_n=0
   -> victim=way5 reason=max-rrpv record by recency
[EVICT L3 pol=ECG:rrip_first curEpoch=17932 set_ways=8]
   way0 valid=1 rrpv=0 epoch=39581 dist=21649 prop=1 stamped=1 dbg=1 last=542 epoch2=39581 sched_n=0
   way1 valid=1 rrpv=0 epoch=39451 dist=21519 prop=1 stamped=1 dbg=1 last=579 epoch2=39451 sched_n=0
   way2 valid=1 rrpv=2 epoch=39581 dist=21649 prop=1 stamped=1 dbg=2 last=606 epoch2=39581 sched_n=0
   way3 valid=1 rrpv=0 epoch=47798 dist=29866 prop=1 stamped=1 dbg=2 last=636 epoch2=47798 sched_n=0
   way4 valid=1 rrpv=1 epoch=39451 dist=21519 prop=1 stamped=1 dbg=3 last=463 epoch2=39451 sched_n=0
   way5 valid=1 rrpv=1 epoch=47863 dist=29931 prop=1 stamped=1 dbg=3 last=487 epoch2=47863 sched_n=0
   way6 valid=1 rrpv=0 epoch=47732 dist=29800 prop=1 stamped=1 dbg=3 last=490 epoch2=47732 sched_n=0
   way7 valid=1 rrpv=7 epoch=47928 dist=29996 prop=0 stamped=0 dbg=3 last=647 epoch2=47928 sched_n=0   <== VICTIM
   -> victim=way7 reason=max-rrpv record by recency
[EVICT L3 pol=ECG:rrip_first curEpoch=17997 set_ways=8]
   way0 valid=1 rrpv=0 epoch=39581 dist=21584 prop=1 stamped=1 dbg=1 last=542 epoch2=39581 sched_n=0
   way1 valid=1 rrpv=0 epoch=39451 dist=21454 prop=1 stamped=1 dbg=1 last=579 epoch2=39451 sched_n=0
   way2 valid=1 rrpv=2 epoch=39581 dist=21584 prop=1 stamped=1 dbg=2 last=606 epoch2=39581 sched_n=0
   way3 valid=1 rrpv=0 epoch=47798 dist=29801 prop=1 stamped=1 dbg=2 last=636 epoch2=47798 sched_n=0
   way4 valid=1 rrpv=1 epoch=39451 dist=21454 prop=1 stamped=1 dbg=3 last=463 epoch2=39451 sched_n=0
   way5 valid=1 rrpv=1 epoch=47863 dist=29866 prop=1 stamped=1 dbg=3 last=487 epoch2=47863 sched_n=0
   way6 valid=1 rrpv=0 epoch=47732 dist=29735 prop=1 stamped=1 dbg=3 last=490 epoch2=47732 sched_n=0
   way7 valid=1 rrpv=7 epoch=47928 dist=29931 prop=0 stamped=0 dbg=3 last=652 epoch2=47928 sched_n=0   <== VICTIM
   -> victim=way7 reason=max-rrpv record by recency
[EVICT L3 pol=ECG:rrip_first curEpoch=18062 set_ways=8]
   way0 valid=1 rrpv=0 epoch=39386 dist=21324 prop=1 stamped=1 dbg=1 last=514 epoch2=39386 sched_n=0
   way1 valid=1 rrpv=0 epoch=47928 dist=29866 prop=1 stamped=1 dbg=1 last=553 epoch2=47928 sched_n=0
   way2 valid=1 rrpv=0 epoch=48254 dist=30192 prop=1 stamped=1 dbg=1 last=587 epoch2=48254 sched_n=0
   way3 valid=1 rrpv=0 epoch=47798 dist=29736 prop=1 stamped=1 dbg=2 last=616 epoch2=47798 sched_n=0
   way4 valid=1 rrpv=0 epoch=47798 dist=29736 prop=1 stamped=1 dbg=2 last=644 epoch2=47798 sched_n=0
   way5 valid=1 rrpv=7 epoch=48189 dist=30127 prop=0 stamped=0 dbg=3 last=649 epoch2=48189 sched_n=0   <== VICTIM
   way6 valid=1 rrpv=1 epoch=48450 dist=30388 prop=1 stamped=1 dbg=3 last=489 epoch2=48450 sched_n=0
   way7 valid=1 rrpv=2 epoch=39451 dist=21389 prop=1 stamped=1 dbg=3 last=426 epoch2=39451 sched_n=0
   -> victim=way5 reason=max-rrpv record by recency
[EVICT L3 pol=ECG:rrip_first curEpoch=18323 set_ways=8]
   way0 valid=1 rrpv=0 epoch=47732 dist=29409 prop=1 stamped=1 dbg=1 last=527 epoch2=47732 sched_n=0
   way1 valid=1 rrpv=0 epoch=48515 dist=30192 prop=1 stamped=1 dbg=1 last=562 epoch2=48515 sched_n=0
   way2 valid=1 rrpv=0 epoch=39581 dist=21258 prop=1 stamped=1 dbg=1 last=592 epoch2=39581 sched_n=0
   way3 valid=1 rrpv=0 epoch=47798 dist=29475 prop=1 stamped=1 dbg=2 last=624 epoch2=47798 sched_n=0
   way4 valid=1 rrpv=0 epoch=47732 dist=29409 prop=1 stamped=1 dbg=2 last=650 epoch2=47732 sched_n=0
   way5 valid=1 rrpv=7 epoch=48254 dist=29931 prop=0 stamped=0 dbg=3 last=648 epoch2=48254 sched_n=0   <== VICTIM
   way6 valid=1 rrpv=3 epoch=39516 dist=21193 prop=1 stamped=1 dbg=3 last=423 epoch2=39516 sched_n=0
   way7 valid=1 rrpv=0 epoch=48319 dist=29996 prop=1 stamped=1 dbg=3 last=491 epoch2=48319 sched_n=0
   -> victim=way5 reason=max-rrpv record by recency
[EVICT L3 pol=ECG:rrip_first curEpoch=18714 set_ways=8]
   way0 valid=1 rrpv=0 epoch=39581 dist=20867 prop=1 stamped=1 dbg=1 last=542 epoch2=39581 sched_n=0
   way1 valid=1 rrpv=0 epoch=39451 dist=20737 prop=1 stamped=1 dbg=1 last=579 epoch2=39451 sched_n=0
   way2 valid=1 rrpv=2 epoch=39581 dist=20867 prop=1 stamped=1 dbg=2 last=606 epoch2=39581 sched_n=0
   way3 valid=1 rrpv=0 epoch=47798 dist=29084 prop=1 stamped=1 dbg=2 last=636 epoch2=47798 sched_n=0
   way4 valid=1 rrpv=1 epoch=39451 dist=20737 prop=1 stamped=1 dbg=3 last=463 epoch2=39451 sched_n=0
   way5 valid=1 rrpv=1 epoch=47863 dist=29149 prop=1 stamped=1 dbg=3 last=487 epoch2=47863 sched_n=0
   way6 valid=1 rrpv=0 epoch=47732 dist=29018 prop=1 stamped=1 dbg=3 last=490 epoch2=47732 sched_n=0
   way7 valid=1 rrpv=7 epoch=47928 dist=29214 prop=0 stamped=0 dbg=3 last=653 epoch2=47928 sched_n=0   <== VICTIM
   -> victim=way7 reason=max-rrpv record by recency
[EVICT L3 pol=ECG:rrip_first curEpoch=18780 set_ways=8]
   way0 valid=1 rrpv=0 epoch=47732 dist=28952 prop=1 stamped=1 dbg=1 last=527 epoch2=47732 sched_n=0
   way1 valid=1 rrpv=0 epoch=48515 dist=29735 prop=1 stamped=1 dbg=1 last=562 epoch2=48515 sched_n=0
   way2 valid=1 rrpv=0 epoch=39581 dist=20801 prop=1 stamped=1 dbg=1 last=592 epoch2=39581 sched_n=0
   way3 valid=1 rrpv=0 epoch=47798 dist=29018 prop=1 stamped=1 dbg=2 last=624 epoch2=47798 sched_n=0
   way4 valid=1 rrpv=0 epoch=47732 dist=28952 prop=1 stamped=1 dbg=2 last=650 epoch2=47732 sched_n=0
   way5 valid=1 rrpv=7 epoch=48254 dist=29474 prop=0 stamped=0 dbg=3 last=655 epoch2=48254 sched_n=0   <== VICTIM
   way6 valid=1 rrpv=3 epoch=39516 dist=20736 prop=1 stamped=1 dbg=3 last=423 epoch2=39516 sched_n=0
   way7 valid=1 rrpv=0 epoch=48319 dist=29539 prop=1 stamped=1 dbg=3 last=491 epoch2=48319 sched_n=0
   -> victim=way5 reason=max-rrpv record by recency
[EVICT L3 pol=ECG:rrip_first curEpoch=18910 set_ways=8]
   way0 valid=1 rrpv=0 epoch=48124 dist=29214 prop=1 stamped=1 dbg=1 last=536 epoch2=48124 sched_n=0
   way1 valid=1 rrpv=0 epoch=47732 dist=28822 prop=1 stamped=1 dbg=1 last=572 epoch2=47732 sched_n=0
   way2 valid=1 rrpv=0 epoch=47863 dist=28953 prop=1 stamped=1 dbg=2 last=601 epoch2=47863 sched_n=0
   way3 valid=1 rrpv=0 epoch=48319 dist=29409 prop=1 stamped=1 dbg=2 last=629 epoch2=48319 sched_n=0
   way4 valid=1 rrpv=0 epoch=39516 dist=20606 prop=1 stamped=1 dbg=2 last=657 epoch2=39516 sched_n=0
   way5 valid=1 rrpv=7 epoch=48580 dist=29670 prop=0 stamped=0 dbg=3 last=651 epoch2=48580 sched_n=0   <== VICTIM
   way6 valid=1 rrpv=2 epoch=39451 dist=20541 prop=1 stamped=1 dbg=3 last=424 epoch2=39451 sched_n=0
   way7 valid=1 rrpv=0 epoch=48124 dist=29214 prop=1 stamped=1 dbg=3 last=492 epoch2=48124 sched_n=0
   -> victim=way5 reason=max-rrpv record by recency
[EVICT L3 pol=ECG:rrip_first curEpoch=18975 set_ways=8]
   way0 valid=1 rrpv=0 epoch=47732 dist=28757 prop=1 stamped=1 dbg=1 last=527 epoch2=47732 sched_n=0
   way1 valid=1 rrpv=0 epoch=48515 dist=29540 prop=1 stamped=1 dbg=1 last=562 epoch2=48515 sched_n=0
   way2 valid=1 rrpv=0 epoch=39581 dist=20606 prop=1 stamped=1 dbg=1 last=592 epoch2=39581 sched_n=0
   way3 valid=1 rrpv=0 epoch=47798 dist=28823 prop=1 stamped=1 dbg=2 last=624 epoch2=47798 sched_n=0
   way4 valid=1 rrpv=0 epoch=47732 dist=28757 prop=1 stamped=1 dbg=2 last=650 epoch2=47732 sched_n=0
   way5 valid=1 rrpv=7 epoch=48254 dist=29279 prop=0 stamped=0 dbg=3 last=658 epoch2=48254 sched_n=0   <== VICTIM
   way6 valid=1 rrpv=3 epoch=39516 dist=20541 prop=1 stamped=1 dbg=3 last=423 epoch2=39516 sched_n=0
   way7 valid=1 rrpv=0 epoch=48319 dist=29344 prop=1 stamped=1 dbg=3 last=491 epoch2=48319 sched_n=0
   -> victim=way5 reason=max-rrpv record by recency
[EVICT L3 pol=ECG:rrip_first curEpoch=19171 set_ways=8]
   way0 valid=1 rrpv=0 epoch=39581 dist=20410 prop=1 stamped=1 dbg=1 last=542 epoch2=39581 sched_n=0
   way1 valid=1 rrpv=0 epoch=39451 dist=20280 prop=1 stamped=1 dbg=1 last=579 epoch2=39451 sched_n=0
   way2 valid=1 rrpv=2 epoch=39581 dist=20410 prop=1 stamped=1 dbg=2 last=606 epoch2=39581 sched_n=0
   way3 valid=1 rrpv=0 epoch=47798 dist=28627 prop=1 stamped=1 dbg=2 last=636 epoch2=47798 sched_n=0
   way4 valid=1 rrpv=1 epoch=39451 dist=20280 prop=1 stamped=1 dbg=3 last=463 epoch2=39451 sched_n=0
   way5 valid=1 rrpv=1 epoch=47863 dist=28692 prop=1 stamped=1 dbg=3 last=487 epoch2=47863 sched_n=0
   way6 valid=1 rrpv=0 epoch=47732 dist=28561 prop=1 stamped=1 dbg=3 last=490 epoch2=47732 sched_n=0
   way7 valid=1 rrpv=7 epoch=47928 dist=28757 prop=0 stamped=0 dbg=3 last=656 epoch2=47928 sched_n=0   <== VICTIM
   -> victim=way7 reason=max-rrpv record by recency
[EVICT L3 pol=ECG:rrip_first curEpoch=19301 set_ways=8]
   way0 valid=1 rrpv=0 epoch=39386 dist=20085 prop=1 stamped=1 dbg=1 last=514 epoch2=39386 sched_n=0
   way1 valid=1 rrpv=0 epoch=47928 dist=28627 prop=1 stamped=1 dbg=1 last=553 epoch2=47928 sched_n=0
   way2 valid=1 rrpv=0 epoch=48254 dist=28953 prop=1 stamped=1 dbg=1 last=587 epoch2=48254 sched_n=0
   way3 valid=1 rrpv=0 epoch=47798 dist=28497 prop=1 stamped=1 dbg=2 last=616 epoch2=47798 sched_n=0
   way4 valid=1 rrpv=0 epoch=47798 dist=28497 prop=1 stamped=1 dbg=2 last=644 epoch2=47798 sched_n=0
   way5 valid=1 rrpv=7 epoch=48189 dist=28888 prop=0 stamped=0 dbg=3 last=654 epoch2=48189 sched_n=0   <== VICTIM
   way6 valid=1 rrpv=1 epoch=48450 dist=29149 prop=1 stamped=1 dbg=3 last=489 epoch2=48450 sched_n=0
   way7 valid=1 rrpv=2 epoch=39451 dist=20150 prop=1 stamped=1 dbg=3 last=426 epoch2=39451 sched_n=0
   -> victim=way5 reason=max-rrpv record by recency
[EVICT L3 pol=ECG:rrip_first curEpoch=19432 set_ways=8]
   way0 valid=1 rrpv=0 epoch=48124 dist=28692 prop=1 stamped=1 dbg=1 last=536 epoch2=48124 sched_n=0
   way1 valid=1 rrpv=0 epoch=47732 dist=28300 prop=1 stamped=1 dbg=1 last=572 epoch2=47732 sched_n=0
   way2 valid=1 rrpv=0 epoch=47863 dist=28431 prop=1 stamped=1 dbg=2 last=601 epoch2=47863 sched_n=0
   way3 valid=1 rrpv=0 epoch=48319 dist=28887 prop=1 stamped=1 dbg=2 last=629 epoch2=48319 sched_n=0
   way4 valid=1 rrpv=0 epoch=39516 dist=20084 prop=1 stamped=1 dbg=2 last=657 epoch2=39516 sched_n=0
   way5 valid=1 rrpv=7 epoch=48580 dist=29148 prop=0 stamped=0 dbg=3 last=659 epoch2=48580 sched_n=0   <== VICTIM
   way6 valid=1 rrpv=2 epoch=39451 dist=20019 prop=1 stamped=1 dbg=3 last=424 epoch2=39451 sched_n=0
   way7 valid=1 rrpv=0 epoch=48124 dist=28692 prop=1 stamped=1 dbg=3 last=492 epoch2=48124 sched_n=0
   -> victim=way5 reason=max-rrpv record by recency
[EVICT L3 pol=ECG:rrip_first curEpoch=19758 set_ways=8]
   way0 valid=1 rrpv=0 epoch=47732 dist=27974 prop=1 stamped=1 dbg=1 last=527 epoch2=47732 sched_n=0
   way1 valid=1 rrpv=0 epoch=48515 dist=28757 prop=1 stamped=1 dbg=1 last=562 epoch2=48515 sched_n=0
   way2 valid=1 rrpv=0 epoch=39581 dist=19823 prop=1 stamped=1 dbg=1 last=592 epoch2=39581 sched_n=0
   way3 valid=1 rrpv=0 epoch=47798 dist=28040 prop=1 stamped=1 dbg=2 last=624 epoch2=47798 sched_n=0
   way4 valid=1 rrpv=0 epoch=47732 dist=27974 prop=1 stamped=1 dbg=2 last=650 epoch2=47732 sched_n=0
   way5 valid=1 rrpv=7 epoch=48254 dist=28496 prop=0 stamped=0 dbg=3 last=660 epoch2=48254 sched_n=0   <== VICTIM
   way6 valid=1 rrpv=3 epoch=39516 dist=19758 prop=1 stamped=1 dbg=3 last=423 epoch2=39516 sched_n=0
   way7 valid=1 rrpv=0 epoch=48319 dist=28561 prop=1 stamped=1 dbg=3 last=491 epoch2=48319 sched_n=0
   -> victim=way5 reason=max-rrpv record by recency
[EVICT L3 pol=ECG:rrip_first curEpoch=19823 set_ways=8]
   way0 valid=1 rrpv=0 epoch=39581 dist=19758 prop=1 stamped=1 dbg=1 last=542 epoch2=39581 sched_n=0
   way1 valid=1 rrpv=0 epoch=39451 dist=19628 prop=1 stamped=1 dbg=1 last=579 epoch2=39451 sched_n=0
   way2 valid=1 rrpv=2 epoch=39581 dist=19758 prop=1 stamped=1 dbg=2 last=606 epoch2=39581 sched_n=0
   way3 valid=1 rrpv=0 epoch=47798 dist=27975 prop=1 stamped=1 dbg=2 last=636 epoch2=47798 sched_n=0
   way4 valid=1 rrpv=1 epoch=39451 dist=19628 prop=1 stamped=1 dbg=3 last=463 epoch2=39451 sched_n=0
   way5 valid=1 rrpv=1 epoch=47863 dist=28040 prop=1 stamped=1 dbg=3 last=487 epoch2=47863 sched_n=0
   way6 valid=1 rrpv=0 epoch=47732 dist=27909 prop=1 stamped=1 dbg=3 last=490 epoch2=47732 sched_n=0
   way7 valid=1 rrpv=7 epoch=47928 dist=28105 prop=0 stamped=0 dbg=3 last=661 epoch2=47928 sched_n=0   <== VICTIM
   -> victim=way7 reason=max-rrpv record by recency
[EVICT L3 pol=ECG:rrip_first curEpoch=19823 set_ways=8]
   way0 valid=1 rrpv=0 epoch=48124 dist=28301 prop=1 stamped=1 dbg=1 last=536 epoch2=48124 sched_n=0
   way1 valid=1 rrpv=0 epoch=47732 dist=27909 prop=1 stamped=1 dbg=1 last=572 epoch2=47732 sched_n=0
   way2 valid=1 rrpv=0 epoch=47863 dist=28040 prop=1 stamped=1 dbg=2 last=601 epoch2=47863 sched_n=0
   way3 valid=1 rrpv=0 epoch=48319 dist=28496 prop=1 stamped=1 dbg=2 last=629 epoch2=48319 sched_n=0
   way4 valid=1 rrpv=0 epoch=39516 dist=19693 prop=1 stamped=1 dbg=2 last=657 epoch2=39516 sched_n=0
   way5 valid=1 rrpv=7 epoch=48580 dist=28757 prop=0 stamped=0 dbg=3 last=663 epoch2=48580 sched_n=0   <== VICTIM
   way6 valid=1 rrpv=2 epoch=39451 dist=19628 prop=1 stamped=1 dbg=3 last=424 epoch2=39451 sched_n=0
   way7 valid=1 rrpv=0 epoch=48124 dist=28301 prop=1 stamped=1 dbg=3 last=492 epoch2=48124 sched_n=0
   -> victim=way5 reason=max-rrpv record by recency
[EVICT L3 pol=ECG:rrip_first curEpoch=19953 set_ways=8]
   way0 valid=1 rrpv=0 epoch=39581 dist=19628 prop=1 stamped=1 dbg=1 last=542 epoch2=39581 sched_n=0
   way1 valid=1 rrpv=0 epoch=39451 dist=19498 prop=1 stamped=1 dbg=1 last=579 epoch2=39451 sched_n=0
   way2 valid=1 rrpv=2 epoch=39581 dist=19628 prop=1 stamped=1 dbg=2 last=606 epoch2=39581 sched_n=0
   way3 valid=1 rrpv=0 epoch=47798 dist=27845 prop=1 stamped=1 dbg=2 last=636 epoch2=47798 sched_n=0
   way4 valid=1 rrpv=1 epoch=39451 dist=19498 prop=1 stamped=1 dbg=3 last=463 epoch2=39451 sched_n=0
   way5 valid=1 rrpv=1 epoch=47863 dist=27910 prop=1 stamped=1 dbg=3 last=487 epoch2=47863 sched_n=0
   way6 valid=1 rrpv=0 epoch=47732 dist=27779 prop=1 stamped=1 dbg=3 last=490 epoch2=47732 sched_n=0
   way7 valid=1 rrpv=7 epoch=0 dist=45582 prop=1 stamped=0 dbg=3 last=665 epoch2=0 sched_n=0   <== VICTIM
   -> victim=way7 reason=max-rrpv farthest-epoch property
[EVICT L3 pol=ECG:rrip_first curEpoch=20019 set_ways=8]
   way0 valid=1 rrpv=0 epoch=39386 dist=19367 prop=1 stamped=1 dbg=1 last=514 epoch2=39386 sched_n=0
   way1 valid=1 rrpv=0 epoch=47928 dist=27909 prop=1 stamped=1 dbg=1 last=553 epoch2=47928 sched_n=0
   way2 valid=1 rrpv=0 epoch=48254 dist=28235 prop=1 stamped=1 dbg=1 last=587 epoch2=48254 sched_n=0
   way3 valid=1 rrpv=0 epoch=47798 dist=27779 prop=1 stamped=1 dbg=2 last=616 epoch2=47798 sched_n=0
   way4 valid=1 rrpv=0 epoch=47798 dist=27779 prop=1 stamped=1 dbg=2 last=644 epoch2=47798 sched_n=0
   way5 valid=1 rrpv=7 epoch=48189 dist=28170 prop=0 stamped=0 dbg=3 last=662 epoch2=48189 sched_n=0   <== VICTIM
   way6 valid=1 rrpv=1 epoch=48450 dist=28431 prop=1 stamped=1 dbg=3 last=489 epoch2=48450 sched_n=0
   way7 valid=1 rrpv=2 epoch=39451 dist=19432 prop=1 stamped=1 dbg=3 last=426 epoch2=39451 sched_n=0
   -> victim=way5 reason=max-rrpv record by recency
[EVICT L3 pol=ECG:rrip_first curEpoch=20149 set_ways=8]
   way0 valid=1 rrpv=0 epoch=39386 dist=19237 prop=1 stamped=1 dbg=1 last=514 epoch2=39386 sched_n=0
   way1 valid=1 rrpv=0 epoch=47928 dist=27779 prop=1 stamped=1 dbg=1 last=553 epoch2=47928 sched_n=0
   way2 valid=1 rrpv=0 epoch=48254 dist=28105 prop=1 stamped=1 dbg=1 last=587 epoch2=48254 sched_n=0
   way3 valid=1 rrpv=0 epoch=47798 dist=27649 prop=1 stamped=1 dbg=2 last=616 epoch2=47798 sched_n=0
   way4 valid=1 rrpv=0 epoch=47798 dist=27649 prop=1 stamped=1 dbg=2 last=644 epoch2=47798 sched_n=0
   way5 valid=1 rrpv=7 epoch=48189 dist=28040 prop=0 stamped=0 dbg=3 last=668 epoch2=48189 sched_n=0   <== VICTIM
   way6 valid=1 rrpv=1 epoch=48450 dist=28301 prop=1 stamped=1 dbg=3 last=489 epoch2=48450 sched_n=0
   way7 valid=1 rrpv=2 epoch=39451 dist=19302 prop=1 stamped=1 dbg=3 last=426 epoch2=39451 sched_n=0
   -> victim=way5 reason=max-rrpv record by recency
[EVICT L3 pol=ECG:rrip_first curEpoch=20214 set_ways=8]
   way0 valid=1 rrpv=0 epoch=47732 dist=27518 prop=1 stamped=1 dbg=1 last=527 epoch2=47732 sched_n=0
   way1 valid=1 rrpv=0 epoch=48515 dist=28301 prop=1 stamped=1 dbg=1 last=562 epoch2=48515 sched_n=0
   way2 valid=1 rrpv=0 epoch=39581 dist=19367 prop=1 stamped=1 dbg=1 last=592 epoch2=39581 sched_n=0
   way3 valid=1 rrpv=0 epoch=47798 dist=27584 prop=1 stamped=1 dbg=2 last=624 epoch2=47798 sched_n=0
   way4 valid=1 rrpv=0 epoch=47732 dist=27518 prop=1 stamped=1 dbg=2 last=650 epoch2=47732 sched_n=0
   way5 valid=1 rrpv=7 epoch=48254 dist=28040 prop=0 stamped=0 dbg=3 last=664 epoch2=48254 sched_n=0   <== VICTIM
   way6 valid=1 rrpv=3 epoch=39516 dist=19302 prop=1 stamped=1 dbg=3 last=423 epoch2=39516 sched_n=0
   way7 valid=1 rrpv=0 epoch=48319 dist=28105 prop=1 stamped=1 dbg=3 last=491 epoch2=48319 sched_n=0
   -> victim=way5 reason=max-rrpv record by recency
[EVICT L3 pol=ECG:rrip_first curEpoch=20279 set_ways=8]
   way0 valid=1 rrpv=0 epoch=48124 dist=27845 prop=1 stamped=1 dbg=1 last=536 epoch2=48124 sched_n=0
   way1 valid=1 rrpv=0 epoch=47732 dist=27453 prop=1 stamped=1 dbg=1 last=572 epoch2=47732 sched_n=0
   way2 valid=1 rrpv=0 epoch=47863 dist=27584 prop=1 stamped=1 dbg=2 last=601 epoch2=47863 sched_n=0
   way3 valid=1 rrpv=0 epoch=48319 dist=28040 prop=1 stamped=1 dbg=2 last=629 epoch2=48319 sched_n=0
   way4 valid=1 rrpv=0 epoch=39516 dist=19237 prop=1 stamped=1 dbg=2 last=657 epoch2=39516 sched_n=0
   way5 valid=1 rrpv=7 epoch=48580 dist=28301 prop=0 stamped=0 dbg=3 last=666 epoch2=48580 sched_n=0   <== VICTIM
   way6 valid=1 rrpv=2 epoch=39451 dist=19172 prop=1 stamped=1 dbg=3 last=424 epoch2=39451 sched_n=0
   way7 valid=1 rrpv=0 epoch=48124 dist=27845 prop=1 stamped=1 dbg=3 last=492 epoch2=48124 sched_n=0
   -> victim=way5 reason=max-rrpv record by recency
[EVICT L3 pol=ECG:rrip_first curEpoch=20345 set_ways=8]
   way0 valid=1 rrpv=0 epoch=39386 dist=19041 prop=1 stamped=1 dbg=1 last=514 epoch2=39386 sched_n=0
   way1 valid=1 rrpv=0 epoch=47928 dist=27583 prop=1 stamped=1 dbg=1 last=553 epoch2=47928 sched_n=0
   way2 valid=1 rrpv=0 epoch=48254 dist=27909 prop=1 stamped=1 dbg=1 last=587 epoch2=48254 sched_n=0
   way3 valid=1 rrpv=0 epoch=47798 dist=27453 prop=1 stamped=1 dbg=2 last=616 epoch2=47798 sched_n=0
   way4 valid=1 rrpv=0 epoch=47798 dist=27453 prop=1 stamped=1 dbg=2 last=644 epoch2=47798 sched_n=0
   way5 valid=1 rrpv=7 epoch=48189 dist=27844 prop=0 stamped=0 dbg=3 last=669 epoch2=48189 sched_n=0   <== VICTIM
   way6 valid=1 rrpv=1 epoch=48450 dist=28105 prop=1 stamped=1 dbg=3 last=489 epoch2=48450 sched_n=0
   way7 valid=1 rrpv=2 epoch=39451 dist=19106 prop=1 stamped=1 dbg=3 last=426 epoch2=39451 sched_n=0
   -> victim=way5 reason=max-rrpv record by recency
[EVICT L3 pol=ECG:rrip_first curEpoch=20671 set_ways=8]
   way0 valid=1 rrpv=0 epoch=47732 dist=27061 prop=1 stamped=1 dbg=1 last=527 epoch2=47732 sched_n=0
   way1 valid=1 rrpv=0 epoch=48515 dist=27844 prop=1 stamped=1 dbg=1 last=562 epoch2=48515 sched_n=0
   way2 valid=1 rrpv=0 epoch=39581 dist=18910 prop=1 stamped=1 dbg=1 last=592 epoch2=39581 sched_n=0
   way3 valid=1 rrpv=0 epoch=47798 dist=27127 prop=1 stamped=1 dbg=2 last=624 epoch2=47798 sched_n=0
   way4 valid=1 rrpv=0 epoch=47732 dist=27061 prop=1 stamped=1 dbg=2 last=650 epoch2=47732 sched_n=0
   way5 valid=1 rrpv=7 epoch=48254 dist=27583 prop=0 stamped=0 dbg=3 last=670 epoch2=48254 sched_n=0   <== VICTIM
   way6 valid=1 rrpv=3 epoch=39516 dist=18845 prop=1 stamped=1 dbg=3 last=423 epoch2=39516 sched_n=0
   way7 valid=1 rrpv=0 epoch=48319 dist=27648 prop=1 stamped=1 dbg=3 last=491 epoch2=48319 sched_n=0
   -> victim=way5 reason=max-rrpv record by recency
[EVICT L3 pol=ECG:rrip_first curEpoch=20736 set_ways=8]
   way0 valid=1 rrpv=0 epoch=39581 dist=18845 prop=1 stamped=1 dbg=1 last=542 epoch2=39581 sched_n=0
   way1 valid=1 rrpv=0 epoch=39451 dist=18715 prop=1 stamped=1 dbg=1 last=579 epoch2=39451 sched_n=0
   way2 valid=1 rrpv=2 epoch=39581 dist=18845 prop=1 stamped=1 dbg=2 last=606 epoch2=39581 sched_n=0
   way3 valid=1 rrpv=0 epoch=47798 dist=27062 prop=1 stamped=1 dbg=2 last=636 epoch2=47798 sched_n=0
   way4 valid=1 rrpv=1 epoch=39451 dist=18715 prop=1 stamped=1 dbg=3 last=463 epoch2=39451 sched_n=0
   way5 valid=1 rrpv=1 epoch=47863 dist=27127 prop=1 stamped=1 dbg=3 last=487 epoch2=47863 sched_n=0
   way6 valid=1 rrpv=0 epoch=47732 dist=26996 prop=1 stamped=1 dbg=3 last=490 epoch2=47732 sched_n=0
   way7 valid=1 rrpv=7 epoch=0 dist=44799 prop=0 stamped=0 dbg=3 last=667 epoch2=0 sched_n=0   <== VICTIM
   -> victim=way7 reason=max-rrpv record by recency
[EVICT L3 pol=ECG:rrip_first curEpoch=20866 set_ways=8]
   way0 valid=1 rrpv=0 epoch=39386 dist=18520 prop=1 stamped=1 dbg=1 last=514 epoch2=39386 sched_n=0
   way1 valid=1 rrpv=0 epoch=47928 dist=27062 prop=1 stamped=1 dbg=1 last=553 epoch2=47928 sched_n=0
   way2 valid=1 rrpv=0 epoch=48254 dist=27388 prop=1 stamped=1 dbg=1 last=587 epoch2=48254 sched_n=0
   way3 valid=1 rrpv=0 epoch=47798 dist=26932 prop=1 stamped=1 dbg=2 last=616 epoch2=47798 sched_n=0
   way4 valid=1 rrpv=0 epoch=47798 dist=26932 prop=1 stamped=1 dbg=2 last=644 epoch2=47798 sched_n=0
   way5 valid=1 rrpv=7 epoch=48189 dist=27323 prop=0 stamped=0 dbg=3 last=672 epoch2=48189 sched_n=0   <== VICTIM
   way6 valid=1 rrpv=1 epoch=48450 dist=27584 prop=1 stamped=1 dbg=3 last=489 epoch2=48450 sched_n=0
   way7 valid=1 rrpv=2 epoch=39451 dist=18585 prop=1 stamped=1 dbg=3 last=426 epoch2=39451 sched_n=0
   -> victim=way5 reason=max-rrpv record by recency
[EVICT L3 pol=ECG:rrip_first curEpoch=21127 set_ways=8]
   way0 valid=1 rrpv=0 epoch=39581 dist=18454 prop=1 stamped=1 dbg=1 last=542 epoch2=39581 sched_n=0
   way1 valid=1 rrpv=0 epoch=39451 dist=18324 prop=1 stamped=1 dbg=1 last=579 epoch2=39451 sched_n=0
   way2 valid=1 rrpv=2 epoch=39581 dist=18454 prop=1 stamped=1 dbg=2 last=606 epoch2=39581 sched_n=0
   way3 valid=1 rrpv=0 epoch=47798 dist=26671 prop=1 stamped=1 dbg=2 last=636 epoch2=47798 sched_n=0
   way4 valid=1 rrpv=1 epoch=39451 dist=18324 prop=1 stamped=1 dbg=3 last=463 epoch2=39451 sched_n=0
   way5 valid=1 rrpv=1 epoch=47863 dist=26736 prop=1 stamped=1 dbg=3 last=487 epoch2=47863 sched_n=0
   way6 valid=1 rrpv=0 epoch=47732 dist=26605 prop=1 stamped=1 dbg=3 last=490 epoch2=47732 sched_n=0
   way7 valid=1 rrpv=7 epoch=0 dist=44408 prop=0 stamped=0 dbg=3 last=674 epoch2=0 sched_n=0   <== VICTIM
   -> victim=way7 reason=max-rrpv record by recency
[EVICT L3 pol=ECG:rrip_first curEpoch=21453 set_ways=8]
   way0 valid=1 rrpv=0 epoch=39386 dist=17933 prop=1 stamped=1 dbg=1 last=514 epoch2=39386 sched_n=0
   way1 valid=1 rrpv=0 epoch=47928 dist=26475 prop=1 stamped=1 dbg=1 last=553 epoch2=47928 sched_n=0
   way2 valid=1 rrpv=0 epoch=48254 dist=26801 prop=1 stamped=1 dbg=1 last=587 epoch2=48254 sched_n=0
   way3 valid=1 rrpv=0 epoch=47798 dist=26345 prop=1 stamped=1 dbg=2 last=616 epoch2=47798 sched_n=0
   way4 valid=1 rrpv=0 epoch=47798 dist=26345 prop=1 stamped=1 dbg=2 last=644 epoch2=47798 sched_n=0
   way5 valid=1 rrpv=7 epoch=0 dist=44082 prop=1 stamped=0 dbg=3 last=675 epoch2=0 sched_n=0   <== VICTIM
   way6 valid=1 rrpv=1 epoch=48450 dist=26997 prop=1 stamped=1 dbg=3 last=489 epoch2=48450 sched_n=0
   way7 valid=1 rrpv=2 epoch=39451 dist=17998 prop=1 stamped=1 dbg=3 last=426 epoch2=39451 sched_n=0
   -> victim=way5 reason=max-rrpv farthest-epoch property
[EVICT L3 pol=ECG:rrip_first curEpoch=21453 set_ways=8]
   way0 valid=1 rrpv=0 epoch=47732 dist=26279 prop=1 stamped=1 dbg=1 last=527 epoch2=47732 sched_n=0
   way1 valid=1 rrpv=0 epoch=48515 dist=27062 prop=1 stamped=1 dbg=1 last=562 epoch2=48515 sched_n=0
   way2 valid=1 rrpv=0 epoch=39581 dist=18128 prop=1 stamped=1 dbg=1 last=592 epoch2=39581 sched_n=0
   way3 valid=1 rrpv=0 epoch=47798 dist=26345 prop=1 stamped=1 dbg=2 last=624 epoch2=47798 sched_n=0
   way4 valid=1 rrpv=0 epoch=47732 dist=26279 prop=1 stamped=1 dbg=2 last=650 epoch2=47732 sched_n=0
   way5 valid=1 rrpv=7 epoch=48254 dist=26801 prop=0 stamped=0 dbg=3 last=673 epoch2=48254 sched_n=0   <== VICTIM
   way6 valid=1 rrpv=3 epoch=39516 dist=18063 prop=1 stamped=1 dbg=3 last=423 epoch2=39516 sched_n=0
   way7 valid=1 rrpv=0 epoch=48319 dist=26866 prop=1 stamped=1 dbg=3 last=491 epoch2=48319 sched_n=0
   -> victim=way5 reason=max-rrpv record by recency
[EVICT L3 pol=ECG:rrip_first curEpoch=21518 set_ways=8]
   way0 valid=1 rrpv=0 epoch=48124 dist=26606 prop=1 stamped=1 dbg=1 last=536 epoch2=48124 sched_n=0
   way1 valid=1 rrpv=0 epoch=47732 dist=26214 prop=1 stamped=1 dbg=1 last=572 epoch2=47732 sched_n=0
   way2 valid=1 rrpv=0 epoch=47863 dist=26345 prop=1 stamped=1 dbg=2 last=601 epoch2=47863 sched_n=0
   way3 valid=1 rrpv=0 epoch=48319 dist=26801 prop=1 stamped=1 dbg=2 last=629 epoch2=48319 sched_n=0
   way4 valid=1 rrpv=0 epoch=39516 dist=17998 prop=1 stamped=1 dbg=2 last=657 epoch2=39516 sched_n=0
   way5 valid=1 rrpv=7 epoch=48580 dist=27062 prop=0 stamped=0 dbg=3 last=671 epoch2=48580 sched_n=0   <== VICTIM
   way6 valid=1 rrpv=2 epoch=39451 dist=17933 prop=1 stamped=1 dbg=3 last=424 epoch2=39451 sched_n=0
   way7 valid=1 rrpv=0 epoch=48124 dist=26606 prop=1 stamped=1 dbg=3 last=492 epoch2=48124 sched_n=0
   -> victim=way5 reason=max-rrpv record by recency
[EVICT L3 pol=ECG:rrip_first curEpoch=21584 set_ways=8]
   way0 valid=1 rrpv=0 epoch=39581 dist=17997 prop=1 stamped=1 dbg=1 last=542 epoch2=39581 sched_n=0
   way1 valid=1 rrpv=0 epoch=39451 dist=17867 prop=1 stamped=1 dbg=1 last=579 epoch2=39451 sched_n=0
   way2 valid=1 rrpv=2 epoch=39581 dist=17997 prop=1 stamped=1 dbg=2 last=606 epoch2=39581 sched_n=0
   way3 valid=1 rrpv=0 epoch=47798 dist=26214 prop=1 stamped=1 dbg=2 last=636 epoch2=47798 sched_n=0
   way4 valid=1 rrpv=1 epoch=39451 dist=17867 prop=1 stamped=1 dbg=3 last=463 epoch2=39451 sched_n=0
   way5 valid=1 rrpv=1 epoch=47863 dist=26279 prop=1 stamped=1 dbg=3 last=487 epoch2=47863 sched_n=0
   way6 valid=1 rrpv=0 epoch=47732 dist=26148 prop=1 stamped=1 dbg=3 last=490 epoch2=47732 sched_n=0
   way7 valid=1 rrpv=7 epoch=0 dist=43951 prop=0 stamped=0 dbg=3 last=676 epoch2=0 sched_n=0   <== VICTIM
   -> victim=way7 reason=max-rrpv record by recency
[EVICT L3 pol=ECG:rrip_first curEpoch=21649 set_ways=8]
   way0 valid=1 rrpv=0 epoch=39386 dist=17737 prop=1 stamped=1 dbg=1 last=514 epoch2=39386 sched_n=0
   way1 valid=1 rrpv=0 epoch=47928 dist=26279 prop=1 stamped=1 dbg=1 last=553 epoch2=47928 sched_n=0
   way2 valid=1 rrpv=0 epoch=48254 dist=26605 prop=1 stamped=1 dbg=1 last=587 epoch2=48254 sched_n=0
   way3 valid=1 rrpv=0 epoch=47798 dist=26149 prop=1 stamped=1 dbg=2 last=616 epoch2=47798 sched_n=0
   way4 valid=1 rrpv=0 epoch=47798 dist=26149 prop=1 stamped=1 dbg=2 last=644 epoch2=47798 sched_n=0
   way5 valid=1 rrpv=7 epoch=0 dist=43886 prop=0 stamped=0 dbg=3 last=677 epoch2=0 sched_n=0   <== VICTIM
   way6 valid=1 rrpv=1 epoch=48450 dist=26801 prop=1 stamped=1 dbg=3 last=489 epoch2=48450 sched_n=0
   way7 valid=1 rrpv=2 epoch=39451 dist=17802 prop=1 stamped=1 dbg=3 last=426 epoch2=39451 sched_n=0
   -> victim=way5 reason=max-rrpv record by recency
[EVICT L3 pol=ECG:rrip_first curEpoch=21910 set_ways=8]
   way0 valid=1 rrpv=0 epoch=47732 dist=25822 prop=1 stamped=1 dbg=1 last=527 epoch2=47732 sched_n=0
   way1 valid=1 rrpv=0 epoch=48515 dist=26605 prop=1 stamped=1 dbg=1 last=562 epoch2=48515 sched_n=0
   way2 valid=1 rrpv=0 epoch=39581 dist=17671 prop=1 stamped=1 dbg=1 last=592 epoch2=39581 sched_n=0
   way3 valid=1 rrpv=0 epoch=47798 dist=25888 prop=1 stamped=1 dbg=2 last=624 epoch2=47798 sched_n=0
   way4 valid=1 rrpv=0 epoch=47732 dist=25822 prop=1 stamped=1 dbg=2 last=650 epoch2=47732 sched_n=0
   way5 valid=1 rrpv=7 epoch=48254 dist=26344 prop=0 stamped=0 dbg=3 last=678 epoch2=48254 sched_n=0   <== VICTIM
   way6 valid=1 rrpv=3 epoch=39516 dist=17606 prop=1 stamped=1 dbg=3 last=423 epoch2=39516 sched_n=0
   way7 valid=1 rrpv=0 epoch=48319 dist=26409 prop=1 stamped=1 dbg=3 last=491 epoch2=48319 sched_n=0
   -> victim=way5 reason=max-rrpv record by recency
[EVICT L3 pol=ECG:rrip_first curEpoch=21910 set_ways=8]
   way0 valid=1 rrpv=0 epoch=47732 dist=25822 prop=1 stamped=1 dbg=1 last=527 epoch2=47732 sched_n=0
   way1 valid=1 rrpv=0 epoch=48515 dist=26605 prop=1 stamped=1 dbg=1 last=562 epoch2=48515 sched_n=0
   way2 valid=1 rrpv=0 epoch=39581 dist=17671 prop=1 stamped=1 dbg=1 last=592 epoch2=39581 sched_n=0
   way3 valid=1 rrpv=0 epoch=47798 dist=25888 prop=1 stamped=1 dbg=2 last=624 epoch2=47798 sched_n=0
   way4 valid=1 rrpv=0 epoch=47732 dist=25822 prop=1 stamped=1 dbg=2 last=650 epoch2=47732 sched_n=0
   way5 valid=1 rrpv=7 epoch=0 dist=43625 prop=1 stamped=0 dbg=3 last=682 epoch2=0 sched_n=0   <== VICTIM
   way6 valid=1 rrpv=3 epoch=39516 dist=17606 prop=1 stamped=1 dbg=3 last=423 epoch2=39516 sched_n=0
   way7 valid=1 rrpv=0 epoch=48319 dist=26409 prop=1 stamped=1 dbg=3 last=491 epoch2=48319 sched_n=0
   -> victim=way5 reason=max-rrpv farthest-epoch property
[EVICT L3 pol=ECG:rrip_first curEpoch=22171 set_ways=8]
   way0 valid=1 rrpv=0 epoch=39386 dist=17215 prop=1 stamped=1 dbg=1 last=514 epoch2=39386 sched_n=0
   way1 valid=1 rrpv=0 epoch=47928 dist=25757 prop=1 stamped=1 dbg=1 last=553 epoch2=47928 sched_n=0
   way2 valid=1 rrpv=0 epoch=48254 dist=26083 prop=1 stamped=1 dbg=1 last=587 epoch2=48254 sched_n=0
   way3 valid=1 rrpv=0 epoch=47798 dist=25627 prop=1 stamped=1 dbg=2 last=616 epoch2=47798 sched_n=0
   way4 valid=1 rrpv=0 epoch=47798 dist=25627 prop=1 stamped=1 dbg=2 last=644 epoch2=47798 sched_n=0
   way5 valid=1 rrpv=7 epoch=0 dist=43364 prop=0 stamped=0 dbg=3 last=681 epoch2=0 sched_n=0   <== VICTIM
   way6 valid=1 rrpv=1 epoch=48450 dist=26279 prop=1 stamped=1 dbg=3 last=489 epoch2=48450 sched_n=0
   way7 valid=1 rrpv=2 epoch=39451 dist=17280 prop=1 stamped=1 dbg=3 last=426 epoch2=39451 sched_n=0
   -> victim=way5 reason=max-rrpv record by recency
[EVICT L3 pol=ECG:rrip_first curEpoch=22431 set_ways=8]
   way0 valid=1 rrpv=0 epoch=47732 dist=25301 prop=1 stamped=1 dbg=1 last=527 epoch2=47732 sched_n=0
   way1 valid=1 rrpv=0 epoch=48515 dist=26084 prop=1 stamped=1 dbg=1 last=562 epoch2=48515 sched_n=0
   way2 valid=1 rrpv=0 epoch=39581 dist=17150 prop=1 stamped=1 dbg=1 last=592 epoch2=39581 sched_n=0
   way3 valid=1 rrpv=0 epoch=47798 dist=25367 prop=1 stamped=1 dbg=2 last=624 epoch2=47798 sched_n=0
   way4 valid=1 rrpv=0 epoch=47732 dist=25301 prop=1 stamped=1 dbg=2 last=650 epoch2=47732 sched_n=0
   way5 valid=1 rrpv=7 epoch=0 dist=43104 prop=0 stamped=0 dbg=3 last=683 epoch2=0 sched_n=0   <== VICTIM
   way6 valid=1 rrpv=3 epoch=39516 dist=17085 prop=1 stamped=1 dbg=3 last=423 epoch2=39516 sched_n=0
   way7 valid=1 rrpv=0 epoch=48319 dist=25888 prop=1 stamped=1 dbg=3 last=491 epoch2=48319 sched_n=0
   -> victim=way5 reason=max-rrpv record by recency
[EVICT L3 pol=ECG:rrip_first curEpoch=22692 set_ways=8]
   way0 valid=1 rrpv=0 epoch=39386 dist=16694 prop=1 stamped=1 dbg=1 last=514 epoch2=39386 sched_n=0
   way1 valid=1 rrpv=0 epoch=47928 dist=25236 prop=1 stamped=1 dbg=1 last=553 epoch2=47928 sched_n=0
   way2 valid=1 rrpv=0 epoch=48254 dist=25562 prop=1 stamped=1 dbg=1 last=587 epoch2=48254 sched_n=0
   way3 valid=1 rrpv=0 epoch=47798 dist=25106 prop=1 stamped=1 dbg=2 last=616 epoch2=47798 sched_n=0
   way4 valid=1 rrpv=0 epoch=47798 dist=25106 prop=1 stamped=1 dbg=2 last=644 epoch2=47798 sched_n=0
   way5 valid=1 rrpv=7 epoch=0 dist=42843 prop=0 stamped=0 dbg=3 last=684 epoch2=0 sched_n=0   <== VICTIM
   way6 valid=1 rrpv=1 epoch=48450 dist=25758 prop=1 stamped=1 dbg=3 last=489 epoch2=48450 sched_n=0
   way7 valid=1 rrpv=2 epoch=39451 dist=16759 prop=1 stamped=1 dbg=3 last=426 epoch2=39451 sched_n=0
   -> victim=way5 reason=max-rrpv record by recency
[EVICT L3 pol=ECG:rrip_first curEpoch=22823 set_ways=8]
   way0 valid=1 rrpv=0 epoch=48124 dist=25301 prop=1 stamped=1 dbg=1 last=536 epoch2=48124 sched_n=0
   way1 valid=1 rrpv=0 epoch=47732 dist=24909 prop=1 stamped=1 dbg=1 last=572 epoch2=47732 sched_n=0
   way2 valid=1 rrpv=0 epoch=47863 dist=25040 prop=1 stamped=1 dbg=2 last=601 epoch2=47863 sched_n=0
   way3 valid=1 rrpv=0 epoch=48319 dist=25496 prop=1 stamped=1 dbg=2 last=629 epoch2=48319 sched_n=0
   way4 valid=1 rrpv=0 epoch=39516 dist=16693 prop=1 stamped=1 dbg=2 last=657 epoch2=39516 sched_n=0
   way5 valid=1 rrpv=7 epoch=48580 dist=25757 prop=0 stamped=0 dbg=3 last=679 epoch2=48580 sched_n=0   <== VICTIM
   way6 valid=1 rrpv=2 epoch=39451 dist=16628 prop=1 stamped=1 dbg=3 last=424 epoch2=39451 sched_n=0
   way7 valid=1 rrpv=0 epoch=48124 dist=25301 prop=1 stamped=1 dbg=3 last=492 epoch2=48124 sched_n=0
   -> victim=way5 reason=max-rrpv record by recency
[EVICT L3 pol=ECG:rrip_first curEpoch=22953 set_ways=8]
   way0 valid=1 rrpv=0 epoch=48124 dist=25171 prop=1 stamped=1 dbg=1 last=536 epoch2=48124 sched_n=0
   way1 valid=1 rrpv=0 epoch=47732 dist=24779 prop=1 stamped=1 dbg=1 last=572 epoch2=47732 sched_n=0
   way2 valid=1 rrpv=0 epoch=47863 dist=24910 prop=1 stamped=1 dbg=2 last=601 epoch2=47863 sched_n=0
   way3 valid=1 rrpv=0 epoch=48319 dist=25366 prop=1 stamped=1 dbg=2 last=629 epoch2=48319 sched_n=0
   way4 valid=1 rrpv=0 epoch=39516 dist=16563 prop=1 stamped=1 dbg=2 last=657 epoch2=39516 sched_n=0
   way5 valid=1 rrpv=7 epoch=48580 dist=25627 prop=0 stamped=0 dbg=3 last=687 epoch2=48580 sched_n=0   <== VICTIM
   way6 valid=1 rrpv=2 epoch=39451 dist=16498 prop=1 stamped=1 dbg=3 last=424 epoch2=39451 sched_n=0
   way7 valid=1 rrpv=0 epoch=48124 dist=25171 prop=1 stamped=1 dbg=3 last=492 epoch2=48124 sched_n=0
   -> victim=way5 reason=max-rrpv record by recency
[EVICT L3 pol=ECG:rrip_first curEpoch=23279 set_ways=8]
   way0 valid=1 rrpv=0 epoch=48124 dist=24845 prop=1 stamped=1 dbg=1 last=536 epoch2=48124 sched_n=0
   way1 valid=1 rrpv=0 epoch=47732 dist=24453 prop=1 stamped=1 dbg=1 last=572 epoch2=47732 sched_n=0
   way2 valid=1 rrpv=0 epoch=47863 dist=24584 prop=1 stamped=1 dbg=2 last=601 epoch2=47863 sched_n=0
   way3 valid=1 rrpv=0 epoch=48319 dist=25040 prop=1 stamped=1 dbg=2 last=629 epoch2=48319 sched_n=0
   way4 valid=1 rrpv=0 epoch=39516 dist=16237 prop=1 stamped=1 dbg=2 last=657 epoch2=39516 sched_n=0
   way5 valid=1 rrpv=7 epoch=0 dist=42256 prop=1 stamped=0 dbg=3 last=688 epoch2=0 sched_n=0   <== VICTIM
   way6 valid=1 rrpv=2 epoch=39451 dist=16172 prop=1 stamped=1 dbg=3 last=424 epoch2=39451 sched_n=0
   way7 valid=1 rrpv=0 epoch=48124 dist=24845 prop=1 stamped=1 dbg=3 last=492 epoch2=48124 sched_n=0
   -> victim=way5 reason=max-rrpv farthest-epoch property
[EVICT L3 pol=ECG:rrip_first curEpoch=23344 set_ways=8]
   way0 valid=1 rrpv=0 epoch=39386 dist=16042 prop=1 stamped=1 dbg=1 last=514 epoch2=39386 sched_n=0
   way1 valid=1 rrpv=0 epoch=47928 dist=24584 prop=1 stamped=1 dbg=1 last=553 epoch2=47928 sched_n=0
   way2 valid=1 rrpv=0 epoch=48254 dist=24910 prop=1 stamped=1 dbg=1 last=587 epoch2=48254 sched_n=0
   way3 valid=1 rrpv=0 epoch=47798 dist=24454 prop=1 stamped=1 dbg=2 last=616 epoch2=47798 sched_n=0
   way4 valid=1 rrpv=0 epoch=47798 dist=24454 prop=1 stamped=1 dbg=2 last=644 epoch2=47798 sched_n=0
   way5 valid=1 rrpv=7 epoch=0 dist=42191 prop=0 stamped=0 dbg=3 last=686 epoch2=0 sched_n=0   <== VICTIM
   way6 valid=1 rrpv=1 epoch=48450 dist=25106 prop=1 stamped=1 dbg=3 last=489 epoch2=48450 sched_n=0
   way7 valid=1 rrpv=2 epoch=39451 dist=16107 prop=1 stamped=1 dbg=3 last=426 epoch2=39451 sched_n=0
   -> victim=way5 reason=max-rrpv record by recency
[EVICT L3 pol=ECG:rrip_first curEpoch=23344 set_ways=8]
   way0 valid=1 rrpv=0 epoch=47732 dist=24388 prop=1 stamped=1 dbg=1 last=527 epoch2=47732 sched_n=0
   way1 valid=1 rrpv=0 epoch=48515 dist=25171 prop=1 stamped=1 dbg=1 last=562 epoch2=48515 sched_n=0
   way2 valid=1 rrpv=0 epoch=39581 dist=16237 prop=1 stamped=1 dbg=1 last=592 epoch2=39581 sched_n=0
   way3 valid=1 rrpv=0 epoch=47798 dist=24454 prop=1 stamped=1 dbg=2 last=624 epoch2=47798 sched_n=0
   way4 valid=1 rrpv=0 epoch=47732 dist=24388 prop=1 stamped=1 dbg=2 last=650 epoch2=47732 sched_n=0
   way5 valid=1 rrpv=7 epoch=0 dist=42191 prop=0 stamped=0 dbg=3 last=685 epoch2=0 sched_n=0   <== VICTIM
   way6 valid=1 rrpv=3 epoch=39516 dist=16172 prop=1 stamped=1 dbg=3 last=423 epoch2=39516 sched_n=0
   way7 valid=1 rrpv=0 epoch=48319 dist=24975 prop=1 stamped=1 dbg=3 last=491 epoch2=48319 sched_n=0
   -> victim=way5 reason=max-rrpv record by recency
[EVICT L3 pol=ECG:rrip_first curEpoch=23475 set_ways=8]
   way0 valid=1 rrpv=0 epoch=48124 dist=24649 prop=1 stamped=1 dbg=1 last=536 epoch2=48124 sched_n=0
   way1 valid=1 rrpv=0 epoch=47732 dist=24257 prop=1 stamped=1 dbg=1 last=572 epoch2=47732 sched_n=0
   way2 valid=1 rrpv=0 epoch=47863 dist=24388 prop=1 stamped=1 dbg=2 last=601 epoch2=47863 sched_n=0
   way3 valid=1 rrpv=0 epoch=48319 dist=24844 prop=1 stamped=1 dbg=2 last=629 epoch2=48319 sched_n=0
   way4 valid=1 rrpv=0 epoch=39516 dist=16041 prop=1 stamped=1 dbg=2 last=657 epoch2=39516 sched_n=0
   way5 valid=1 rrpv=7 epoch=0 dist=42060 prop=0 stamped=0 dbg=3 last=689 epoch2=0 sched_n=0   <== VICTIM
   way6 valid=1 rrpv=2 epoch=39451 dist=15976 prop=1 stamped=1 dbg=3 last=424 epoch2=39451 sched_n=0
   way7 valid=1 rrpv=0 epoch=48124 dist=24649 prop=1 stamped=1 dbg=3 last=492 epoch2=48124 sched_n=0
   -> victim=way5 reason=max-rrpv record by recency
[EVICT L3 pol=ECG:rrip_first curEpoch=23670 set_ways=8]
   way0 valid=1 rrpv=0 epoch=47732 dist=24062 prop=1 stamped=1 dbg=1 last=527 epoch2=47732 sched_n=0
   way1 valid=1 rrpv=0 epoch=48515 dist=24845 prop=1 stamped=1 dbg=1 last=562 epoch2=48515 sched_n=0
   way2 valid=1 rrpv=0 epoch=39581 dist=15911 prop=1 stamped=1 dbg=1 last=592 epoch2=39581 sched_n=0
   way3 valid=1 rrpv=0 epoch=47798 dist=24128 prop=1 stamped=1 dbg=2 last=624 epoch2=47798 sched_n=0
   way4 valid=1 rrpv=0 epoch=47732 dist=24062 prop=1 stamped=1 dbg=2 last=650 epoch2=47732 sched_n=0
   way5 valid=1 rrpv=7 epoch=0 dist=41865 prop=0 stamped=0 dbg=3 last=691 epoch2=0 sched_n=0   <== VICTIM
   way6 valid=1 rrpv=3 epoch=39516 dist=15846 prop=1 stamped=1 dbg=3 last=423 epoch2=39516 sched_n=0
   way7 valid=1 rrpv=0 epoch=48319 dist=24649 prop=1 stamped=1 dbg=3 last=491 epoch2=48319 sched_n=0
   -> victim=way5 reason=max-rrpv record by recency
[EVICT L3 pol=ECG:rrip_first curEpoch=23866 set_ways=8]
   way0 valid=1 rrpv=0 epoch=48124 dist=24258 prop=1 stamped=1 dbg=1 last=536 epoch2=48124 sched_n=0
   way1 valid=1 rrpv=0 epoch=47732 dist=23866 prop=1 stamped=1 dbg=1 last=572 epoch2=47732 sched_n=0
   way2 valid=1 rrpv=0 epoch=47863 dist=23997 prop=1 stamped=1 dbg=2 last=601 epoch2=47863 sched_n=0
   way3 valid=1 rrpv=0 epoch=48319 dist=24453 prop=1 stamped=1 dbg=2 last=629 epoch2=48319 sched_n=0
   way4 valid=1 rrpv=0 epoch=39516 dist=15650 prop=1 stamped=1 dbg=2 last=657 epoch2=39516 sched_n=0
   way5 valid=1 rrpv=7 epoch=0 dist=41669 prop=0 stamped=0 dbg=3 last=692 epoch2=0 sched_n=0   <== VICTIM
   way6 valid=1 rrpv=2 epoch=39451 dist=15585 prop=1 stamped=1 dbg=3 last=424 epoch2=39451 sched_n=0
   way7 valid=1 rrpv=0 epoch=48124 dist=24258 prop=1 stamped=1 dbg=3 last=492 epoch2=48124 sched_n=0
   -> victim=way5 reason=max-rrpv record by recency
[EVICT L3 pol=ECG:rrip_first curEpoch=24257 set_ways=8]
   way0 valid=1 rrpv=0 epoch=39386 dist=15129 prop=1 stamped=1 dbg=1 last=514 epoch2=39386 sched_n=0
   way1 valid=1 rrpv=0 epoch=47928 dist=23671 prop=1 stamped=1 dbg=1 last=553 epoch2=47928 sched_n=0
   way2 valid=1 rrpv=0 epoch=48254 dist=23997 prop=1 stamped=1 dbg=1 last=587 epoch2=48254 sched_n=0
   way3 valid=1 rrpv=0 epoch=47798 dist=23541 prop=1 stamped=1 dbg=2 last=616 epoch2=47798 sched_n=0
   way4 valid=1 rrpv=0 epoch=47798 dist=23541 prop=1 stamped=1 dbg=2 last=644 epoch2=47798 sched_n=0
   way5 valid=1 rrpv=7 epoch=0 dist=41278 prop=0 stamped=0 dbg=3 last=690 epoch2=0 sched_n=0   <== VICTIM
   way6 valid=1 rrpv=1 epoch=48450 dist=24193 prop=1 stamped=1 dbg=3 last=489 epoch2=48450 sched_n=0
   way7 valid=1 rrpv=2 epoch=39451 dist=15194 prop=1 stamped=1 dbg=3 last=426 epoch2=39451 sched_n=0
   -> victim=way5 reason=max-rrpv record by recency
[EVICT L3 pol=ECG:rrip_first curEpoch=24257 set_ways=8]
   way0 valid=1 rrpv=0 epoch=47732 dist=23475 prop=1 stamped=1 dbg=1 last=527 epoch2=47732 sched_n=0
   way1 valid=1 rrpv=0 epoch=48515 dist=24258 prop=1 stamped=1 dbg=1 last=562 epoch2=48515 sched_n=0
   way2 valid=1 rrpv=0 epoch=39581 dist=15324 prop=1 stamped=1 dbg=1 last=592 epoch2=39581 sched_n=0
   way3 valid=1 rrpv=0 epoch=47798 dist=23541 prop=1 stamped=1 dbg=2 last=624 epoch2=47798 sched_n=0
   way4 valid=1 rrpv=0 epoch=47732 dist=23475 prop=1 stamped=1 dbg=2 last=650 epoch2=47732 sched_n=0
   way5 valid=1 rrpv=7 epoch=0 dist=41278 prop=0 stamped=0 dbg=3 last=693 epoch2=0 sched_n=0   <== VICTIM
   way6 valid=1 rrpv=3 epoch=39516 dist=15259 prop=1 stamped=1 dbg=3 last=423 epoch2=39516 sched_n=0
   way7 valid=1 rrpv=0 epoch=48319 dist=24062 prop=1 stamped=1 dbg=3 last=491 epoch2=48319 sched_n=0
   -> victim=way5 reason=max-rrpv record by recency
[EVICT L3 pol=ECG:rrip_first curEpoch=24518 set_ways=8]
   way0 valid=1 rrpv=0 epoch=47732 dist=23214 prop=1 stamped=1 dbg=1 last=527 epoch2=47732 sched_n=0
   way1 valid=1 rrpv=0 epoch=48515 dist=23997 prop=1 stamped=1 dbg=1 last=562 epoch2=48515 sched_n=0
   way2 valid=1 rrpv=0 epoch=39581 dist=15063 prop=1 stamped=1 dbg=1 last=592 epoch2=39581 sched_n=0
   way3 valid=1 rrpv=0 epoch=47798 dist=23280 prop=1 stamped=1 dbg=2 last=624 epoch2=47798 sched_n=0
   way4 valid=1 rrpv=0 epoch=47732 dist=23214 prop=1 stamped=1 dbg=2 last=650 epoch2=47732 sched_n=0
   way5 valid=1 rrpv=7 epoch=0 dist=41017 prop=0 stamped=0 dbg=3 last=697 epoch2=0 sched_n=0   <== VICTIM
   way6 valid=1 rrpv=3 epoch=39516 dist=14998 prop=1 stamped=1 dbg=3 last=423 epoch2=39516 sched_n=0
   way7 valid=1 rrpv=0 epoch=48319 dist=23801 prop=1 stamped=1 dbg=3 last=491 epoch2=48319 sched_n=0
   -> victim=way5 reason=max-rrpv record by recency
[EVICT L3 pol=ECG:rrip_first curEpoch=24714 set_ways=8]
   way0 valid=1 rrpv=0 epoch=39581 dist=14867 prop=1 stamped=1 dbg=1 last=542 epoch2=39581 sched_n=0
   way1 valid=1 rrpv=0 epoch=39451 dist=14737 prop=1 stamped=1 dbg=1 last=579 epoch2=39451 sched_n=0
   way2 valid=1 rrpv=2 epoch=39581 dist=14867 prop=1 stamped=1 dbg=2 last=606 epoch2=39581 sched_n=0
   way3 valid=1 rrpv=0 epoch=47798 dist=23084 prop=1 stamped=1 dbg=2 last=636 epoch2=47798 sched_n=0
   way4 valid=1 rrpv=1 epoch=39451 dist=14737 prop=1 stamped=1 dbg=3 last=463 epoch2=39451 sched_n=0
   way5 valid=1 rrpv=0 epoch=47863 dist=23149 prop=1 stamped=1 dbg=3 last=695 epoch2=47863 sched_n=0
   way6 valid=1 rrpv=0 epoch=47732 dist=23018 prop=1 stamped=1 dbg=3 last=490 epoch2=47732 sched_n=0
   way7 valid=1 rrpv=7 epoch=0 dist=40821 prop=0 stamped=0 dbg=3 last=680 epoch2=0 sched_n=0   <== VICTIM
   -> victim=way7 reason=max-rrpv record by recency
[EVICT L3 pol=ECG:rrip_first curEpoch=24779 set_ways=8]
   way0 valid=1 rrpv=0 epoch=39386 dist=14607 prop=1 stamped=1 dbg=1 last=514 epoch2=39386 sched_n=0
   way1 valid=1 rrpv=0 epoch=47928 dist=23149 prop=1 stamped=1 dbg=1 last=553 epoch2=47928 sched_n=0
   way2 valid=1 rrpv=0 epoch=48254 dist=23475 prop=1 stamped=1 dbg=1 last=587 epoch2=48254 sched_n=0
   way3 valid=1 rrpv=0 epoch=47798 dist=23019 prop=1 stamped=1 dbg=2 last=616 epoch2=47798 sched_n=0
   way4 valid=1 rrpv=0 epoch=47798 dist=23019 prop=1 stamped=1 dbg=2 last=644 epoch2=47798 sched_n=0
   way5 valid=1 rrpv=7 epoch=0 dist=40756 prop=0 stamped=0 dbg=3 last=696 epoch2=0 sched_n=0   <== VICTIM
   way6 valid=1 rrpv=1 epoch=48450 dist=23671 prop=1 stamped=1 dbg=3 last=489 epoch2=48450 sched_n=0
   way7 valid=1 rrpv=2 epoch=39451 dist=14672 prop=1 stamped=1 dbg=3 last=426 epoch2=39451 sched_n=0
   -> victim=way5 reason=max-rrpv record by recency
[EVICT L3 pol=ECG:rrip_first curEpoch=24975 set_ways=8]
   way0 valid=1 rrpv=0 epoch=47732 dist=22757 prop=1 stamped=1 dbg=1 last=527 epoch2=47732 sched_n=0
   way1 valid=1 rrpv=0 epoch=48515 dist=23540 prop=1 stamped=1 dbg=1 last=562 epoch2=48515 sched_n=0
   way2 valid=1 rrpv=0 epoch=39581 dist=14606 prop=1 stamped=1 dbg=1 last=592 epoch2=39581 sched_n=0
   way3 valid=1 rrpv=0 epoch=47798 dist=22823 prop=1 stamped=1 dbg=2 last=624 epoch2=47798 sched_n=0
   way4 valid=1 rrpv=0 epoch=47732 dist=22757 prop=1 stamped=1 dbg=2 last=650 epoch2=47732 sched_n=0
   way5 valid=1 rrpv=7 epoch=0 dist=40560 prop=0 stamped=0 dbg=3 last=698 epoch2=0 sched_n=0   <== VICTIM
   way6 valid=1 rrpv=3 epoch=39516 dist=14541 prop=1 stamped=1 dbg=3 last=423 epoch2=39516 sched_n=0
   way7 valid=1 rrpv=0 epoch=48319 dist=23344 prop=1 stamped=1 dbg=3 last=491 epoch2=48319 sched_n=0
   -> victim=way5 reason=max-rrpv record by recency
[EVICT L3 pol=ECG:rrip_first curEpoch=25431 set_ways=8]
   way0 valid=1 rrpv=0 epoch=39386 dist=13955 prop=1 stamped=1 dbg=1 last=514 epoch2=39386 sched_n=0
   way1 valid=1 rrpv=0 epoch=47928 dist=22497 prop=1 stamped=1 dbg=1 last=553 epoch2=47928 sched_n=0
   way2 valid=1 rrpv=0 epoch=48254 dist=22823 prop=1 stamped=1 dbg=1 last=587 epoch2=48254 sched_n=0
   way3 valid=1 rrpv=0 epoch=47798 dist=22367 prop=1 stamped=1 dbg=2 last=616 epoch2=47798 sched_n=0
   way4 valid=1 rrpv=0 epoch=47798 dist=22367 prop=1 stamped=1 dbg=2 last=644 epoch2=47798 sched_n=0
   way5 valid=1 rrpv=7 epoch=0 dist=40104 prop=0 stamped=0 dbg=3 last=700 epoch2=0 sched_n=0   <== VICTIM
   way6 valid=1 rrpv=0 epoch=48450 dist=23019 prop=1 stamped=1 dbg=3 last=702 epoch2=48450 sched_n=0
   way7 valid=1 rrpv=2 epoch=39451 dist=14020 prop=1 stamped=1 dbg=3 last=426 epoch2=39451 sched_n=0
   -> victim=way5 reason=max-rrpv record by recency
[EVICT L3 pol=ECG:rrip_first curEpoch=25627 set_ways=8]
   way0 valid=1 rrpv=0 epoch=48124 dist=22497 prop=1 stamped=1 dbg=1 last=536 epoch2=48124 sched_n=0
   way1 valid=1 rrpv=0 epoch=47732 dist=22105 prop=1 stamped=1 dbg=1 last=572 epoch2=47732 sched_n=0
   way2 valid=1 rrpv=0 epoch=47863 dist=22236 prop=1 stamped=1 dbg=2 last=601 epoch2=47863 sched_n=0
   way3 valid=1 rrpv=0 epoch=48319 dist=22692 prop=1 stamped=1 dbg=2 last=629 epoch2=48319 sched_n=0
   way4 valid=1 rrpv=0 epoch=39516 dist=13889 prop=1 stamped=1 dbg=2 last=657 epoch2=39516 sched_n=0
   way5 valid=1 rrpv=7 epoch=0 dist=39908 prop=0 stamped=0 dbg=3 last=694 epoch2=0 sched_n=0   <== VICTIM
   way6 valid=1 rrpv=2 epoch=39451 dist=13824 prop=1 stamped=1 dbg=3 last=424 epoch2=39451 sched_n=0
   way7 valid=1 rrpv=0 epoch=48124 dist=22497 prop=1 stamped=1 dbg=3 last=492 epoch2=48124 sched_n=0
   -> victim=way5 reason=max-rrpv record by recency
[EVICT L3 pol=ECG:rrip_first curEpoch=25692 set_ways=8]
   way0 valid=1 rrpv=0 epoch=39386 dist=13694 prop=1 stamped=1 dbg=1 last=514 epoch2=39386 sched_n=0
   way1 valid=1 rrpv=0 epoch=47928 dist=22236 prop=1 stamped=1 dbg=1 last=553 epoch2=47928 sched_n=0
   way2 valid=1 rrpv=0 epoch=48254 dist=22562 prop=1 stamped=1 dbg=1 last=587 epoch2=48254 sched_n=0
   way3 valid=1 rrpv=0 epoch=47798 dist=22106 prop=1 stamped=1 dbg=2 last=616 epoch2=47798 sched_n=0
   way4 valid=1 rrpv=0 epoch=47798 dist=22106 prop=1 stamped=1 dbg=2 last=644 epoch2=47798 sched_n=0
   way5 valid=1 rrpv=7 epoch=0 dist=39843 prop=0 stamped=0 dbg=3 last=703 epoch2=0 sched_n=0   <== VICTIM
   way6 valid=1 rrpv=0 epoch=48450 dist=22758 prop=1 stamped=1 dbg=3 last=702 epoch2=48450 sched_n=0
   way7 valid=1 rrpv=2 epoch=39451 dist=13759 prop=1 stamped=1 dbg=3 last=426 epoch2=39451 sched_n=0
   -> victim=way5 reason=max-rrpv record by recency
[EVICT L3 pol=ECG:rrip_first curEpoch=26083 set_ways=8]
   way0 valid=1 rrpv=0 epoch=47732 dist=21649 prop=1 stamped=1 dbg=1 last=527 epoch2=47732 sched_n=0
   way1 valid=1 rrpv=0 epoch=48515 dist=22432 prop=1 stamped=1 dbg=1 last=562 epoch2=48515 sched_n=0
   way2 valid=1 rrpv=0 epoch=39581 dist=13498 prop=1 stamped=1 dbg=1 last=592 epoch2=39581 sched_n=0
   way3 valid=1 rrpv=0 epoch=47798 dist=21715 prop=1 stamped=1 dbg=2 last=624 epoch2=47798 sched_n=0
   way4 valid=1 rrpv=0 epoch=47732 dist=21649 prop=1 stamped=1 dbg=2 last=650 epoch2=47732 sched_n=0
   way5 valid=1 rrpv=7 epoch=0 dist=39452 prop=0 stamped=0 dbg=3 last=701 epoch2=0 sched_n=0   <== VICTIM
   way6 valid=1 rrpv=2 epoch=39516 dist=13433 prop=1 stamped=1 dbg=3 last=706 epoch2=39516 sched_n=0
   way7 valid=1 rrpv=0 epoch=48319 dist=22236 prop=1 stamped=1 dbg=3 last=491 epoch2=48319 sched_n=0
   -> victim=way5 reason=max-rrpv record by recency
[EVICT L3 pol=ECG:rrip_first curEpoch=26214 set_ways=8]
   way0 valid=1 rrpv=0 epoch=48124 dist=21910 prop=1 stamped=1 dbg=1 last=536 epoch2=48124 sched_n=0
   way1 valid=1 rrpv=0 epoch=47732 dist=21518 prop=1 stamped=1 dbg=1 last=572 epoch2=47732 sched_n=0
   way2 valid=1 rrpv=0 epoch=47863 dist=21649 prop=1 stamped=1 dbg=2 last=601 epoch2=47863 sched_n=0
   way3 valid=1 rrpv=0 epoch=48319 dist=22105 prop=1 stamped=1 dbg=2 last=629 epoch2=48319 sched_n=0
   way4 valid=1 rrpv=0 epoch=39516 dist=13302 prop=1 stamped=1 dbg=2 last=657 epoch2=39516 sched_n=0
   way5 valid=1 rrpv=7 epoch=0 dist=39321 prop=0 stamped=0 dbg=3 last=704 epoch2=0 sched_n=0   <== VICTIM
   way6 valid=1 rrpv=2 epoch=39451 dist=13237 prop=1 stamped=1 dbg=3 last=424 epoch2=39451 sched_n=0
   way7 valid=1 rrpv=0 epoch=48124 dist=21910 prop=1 stamped=1 dbg=3 last=492 epoch2=48124 sched_n=0
   -> victim=way5 reason=max-rrpv record by recency
[EVICT L3 pol=ECG:rrip_first curEpoch=26214 set_ways=8]
   way0 valid=1 rrpv=0 epoch=39386 dist=13172 prop=1 stamped=1 dbg=1 last=514 epoch2=39386 sched_n=0
   way1 valid=1 rrpv=0 epoch=47928 dist=21714 prop=1 stamped=1 dbg=1 last=553 epoch2=47928 sched_n=0
   way2 valid=1 rrpv=0 epoch=48254 dist=22040 prop=1 stamped=1 dbg=1 last=587 epoch2=48254 sched_n=0
   way3 valid=1 rrpv=0 epoch=47798 dist=21584 prop=1 stamped=1 dbg=2 last=616 epoch2=47798 sched_n=0
   way4 valid=1 rrpv=0 epoch=47798 dist=21584 prop=1 stamped=1 dbg=2 last=644 epoch2=47798 sched_n=0
   way5 valid=1 rrpv=7 epoch=0 dist=39321 prop=0 stamped=0 dbg=3 last=705 epoch2=0 sched_n=0   <== VICTIM
   way6 valid=1 rrpv=0 epoch=48450 dist=22236 prop=1 stamped=1 dbg=3 last=702 epoch2=48450 sched_n=0
   way7 valid=1 rrpv=2 epoch=39451 dist=13237 prop=1 stamped=1 dbg=3 last=426 epoch2=39451 sched_n=0
   -> victim=way5 reason=max-rrpv record by recency
[EVICT L3 pol=ECG:rrip_first curEpoch=26344 set_ways=8]
   way0 valid=1 rrpv=0 epoch=48124 dist=21780 prop=1 stamped=1 dbg=1 last=536 epoch2=48124 sched_n=0
   way1 valid=1 rrpv=0 epoch=47732 dist=21388 prop=1 stamped=1 dbg=1 last=572 epoch2=47732 sched_n=0
   way2 valid=1 rrpv=0 epoch=47863 dist=21519 prop=1 stamped=1 dbg=2 last=601 epoch2=47863 sched_n=0
   way3 valid=1 rrpv=0 epoch=48319 dist=21975 prop=1 stamped=1 dbg=2 last=629 epoch2=48319 sched_n=0
   way4 valid=1 rrpv=0 epoch=39516 dist=13172 prop=1 stamped=1 dbg=2 last=657 epoch2=39516 sched_n=0
   way5 valid=1 rrpv=7 epoch=0 dist=39191 prop=0 stamped=0 dbg=3 last=708 epoch2=0 sched_n=0   <== VICTIM
   way6 valid=1 rrpv=2 epoch=39451 dist=13107 prop=1 stamped=1 dbg=3 last=424 epoch2=39451 sched_n=0
   way7 valid=1 rrpv=0 epoch=48124 dist=21780 prop=1 stamped=1 dbg=3 last=492 epoch2=48124 sched_n=0
   -> victim=way5 reason=max-rrpv record by recency
[EVICT L3 pol=ECG:rrip_first curEpoch=26540 set_ways=8]
   way0 valid=1 rrpv=0 epoch=39581 dist=13041 prop=1 stamped=1 dbg=1 last=542 epoch2=39581 sched_n=0
   way1 valid=1 rrpv=0 epoch=39451 dist=12911 prop=1 stamped=1 dbg=1 last=579 epoch2=39451 sched_n=0
   way2 valid=1 rrpv=2 epoch=39581 dist=13041 prop=1 stamped=1 dbg=2 last=606 epoch2=39581 sched_n=0
   way3 valid=1 rrpv=0 epoch=47798 dist=21258 prop=1 stamped=1 dbg=2 last=636 epoch2=47798 sched_n=0
   way4 valid=1 rrpv=1 epoch=39451 dist=12911 prop=1 stamped=1 dbg=3 last=463 epoch2=39451 sched_n=0
   way5 valid=1 rrpv=0 epoch=47863 dist=21323 prop=1 stamped=1 dbg=3 last=695 epoch2=47863 sched_n=0
   way6 valid=1 rrpv=0 epoch=47732 dist=21192 prop=1 stamped=1 dbg=3 last=490 epoch2=47732 sched_n=0
   way7 valid=1 rrpv=7 epoch=0 dist=38995 prop=0 stamped=0 dbg=3 last=699 epoch2=0 sched_n=0   <== VICTIM
   -> victim=way7 reason=max-rrpv record by recency
[EVICT L3 pol=ECG:rrip_first curEpoch=26605 set_ways=8]
   way0 valid=1 rrpv=0 epoch=48124 dist=21519 prop=1 stamped=1 dbg=1 last=536 epoch2=48124 sched_n=0
   way1 valid=1 rrpv=0 epoch=47732 dist=21127 prop=1 stamped=1 dbg=1 last=572 epoch2=47732 sched_n=0
   way2 valid=1 rrpv=0 epoch=47863 dist=21258 prop=1 stamped=1 dbg=2 last=601 epoch2=47863 sched_n=0
   way3 valid=1 rrpv=0 epoch=48319 dist=21714 prop=1 stamped=1 dbg=2 last=629 epoch2=48319 sched_n=0
   way4 valid=1 rrpv=0 epoch=39516 dist=12911 prop=1 stamped=1 dbg=2 last=657 epoch2=39516 sched_n=0
   way5 valid=1 rrpv=7 epoch=0 dist=38930 prop=0 stamped=0 dbg=3 last=710 epoch2=0 sched_n=0   <== VICTIM
   way6 valid=1 rrpv=2 epoch=39451 dist=12846 prop=1 stamped=1 dbg=3 last=424 epoch2=39451 sched_n=0
   way7 valid=1 rrpv=0 epoch=48124 dist=21519 prop=1 stamped=1 dbg=3 last=492 epoch2=48124 sched_n=0
   -> victim=way5 reason=max-rrpv record by recency
[EVICT L3 pol=ECG:rrip_first curEpoch=26800 set_ways=8]
   way0 valid=1 rrpv=0 epoch=39581 dist=12781 prop=1 stamped=1 dbg=1 last=542 epoch2=39581 sched_n=0
   way1 valid=1 rrpv=0 epoch=39451 dist=12651 prop=1 stamped=1 dbg=1 last=579 epoch2=39451 sched_n=0
   way2 valid=1 rrpv=2 epoch=39581 dist=12781 prop=1 stamped=1 dbg=2 last=606 epoch2=39581 sched_n=0
   way3 valid=1 rrpv=0 epoch=47798 dist=20998 prop=1 stamped=1 dbg=2 last=636 epoch2=47798 sched_n=0
   way4 valid=1 rrpv=1 epoch=39451 dist=12651 prop=1 stamped=1 dbg=3 last=463 epoch2=39451 sched_n=0
   way5 valid=1 rrpv=0 epoch=47863 dist=21063 prop=1 stamped=1 dbg=3 last=695 epoch2=47863 sched_n=0
   way6 valid=1 rrpv=0 epoch=47732 dist=20932 prop=1 stamped=1 dbg=3 last=490 epoch2=47732 sched_n=0
   way7 valid=1 rrpv=7 epoch=0 dist=38735 prop=0 stamped=0 dbg=3 last=711 epoch2=0 sched_n=0   <== VICTIM
   -> victim=way7 reason=max-rrpv record by recency
[EVICT L3 pol=ECG:rrip_first curEpoch=26996 set_ways=8]
   way0 valid=1 rrpv=0 epoch=48124 dist=21128 prop=1 stamped=1 dbg=1 last=536 epoch2=48124 sched_n=0
   way1 valid=1 rrpv=0 epoch=47732 dist=20736 prop=1 stamped=1 dbg=1 last=572 epoch2=47732 sched_n=0
   way2 valid=1 rrpv=0 epoch=47863 dist=20867 prop=1 stamped=1 dbg=2 last=601 epoch2=47863 sched_n=0
   way3 valid=1 rrpv=0 epoch=48319 dist=21323 prop=1 stamped=1 dbg=2 last=629 epoch2=48319 sched_n=0
   way4 valid=1 rrpv=0 epoch=39516 dist=12520 prop=1 stamped=1 dbg=2 last=657 epoch2=39516 sched_n=0
   way5 valid=1 rrpv=7 epoch=0 dist=38539 prop=0 stamped=0 dbg=3 last=712 epoch2=0 sched_n=0   <== VICTIM
   way6 valid=1 rrpv=2 epoch=39451 dist=12455 prop=1 stamped=1 dbg=3 last=424 epoch2=39451 sched_n=0
   way7 valid=1 rrpv=0 epoch=48124 dist=21128 prop=1 stamped=1 dbg=3 last=492 epoch2=48124 sched_n=0
   -> victim=way5 reason=max-rrpv record by recency
[EVICT L3 pol=ECG:rrip_first curEpoch=27518 set_ways=8]
   way0 valid=1 rrpv=0 epoch=39581 dist=12063 prop=1 stamped=1 dbg=1 last=542 epoch2=39581 sched_n=0
   way1 valid=1 rrpv=0 epoch=39451 dist=11933 prop=1 stamped=1 dbg=1 last=579 epoch2=39451 sched_n=0
   way2 valid=1 rrpv=2 epoch=39581 dist=12063 prop=1 stamped=1 dbg=2 last=606 epoch2=39581 sched_n=0
   way3 valid=1 rrpv=0 epoch=47798 dist=20280 prop=1 stamped=1 dbg=2 last=636 epoch2=47798 sched_n=0
   way4 valid=1 rrpv=1 epoch=39451 dist=11933 prop=1 stamped=1 dbg=3 last=463 epoch2=39451 sched_n=0
   way5 valid=1 rrpv=0 epoch=47863 dist=20345 prop=1 stamped=1 dbg=3 last=695 epoch2=47863 sched_n=0
   way6 valid=1 rrpv=0 epoch=47732 dist=20214 prop=1 stamped=1 dbg=3 last=490 epoch2=47732 sched_n=0
   way7 valid=1 rrpv=7 epoch=0 dist=38017 prop=0 stamped=0 dbg=3 last=713 epoch2=0 sched_n=0   <== VICTIM
   -> victim=way7 reason=max-rrpv record by recency
[EVICT L3 pol=ECG:rrip_first curEpoch=27648 set_ways=8]
   way0 valid=1 rrpv=0 epoch=39386 dist=11738 prop=1 stamped=1 dbg=1 last=514 epoch2=39386 sched_n=0
   way1 valid=1 rrpv=0 epoch=47928 dist=20280 prop=1 stamped=1 dbg=1 last=553 epoch2=47928 sched_n=0
   way2 valid=1 rrpv=0 epoch=48254 dist=20606 prop=1 stamped=1 dbg=1 last=587 epoch2=48254 sched_n=0
   way3 valid=1 rrpv=0 epoch=47798 dist=20150 prop=1 stamped=1 dbg=2 last=616 epoch2=47798 sched_n=0
   way4 valid=1 rrpv=0 epoch=47798 dist=20150 prop=1 stamped=1 dbg=2 last=644 epoch2=47798 sched_n=0
   way5 valid=1 rrpv=7 epoch=0 dist=37887 prop=0 stamped=0 dbg=3 last=709 epoch2=0 sched_n=0   <== VICTIM
   way6 valid=1 rrpv=0 epoch=48450 dist=20802 prop=1 stamped=1 dbg=3 last=702 epoch2=48450 sched_n=0
   way7 valid=1 rrpv=2 epoch=39451 dist=11803 prop=1 stamped=1 dbg=3 last=426 epoch2=39451 sched_n=0
   -> victim=way5 reason=max-rrpv record by recency
[EVICT L3 pol=ECG:rrip_first curEpoch=27909 set_ways=8]
   way0 valid=1 rrpv=0 epoch=47732 dist=19823 prop=1 stamped=1 dbg=1 last=527 epoch2=47732 sched_n=0
   way1 valid=1 rrpv=0 epoch=48515 dist=20606 prop=1 stamped=1 dbg=1 last=562 epoch2=48515 sched_n=0
   way2 valid=1 rrpv=0 epoch=39581 dist=11672 prop=1 stamped=1 dbg=1 last=592 epoch2=39581 sched_n=0
   way3 valid=1 rrpv=0 epoch=47798 dist=19889 prop=1 stamped=1 dbg=2 last=624 epoch2=47798 sched_n=0
   way4 valid=1 rrpv=0 epoch=47732 dist=19823 prop=1 stamped=1 dbg=2 last=650 epoch2=47732 sched_n=0
   way5 valid=1 rrpv=7 epoch=0 dist=37626 prop=0 stamped=0 dbg=3 last=707 epoch2=0 sched_n=0   <== VICTIM
   way6 valid=1 rrpv=2 epoch=39516 dist=11607 prop=1 stamped=1 dbg=3 last=706 epoch2=39516 sched_n=0
   way7 valid=1 rrpv=0 epoch=48319 dist=20410 prop=1 stamped=1 dbg=3 last=491 epoch2=48319 sched_n=0
   -> victim=way5 reason=max-rrpv record by recency
[EVICT L3 pol=ECG:rrip_first curEpoch=27974 set_ways=8]
   way0 valid=1 rrpv=0 epoch=48124 dist=20150 prop=1 stamped=1 dbg=1 last=536 epoch2=48124 sched_n=0
   way1 valid=1 rrpv=0 epoch=47732 dist=19758 prop=1 stamped=1 dbg=1 last=572 epoch2=47732 sched_n=0
   way2 valid=1 rrpv=0 epoch=47863 dist=19889 prop=1 stamped=1 dbg=2 last=601 epoch2=47863 sched_n=0
   way3 valid=1 rrpv=0 epoch=48319 dist=20345 prop=1 stamped=1 dbg=2 last=629 epoch2=48319 sched_n=0
   way4 valid=1 rrpv=0 epoch=39516 dist=11542 prop=1 stamped=1 dbg=2 last=657 epoch2=39516 sched_n=0
   way5 valid=1 rrpv=7 epoch=0 dist=37561 prop=0 stamped=0 dbg=3 last=714 epoch2=0 sched_n=0   <== VICTIM
   way6 valid=1 rrpv=1 epoch=39451 dist=11477 prop=1 stamped=1 dbg=3 last=715 epoch2=39451 sched_n=0
   way7 valid=1 rrpv=0 epoch=48124 dist=20150 prop=1 stamped=1 dbg=3 last=492 epoch2=48124 sched_n=0
   -> victim=way5 reason=max-rrpv record by recency
[EVICT L3 pol=ECG:rrip_first curEpoch=28039 set_ways=8]
   way0 valid=1 rrpv=0 epoch=39581 dist=11542 prop=1 stamped=1 dbg=1 last=542 epoch2=39581 sched_n=0
   way1 valid=1 rrpv=0 epoch=39451 dist=11412 prop=1 stamped=1 dbg=1 last=579 epoch2=39451 sched_n=0
   way2 valid=1 rrpv=2 epoch=39581 dist=11542 prop=1 stamped=1 dbg=2 last=606 epoch2=39581 sched_n=0
   way3 valid=1 rrpv=0 epoch=47798 dist=19759 prop=1 stamped=1 dbg=2 last=636 epoch2=47798 sched_n=0
   way4 valid=1 rrpv=1 epoch=39451 dist=11412 prop=1 stamped=1 dbg=3 last=463 epoch2=39451 sched_n=0
   way5 valid=1 rrpv=0 epoch=47863 dist=19824 prop=1 stamped=1 dbg=3 last=695 epoch2=47863 sched_n=0
   way6 valid=1 rrpv=0 epoch=47732 dist=19693 prop=1 stamped=1 dbg=3 last=490 epoch2=47732 sched_n=0
   way7 valid=1 rrpv=7 epoch=0 dist=37496 prop=0 stamped=0 dbg=3 last=716 epoch2=0 sched_n=0   <== VICTIM
   -> victim=way7 reason=max-rrpv record by recency
[EVICT L3 pol=ECG:rrip_first curEpoch=28235 set_ways=8]
   way0 valid=1 rrpv=0 epoch=39386 dist=11151 prop=1 stamped=1 dbg=1 last=514 epoch2=39386 sched_n=0
   way1 valid=1 rrpv=0 epoch=47928 dist=19693 prop=1 stamped=1 dbg=1 last=553 epoch2=47928 sched_n=0
   way2 valid=1 rrpv=0 epoch=48254 dist=20019 prop=1 stamped=1 dbg=1 last=587 epoch2=48254 sched_n=0
   way3 valid=1 rrpv=0 epoch=47798 dist=19563 prop=1 stamped=1 dbg=2 last=616 epoch2=47798 sched_n=0
   way4 valid=1 rrpv=0 epoch=47798 dist=19563 prop=1 stamped=1 dbg=2 last=644 epoch2=47798 sched_n=0
   way5 valid=1 rrpv=7 epoch=0 dist=37300 prop=0 stamped=0 dbg=3 last=717 epoch2=0 sched_n=0   <== VICTIM
   way6 valid=1 rrpv=0 epoch=48450 dist=20215 prop=1 stamped=1 dbg=3 last=702 epoch2=48450 sched_n=0
   way7 valid=1 rrpv=2 epoch=39451 dist=11216 prop=1 stamped=1 dbg=3 last=426 epoch2=39451 sched_n=0
   -> victim=way5 reason=max-rrpv record by recency
[EVICT L3 pol=ECG:rrip_first curEpoch=28496 set_ways=8]
   way0 valid=1 rrpv=0 epoch=39581 dist=11085 prop=1 stamped=1 dbg=1 last=542 epoch2=39581 sched_n=0
   way1 valid=1 rrpv=0 epoch=39451 dist=10955 prop=1 stamped=1 dbg=1 last=579 epoch2=39451 sched_n=0
   way2 valid=1 rrpv=2 epoch=39581 dist=11085 prop=1 stamped=1 dbg=2 last=606 epoch2=39581 sched_n=0
   way3 valid=1 rrpv=0 epoch=47798 dist=19302 prop=1 stamped=1 dbg=2 last=636 epoch2=47798 sched_n=0
   way4 valid=1 rrpv=1 epoch=39451 dist=10955 prop=1 stamped=1 dbg=3 last=463 epoch2=39451 sched_n=0
   way5 valid=1 rrpv=0 epoch=47863 dist=19367 prop=1 stamped=1 dbg=3 last=695 epoch2=47863 sched_n=0
   way6 valid=1 rrpv=0 epoch=47732 dist=19236 prop=1 stamped=1 dbg=3 last=721 epoch2=47732 sched_n=0
   way7 valid=1 rrpv=7 epoch=0 dist=37039 prop=0 stamped=0 dbg=3 last=720 epoch2=0 sched_n=0   <== VICTIM
   -> victim=way7 reason=max-rrpv record by recency
[EVICT L3 pol=ECG:rrip_first curEpoch=28757 set_ways=8]
   way0 valid=1 rrpv=0 epoch=39386 dist=10629 prop=1 stamped=1 dbg=1 last=514 epoch2=39386 sched_n=0
   way1 valid=1 rrpv=0 epoch=47928 dist=19171 prop=1 stamped=1 dbg=1 last=553 epoch2=47928 sched_n=0
   way2 valid=1 rrpv=0 epoch=48254 dist=19497 prop=1 stamped=1 dbg=1 last=587 epoch2=48254 sched_n=0
   way3 valid=1 rrpv=0 epoch=47798 dist=19041 prop=1 stamped=1 dbg=2 last=616 epoch2=47798 sched_n=0
   way4 valid=1 rrpv=0 epoch=47798 dist=19041 prop=1 stamped=1 dbg=2 last=644 epoch2=47798 sched_n=0
   way5 valid=1 rrpv=7 epoch=0 dist=36778 prop=0 stamped=0 dbg=3 last=722 epoch2=0 sched_n=0   <== VICTIM
   way6 valid=1 rrpv=0 epoch=48450 dist=19693 prop=1 stamped=1 dbg=3 last=702 epoch2=48450 sched_n=0
   way7 valid=1 rrpv=2 epoch=39451 dist=10694 prop=1 stamped=1 dbg=3 last=426 epoch2=39451 sched_n=0
   -> victim=way5 reason=max-rrpv record by recency
[EVICT L3 pol=ECG:rrip_first curEpoch=28822 set_ways=8]
   way0 valid=1 rrpv=0 epoch=47732 dist=18910 prop=1 stamped=1 dbg=1 last=527 epoch2=47732 sched_n=0
   way1 valid=1 rrpv=0 epoch=48515 dist=19693 prop=1 stamped=1 dbg=1 last=562 epoch2=48515 sched_n=0
   way2 valid=1 rrpv=0 epoch=39581 dist=10759 prop=1 stamped=1 dbg=1 last=592 epoch2=39581 sched_n=0
   way3 valid=1 rrpv=0 epoch=47798 dist=18976 prop=1 stamped=1 dbg=2 last=624 epoch2=47798 sched_n=0
   way4 valid=1 rrpv=0 epoch=47732 dist=18910 prop=1 stamped=1 dbg=2 last=650 epoch2=47732 sched_n=0
   way5 valid=1 rrpv=7 epoch=0 dist=36713 prop=0 stamped=0 dbg=3 last=718 epoch2=0 sched_n=0   <== VICTIM
   way6 valid=1 rrpv=2 epoch=39516 dist=10694 prop=1 stamped=1 dbg=3 last=706 epoch2=39516 sched_n=0
   way7 valid=1 rrpv=0 epoch=48319 dist=19497 prop=1 stamped=1 dbg=3 last=491 epoch2=48319 sched_n=0
   -> victim=way5 reason=max-rrpv record by recency
[EVICT L3 pol=ECG:rrip_first curEpoch=29017 set_ways=8]
   way0 valid=1 rrpv=0 epoch=48124 dist=19107 prop=1 stamped=1 dbg=1 last=536 epoch2=48124 sched_n=0
   way1 valid=1 rrpv=0 epoch=47732 dist=18715 prop=1 stamped=1 dbg=1 last=572 epoch2=47732 sched_n=0
   way2 valid=1 rrpv=0 epoch=47863 dist=18846 prop=1 stamped=1 dbg=2 last=601 epoch2=47863 sched_n=0
   way3 valid=1 rrpv=0 epoch=48319 dist=19302 prop=1 stamped=1 dbg=2 last=629 epoch2=48319 sched_n=0
   way4 valid=1 rrpv=0 epoch=39516 dist=10499 prop=1 stamped=1 dbg=2 last=657 epoch2=39516 sched_n=0
   way5 valid=1 rrpv=7 epoch=0 dist=36518 prop=0 stamped=0 dbg=3 last=719 epoch2=0 sched_n=0   <== VICTIM
   way6 valid=1 rrpv=1 epoch=39451 dist=10434 prop=1 stamped=1 dbg=3 last=715 epoch2=39451 sched_n=0
   way7 valid=1 rrpv=0 epoch=48124 dist=19107 prop=1 stamped=1 dbg=3 last=492 epoch2=48124 sched_n=0
   -> victim=way5 reason=max-rrpv record by recency
[EVICT L3 pol=ECG:rrip_first curEpoch=29083 set_ways=8]
   way0 valid=1 rrpv=0 epoch=39386 dist=10303 prop=1 stamped=1 dbg=1 last=514 epoch2=39386 sched_n=0
   way1 valid=1 rrpv=0 epoch=47928 dist=18845 prop=1 stamped=1 dbg=1 last=553 epoch2=47928 sched_n=0
   way2 valid=1 rrpv=0 epoch=48254 dist=19171 prop=1 stamped=1 dbg=1 last=587 epoch2=48254 sched_n=0
   way3 valid=1 rrpv=0 epoch=47798 dist=18715 prop=1 stamped=1 dbg=2 last=616 epoch2=47798 sched_n=0
   way4 valid=1 rrpv=0 epoch=47798 dist=18715 prop=1 stamped=1 dbg=2 last=644 epoch2=47798 sched_n=0
   way5 valid=1 rrpv=7 epoch=0 dist=36452 prop=0 stamped=0 dbg=3 last=724 epoch2=0 sched_n=0   <== VICTIM
   way6 valid=1 rrpv=0 epoch=48450 dist=19367 prop=1 stamped=1 dbg=3 last=702 epoch2=48450 sched_n=0
   way7 valid=1 rrpv=2 epoch=39451 dist=10368 prop=1 stamped=1 dbg=3 last=426 epoch2=39451 sched_n=0
   -> victim=way5 reason=max-rrpv record by recency
[EVICT L3 pol=ECG:rrip_first curEpoch=29148 set_ways=8]
   way0 valid=1 rrpv=0 epoch=48124 dist=18976 prop=1 stamped=1 dbg=1 last=536 epoch2=48124 sched_n=0
   way1 valid=1 rrpv=0 epoch=47732 dist=18584 prop=1 stamped=1 dbg=1 last=572 epoch2=47732 sched_n=0
   way2 valid=1 rrpv=0 epoch=47863 dist=18715 prop=1 stamped=1 dbg=2 last=601 epoch2=47863 sched_n=0
   way3 valid=1 rrpv=0 epoch=48319 dist=19171 prop=1 stamped=1 dbg=2 last=629 epoch2=48319 sched_n=0
   way4 valid=1 rrpv=0 epoch=39516 dist=10368 prop=1 stamped=1 dbg=2 last=657 epoch2=39516 sched_n=0
   way5 valid=1 rrpv=7 epoch=0 dist=36387 prop=0 stamped=0 dbg=3 last=726 epoch2=0 sched_n=0   <== VICTIM
   way6 valid=1 rrpv=1 epoch=39451 dist=10303 prop=1 stamped=1 dbg=3 last=715 epoch2=39451 sched_n=0
   way7 valid=1 rrpv=0 epoch=48124 dist=18976 prop=1 stamped=1 dbg=3 last=492 epoch2=48124 sched_n=0
   -> victim=way5 reason=max-rrpv record by recency
[EVICT L3 pol=ECG:rrip_first curEpoch=29278 set_ways=8]
   way0 valid=1 rrpv=0 epoch=47732 dist=18454 prop=1 stamped=1 dbg=1 last=527 epoch2=47732 sched_n=0
   way1 valid=1 rrpv=0 epoch=48515 dist=19237 prop=1 stamped=1 dbg=1 last=562 epoch2=48515 sched_n=0
   way2 valid=1 rrpv=0 epoch=39581 dist=10303 prop=1 stamped=1 dbg=1 last=592 epoch2=39581 sched_n=0
   way3 valid=1 rrpv=0 epoch=47798 dist=18520 prop=1 stamped=1 dbg=2 last=624 epoch2=47798 sched_n=0
   way4 valid=1 rrpv=0 epoch=47732 dist=18454 prop=1 stamped=1 dbg=2 last=650 epoch2=47732 sched_n=0
   way5 valid=1 rrpv=7 epoch=0 dist=36257 prop=0 stamped=0 dbg=3 last=725 epoch2=0 sched_n=0   <== VICTIM
   way6 valid=1 rrpv=2 epoch=39516 dist=10238 prop=1 stamped=1 dbg=3 last=706 epoch2=39516 sched_n=0
   way7 valid=1 rrpv=0 epoch=48319 dist=19041 prop=1 stamped=1 dbg=3 last=491 epoch2=48319 sched_n=0
   -> victim=way5 reason=max-rrpv record by recency
[EVICT L3 pol=ECG:rrip_first curEpoch=29344 set_ways=8]
   way0 valid=1 rrpv=0 epoch=48124 dist=18780 prop=1 stamped=1 dbg=1 last=536 epoch2=48124 sched_n=0
   way1 valid=1 rrpv=0 epoch=47732 dist=18388 prop=1 stamped=1 dbg=1 last=572 epoch2=47732 sched_n=0
   way2 valid=1 rrpv=0 epoch=47863 dist=18519 prop=1 stamped=1 dbg=2 last=601 epoch2=47863 sched_n=0
   way3 valid=1 rrpv=0 epoch=48319 dist=18975 prop=1 stamped=1 dbg=2 last=629 epoch2=48319 sched_n=0
   way4 valid=1 rrpv=0 epoch=39516 dist=10172 prop=1 stamped=1 dbg=2 last=657 epoch2=39516 sched_n=0
   way5 valid=1 rrpv=7 epoch=0 dist=36191 prop=0 stamped=0 dbg=3 last=728 epoch2=0 sched_n=0   <== VICTIM
   way6 valid=1 rrpv=1 epoch=39451 dist=10107 prop=1 stamped=1 dbg=3 last=715 epoch2=39451 sched_n=0
   way7 valid=1 rrpv=0 epoch=48124 dist=18780 prop=1 stamped=1 dbg=3 last=492 epoch2=48124 sched_n=0
   -> victim=way5 reason=max-rrpv record by recency
[EVICT L3 pol=ECG:rrip_first curEpoch=29474 set_ways=8]
   way0 valid=1 rrpv=0 epoch=48124 dist=18650 prop=1 stamped=1 dbg=1 last=536 epoch2=48124 sched_n=0
   way1 valid=1 rrpv=0 epoch=47732 dist=18258 prop=1 stamped=1 dbg=1 last=572 epoch2=47732 sched_n=0
   way2 valid=1 rrpv=0 epoch=47863 dist=18389 prop=1 stamped=1 dbg=2 last=601 epoch2=47863 sched_n=0
   way3 valid=1 rrpv=0 epoch=48319 dist=18845 prop=1 stamped=1 dbg=2 last=629 epoch2=48319 sched_n=0
   way4 valid=1 rrpv=0 epoch=39516 dist=10042 prop=1 stamped=1 dbg=2 last=657 epoch2=39516 sched_n=0
   way5 valid=1 rrpv=7 epoch=0 dist=36061 prop=0 stamped=0 dbg=3 last=731 epoch2=0 sched_n=0   <== VICTIM
   way6 valid=1 rrpv=1 epoch=39451 dist=9977 prop=1 stamped=1 dbg=3 last=715 epoch2=39451 sched_n=0
   way7 valid=1 rrpv=0 epoch=48124 dist=18650 prop=1 stamped=1 dbg=3 last=492 epoch2=48124 sched_n=0
   -> victim=way5 reason=max-rrpv record by recency
[EVICT L3 pol=ECG:rrip_first curEpoch=29539 set_ways=8]
   way0 valid=1 rrpv=0 epoch=39386 dist=9847 prop=1 stamped=1 dbg=1 last=514 epoch2=39386 sched_n=0
   way1 valid=1 rrpv=0 epoch=47928 dist=18389 prop=1 stamped=1 dbg=1 last=553 epoch2=47928 sched_n=0
   way2 valid=1 rrpv=0 epoch=48254 dist=18715 prop=1 stamped=1 dbg=1 last=587 epoch2=48254 sched_n=0
   way3 valid=1 rrpv=0 epoch=47798 dist=18259 prop=1 stamped=1 dbg=2 last=616 epoch2=47798 sched_n=0
   way4 valid=1 rrpv=0 epoch=47798 dist=18259 prop=1 stamped=1 dbg=2 last=644 epoch2=47798 sched_n=0
   way5 valid=1 rrpv=7 epoch=0 dist=35996 prop=0 stamped=0 dbg=3 last=727 epoch2=0 sched_n=0   <== VICTIM
   way6 valid=1 rrpv=0 epoch=48450 dist=18911 prop=1 stamped=1 dbg=3 last=702 epoch2=48450 sched_n=0
   way7 valid=1 rrpv=1 epoch=39451 dist=9912 prop=1 stamped=1 dbg=3 last=729 epoch2=39451 sched_n=0
   -> victim=way5 reason=max-rrpv record by recency
[EVICT L3 pol=ECG:rrip_first curEpoch=29670 set_ways=8]
   way0 valid=1 rrpv=0 epoch=47732 dist=18062 prop=1 stamped=1 dbg=1 last=527 epoch2=47732 sched_n=0
   way1 valid=1 rrpv=0 epoch=48515 dist=18845 prop=1 stamped=1 dbg=1 last=562 epoch2=48515 sched_n=0
   way2 valid=1 rrpv=0 epoch=39581 dist=9911 prop=1 stamped=1 dbg=1 last=592 epoch2=39581 sched_n=0
   way3 valid=1 rrpv=0 epoch=47798 dist=18128 prop=1 stamped=1 dbg=2 last=624 epoch2=47798 sched_n=0
   way4 valid=1 rrpv=0 epoch=47732 dist=18062 prop=1 stamped=1 dbg=2 last=650 epoch2=47732 sched_n=0
   way5 valid=1 rrpv=7 epoch=0 dist=35865 prop=0 stamped=0 dbg=3 last=730 epoch2=0 sched_n=0   <== VICTIM
   way6 valid=1 rrpv=2 epoch=39516 dist=9846 prop=1 stamped=1 dbg=3 last=706 epoch2=39516 sched_n=0
   way7 valid=1 rrpv=0 epoch=48319 dist=18649 prop=1 stamped=1 dbg=3 last=491 epoch2=48319 sched_n=0
   -> victim=way5 reason=max-rrpv record by recency
[EVICT L3 pol=ECG:rrip_first curEpoch=29930 set_ways=8]
   way0 valid=1 rrpv=0 epoch=39386 dist=9456 prop=1 stamped=1 dbg=1 last=514 epoch2=39386 sched_n=0
   way1 valid=1 rrpv=0 epoch=47928 dist=17998 prop=1 stamped=1 dbg=1 last=553 epoch2=47928 sched_n=0
   way2 valid=1 rrpv=0 epoch=48254 dist=18324 prop=1 stamped=1 dbg=1 last=587 epoch2=48254 sched_n=0
   way3 valid=1 rrpv=0 epoch=47798 dist=17868 prop=1 stamped=1 dbg=2 last=616 epoch2=47798 sched_n=0
   way4 valid=1 rrpv=0 epoch=47798 dist=17868 prop=1 stamped=1 dbg=2 last=644 epoch2=47798 sched_n=0
   way5 valid=1 rrpv=7 epoch=0 dist=35605 prop=0 stamped=0 dbg=3 last=733 epoch2=0 sched_n=0   <== VICTIM
   way6 valid=1 rrpv=0 epoch=48450 dist=18520 prop=1 stamped=1 dbg=3 last=702 epoch2=48450 sched_n=0
   way7 valid=1 rrpv=1 epoch=39451 dist=9521 prop=1 stamped=1 dbg=3 last=729 epoch2=39451 sched_n=0
   -> victim=way5 reason=max-rrpv record by recency
[EVICT L3 pol=ECG:rrip_first curEpoch=29996 set_ways=8]
   way0 valid=1 rrpv=0 epoch=47732 dist=17736 prop=1 stamped=1 dbg=1 last=527 epoch2=47732 sched_n=0
   way1 valid=1 rrpv=0 epoch=48515 dist=18519 prop=1 stamped=1 dbg=1 last=562 epoch2=48515 sched_n=0
   way2 valid=1 rrpv=0 epoch=39581 dist=9585 prop=1 stamped=1 dbg=1 last=592 epoch2=39581 sched_n=0
   way3 valid=1 rrpv=0 epoch=47798 dist=17802 prop=1 stamped=1 dbg=2 last=624 epoch2=47798 sched_n=0
   way4 valid=1 rrpv=0 epoch=47732 dist=17736 prop=1 stamped=1 dbg=2 last=650 epoch2=47732 sched_n=0
   way5 valid=1 rrpv=7 epoch=0 dist=35539 prop=0 stamped=0 dbg=3 last=734 epoch2=0 sched_n=0   <== VICTIM
   way6 valid=1 rrpv=2 epoch=39516 dist=9520 prop=1 stamped=1 dbg=3 last=706 epoch2=39516 sched_n=0
   way7 valid=1 rrpv=0 epoch=48319 dist=18323 prop=1 stamped=1 dbg=3 last=491 epoch2=48319 sched_n=0
   -> victim=way5 reason=max-rrpv record by recency
[EVICT L3 pol=ECG:rrip_first curEpoch=30126 set_ways=8]
   way0 valid=1 rrpv=0 epoch=48124 dist=17998 prop=1 stamped=1 dbg=1 last=536 epoch2=48124 sched_n=0
   way1 valid=1 rrpv=0 epoch=47732 dist=17606 prop=1 stamped=1 dbg=1 last=572 epoch2=47732 sched_n=0
   way2 valid=1 rrpv=0 epoch=47863 dist=17737 prop=1 stamped=1 dbg=2 last=601 epoch2=47863 sched_n=0
   way3 valid=1 rrpv=0 epoch=48319 dist=18193 prop=1 stamped=1 dbg=2 last=629 epoch2=48319 sched_n=0
   way4 valid=1 rrpv=0 epoch=39516 dist=9390 prop=1 stamped=1 dbg=2 last=657 epoch2=39516 sched_n=0
   way5 valid=1 rrpv=7 epoch=0 dist=35409 prop=0 stamped=0 dbg=3 last=732 epoch2=0 sched_n=0   <== VICTIM
   way6 valid=1 rrpv=1 epoch=39451 dist=9325 prop=1 stamped=1 dbg=3 last=715 epoch2=39451 sched_n=0
   way7 valid=1 rrpv=0 epoch=48124 dist=17998 prop=1 stamped=1 dbg=3 last=492 epoch2=48124 sched_n=0
   -> victim=way5 reason=max-rrpv record by recency
[EVICT L3 pol=ECG:rrip_first curEpoch=30256 set_ways=8]
   way0 valid=1 rrpv=0 epoch=39581 dist=9325 prop=1 stamped=1 dbg=1 last=542 epoch2=39581 sched_n=0
   way1 valid=1 rrpv=0 epoch=39451 dist=9195 prop=1 stamped=1 dbg=1 last=579 epoch2=39451 sched_n=0
   way2 valid=1 rrpv=2 epoch=39581 dist=9325 prop=1 stamped=1 dbg=2 last=606 epoch2=39581 sched_n=0
   way3 valid=1 rrpv=0 epoch=47798 dist=17542 prop=1 stamped=1 dbg=2 last=636 epoch2=47798 sched_n=0
   way4 valid=1 rrpv=1 epoch=39451 dist=9195 prop=1 stamped=1 dbg=3 last=463 epoch2=39451 sched_n=0
   way5 valid=1 rrpv=0 epoch=47863 dist=17607 prop=1 stamped=1 dbg=3 last=695 epoch2=47863 sched_n=0
   way6 valid=1 rrpv=0 epoch=47732 dist=17476 prop=1 stamped=1 dbg=3 last=721 epoch2=47732 sched_n=0
   way7 valid=1 rrpv=7 epoch=0 dist=35279 prop=0 stamped=0 dbg=3 last=723 epoch2=0 sched_n=0   <== VICTIM
   -> victim=way7 reason=max-rrpv record by recency
[EVICT L3 pol=ECG:rrip_first curEpoch=30452 set_ways=8]
   way0 valid=1 rrpv=0 epoch=39581 dist=9129 prop=1 stamped=1 dbg=1 last=542 epoch2=39581 sched_n=0
   way1 valid=1 rrpv=0 epoch=39451 dist=8999 prop=1 stamped=1 dbg=1 last=579 epoch2=39451 sched_n=0
   way2 valid=1 rrpv=2 epoch=39581 dist=9129 prop=1 stamped=1 dbg=2 last=606 epoch2=39581 sched_n=0
   way3 valid=1 rrpv=0 epoch=47798 dist=17346 prop=1 stamped=1 dbg=2 last=636 epoch2=47798 sched_n=0
   way4 valid=1 rrpv=1 epoch=39451 dist=8999 prop=1 stamped=1 dbg=3 last=463 epoch2=39451 sched_n=0
   way5 valid=1 rrpv=0 epoch=47863 dist=17411 prop=1 stamped=1 dbg=3 last=695 epoch2=47863 sched_n=0
   way6 valid=1 rrpv=0 epoch=47732 dist=17280 prop=1 stamped=1 dbg=3 last=721 epoch2=47732 sched_n=0
   way7 valid=1 rrpv=7 epoch=0 dist=35083 prop=0 stamped=0 dbg=3 last=739 epoch2=0 sched_n=0   <== VICTIM
   -> victim=way7 reason=max-rrpv record by recency
[EVICT L3 pol=ECG:rrip_first curEpoch=30583 set_ways=8]
   way0 valid=1 rrpv=0 epoch=39581 dist=8998 prop=1 stamped=1 dbg=1 last=542 epoch2=39581 sched_n=0
   way1 valid=1 rrpv=0 epoch=39451 dist=8868 prop=1 stamped=1 dbg=1 last=579 epoch2=39451 sched_n=0
   way2 valid=1 rrpv=2 epoch=39581 dist=8998 prop=1 stamped=1 dbg=2 last=606 epoch2=39581 sched_n=0
   way3 valid=1 rrpv=0 epoch=47798 dist=17215 prop=1 stamped=1 dbg=2 last=636 epoch2=47798 sched_n=0
   way4 valid=1 rrpv=1 epoch=39451 dist=8868 prop=1 stamped=1 dbg=3 last=463 epoch2=39451 sched_n=0
   way5 valid=1 rrpv=0 epoch=47863 dist=17280 prop=1 stamped=1 dbg=3 last=695 epoch2=47863 sched_n=0
   way6 valid=1 rrpv=0 epoch=47732 dist=17149 prop=1 stamped=1 dbg=3 last=721 epoch2=47732 sched_n=0
   way7 valid=1 rrpv=7 epoch=0 dist=34952 prop=0 stamped=0 dbg=3 last=740 epoch2=0 sched_n=0   <== VICTIM
   -> victim=way7 reason=max-rrpv record by recency
[EVICT L3 pol=ECG:rrip_first curEpoch=30713 set_ways=8]
   way0 valid=1 rrpv=0 epoch=39581 dist=8868 prop=1 stamped=1 dbg=1 last=542 epoch2=39581 sched_n=0
   way1 valid=1 rrpv=0 epoch=39451 dist=8738 prop=1 stamped=1 dbg=1 last=579 epoch2=39451 sched_n=0
   way2 valid=1 rrpv=2 epoch=39581 dist=8868 prop=1 stamped=1 dbg=2 last=606 epoch2=39581 sched_n=0
   way3 valid=1 rrpv=0 epoch=47798 dist=17085 prop=1 stamped=1 dbg=2 last=636 epoch2=47798 sched_n=0
   way4 valid=1 rrpv=1 epoch=39451 dist=8738 prop=1 stamped=1 dbg=3 last=463 epoch2=39451 sched_n=0
   way5 valid=1 rrpv=0 epoch=47863 dist=17150 prop=1 stamped=1 dbg=3 last=695 epoch2=47863 sched_n=0
   way6 valid=1 rrpv=0 epoch=47732 dist=17019 prop=1 stamped=1 dbg=3 last=721 epoch2=47732 sched_n=0
   way7 valid=1 rrpv=7 epoch=0 dist=34822 prop=0 stamped=0 dbg=3 last=741 epoch2=0 sched_n=0   <== VICTIM
   -> victim=way7 reason=max-rrpv record by recency
[EVICT L3 pol=ECG:rrip_first curEpoch=30974 set_ways=8]
   way0 valid=1 rrpv=0 epoch=39581 dist=8607 prop=1 stamped=1 dbg=1 last=542 epoch2=39581 sched_n=0
   way1 valid=1 rrpv=0 epoch=39451 dist=8477 prop=1 stamped=1 dbg=1 last=579 epoch2=39451 sched_n=0
   way2 valid=1 rrpv=2 epoch=39581 dist=8607 prop=1 stamped=1 dbg=2 last=606 epoch2=39581 sched_n=0
   way3 valid=1 rrpv=0 epoch=47798 dist=16824 prop=1 stamped=1 dbg=2 last=636 epoch2=47798 sched_n=0
   way4 valid=1 rrpv=1 epoch=39451 dist=8477 prop=1 stamped=1 dbg=3 last=463 epoch2=39451 sched_n=0
   way5 valid=1 rrpv=0 epoch=47863 dist=16889 prop=1 stamped=1 dbg=3 last=695 epoch2=47863 sched_n=0
   way6 valid=1 rrpv=0 epoch=47732 dist=16758 prop=1 stamped=1 dbg=3 last=721 epoch2=47732 sched_n=0
   way7 valid=1 rrpv=7 epoch=0 dist=34561 prop=0 stamped=0 dbg=3 last=742 epoch2=0 sched_n=0   <== VICTIM
   -> victim=way7 reason=max-rrpv record by recency
[EVICT L3 pol=ECG:rrip_first curEpoch=31104 set_ways=8]
   way0 valid=1 rrpv=0 epoch=39581 dist=8477 prop=1 stamped=1 dbg=1 last=542 epoch2=39581 sched_n=0
   way1 valid=1 rrpv=0 epoch=39451 dist=8347 prop=1 stamped=1 dbg=1 last=579 epoch2=39451 sched_n=0
   way2 valid=1 rrpv=2 epoch=39581 dist=8477 prop=1 stamped=1 dbg=2 last=606 epoch2=39581 sched_n=0
   way3 valid=1 rrpv=0 epoch=47798 dist=16694 prop=1 stamped=1 dbg=2 last=636 epoch2=47798 sched_n=0
   way4 valid=1 rrpv=1 epoch=39451 dist=8347 prop=1 stamped=1 dbg=3 last=463 epoch2=39451 sched_n=0
   way5 valid=1 rrpv=0 epoch=47863 dist=16759 prop=1 stamped=1 dbg=3 last=695 epoch2=47863 sched_n=0
   way6 valid=1 rrpv=0 epoch=47732 dist=16628 prop=1 stamped=1 dbg=3 last=721 epoch2=47732 sched_n=0
   way7 valid=1 rrpv=7 epoch=0 dist=34431 prop=0 stamped=0 dbg=3 last=743 epoch2=0 sched_n=0   <== VICTIM
   -> victim=way7 reason=max-rrpv record by recency
[EVICT L3 pol=ECG:rrip_first curEpoch=31365 set_ways=8]
   way0 valid=1 rrpv=0 epoch=39581 dist=8216 prop=1 stamped=1 dbg=1 last=542 epoch2=39581 sched_n=0
   way1 valid=1 rrpv=0 epoch=39451 dist=8086 prop=1 stamped=1 dbg=1 last=579 epoch2=39451 sched_n=0
   way2 valid=1 rrpv=2 epoch=39581 dist=8216 prop=1 stamped=1 dbg=2 last=606 epoch2=39581 sched_n=0
   way3 valid=1 rrpv=0 epoch=47798 dist=16433 prop=1 stamped=1 dbg=2 last=636 epoch2=47798 sched_n=0
   way4 valid=1 rrpv=1 epoch=39451 dist=8086 prop=1 stamped=1 dbg=3 last=463 epoch2=39451 sched_n=0
   way5 valid=1 rrpv=0 epoch=47863 dist=16498 prop=1 stamped=1 dbg=3 last=695 epoch2=47863 sched_n=0
   way6 valid=1 rrpv=0 epoch=47732 dist=16367 prop=1 stamped=1 dbg=3 last=721 epoch2=47732 sched_n=0
   way7 valid=1 rrpv=7 epoch=0 dist=34170 prop=0 stamped=0 dbg=3 last=744 epoch2=0 sched_n=0   <== VICTIM
   -> victim=way7 reason=max-rrpv record by recency
[EVICT L3 pol=ECG:rrip_first curEpoch=31430 set_ways=8]
   way0 valid=1 rrpv=0 epoch=47732 dist=16302 prop=1 stamped=1 dbg=1 last=527 epoch2=47732 sched_n=0
   way1 valid=1 rrpv=0 epoch=48515 dist=17085 prop=1 stamped=1 dbg=1 last=562 epoch2=48515 sched_n=0
   way2 valid=1 rrpv=0 epoch=39581 dist=8151 prop=1 stamped=1 dbg=1 last=592 epoch2=39581 sched_n=0
   way3 valid=1 rrpv=0 epoch=47798 dist=16368 prop=1 stamped=1 dbg=2 last=624 epoch2=47798 sched_n=0
   way4 valid=1 rrpv=0 epoch=47732 dist=16302 prop=1 stamped=1 dbg=2 last=650 epoch2=47732 sched_n=0
   way5 valid=1 rrpv=7 epoch=0 dist=34105 prop=0 stamped=0 dbg=3 last=736 epoch2=0 sched_n=0   <== VICTIM
   way6 valid=1 rrpv=2 epoch=39516 dist=8086 prop=1 stamped=1 dbg=3 last=706 epoch2=39516 sched_n=0
   way7 valid=1 rrpv=0 epoch=48319 dist=16889 prop=1 stamped=1 dbg=3 last=738 epoch2=48319 sched_n=0
   -> victim=way5 reason=max-rrpv record by recency
[EVICT L3 pol=ECG:rrip_first curEpoch=31561 set_ways=8]
   way0 valid=1 rrpv=0 epoch=47732 dist=16171 prop=1 stamped=1 dbg=1 last=527 epoch2=47732 sched_n=0
   way1 valid=1 rrpv=0 epoch=48515 dist=16954 prop=1 stamped=1 dbg=1 last=562 epoch2=48515 sched_n=0
   way2 valid=1 rrpv=0 epoch=39581 dist=8020 prop=1 stamped=1 dbg=1 last=592 epoch2=39581 sched_n=0
   way3 valid=1 rrpv=0 epoch=47798 dist=16237 prop=1 stamped=1 dbg=2 last=624 epoch2=47798 sched_n=0
   way4 valid=1 rrpv=0 epoch=47732 dist=16171 prop=1 stamped=1 dbg=2 last=650 epoch2=47732 sched_n=0
   way5 valid=1 rrpv=7 epoch=0 dist=33974 prop=0 stamped=0 dbg=3 last=747 epoch2=0 sched_n=0   <== VICTIM
   way6 valid=1 rrpv=2 epoch=39516 dist=7955 prop=1 stamped=1 dbg=3 last=706 epoch2=39516 sched_n=0
   way7 valid=1 rrpv=0 epoch=48319 dist=16758 prop=1 stamped=1 dbg=3 last=738 epoch2=48319 sched_n=0
   -> victim=way5 reason=max-rrpv record by recency
[EVICT L3 pol=ECG:rrip_first curEpoch=31756 set_ways=8]
   way0 valid=1 rrpv=0 epoch=47732 dist=15976 prop=1 stamped=1 dbg=1 last=527 epoch2=47732 sched_n=0
   way1 valid=1 rrpv=0 epoch=48515 dist=16759 prop=1 stamped=1 dbg=1 last=562 epoch2=48515 sched_n=0
   way2 valid=1 rrpv=0 epoch=39581 dist=7825 prop=1 stamped=1 dbg=1 last=592 epoch2=39581 sched_n=0
   way3 valid=1 rrpv=0 epoch=47798 dist=16042 prop=1 stamped=1 dbg=2 last=624 epoch2=47798 sched_n=0
   way4 valid=1 rrpv=0 epoch=47732 dist=15976 prop=1 stamped=1 dbg=2 last=650 epoch2=47732 sched_n=0
   way5 valid=1 rrpv=7 epoch=0 dist=33779 prop=0 stamped=0 dbg=3 last=748 epoch2=0 sched_n=0   <== VICTIM
   way6 valid=1 rrpv=2 epoch=39516 dist=7760 prop=1 stamped=1 dbg=3 last=706 epoch2=39516 sched_n=0
   way7 valid=1 rrpv=0 epoch=48319 dist=16563 prop=1 stamped=1 dbg=3 last=738 epoch2=48319 sched_n=0
   -> victim=way5 reason=max-rrpv record by recency
[EVICT L3 pol=ECG:rrip_first curEpoch=31821 set_ways=8]
   way0 valid=1 rrpv=0 epoch=39581 dist=7760 prop=1 stamped=1 dbg=1 last=542 epoch2=39581 sched_n=0
   way1 valid=1 rrpv=0 epoch=39451 dist=7630 prop=1 stamped=1 dbg=1 last=579 epoch2=39451 sched_n=0
   way2 valid=1 rrpv=2 epoch=39581 dist=7760 prop=1 stamped=1 dbg=2 last=606 epoch2=39581 sched_n=0
   way3 valid=1 rrpv=0 epoch=47798 dist=15977 prop=1 stamped=1 dbg=2 last=636 epoch2=47798 sched_n=0
   way4 valid=1 rrpv=1 epoch=39451 dist=7630 prop=1 stamped=1 dbg=3 last=463 epoch2=39451 sched_n=0
   way5 valid=1 rrpv=0 epoch=47863 dist=16042 prop=1 stamped=1 dbg=3 last=695 epoch2=47863 sched_n=0
   way6 valid=1 rrpv=0 epoch=47732 dist=15911 prop=1 stamped=1 dbg=3 last=721 epoch2=47732 sched_n=0
   way7 valid=1 rrpv=7 epoch=0 dist=33714 prop=0 stamped=0 dbg=3 last=746 epoch2=0 sched_n=0   <== VICTIM
   -> victim=way7 reason=max-rrpv record by recency
[EVICT L3 pol=ECG:rrip_first curEpoch=31887 set_ways=8]
   way0 valid=1 rrpv=0 epoch=47732 dist=15845 prop=1 stamped=1 dbg=1 last=527 epoch2=47732 sched_n=0
   way1 valid=1 rrpv=0 epoch=48515 dist=16628 prop=1 stamped=1 dbg=1 last=562 epoch2=48515 sched_n=0
   way2 valid=1 rrpv=0 epoch=39581 dist=7694 prop=1 stamped=1 dbg=1 last=592 epoch2=39581 sched_n=0
   way3 valid=1 rrpv=0 epoch=47798 dist=15911 prop=1 stamped=1 dbg=2 last=624 epoch2=47798 sched_n=0
   way4 valid=1 rrpv=0 epoch=47732 dist=15845 prop=1 stamped=1 dbg=2 last=650 epoch2=47732 sched_n=0
   way5 valid=1 rrpv=7 epoch=0 dist=33648 prop=0 stamped=0 dbg=3 last=749 epoch2=0 sched_n=0   <== VICTIM
   way6 valid=1 rrpv=2 epoch=39516 dist=7629 prop=1 stamped=1 dbg=3 last=706 epoch2=39516 sched_n=0
   way7 valid=1 rrpv=0 epoch=48319 dist=16432 prop=1 stamped=1 dbg=3 last=738 epoch2=48319 sched_n=0
   -> victim=way5 reason=max-rrpv record by recency
[EVICT L3 pol=ECG:rrip_first curEpoch=32017 set_ways=8]
   way0 valid=1 rrpv=0 epoch=39581 dist=7564 prop=1 stamped=1 dbg=1 last=542 epoch2=39581 sched_n=0
   way1 valid=1 rrpv=0 epoch=39451 dist=7434 prop=1 stamped=1 dbg=1 last=579 epoch2=39451 sched_n=0
   way2 valid=1 rrpv=2 epoch=39581 dist=7564 prop=1 stamped=1 dbg=2 last=606 epoch2=39581 sched_n=0
   way3 valid=1 rrpv=0 epoch=47798 dist=15781 prop=1 stamped=1 dbg=2 last=636 epoch2=47798 sched_n=0
   way4 valid=1 rrpv=1 epoch=39451 dist=7434 prop=1 stamped=1 dbg=3 last=463 epoch2=39451 sched_n=0
   way5 valid=1 rrpv=0 epoch=47863 dist=15846 prop=1 stamped=1 dbg=3 last=695 epoch2=47863 sched_n=0
   way6 valid=1 rrpv=0 epoch=47732 dist=15715 prop=1 stamped=1 dbg=3 last=721 epoch2=47732 sched_n=0
   way7 valid=1 rrpv=7 epoch=0 dist=33518 prop=0 stamped=0 dbg=3 last=750 epoch2=0 sched_n=0   <== VICTIM
   -> victim=way7 reason=max-rrpv record by recency
[EVICT L3 pol=ECG:rrip_first curEpoch=32082 set_ways=8]
   way0 valid=1 rrpv=0 epoch=39386 dist=7304 prop=1 stamped=1 dbg=1 last=514 epoch2=39386 sched_n=0
   way1 valid=1 rrpv=0 epoch=47928 dist=15846 prop=1 stamped=1 dbg=1 last=553 epoch2=47928 sched_n=0
   way2 valid=1 rrpv=0 epoch=48254 dist=16172 prop=1 stamped=1 dbg=1 last=587 epoch2=48254 sched_n=0
   way3 valid=1 rrpv=0 epoch=47798 dist=15716 prop=1 stamped=1 dbg=2 last=616 epoch2=47798 sched_n=0
   way4 valid=1 rrpv=0 epoch=47798 dist=15716 prop=1 stamped=1 dbg=2 last=644 epoch2=47798 sched_n=0
   way5 valid=1 rrpv=7 epoch=0 dist=33453 prop=0 stamped=0 dbg=3 last=735 epoch2=0 sched_n=0   <== VICTIM
   way6 valid=1 rrpv=0 epoch=48450 dist=16368 prop=1 stamped=1 dbg=3 last=702 epoch2=48450 sched_n=0
   way7 valid=1 rrpv=1 epoch=39451 dist=7369 prop=1 stamped=1 dbg=3 last=729 epoch2=39451 sched_n=0
   -> victim=way5 reason=max-rrpv record by recency
[EVICT L3 pol=ECG:rrip_first curEpoch=32213 set_ways=8]
   way0 valid=1 rrpv=0 epoch=47732 dist=15519 prop=1 stamped=1 dbg=1 last=527 epoch2=47732 sched_n=0
   way1 valid=1 rrpv=0 epoch=48515 dist=16302 prop=1 stamped=1 dbg=1 last=562 epoch2=48515 sched_n=0
   way2 valid=1 rrpv=0 epoch=39581 dist=7368 prop=1 stamped=1 dbg=1 last=592 epoch2=39581 sched_n=0
   way3 valid=1 rrpv=0 epoch=47798 dist=15585 prop=1 stamped=1 dbg=2 last=624 epoch2=47798 sched_n=0
   way4 valid=1 rrpv=0 epoch=47732 dist=15519 prop=1 stamped=1 dbg=2 last=650 epoch2=47732 sched_n=0
   way5 valid=1 rrpv=7 epoch=0 dist=33322 prop=0 stamped=0 dbg=3 last=751 epoch2=0 sched_n=0   <== VICTIM
   way6 valid=1 rrpv=2 epoch=39516 dist=7303 prop=1 stamped=1 dbg=3 last=706 epoch2=39516 sched_n=0
   way7 valid=1 rrpv=0 epoch=48319 dist=16106 prop=1 stamped=1 dbg=3 last=738 epoch2=48319 sched_n=0
   -> victim=way5 reason=max-rrpv record by recency
[EVICT L3 pol=ECG:rrip_first curEpoch=32278 set_ways=8]
   way0 valid=1 rrpv=0 epoch=48124 dist=15846 prop=1 stamped=1 dbg=1 last=536 epoch2=48124 sched_n=0
   way1 valid=1 rrpv=0 epoch=47732 dist=15454 prop=1 stamped=1 dbg=1 last=572 epoch2=47732 sched_n=0
   way2 valid=1 rrpv=0 epoch=47863 dist=15585 prop=1 stamped=1 dbg=2 last=601 epoch2=47863 sched_n=0
   way3 valid=1 rrpv=0 epoch=48319 dist=16041 prop=1 stamped=1 dbg=2 last=629 epoch2=48319 sched_n=0
   way4 valid=1 rrpv=0 epoch=39516 dist=7238 prop=1 stamped=1 dbg=2 last=657 epoch2=39516 sched_n=0
   way5 valid=1 rrpv=7 epoch=0 dist=33257 prop=0 stamped=0 dbg=3 last=737 epoch2=0 sched_n=0   <== VICTIM
   way6 valid=1 rrpv=1 epoch=39451 dist=7173 prop=1 stamped=1 dbg=3 last=715 epoch2=39451 sched_n=0
   way7 valid=1 rrpv=0 epoch=48124 dist=15846 prop=1 stamped=1 dbg=3 last=745 epoch2=48124 sched_n=0
   -> victim=way5 reason=max-rrpv record by recency
[EVICT L3 pol=ECG:rrip_first curEpoch=32343 set_ways=8]
   way0 valid=1 rrpv=0 epoch=39581 dist=7238 prop=1 stamped=1 dbg=1 last=542 epoch2=39581 sched_n=0
   way1 valid=1 rrpv=0 epoch=39451 dist=7108 prop=1 stamped=1 dbg=1 last=579 epoch2=39451 sched_n=0
   way2 valid=1 rrpv=2 epoch=39581 dist=7238 prop=1 stamped=1 dbg=2 last=606 epoch2=39581 sched_n=0
   way3 valid=1 rrpv=0 epoch=47798 dist=15455 prop=1 stamped=1 dbg=2 last=636 epoch2=47798 sched_n=0
   way4 valid=1 rrpv=1 epoch=39451 dist=7108 prop=1 stamped=1 dbg=3 last=463 epoch2=39451 sched_n=0
   way5 valid=1 rrpv=0 epoch=47863 dist=15520 prop=1 stamped=1 dbg=3 last=695 epoch2=47863 sched_n=0
   way6 valid=1 rrpv=0 epoch=47732 dist=15389 prop=1 stamped=1 dbg=3 last=721 epoch2=47732 sched_n=0
   way7 valid=1 rrpv=7 epoch=0 dist=33192 prop=0 stamped=0 dbg=3 last=752 epoch2=0 sched_n=0   <== VICTIM
   -> victim=way7 reason=max-rrpv record by recency
[EVICT L3 pol=ECG:rrip_first curEpoch=32343 set_ways=8]
   way0 valid=1 rrpv=0 epoch=39581 dist=7238 prop=1 stamped=1 dbg=1 last=542 epoch2=39581 sched_n=0
   way1 valid=1 rrpv=0 epoch=39451 dist=7108 prop=1 stamped=1 dbg=1 last=579 epoch2=39451 sched_n=0
   way2 valid=1 rrpv=2 epoch=39581 dist=7238 prop=1 stamped=1 dbg=2 last=606 epoch2=39581 sched_n=0
   way3 valid=1 rrpv=0 epoch=47798 dist=15455 prop=1 stamped=1 dbg=2 last=636 epoch2=47798 sched_n=0
   way4 valid=1 rrpv=1 epoch=39451 dist=7108 prop=1 stamped=1 dbg=3 last=463 epoch2=39451 sched_n=0
   way5 valid=1 rrpv=0 epoch=47863 dist=15520 prop=1 stamped=1 dbg=3 last=695 epoch2=47863 sched_n=0
   way6 valid=1 rrpv=0 epoch=47732 dist=15389 prop=1 stamped=1 dbg=3 last=721 epoch2=47732 sched_n=0
   way7 valid=1 rrpv=7 epoch=0 dist=33192 prop=1 stamped=0 dbg=3 last=756 epoch2=0 sched_n=0   <== VICTIM
   -> victim=way7 reason=max-rrpv farthest-epoch property
[EVICT L3 pol=ECG:rrip_first curEpoch=32408 set_ways=8]
   way0 valid=1 rrpv=0 epoch=39386 dist=6978 prop=1 stamped=1 dbg=1 last=514 epoch2=39386 sched_n=0
   way1 valid=1 rrpv=0 epoch=47928 dist=15520 prop=1 stamped=1 dbg=1 last=553 epoch2=47928 sched_n=0
   way2 valid=1 rrpv=0 epoch=48254 dist=15846 prop=1 stamped=1 dbg=1 last=587 epoch2=48254 sched_n=0
   way3 valid=1 rrpv=0 epoch=47798 dist=15390 prop=1 stamped=1 dbg=2 last=616 epoch2=47798 sched_n=0
   way4 valid=1 rrpv=0 epoch=47798 dist=15390 prop=1 stamped=1 dbg=2 last=644 epoch2=47798 sched_n=0
   way5 valid=1 rrpv=7 epoch=0 dist=33127 prop=0 stamped=0 dbg=3 last=753 epoch2=0 sched_n=0   <== VICTIM
   way6 valid=1 rrpv=0 epoch=48450 dist=16042 prop=1 stamped=1 dbg=3 last=702 epoch2=48450 sched_n=0
   way7 valid=1 rrpv=1 epoch=39451 dist=7043 prop=1 stamped=1 dbg=3 last=729 epoch2=39451 sched_n=0
   -> victim=way5 reason=max-rrpv record by recency
[EVICT L3 pol=ECG:rrip_first curEpoch=32734 set_ways=8]
   way0 valid=1 rrpv=0 epoch=39581 dist=6847 prop=1 stamped=1 dbg=1 last=542 epoch2=39581 sched_n=0
   way1 valid=1 rrpv=0 epoch=39451 dist=6717 prop=1 stamped=1 dbg=1 last=579 epoch2=39451 sched_n=0
   way2 valid=1 rrpv=2 epoch=39581 dist=6847 prop=1 stamped=1 dbg=2 last=606 epoch2=39581 sched_n=0
   way3 valid=1 rrpv=0 epoch=47798 dist=15064 prop=1 stamped=1 dbg=2 last=636 epoch2=47798 sched_n=0
   way4 valid=1 rrpv=1 epoch=39451 dist=6717 prop=1 stamped=1 dbg=3 last=463 epoch2=39451 sched_n=0
   way5 valid=1 rrpv=0 epoch=47863 dist=15129 prop=1 stamped=1 dbg=3 last=695 epoch2=47863 sched_n=0
   way6 valid=1 rrpv=0 epoch=47732 dist=14998 prop=1 stamped=1 dbg=3 last=721 epoch2=47732 sched_n=0
   way7 valid=1 rrpv=7 epoch=0 dist=32801 prop=0 stamped=0 dbg=3 last=757 epoch2=0 sched_n=0   <== VICTIM
   -> victim=way7 reason=max-rrpv record by recency
[EVICT L3 pol=ECG:rrip_first curEpoch=33126 set_ways=8]
   way0 valid=1 rrpv=0 epoch=39581 dist=6455 prop=1 stamped=1 dbg=1 last=542 epoch2=39581 sched_n=0
   way1 valid=1 rrpv=0 epoch=39451 dist=6325 prop=1 stamped=1 dbg=1 last=579 epoch2=39451 sched_n=0
   way2 valid=1 rrpv=2 epoch=39581 dist=6455 prop=1 stamped=1 dbg=2 last=606 epoch2=39581 sched_n=0
   way3 valid=1 rrpv=0 epoch=47798 dist=14672 prop=1 stamped=1 dbg=2 last=636 epoch2=47798 sched_n=0
   way4 valid=1 rrpv=1 epoch=39451 dist=6325 prop=1 stamped=1 dbg=3 last=463 epoch2=39451 sched_n=0
   way5 valid=1 rrpv=0 epoch=47863 dist=14737 prop=1 stamped=1 dbg=3 last=695 epoch2=47863 sched_n=0
   way6 valid=1 rrpv=0 epoch=47732 dist=14606 prop=1 stamped=1 dbg=3 last=721 epoch2=47732 sched_n=0
   way7 valid=1 rrpv=7 epoch=0 dist=32409 prop=0 stamped=0 dbg=3 last=759 epoch2=0 sched_n=0   <== VICTIM
   -> victim=way7 reason=max-rrpv record by recency
[EVICT L3 pol=ECG:rrip_first curEpoch=33386 set_ways=8]
   way0 valid=1 rrpv=0 epoch=39386 dist=6000 prop=1 stamped=1 dbg=1 last=514 epoch2=39386 sched_n=0
   way1 valid=1 rrpv=0 epoch=47928 dist=14542 prop=1 stamped=1 dbg=1 last=553 epoch2=47928 sched_n=0
   way2 valid=1 rrpv=0 epoch=48254 dist=14868 prop=1 stamped=1 dbg=1 last=587 epoch2=48254 sched_n=0
   way3 valid=1 rrpv=0 epoch=47798 dist=14412 prop=1 stamped=1 dbg=2 last=616 epoch2=47798 sched_n=0
   way4 valid=1 rrpv=0 epoch=47798 dist=14412 prop=1 stamped=1 dbg=2 last=644 epoch2=47798 sched_n=0
   way5 valid=1 rrpv=7 epoch=0 dist=32149 prop=0 stamped=0 dbg=3 last=758 epoch2=0 sched_n=0   <== VICTIM
   way6 valid=1 rrpv=0 epoch=48450 dist=15064 prop=1 stamped=1 dbg=3 last=702 epoch2=48450 sched_n=0
   way7 valid=1 rrpv=1 epoch=39451 dist=6065 prop=1 stamped=1 dbg=3 last=729 epoch2=39451 sched_n=0
   -> victim=way5 reason=max-rrpv record by recency
[EVICT L3 pol=ECG:rrip_first curEpoch=33517 set_ways=8]
   way0 valid=1 rrpv=0 epoch=48124 dist=14607 prop=1 stamped=1 dbg=1 last=536 epoch2=48124 sched_n=0
   way1 valid=1 rrpv=0 epoch=47732 dist=14215 prop=1 stamped=1 dbg=1 last=572 epoch2=47732 sched_n=0
   way2 valid=1 rrpv=0 epoch=47863 dist=14346 prop=1 stamped=1 dbg=2 last=601 epoch2=47863 sched_n=0
   way3 valid=1 rrpv=0 epoch=48319 dist=14802 prop=1 stamped=1 dbg=2 last=629 epoch2=48319 sched_n=0
   way4 valid=1 rrpv=0 epoch=39516 dist=5999 prop=1 stamped=1 dbg=2 last=657 epoch2=39516 sched_n=0
   way5 valid=1 rrpv=7 epoch=0 dist=32018 prop=0 stamped=0 dbg=3 last=755 epoch2=0 sched_n=0   <== VICTIM
   way6 valid=1 rrpv=1 epoch=39451 dist=5934 prop=1 stamped=1 dbg=3 last=715 epoch2=39451 sched_n=0
   way7 valid=1 rrpv=0 epoch=48124 dist=14607 prop=1 stamped=1 dbg=3 last=745 epoch2=48124 sched_n=0
   -> victim=way5 reason=max-rrpv record by recency
[EVICT L3 pol=ECG:rrip_first curEpoch=33582 set_ways=8]
   way0 valid=1 rrpv=0 epoch=47732 dist=14150 prop=1 stamped=1 dbg=1 last=527 epoch2=47732 sched_n=0
   way1 valid=1 rrpv=0 epoch=48515 dist=14933 prop=1 stamped=1 dbg=1 last=562 epoch2=48515 sched_n=0
   way2 valid=1 rrpv=0 epoch=39581 dist=5999 prop=1 stamped=1 dbg=1 last=592 epoch2=39581 sched_n=0
   way3 valid=1 rrpv=0 epoch=47798 dist=14216 prop=1 stamped=1 dbg=2 last=624 epoch2=47798 sched_n=0
   way4 valid=1 rrpv=0 epoch=47732 dist=14150 prop=1 stamped=1 dbg=2 last=650 epoch2=47732 sched_n=0
   way5 valid=1 rrpv=7 epoch=0 dist=31953 prop=0 stamped=0 dbg=3 last=754 epoch2=0 sched_n=0   <== VICTIM
   way6 valid=1 rrpv=2 epoch=39516 dist=5934 prop=1 stamped=1 dbg=3 last=706 epoch2=39516 sched_n=0
   way7 valid=1 rrpv=0 epoch=48319 dist=14737 prop=1 stamped=1 dbg=3 last=738 epoch2=48319 sched_n=0
   -> victim=way5 reason=max-rrpv record by recency
[EVICT L3 pol=ECG:rrip_first curEpoch=33713 set_ways=8]
   way0 valid=1 rrpv=0 epoch=47732 dist=14019 prop=1 stamped=1 dbg=1 last=527 epoch2=47732 sched_n=0
   way1 valid=1 rrpv=0 epoch=48515 dist=14802 prop=1 stamped=1 dbg=1 last=562 epoch2=48515 sched_n=0
   way2 valid=1 rrpv=0 epoch=39581 dist=5868 prop=1 stamped=1 dbg=1 last=592 epoch2=39581 sched_n=0
   way3 valid=1 rrpv=0 epoch=47798 dist=14085 prop=1 stamped=1 dbg=2 last=624 epoch2=47798 sched_n=0
   way4 valid=1 rrpv=0 epoch=47732 dist=14019 prop=1 stamped=1 dbg=2 last=650 epoch2=47732 sched_n=0
   way5 valid=1 rrpv=7 epoch=0 dist=31822 prop=0 stamped=0 dbg=3 last=763 epoch2=0 sched_n=0   <== VICTIM
   way6 valid=1 rrpv=2 epoch=39516 dist=5803 prop=1 stamped=1 dbg=3 last=706 epoch2=39516 sched_n=0
   way7 valid=1 rrpv=0 epoch=48319 dist=14606 prop=1 stamped=1 dbg=3 last=738 epoch2=48319 sched_n=0
   -> victim=way5 reason=max-rrpv record by recency
[EVICT L3 pol=ECG:rrip_first curEpoch=33778 set_ways=8]
   way0 valid=1 rrpv=0 epoch=39581 dist=5803 prop=1 stamped=1 dbg=1 last=542 epoch2=39581 sched_n=0
   way1 valid=1 rrpv=0 epoch=39451 dist=5673 prop=1 stamped=1 dbg=1 last=579 epoch2=39451 sched_n=0
   way2 valid=1 rrpv=2 epoch=39581 dist=5803 prop=1 stamped=1 dbg=2 last=606 epoch2=39581 sched_n=0
   way3 valid=1 rrpv=0 epoch=47798 dist=14020 prop=1 stamped=1 dbg=2 last=636 epoch2=47798 sched_n=0
   way4 valid=1 rrpv=1 epoch=39451 dist=5673 prop=1 stamped=1 dbg=3 last=463 epoch2=39451 sched_n=0
   way5 valid=1 rrpv=0 epoch=47863 dist=14085 prop=1 stamped=1 dbg=3 last=695 epoch2=47863 sched_n=0
   way6 valid=1 rrpv=0 epoch=47732 dist=13954 prop=1 stamped=1 dbg=3 last=721 epoch2=47732 sched_n=0
   way7 valid=1 rrpv=7 epoch=0 dist=31757 prop=0 stamped=0 dbg=3 last=760 epoch2=0 sched_n=0   <== VICTIM
   -> victim=way7 reason=max-rrpv record by recency
[EVICT L3 pol=ECG:rrip_first curEpoch=33908 set_ways=8]
   way0 valid=1 rrpv=0 epoch=39386 dist=5478 prop=1 stamped=1 dbg=1 last=514 epoch2=39386 sched_n=0
   way1 valid=1 rrpv=0 epoch=47928 dist=14020 prop=1 stamped=1 dbg=1 last=553 epoch2=47928 sched_n=0
   way2 valid=1 rrpv=0 epoch=48254 dist=14346 prop=1 stamped=1 dbg=1 last=587 epoch2=48254 sched_n=0
   way3 valid=1 rrpv=0 epoch=47798 dist=13890 prop=1 stamped=1 dbg=2 last=616 epoch2=47798 sched_n=0
   way4 valid=1 rrpv=0 epoch=47798 dist=13890 prop=1 stamped=1 dbg=2 last=644 epoch2=47798 sched_n=0
   way5 valid=1 rrpv=7 epoch=0 dist=31627 prop=1 stamped=0 dbg=3 last=761 epoch2=0 sched_n=0   <== VICTIM
   way6 valid=1 rrpv=0 epoch=48450 dist=14542 prop=1 stamped=1 dbg=3 last=702 epoch2=48450 sched_n=0
   way7 valid=1 rrpv=1 epoch=39451 dist=5543 prop=1 stamped=1 dbg=3 last=729 epoch2=39451 sched_n=0
   -> victim=way5 reason=max-rrpv farthest-epoch property
[EVICT L3 pol=ECG:rrip_first curEpoch=33908 set_ways=8]
   way0 valid=1 rrpv=0 epoch=39386 dist=5478 prop=1 stamped=1 dbg=1 last=514 epoch2=39386 sched_n=0
   way1 valid=1 rrpv=0 epoch=47928 dist=14020 prop=1 stamped=1 dbg=1 last=553 epoch2=47928 sched_n=0
   way2 valid=1 rrpv=0 epoch=48254 dist=14346 prop=1 stamped=1 dbg=1 last=587 epoch2=48254 sched_n=0
   way3 valid=1 rrpv=0 epoch=47798 dist=13890 prop=1 stamped=1 dbg=2 last=616 epoch2=47798 sched_n=0
   way4 valid=1 rrpv=0 epoch=47798 dist=13890 prop=1 stamped=1 dbg=2 last=644 epoch2=47798 sched_n=0
   way5 valid=1 rrpv=7 epoch=0 dist=31627 prop=0 stamped=0 dbg=3 last=766 epoch2=0 sched_n=0   <== VICTIM
   way6 valid=1 rrpv=0 epoch=48450 dist=14542 prop=1 stamped=1 dbg=3 last=702 epoch2=48450 sched_n=0
   way7 valid=1 rrpv=1 epoch=39451 dist=5543 prop=1 stamped=1 dbg=3 last=729 epoch2=39451 sched_n=0
   -> victim=way5 reason=max-rrpv record by recency
[EVICT L3 pol=ECG:rrip_first curEpoch=34039 set_ways=8]
   way0 valid=1 rrpv=0 epoch=47732 dist=13693 prop=1 stamped=1 dbg=1 last=527 epoch2=47732 sched_n=0
   way1 valid=1 rrpv=0 epoch=48515 dist=14476 prop=1 stamped=1 dbg=1 last=562 epoch2=48515 sched_n=0
   way2 valid=1 rrpv=0 epoch=39581 dist=5542 prop=1 stamped=1 dbg=1 last=592 epoch2=39581 sched_n=0
   way3 valid=1 rrpv=0 epoch=47798 dist=13759 prop=1 stamped=1 dbg=2 last=624 epoch2=47798 sched_n=0
   way4 valid=1 rrpv=0 epoch=47732 dist=13693 prop=1 stamped=1 dbg=2 last=650 epoch2=47732 sched_n=0
   way5 valid=1 rrpv=7 epoch=0 dist=31496 prop=0 stamped=0 dbg=3 last=764 epoch2=0 sched_n=0   <== VICTIM
   way6 valid=1 rrpv=2 epoch=39516 dist=5477 prop=1 stamped=1 dbg=3 last=706 epoch2=39516 sched_n=0
   way7 valid=1 rrpv=0 epoch=48319 dist=14280 prop=1 stamped=1 dbg=3 last=738 epoch2=48319 sched_n=0
   -> victim=way5 reason=max-rrpv record by recency
[EVICT L3 pol=ECG:rrip_first curEpoch=34430 set_ways=8]
   way0 valid=1 rrpv=0 epoch=47732 dist=13302 prop=1 stamped=1 dbg=1 last=527 epoch2=47732 sched_n=0
   way1 valid=1 rrpv=0 epoch=48515 dist=14085 prop=1 stamped=1 dbg=1 last=562 epoch2=48515 sched_n=0
   way2 valid=1 rrpv=0 epoch=39581 dist=5151 prop=1 stamped=1 dbg=1 last=592 epoch2=39581 sched_n=0
   way3 valid=1 rrpv=0 epoch=47798 dist=13368 prop=1 stamped=1 dbg=2 last=624 epoch2=47798 sched_n=0
   way4 valid=1 rrpv=0 epoch=47732 dist=13302 prop=1 stamped=1 dbg=2 last=650 epoch2=47732 sched_n=0
   way5 valid=1 rrpv=7 epoch=0 dist=31105 prop=0 stamped=0 dbg=3 last=768 epoch2=0 sched_n=0   <== VICTIM
   way6 valid=1 rrpv=2 epoch=39516 dist=5086 prop=1 stamped=1 dbg=3 last=706 epoch2=39516 sched_n=0
   way7 valid=1 rrpv=0 epoch=48319 dist=13889 prop=1 stamped=1 dbg=3 last=738 epoch2=48319 sched_n=0
   -> victim=way5 reason=max-rrpv record by recency
[EVICT L3 pol=ECG:rrip_first curEpoch=34625 set_ways=8]
   way0 valid=1 rrpv=0 epoch=39386 dist=4761 prop=1 stamped=1 dbg=1 last=514 epoch2=39386 sched_n=0
   way1 valid=1 rrpv=0 epoch=47928 dist=13303 prop=1 stamped=1 dbg=1 last=553 epoch2=47928 sched_n=0
   way2 valid=1 rrpv=0 epoch=48254 dist=13629 prop=1 stamped=1 dbg=1 last=587 epoch2=48254 sched_n=0
   way3 valid=1 rrpv=0 epoch=47798 dist=13173 prop=1 stamped=1 dbg=2 last=616 epoch2=47798 sched_n=0
   way4 valid=1 rrpv=0 epoch=47798 dist=13173 prop=1 stamped=1 dbg=2 last=644 epoch2=47798 sched_n=0
   way5 valid=1 rrpv=7 epoch=0 dist=30910 prop=0 stamped=0 dbg=3 last=767 epoch2=0 sched_n=0   <== VICTIM
   way6 valid=1 rrpv=0 epoch=48450 dist=13825 prop=1 stamped=1 dbg=3 last=702 epoch2=48450 sched_n=0
   way7 valid=1 rrpv=1 epoch=39451 dist=4826 prop=1 stamped=1 dbg=3 last=729 epoch2=39451 sched_n=0
   -> victim=way5 reason=max-rrpv record by recency
[EVICT L3 pol=ECG:rrip_first curEpoch=34625 set_ways=8]
   way0 valid=1 rrpv=0 epoch=47732 dist=13107 prop=1 stamped=1 dbg=1 last=527 epoch2=47732 sched_n=0
   way1 valid=1 rrpv=0 epoch=48515 dist=13890 prop=1 stamped=1 dbg=1 last=562 epoch2=48515 sched_n=0
   way2 valid=1 rrpv=0 epoch=39581 dist=4956 prop=1 stamped=1 dbg=1 last=592 epoch2=39581 sched_n=0
   way3 valid=1 rrpv=0 epoch=47798 dist=13173 prop=1 stamped=1 dbg=2 last=624 epoch2=47798 sched_n=0
   way4 valid=1 rrpv=0 epoch=47732 dist=13107 prop=1 stamped=1 dbg=2 last=650 epoch2=47732 sched_n=0
   way5 valid=1 rrpv=7 epoch=0 dist=30910 prop=1 stamped=0 dbg=3 last=769 epoch2=0 sched_n=0   <== VICTIM
   way6 valid=1 rrpv=2 epoch=39516 dist=4891 prop=1 stamped=1 dbg=3 last=706 epoch2=39516 sched_n=0
   way7 valid=1 rrpv=0 epoch=48319 dist=13694 prop=1 stamped=1 dbg=3 last=738 epoch2=48319 sched_n=0
   -> victim=way5 reason=max-rrpv farthest-epoch property
[EVICT L3 pol=ECG:rrip_first curEpoch=34691 set_ways=8]
   way0 valid=1 rrpv=0 epoch=48124 dist=13433 prop=1 stamped=1 dbg=1 last=536 epoch2=48124 sched_n=0
   way1 valid=1 rrpv=0 epoch=47732 dist=13041 prop=1 stamped=1 dbg=1 last=572 epoch2=47732 sched_n=0
   way2 valid=1 rrpv=0 epoch=47863 dist=13172 prop=1 stamped=1 dbg=2 last=601 epoch2=47863 sched_n=0
   way3 valid=1 rrpv=0 epoch=48319 dist=13628 prop=1 stamped=1 dbg=2 last=629 epoch2=48319 sched_n=0
   way4 valid=1 rrpv=0 epoch=39516 dist=4825 prop=1 stamped=1 dbg=2 last=657 epoch2=39516 sched_n=0
   way5 valid=1 rrpv=7 epoch=0 dist=30844 prop=0 stamped=0 dbg=3 last=762 epoch2=0 sched_n=0   <== VICTIM
   way6 valid=1 rrpv=1 epoch=39451 dist=4760 prop=1 stamped=1 dbg=3 last=715 epoch2=39451 sched_n=0
   way7 valid=1 rrpv=0 epoch=48124 dist=13433 prop=1 stamped=1 dbg=3 last=745 epoch2=48124 sched_n=0
   -> victim=way5 reason=max-rrpv record by recency
[EVICT L3 pol=ECG:rrip_first curEpoch=34691 set_ways=8]
   way0 valid=1 rrpv=0 epoch=39581 dist=4890 prop=1 stamped=1 dbg=1 last=542 epoch2=39581 sched_n=0
   way1 valid=1 rrpv=0 epoch=39451 dist=4760 prop=1 stamped=1 dbg=1 last=579 epoch2=39451 sched_n=0
   way2 valid=1 rrpv=2 epoch=39581 dist=4890 prop=1 stamped=1 dbg=2 last=606 epoch2=39581 sched_n=0
   way3 valid=1 rrpv=0 epoch=47798 dist=13107 prop=1 stamped=1 dbg=2 last=636 epoch2=47798 sched_n=0
   way4 valid=1 rrpv=1 epoch=39451 dist=4760 prop=1 stamped=1 dbg=3 last=463 epoch2=39451 sched_n=0
   way5 valid=1 rrpv=0 epoch=47863 dist=13172 prop=1 stamped=1 dbg=3 last=695 epoch2=47863 sched_n=0
   way6 valid=1 rrpv=0 epoch=47732 dist=13041 prop=1 stamped=1 dbg=3 last=721 epoch2=47732 sched_n=0
   way7 valid=1 rrpv=7 epoch=0 dist=30844 prop=0 stamped=0 dbg=3 last=765 epoch2=0 sched_n=0   <== VICTIM
   -> victim=way7 reason=max-rrpv record by recency
[EVICT L3 pol=ECG:rrip_first curEpoch=34756 set_ways=8]
   way0 valid=1 rrpv=0 epoch=39386 dist=4630 prop=1 stamped=1 dbg=1 last=514 epoch2=39386 sched_n=0
   way1 valid=1 rrpv=0 epoch=47928 dist=13172 prop=1 stamped=1 dbg=1 last=553 epoch2=47928 sched_n=0
   way2 valid=1 rrpv=0 epoch=48254 dist=13498 prop=1 stamped=1 dbg=1 last=587 epoch2=48254 sched_n=0
   way3 valid=1 rrpv=0 epoch=47798 dist=13042 prop=1 stamped=1 dbg=2 last=616 epoch2=47798 sched_n=0
   way4 valid=1 rrpv=0 epoch=47798 dist=13042 prop=1 stamped=1 dbg=2 last=644 epoch2=47798 sched_n=0
   way5 valid=1 rrpv=7 epoch=0 dist=30779 prop=0 stamped=0 dbg=3 last=770 epoch2=0 sched_n=0   <== VICTIM
   way6 valid=1 rrpv=0 epoch=48450 dist=13694 prop=1 stamped=1 dbg=3 last=702 epoch2=48450 sched_n=0
   way7 valid=1 rrpv=1 epoch=39451 dist=4695 prop=1 stamped=1 dbg=3 last=729 epoch2=39451 sched_n=0
   -> victim=way5 reason=max-rrpv record by recency
[EVICT L3 pol=ECG:rrip_first curEpoch=34756 set_ways=8]
   way0 valid=1 rrpv=0 epoch=47732 dist=12976 prop=1 stamped=1 dbg=1 last=527 epoch2=47732 sched_n=0
   way1 valid=1 rrpv=0 epoch=48515 dist=13759 prop=1 stamped=1 dbg=1 last=562 epoch2=48515 sched_n=0
   way2 valid=1 rrpv=0 epoch=39581 dist=4825 prop=1 stamped=1 dbg=1 last=592 epoch2=39581 sched_n=0
   way3 valid=1 rrpv=0 epoch=47798 dist=13042 prop=1 stamped=1 dbg=2 last=624 epoch2=47798 sched_n=0
   way4 valid=1 rrpv=0 epoch=47732 dist=12976 prop=1 stamped=1 dbg=2 last=650 epoch2=47732 sched_n=0
   way5 valid=1 rrpv=7 epoch=0 dist=30779 prop=0 stamped=0 dbg=3 last=771 epoch2=0 sched_n=0   <== VICTIM
   way6 valid=1 rrpv=2 epoch=39516 dist=4760 prop=1 stamped=1 dbg=3 last=706 epoch2=39516 sched_n=0
   way7 valid=1 rrpv=0 epoch=48319 dist=13563 prop=1 stamped=1 dbg=3 last=738 epoch2=48319 sched_n=0
   -> victim=way5 reason=max-rrpv record by recency
[EVICT L3 pol=ECG:rrip_first curEpoch=35017 set_ways=8]
   way0 valid=1 rrpv=0 epoch=39386 dist=4369 prop=1 stamped=1 dbg=1 last=514 epoch2=39386 sched_n=0
   way1 valid=1 rrpv=0 epoch=47928 dist=12911 prop=1 stamped=1 dbg=1 last=553 epoch2=47928 sched_n=0
   way2 valid=1 rrpv=0 epoch=48254 dist=13237 prop=1 stamped=1 dbg=1 last=587 epoch2=48254 sched_n=0
   way3 valid=1 rrpv=0 epoch=47798 dist=12781 prop=1 stamped=1 dbg=2 last=616 epoch2=47798 sched_n=0
   way4 valid=1 rrpv=0 epoch=47798 dist=12781 prop=1 stamped=1 dbg=2 last=644 epoch2=47798 sched_n=0
   way5 valid=1 rrpv=7 epoch=0 dist=30518 prop=0 stamped=0 dbg=3 last=774 epoch2=0 sched_n=0   <== VICTIM
   way6 valid=1 rrpv=0 epoch=48450 dist=13433 prop=1 stamped=1 dbg=3 last=702 epoch2=48450 sched_n=0
   way7 valid=1 rrpv=1 epoch=39451 dist=4434 prop=1 stamped=1 dbg=3 last=729 epoch2=39451 sched_n=0
   -> victim=way5 reason=max-rrpv record by recency
[EVICT L3 pol=ECG:rrip_first curEpoch=35147 set_ways=8]
   way0 valid=1 rrpv=0 epoch=39386 dist=4239 prop=1 stamped=1 dbg=1 last=514 epoch2=39386 sched_n=0
   way1 valid=1 rrpv=0 epoch=47928 dist=12781 prop=1 stamped=1 dbg=1 last=553 epoch2=47928 sched_n=0
   way2 valid=1 rrpv=0 epoch=48254 dist=13107 prop=1 stamped=1 dbg=1 last=587 epoch2=48254 sched_n=0
   way3 valid=1 rrpv=0 epoch=47798 dist=12651 prop=1 stamped=1 dbg=2 last=616 epoch2=47798 sched_n=0
   way4 valid=1 rrpv=0 epoch=47798 dist=12651 prop=1 stamped=1 dbg=2 last=644 epoch2=47798 sched_n=0
   way5 valid=1 rrpv=7 epoch=0 dist=30388 prop=0 stamped=0 dbg=3 last=776 epoch2=0 sched_n=0   <== VICTIM
   way6 valid=1 rrpv=0 epoch=48450 dist=13303 prop=1 stamped=1 dbg=3 last=702 epoch2=48450 sched_n=0
   way7 valid=1 rrpv=1 epoch=39451 dist=4304 prop=1 stamped=1 dbg=3 last=729 epoch2=39451 sched_n=0
   -> victim=way5 reason=max-rrpv record by recency
[EVICT L3 pol=ECG:rrip_first curEpoch=35147 set_ways=8]
   way0 valid=1 rrpv=0 epoch=47732 dist=12585 prop=1 stamped=1 dbg=1 last=527 epoch2=47732 sched_n=0
   way1 valid=1 rrpv=0 epoch=48515 dist=13368 prop=1 stamped=1 dbg=1 last=562 epoch2=48515 sched_n=0
   way2 valid=1 rrpv=0 epoch=39581 dist=4434 prop=1 stamped=1 dbg=1 last=592 epoch2=39581 sched_n=0
   way3 valid=1 rrpv=0 epoch=47798 dist=12651 prop=1 stamped=1 dbg=2 last=624 epoch2=47798 sched_n=0
   way4 valid=1 rrpv=0 epoch=47732 dist=12585 prop=1 stamped=1 dbg=2 last=650 epoch2=47732 sched_n=0
   way5 valid=1 rrpv=7 epoch=0 dist=30388 prop=0 stamped=0 dbg=3 last=775 epoch2=0 sched_n=0   <== VICTIM
   way6 valid=1 rrpv=2 epoch=39516 dist=4369 prop=1 stamped=1 dbg=3 last=706 epoch2=39516 sched_n=0
   way7 valid=1 rrpv=0 epoch=48319 dist=13172 prop=1 stamped=1 dbg=3 last=738 epoch2=48319 sched_n=0
   -> victim=way5 reason=max-rrpv record by recency
[EVICT L3 pol=ECG:rrip_first curEpoch=35343 set_ways=8]
   way0 valid=1 rrpv=0 epoch=47732 dist=12389 prop=1 stamped=1 dbg=1 last=527 epoch2=47732 sched_n=0
   way1 valid=1 rrpv=0 epoch=48515 dist=13172 prop=1 stamped=1 dbg=1 last=562 epoch2=48515 sched_n=0
   way2 valid=1 rrpv=0 epoch=39581 dist=4238 prop=1 stamped=1 dbg=1 last=592 epoch2=39581 sched_n=0
   way3 valid=1 rrpv=0 epoch=47798 dist=12455 prop=1 stamped=1 dbg=2 last=624 epoch2=47798 sched_n=0
   way4 valid=1 rrpv=0 epoch=47732 dist=12389 prop=1 stamped=1 dbg=2 last=650 epoch2=47732 sched_n=0
   way5 valid=1 rrpv=7 epoch=0 dist=30192 prop=0 stamped=0 dbg=3 last=778 epoch2=0 sched_n=0   <== VICTIM
   way6 valid=1 rrpv=2 epoch=39516 dist=4173 prop=1 stamped=1 dbg=3 last=706 epoch2=39516 sched_n=0
   way7 valid=1 rrpv=0 epoch=48319 dist=12976 prop=1 stamped=1 dbg=3 last=738 epoch2=48319 sched_n=0
   -> victim=way5 reason=max-rrpv record by recency
[EVICT L3 pol=ECG:rrip_first curEpoch=35473 set_ways=8]
   way0 valid=1 rrpv=0 epoch=48124 dist=12651 prop=1 stamped=1 dbg=1 last=536 epoch2=48124 sched_n=0
   way1 valid=1 rrpv=0 epoch=47732 dist=12259 prop=1 stamped=1 dbg=1 last=572 epoch2=47732 sched_n=0
   way2 valid=1 rrpv=0 epoch=47863 dist=12390 prop=1 stamped=1 dbg=2 last=601 epoch2=47863 sched_n=0
   way3 valid=1 rrpv=0 epoch=48319 dist=12846 prop=1 stamped=1 dbg=2 last=629 epoch2=48319 sched_n=0
   way4 valid=1 rrpv=0 epoch=39516 dist=4043 prop=1 stamped=1 dbg=2 last=657 epoch2=39516 sched_n=0
   way5 valid=1 rrpv=7 epoch=0 dist=30062 prop=0 stamped=0 dbg=3 last=772 epoch2=0 sched_n=0   <== VICTIM
   way6 valid=1 rrpv=1 epoch=39451 dist=3978 prop=1 stamped=1 dbg=3 last=715 epoch2=39451 sched_n=0
   way7 valid=1 rrpv=0 epoch=48124 dist=12651 prop=1 stamped=1 dbg=3 last=745 epoch2=48124 sched_n=0
   -> victim=way5 reason=max-rrpv record by recency
[EVICT L3 pol=ECG:rrip_first curEpoch=35604 set_ways=8]
   way0 valid=1 rrpv=0 epoch=48124 dist=12520 prop=1 stamped=1 dbg=1 last=536 epoch2=48124 sched_n=0
   way1 valid=1 rrpv=0 epoch=47732 dist=12128 prop=1 stamped=1 dbg=1 last=572 epoch2=47732 sched_n=0
   way2 valid=1 rrpv=0 epoch=47863 dist=12259 prop=1 stamped=1 dbg=2 last=601 epoch2=47863 sched_n=0
   way3 valid=1 rrpv=0 epoch=48319 dist=12715 prop=1 stamped=1 dbg=2 last=629 epoch2=48319 sched_n=0
   way4 valid=1 rrpv=0 epoch=39516 dist=3912 prop=1 stamped=1 dbg=2 last=657 epoch2=39516 sched_n=0
   way5 valid=1 rrpv=7 epoch=0 dist=29931 prop=1 stamped=0 dbg=3 last=780 epoch2=0 sched_n=0   <== VICTIM
   way6 valid=1 rrpv=1 epoch=39451 dist=3847 prop=1 stamped=1 dbg=3 last=715 epoch2=39451 sched_n=0
   way7 valid=1 rrpv=0 epoch=48124 dist=12520 prop=1 stamped=1 dbg=3 last=745 epoch2=48124 sched_n=0
   -> victim=way5 reason=max-rrpv farthest-epoch property
[EVICT L3 pol=ECG:rrip_first curEpoch=35669 set_ways=8]
   way0 valid=1 rrpv=0 epoch=39581 dist=3912 prop=1 stamped=1 dbg=1 last=542 epoch2=39581 sched_n=0
   way1 valid=1 rrpv=0 epoch=39451 dist=3782 prop=1 stamped=1 dbg=1 last=579 epoch2=39451 sched_n=0
   way2 valid=1 rrpv=2 epoch=39581 dist=3912 prop=1 stamped=1 dbg=2 last=606 epoch2=39581 sched_n=0
   way3 valid=1 rrpv=0 epoch=47798 dist=12129 prop=1 stamped=1 dbg=2 last=636 epoch2=47798 sched_n=0
   way4 valid=1 rrpv=1 epoch=39451 dist=3782 prop=1 stamped=1 dbg=3 last=463 epoch2=39451 sched_n=0
   way5 valid=1 rrpv=0 epoch=47863 dist=12194 prop=1 stamped=1 dbg=3 last=695 epoch2=47863 sched_n=0
   way6 valid=1 rrpv=0 epoch=47732 dist=12063 prop=1 stamped=1 dbg=3 last=721 epoch2=47732 sched_n=0
   way7 valid=1 rrpv=7 epoch=0 dist=29866 prop=0 stamped=0 dbg=3 last=773 epoch2=0 sched_n=0   <== VICTIM
   -> victim=way7 reason=max-rrpv record by recency
[EVICT L3 pol=ECG:rrip_first curEpoch=35734 set_ways=8]
   way0 valid=1 rrpv=0 epoch=39386 dist=3652 prop=1 stamped=1 dbg=1 last=514 epoch2=39386 sched_n=0
   way1 valid=1 rrpv=0 epoch=47928 dist=12194 prop=1 stamped=1 dbg=1 last=553 epoch2=47928 sched_n=0
   way2 valid=1 rrpv=0 epoch=48254 dist=12520 prop=1 stamped=1 dbg=1 last=587 epoch2=48254 sched_n=0
   way3 valid=1 rrpv=0 epoch=47798 dist=12064 prop=1 stamped=1 dbg=2 last=616 epoch2=47798 sched_n=0
   way4 valid=1 rrpv=0 epoch=47798 dist=12064 prop=1 stamped=1 dbg=2 last=644 epoch2=47798 sched_n=0
   way5 valid=1 rrpv=7 epoch=0 dist=29801 prop=0 stamped=0 dbg=3 last=777 epoch2=0 sched_n=0   <== VICTIM
   way6 valid=1 rrpv=0 epoch=48450 dist=12716 prop=1 stamped=1 dbg=3 last=702 epoch2=48450 sched_n=0
   way7 valid=1 rrpv=1 epoch=39451 dist=3717 prop=1 stamped=1 dbg=3 last=729 epoch2=39451 sched_n=0
   -> victim=way5 reason=max-rrpv record by recency
[EVICT L3 pol=ECG:rrip_first curEpoch=35864 set_ways=8]
   way0 valid=1 rrpv=0 epoch=39386 dist=3522 prop=1 stamped=1 dbg=1 last=514 epoch2=39386 sched_n=0
   way1 valid=1 rrpv=0 epoch=47928 dist=12064 prop=1 stamped=1 dbg=1 last=553 epoch2=47928 sched_n=0
   way2 valid=1 rrpv=0 epoch=48254 dist=12390 prop=1 stamped=1 dbg=1 last=587 epoch2=48254 sched_n=0
   way3 valid=1 rrpv=0 epoch=47798 dist=11934 prop=1 stamped=1 dbg=2 last=616 epoch2=47798 sched_n=0
   way4 valid=1 rrpv=0 epoch=47798 dist=11934 prop=1 stamped=1 dbg=2 last=644 epoch2=47798 sched_n=0
   way5 valid=1 rrpv=7 epoch=0 dist=29671 prop=0 stamped=0 dbg=3 last=783 epoch2=0 sched_n=0   <== VICTIM
   way6 valid=1 rrpv=0 epoch=48450 dist=12586 prop=1 stamped=1 dbg=3 last=702 epoch2=48450 sched_n=0
   way7 valid=1 rrpv=1 epoch=39451 dist=3587 prop=1 stamped=1 dbg=3 last=729 epoch2=39451 sched_n=0
   -> victim=way5 reason=max-rrpv record by recency
[EVICT L3 pol=ECG:rrip_first curEpoch=35995 set_ways=8]
   way0 valid=1 rrpv=0 epoch=47732 dist=11737 prop=1 stamped=1 dbg=1 last=527 epoch2=47732 sched_n=0
   way1 valid=1 rrpv=0 epoch=48515 dist=12520 prop=1 stamped=1 dbg=1 last=562 epoch2=48515 sched_n=0
   way2 valid=1 rrpv=0 epoch=39581 dist=3586 prop=1 stamped=1 dbg=1 last=592 epoch2=39581 sched_n=0
   way3 valid=1 rrpv=0 epoch=47798 dist=11803 prop=1 stamped=1 dbg=2 last=624 epoch2=47798 sched_n=0
   way4 valid=1 rrpv=0 epoch=47732 dist=11737 prop=1 stamped=1 dbg=2 last=650 epoch2=47732 sched_n=0
   way5 valid=1 rrpv=7 epoch=0 dist=29540 prop=0 stamped=0 dbg=3 last=779 epoch2=0 sched_n=0   <== VICTIM
   way6 valid=1 rrpv=2 epoch=39516 dist=3521 prop=1 stamped=1 dbg=3 last=706 epoch2=39516 sched_n=0
   way7 valid=1 rrpv=0 epoch=48319 dist=12324 prop=1 stamped=1 dbg=3 last=738 epoch2=48319 sched_n=0
   -> victim=way5 reason=max-rrpv record by recency
[EVICT L3 pol=ECG:rrip_first curEpoch=36256 set_ways=8]
   way0 valid=1 rrpv=0 epoch=48124 dist=11868 prop=1 stamped=1 dbg=1 last=536 epoch2=48124 sched_n=0
   way1 valid=1 rrpv=0 epoch=47732 dist=11476 prop=1 stamped=1 dbg=1 last=572 epoch2=47732 sched_n=0
   way2 valid=1 rrpv=0 epoch=47863 dist=11607 prop=1 stamped=1 dbg=2 last=601 epoch2=47863 sched_n=0
   way3 valid=1 rrpv=0 epoch=48319 dist=12063 prop=1 stamped=1 dbg=2 last=629 epoch2=48319 sched_n=0
   way4 valid=1 rrpv=0 epoch=39516 dist=3260 prop=1 stamped=1 dbg=2 last=657 epoch2=39516 sched_n=0
   way5 valid=1 rrpv=7 epoch=0 dist=29279 prop=0 stamped=0 dbg=3 last=781 epoch2=0 sched_n=0   <== VICTIM
   way6 valid=1 rrpv=1 epoch=39451 dist=3195 prop=1 stamped=1 dbg=3 last=715 epoch2=39451 sched_n=0
   way7 valid=1 rrpv=0 epoch=48124 dist=11868 prop=1 stamped=1 dbg=3 last=745 epoch2=48124 sched_n=0
   -> victim=way5 reason=max-rrpv record by recency
[EVICT L3 pol=ECG:rrip_first curEpoch=36517 set_ways=8]
   way0 valid=1 rrpv=0 epoch=39581 dist=3064 prop=1 stamped=1 dbg=1 last=542 epoch2=39581 sched_n=0
   way1 valid=1 rrpv=0 epoch=39451 dist=2934 prop=1 stamped=1 dbg=1 last=579 epoch2=39451 sched_n=0
   way2 valid=1 rrpv=2 epoch=39581 dist=3064 prop=1 stamped=1 dbg=2 last=606 epoch2=39581 sched_n=0
   way3 valid=1 rrpv=0 epoch=47798 dist=11281 prop=1 stamped=1 dbg=2 last=636 epoch2=47798 sched_n=0
   way4 valid=1 rrpv=1 epoch=39451 dist=2934 prop=1 stamped=1 dbg=3 last=463 epoch2=39451 sched_n=0
   way5 valid=1 rrpv=0 epoch=47863 dist=11346 prop=1 stamped=1 dbg=3 last=695 epoch2=47863 sched_n=0
   way6 valid=1 rrpv=0 epoch=47732 dist=11215 prop=1 stamped=1 dbg=3 last=721 epoch2=47732 sched_n=0
   way7 valid=1 rrpv=7 epoch=0 dist=29018 prop=0 stamped=0 dbg=3 last=782 epoch2=0 sched_n=0   <== VICTIM
   -> victim=way7 reason=max-rrpv record by recency
[EVICT L3 pol=ECG:rrip_first curEpoch=36517 set_ways=8]
   way0 valid=1 rrpv=0 epoch=48124 dist=11607 prop=1 stamped=1 dbg=1 last=536 epoch2=48124 sched_n=0
   way1 valid=1 rrpv=0 epoch=47732 dist=11215 prop=1 stamped=1 dbg=1 last=572 epoch2=47732 sched_n=0
   way2 valid=1 rrpv=0 epoch=47863 dist=11346 prop=1 stamped=1 dbg=2 last=601 epoch2=47863 sched_n=0
   way3 valid=1 rrpv=0 epoch=48319 dist=11802 prop=1 stamped=1 dbg=2 last=629 epoch2=48319 sched_n=0
   way4 valid=1 rrpv=0 epoch=39516 dist=2999 prop=1 stamped=1 dbg=2 last=657 epoch2=39516 sched_n=0
   way5 valid=1 rrpv=7 epoch=0 dist=29018 prop=0 stamped=0 dbg=3 last=786 epoch2=0 sched_n=0   <== VICTIM
   way6 valid=1 rrpv=1 epoch=39451 dist=2934 prop=1 stamped=1 dbg=3 last=715 epoch2=39451 sched_n=0
   way7 valid=1 rrpv=0 epoch=48124 dist=11607 prop=1 stamped=1 dbg=3 last=745 epoch2=48124 sched_n=0
   -> victim=way5 reason=max-rrpv record by recency
[EVICT L3 pol=ECG:rrip_first curEpoch=36777 set_ways=8]
   way0 valid=1 rrpv=0 epoch=39386 dist=2609 prop=1 stamped=1 dbg=1 last=514 epoch2=39386 sched_n=0
   way1 valid=1 rrpv=0 epoch=47928 dist=11151 prop=1 stamped=1 dbg=1 last=553 epoch2=47928 sched_n=0
   way2 valid=1 rrpv=0 epoch=48254 dist=11477 prop=1 stamped=1 dbg=1 last=587 epoch2=48254 sched_n=0
   way3 valid=1 rrpv=0 epoch=47798 dist=11021 prop=1 stamped=1 dbg=2 last=616 epoch2=47798 sched_n=0
   way4 valid=1 rrpv=0 epoch=47798 dist=11021 prop=1 stamped=1 dbg=2 last=644 epoch2=47798 sched_n=0
   way5 valid=1 rrpv=7 epoch=0 dist=28758 prop=0 stamped=0 dbg=3 last=784 epoch2=0 sched_n=0   <== VICTIM
   way6 valid=1 rrpv=0 epoch=48450 dist=11673 prop=1 stamped=1 dbg=3 last=702 epoch2=48450 sched_n=0
   way7 valid=1 rrpv=1 epoch=39451 dist=2674 prop=1 stamped=1 dbg=3 last=729 epoch2=39451 sched_n=0
   -> victim=way5 reason=max-rrpv record by recency
[EVICT L3 pol=ECG:rrip_first curEpoch=37038 set_ways=8]
   way0 valid=1 rrpv=0 epoch=39581 dist=2543 prop=1 stamped=1 dbg=1 last=542 epoch2=39581 sched_n=0
   way1 valid=1 rrpv=0 epoch=39451 dist=2413 prop=1 stamped=1 dbg=1 last=579 epoch2=39451 sched_n=0
   way2 valid=1 rrpv=2 epoch=39581 dist=2543 prop=1 stamped=1 dbg=2 last=606 epoch2=39581 sched_n=0
   way3 valid=1 rrpv=0 epoch=47798 dist=10760 prop=1 stamped=1 dbg=2 last=636 epoch2=47798 sched_n=0
   way4 valid=1 rrpv=1 epoch=39451 dist=2413 prop=1 stamped=1 dbg=3 last=463 epoch2=39451 sched_n=0
   way5 valid=1 rrpv=0 epoch=47863 dist=10825 prop=1 stamped=1 dbg=3 last=695 epoch2=47863 sched_n=0
   way6 valid=1 rrpv=0 epoch=47732 dist=10694 prop=1 stamped=1 dbg=3 last=721 epoch2=47732 sched_n=0
   way7 valid=1 rrpv=7 epoch=0 dist=28497 prop=1 stamped=0 dbg=3 last=787 epoch2=0 sched_n=0   <== VICTIM
   -> victim=way7 reason=max-rrpv farthest-epoch property
[EVICT L3 pol=ECG:rrip_first curEpoch=37103 set_ways=8]
   way0 valid=1 rrpv=0 epoch=47732 dist=10629 prop=1 stamped=1 dbg=1 last=527 epoch2=47732 sched_n=0
   way1 valid=1 rrpv=0 epoch=48515 dist=11412 prop=1 stamped=1 dbg=1 last=562 epoch2=48515 sched_n=0
   way2 valid=1 rrpv=0 epoch=39581 dist=2478 prop=1 stamped=1 dbg=1 last=592 epoch2=39581 sched_n=0
   way3 valid=1 rrpv=0 epoch=47798 dist=10695 prop=1 stamped=1 dbg=2 last=624 epoch2=47798 sched_n=0
   way4 valid=1 rrpv=0 epoch=47732 dist=10629 prop=1 stamped=1 dbg=2 last=650 epoch2=47732 sched_n=0
   way5 valid=1 rrpv=7 epoch=0 dist=28432 prop=0 stamped=0 dbg=3 last=785 epoch2=0 sched_n=0   <== VICTIM
   way6 valid=1 rrpv=2 epoch=39516 dist=2413 prop=1 stamped=1 dbg=3 last=706 epoch2=39516 sched_n=0
   way7 valid=1 rrpv=0 epoch=48319 dist=11216 prop=1 stamped=1 dbg=3 last=738 epoch2=48319 sched_n=0
   -> victim=way5 reason=max-rrpv record by recency
[EVICT L3 pol=ECG:rrip_first curEpoch=37169 set_ways=8]
   way0 valid=1 rrpv=0 epoch=39581 dist=2412 prop=1 stamped=1 dbg=1 last=542 epoch2=39581 sched_n=0
   way1 valid=1 rrpv=0 epoch=39451 dist=2282 prop=1 stamped=1 dbg=1 last=579 epoch2=39451 sched_n=0
   way2 valid=1 rrpv=2 epoch=39581 dist=2412 prop=1 stamped=1 dbg=2 last=606 epoch2=39581 sched_n=0
   way3 valid=1 rrpv=0 epoch=47798 dist=10629 prop=1 stamped=1 dbg=2 last=636 epoch2=47798 sched_n=0
   way4 valid=1 rrpv=1 epoch=39451 dist=2282 prop=1 stamped=1 dbg=3 last=463 epoch2=39451 sched_n=0
   way5 valid=1 rrpv=0 epoch=47863 dist=10694 prop=1 stamped=1 dbg=3 last=695 epoch2=47863 sched_n=0
   way6 valid=1 rrpv=0 epoch=47732 dist=10563 prop=1 stamped=1 dbg=3 last=721 epoch2=47732 sched_n=0
   way7 valid=1 rrpv=7 epoch=0 dist=28366 prop=0 stamped=0 dbg=3 last=790 epoch2=0 sched_n=0   <== VICTIM
   -> victim=way7 reason=max-rrpv record by recency
[EVICT L3 pol=ECG:rrip_first curEpoch=37364 set_ways=8]
   way0 valid=1 rrpv=0 epoch=48124 dist=10760 prop=1 stamped=1 dbg=1 last=536 epoch2=48124 sched_n=0
   way1 valid=1 rrpv=0 epoch=47732 dist=10368 prop=1 stamped=1 dbg=1 last=572 epoch2=47732 sched_n=0
   way2 valid=1 rrpv=0 epoch=47863 dist=10499 prop=1 stamped=1 dbg=2 last=601 epoch2=47863 sched_n=0
   way3 valid=1 rrpv=0 epoch=48319 dist=10955 prop=1 stamped=1 dbg=2 last=629 epoch2=48319 sched_n=0
   way4 valid=1 rrpv=0 epoch=39516 dist=2152 prop=1 stamped=1 dbg=2 last=657 epoch2=39516 sched_n=0
   way5 valid=1 rrpv=7 epoch=0 dist=28171 prop=0 stamped=0 dbg=3 last=788 epoch2=0 sched_n=0   <== VICTIM
   way6 valid=1 rrpv=1 epoch=39451 dist=2087 prop=1 stamped=1 dbg=3 last=715 epoch2=39451 sched_n=0
   way7 valid=1 rrpv=0 epoch=48124 dist=10760 prop=1 stamped=1 dbg=3 last=745 epoch2=48124 sched_n=0
   -> victim=way5 reason=max-rrpv record by recency
[EVICT L3 pol=ECG:rrip_first curEpoch=37560 set_ways=8]
   way0 valid=1 rrpv=0 epoch=39386 dist=1826 prop=1 stamped=1 dbg=1 last=514 epoch2=39386 sched_n=0
   way1 valid=1 rrpv=0 epoch=47928 dist=10368 prop=1 stamped=1 dbg=1 last=553 epoch2=47928 sched_n=0
   way2 valid=1 rrpv=0 epoch=48254 dist=10694 prop=1 stamped=1 dbg=1 last=587 epoch2=48254 sched_n=0
   way3 valid=1 rrpv=0 epoch=47798 dist=10238 prop=1 stamped=1 dbg=2 last=616 epoch2=47798 sched_n=0
   way4 valid=1 rrpv=0 epoch=47798 dist=10238 prop=1 stamped=1 dbg=2 last=644 epoch2=47798 sched_n=0
   way5 valid=1 rrpv=7 epoch=0 dist=27975 prop=0 stamped=0 dbg=3 last=789 epoch2=0 sched_n=0   <== VICTIM
   way6 valid=1 rrpv=0 epoch=48450 dist=10890 prop=1 stamped=1 dbg=3 last=702 epoch2=48450 sched_n=0
   way7 valid=1 rrpv=1 epoch=39451 dist=1891 prop=1 stamped=1 dbg=3 last=729 epoch2=39451 sched_n=0
   -> victim=way5 reason=max-rrpv record by recency
[EVICT L3 pol=ECG:rrip_first curEpoch=37560 set_ways=8]
   way0 valid=1 rrpv=0 epoch=48124 dist=10564 prop=1 stamped=1 dbg=1 last=536 epoch2=48124 sched_n=0
   way1 valid=1 rrpv=0 epoch=47732 dist=10172 prop=1 stamped=1 dbg=1 last=572 epoch2=47732 sched_n=0
   way2 valid=1 rrpv=0 epoch=47863 dist=10303 prop=1 stamped=1 dbg=2 last=601 epoch2=47863 sched_n=0
   way3 valid=1 rrpv=0 epoch=48319 dist=10759 prop=1 stamped=1 dbg=2 last=629 epoch2=48319 sched_n=0
   way4 valid=1 rrpv=0 epoch=39516 dist=1956 prop=1 stamped=1 dbg=2 last=657 epoch2=39516 sched_n=0
   way5 valid=1 rrpv=7 epoch=0 dist=27975 prop=0 stamped=0 dbg=3 last=793 epoch2=0 sched_n=0   <== VICTIM
   way6 valid=1 rrpv=1 epoch=39451 dist=1891 prop=1 stamped=1 dbg=3 last=715 epoch2=39451 sched_n=0
   way7 valid=1 rrpv=0 epoch=48124 dist=10564 prop=1 stamped=1 dbg=3 last=745 epoch2=48124 sched_n=0
   -> victim=way5 reason=max-rrpv record by recency
[EVICT L3 pol=ECG:rrip_first curEpoch=37625 set_ways=8]
   way0 valid=1 rrpv=0 epoch=39581 dist=1956 prop=1 stamped=1 dbg=1 last=542 epoch2=39581 sched_n=0
   way1 valid=1 rrpv=0 epoch=39451 dist=1826 prop=1 stamped=1 dbg=1 last=579 epoch2=39451 sched_n=0
   way2 valid=1 rrpv=2 epoch=39581 dist=1956 prop=1 stamped=1 dbg=2 last=606 epoch2=39581 sched_n=0
   way3 valid=1 rrpv=0 epoch=47798 dist=10173 prop=1 stamped=1 dbg=2 last=636 epoch2=47798 sched_n=0
   way4 valid=1 rrpv=1 epoch=39451 dist=1826 prop=1 stamped=1 dbg=3 last=463 epoch2=39451 sched_n=0
   way5 valid=1 rrpv=0 epoch=47863 dist=10238 prop=1 stamped=1 dbg=3 last=695 epoch2=47863 sched_n=0
   way6 valid=1 rrpv=0 epoch=47732 dist=10107 prop=1 stamped=1 dbg=3 last=721 epoch2=47732 sched_n=0
   way7 valid=1 rrpv=7 epoch=0 dist=27910 prop=0 stamped=0 dbg=3 last=792 epoch2=0 sched_n=0   <== VICTIM
   -> victim=way7 reason=max-rrpv record by recency
[EVICT L3 pol=ECG:rrip_first curEpoch=37755 set_ways=8]
   way0 valid=1 rrpv=0 epoch=39386 dist=1631 prop=1 stamped=1 dbg=1 last=514 epoch2=39386 sched_n=0
   way1 valid=1 rrpv=0 epoch=47928 dist=10173 prop=1 stamped=1 dbg=1 last=553 epoch2=47928 sched_n=0
   way2 valid=1 rrpv=0 epoch=48254 dist=10499 prop=1 stamped=1 dbg=1 last=587 epoch2=48254 sched_n=0
   way3 valid=1 rrpv=0 epoch=47798 dist=10043 prop=1 stamped=1 dbg=2 last=616 epoch2=47798 sched_n=0
   way4 valid=1 rrpv=0 epoch=47798 dist=10043 prop=1 stamped=1 dbg=2 last=644 epoch2=47798 sched_n=0
   way5 valid=1 rrpv=7 epoch=0 dist=27780 prop=1 stamped=0 dbg=3 last=794 epoch2=0 sched_n=0   <== VICTIM
   way6 valid=1 rrpv=0 epoch=48450 dist=10695 prop=1 stamped=1 dbg=3 last=702 epoch2=48450 sched_n=0
   way7 valid=1 rrpv=1 epoch=39451 dist=1696 prop=1 stamped=1 dbg=3 last=729 epoch2=39451 sched_n=0
   -> victim=way5 reason=max-rrpv farthest-epoch property
[EVICT L3 pol=ECG:rrip_first curEpoch=37886 set_ways=8]
   way0 valid=1 rrpv=0 epoch=48124 dist=10238 prop=1 stamped=1 dbg=1 last=536 epoch2=48124 sched_n=0
   way1 valid=1 rrpv=0 epoch=47732 dist=9846 prop=1 stamped=1 dbg=1 last=572 epoch2=47732 sched_n=0
   way2 valid=1 rrpv=0 epoch=47863 dist=9977 prop=1 stamped=1 dbg=2 last=601 epoch2=47863 sched_n=0
   way3 valid=1 rrpv=0 epoch=48319 dist=10433 prop=1 stamped=1 dbg=2 last=629 epoch2=48319 sched_n=0
   way4 valid=1 rrpv=0 epoch=39516 dist=1630 prop=1 stamped=1 dbg=2 last=657 epoch2=39516 sched_n=0
   way5 valid=1 rrpv=7 epoch=0 dist=27649 prop=0 stamped=0 dbg=3 last=795 epoch2=0 sched_n=0   <== VICTIM
   way6 valid=1 rrpv=1 epoch=39451 dist=1565 prop=1 stamped=1 dbg=3 last=715 epoch2=39451 sched_n=0
   way7 valid=1 rrpv=0 epoch=48124 dist=10238 prop=1 stamped=1 dbg=3 last=745 epoch2=48124 sched_n=0
   -> victim=way5 reason=max-rrpv record by recency
[EVICT L3 pol=ECG:rrip_first curEpoch=38082 set_ways=8]
   way0 valid=1 rrpv=0 epoch=39581 dist=1499 prop=1 stamped=1 dbg=1 last=542 epoch2=39581 sched_n=0
   way1 valid=1 rrpv=0 epoch=39451 dist=1369 prop=1 stamped=1 dbg=1 last=579 epoch2=39451 sched_n=0
   way2 valid=1 rrpv=2 epoch=39581 dist=1499 prop=1 stamped=1 dbg=2 last=606 epoch2=39581 sched_n=0
   way3 valid=1 rrpv=0 epoch=47798 dist=9716 prop=1 stamped=1 dbg=2 last=636 epoch2=47798 sched_n=0
   way4 valid=1 rrpv=1 epoch=39451 dist=1369 prop=1 stamped=1 dbg=3 last=463 epoch2=39451 sched_n=0
   way5 valid=1 rrpv=0 epoch=47863 dist=9781 prop=1 stamped=1 dbg=3 last=695 epoch2=47863 sched_n=0
   way6 valid=1 rrpv=0 epoch=47732 dist=9650 prop=1 stamped=1 dbg=3 last=721 epoch2=47732 sched_n=0
   way7 valid=1 rrpv=7 epoch=0 dist=27453 prop=0 stamped=0 dbg=3 last=796 epoch2=0 sched_n=0   <== VICTIM
   -> victim=way7 reason=max-rrpv record by recency
[EVICT L3 pol=ECG:rrip_first curEpoch=38408 set_ways=8]
   way0 valid=1 rrpv=0 epoch=39386 dist=978 prop=1 stamped=1 dbg=1 last=514 epoch2=39386 sched_n=0
   way1 valid=1 rrpv=0 epoch=47928 dist=9520 prop=1 stamped=1 dbg=1 last=553 epoch2=47928 sched_n=0
   way2 valid=1 rrpv=0 epoch=48254 dist=9846 prop=1 stamped=1 dbg=1 last=587 epoch2=48254 sched_n=0
   way3 valid=1 rrpv=0 epoch=47798 dist=9390 prop=1 stamped=1 dbg=2 last=616 epoch2=47798 sched_n=0
   way4 valid=1 rrpv=0 epoch=47798 dist=9390 prop=1 stamped=1 dbg=2 last=644 epoch2=47798 sched_n=0
   way5 valid=1 rrpv=7 epoch=0 dist=27127 prop=0 stamped=0 dbg=3 last=797 epoch2=0 sched_n=0   <== VICTIM
   way6 valid=1 rrpv=0 epoch=48450 dist=10042 prop=1 stamped=1 dbg=3 last=702 epoch2=48450 sched_n=0
   way7 valid=1 rrpv=1 epoch=39451 dist=1043 prop=1 stamped=1 dbg=3 last=729 epoch2=39451 sched_n=0
   -> victim=way5 reason=max-rrpv record by recency
[EVICT L3 pol=ECG:rrip_first curEpoch=38538 set_ways=8]
   way0 valid=1 rrpv=0 epoch=39386 dist=848 prop=1 stamped=1 dbg=1 last=514 epoch2=39386 sched_n=0
   way1 valid=1 rrpv=0 epoch=47928 dist=9390 prop=1 stamped=1 dbg=1 last=553 epoch2=47928 sched_n=0
   way2 valid=1 rrpv=0 epoch=48254 dist=9716 prop=1 stamped=1 dbg=1 last=587 epoch2=48254 sched_n=0
   way3 valid=1 rrpv=0 epoch=47798 dist=9260 prop=1 stamped=1 dbg=2 last=616 epoch2=47798 sched_n=0
   way4 valid=1 rrpv=0 epoch=47798 dist=9260 prop=1 stamped=1 dbg=2 last=644 epoch2=47798 sched_n=0
   way5 valid=1 rrpv=7 epoch=0 dist=26997 prop=0 stamped=0 dbg=3 last=800 epoch2=0 sched_n=0   <== VICTIM
   way6 valid=1 rrpv=0 epoch=48450 dist=9912 prop=1 stamped=1 dbg=3 last=702 epoch2=48450 sched_n=0
   way7 valid=1 rrpv=1 epoch=39451 dist=913 prop=1 stamped=1 dbg=3 last=729 epoch2=39451 sched_n=0
   -> victim=way5 reason=max-rrpv record by recency
[EVICT L3 pol=ECG:rrip_first curEpoch=38603 set_ways=8]
   way0 valid=1 rrpv=0 epoch=47732 dist=9129 prop=1 stamped=1 dbg=1 last=527 epoch2=47732 sched_n=0
   way1 valid=1 rrpv=0 epoch=48515 dist=9912 prop=1 stamped=1 dbg=1 last=562 epoch2=48515 sched_n=0
   way2 valid=1 rrpv=0 epoch=39581 dist=978 prop=1 stamped=1 dbg=1 last=592 epoch2=39581 sched_n=0
   way3 valid=1 rrpv=0 epoch=47798 dist=9195 prop=1 stamped=1 dbg=2 last=624 epoch2=47798 sched_n=0
   way4 valid=1 rrpv=0 epoch=47732 dist=9129 prop=1 stamped=1 dbg=2 last=650 epoch2=47732 sched_n=0
   way5 valid=1 rrpv=7 epoch=0 dist=26932 prop=0 stamped=0 dbg=3 last=791 epoch2=0 sched_n=0   <== VICTIM
   way6 valid=1 rrpv=2 epoch=39516 dist=913 prop=1 stamped=1 dbg=3 last=706 epoch2=39516 sched_n=0
   way7 valid=1 rrpv=0 epoch=48319 dist=9716 prop=1 stamped=1 dbg=3 last=738 epoch2=48319 sched_n=0
   -> victim=way5 reason=max-rrpv record by recency
[EVICT L3 pol=ECG:rrip_first curEpoch=38734 set_ways=8]
   way0 valid=1 rrpv=0 epoch=39386 dist=652 prop=1 stamped=1 dbg=1 last=514 epoch2=39386 sched_n=0
   way1 valid=1 rrpv=0 epoch=47928 dist=9194 prop=1 stamped=1 dbg=1 last=553 epoch2=47928 sched_n=0
   way2 valid=1 rrpv=0 epoch=48254 dist=9520 prop=1 stamped=1 dbg=1 last=587 epoch2=48254 sched_n=0
   way3 valid=1 rrpv=0 epoch=47798 dist=9064 prop=1 stamped=1 dbg=2 last=616 epoch2=47798 sched_n=0
   way4 valid=1 rrpv=0 epoch=47798 dist=9064 prop=1 stamped=1 dbg=2 last=644 epoch2=47798 sched_n=0
   way5 valid=1 rrpv=7 epoch=0 dist=26801 prop=0 stamped=0 dbg=3 last=801 epoch2=0 sched_n=0   <== VICTIM
   way6 valid=1 rrpv=0 epoch=48450 dist=9716 prop=1 stamped=1 dbg=3 last=702 epoch2=48450 sched_n=0
   way7 valid=1 rrpv=1 epoch=39451 dist=717 prop=1 stamped=1 dbg=3 last=729 epoch2=39451 sched_n=0
   -> victim=way5 reason=max-rrpv record by recency
[EVICT L3 pol=ECG:rrip_first curEpoch=38799 set_ways=8]
   way0 valid=1 rrpv=0 epoch=47732 dist=8933 prop=1 stamped=1 dbg=1 last=527 epoch2=47732 sched_n=0
   way1 valid=1 rrpv=0 epoch=48515 dist=9716 prop=1 stamped=1 dbg=1 last=562 epoch2=48515 sched_n=0
   way2 valid=1 rrpv=0 epoch=39581 dist=782 prop=1 stamped=1 dbg=1 last=592 epoch2=39581 sched_n=0
   way3 valid=1 rrpv=0 epoch=47798 dist=8999 prop=1 stamped=1 dbg=2 last=624 epoch2=47798 sched_n=0
   way4 valid=1 rrpv=0 epoch=47732 dist=8933 prop=1 stamped=1 dbg=2 last=650 epoch2=47732 sched_n=0
   way5 valid=1 rrpv=7 epoch=0 dist=26736 prop=1 stamped=0 dbg=3 last=802 epoch2=0 sched_n=0   <== VICTIM
   way6 valid=1 rrpv=2 epoch=39516 dist=717 prop=1 stamped=1 dbg=3 last=706 epoch2=39516 sched_n=0
   way7 valid=1 rrpv=0 epoch=48319 dist=9520 prop=1 stamped=1 dbg=3 last=738 epoch2=48319 sched_n=0
   -> victim=way5 reason=max-rrpv farthest-epoch property
[EVICT L3 pol=ECG:rrip_first curEpoch=38994 set_ways=8]
   way0 valid=1 rrpv=0 epoch=39581 dist=587 prop=1 stamped=1 dbg=1 last=542 epoch2=39581 sched_n=0
   way1 valid=1 rrpv=0 epoch=39451 dist=457 prop=1 stamped=1 dbg=1 last=579 epoch2=39451 sched_n=0
   way2 valid=1 rrpv=2 epoch=39581 dist=587 prop=1 stamped=1 dbg=2 last=606 epoch2=39581 sched_n=0
   way3 valid=1 rrpv=0 epoch=47798 dist=8804 prop=1 stamped=1 dbg=2 last=636 epoch2=47798 sched_n=0
   way4 valid=1 rrpv=1 epoch=39451 dist=457 prop=1 stamped=1 dbg=3 last=463 epoch2=39451 sched_n=0
   way5 valid=1 rrpv=0 epoch=47863 dist=8869 prop=1 stamped=1 dbg=3 last=695 epoch2=47863 sched_n=0
   way6 valid=1 rrpv=0 epoch=47732 dist=8738 prop=1 stamped=1 dbg=3 last=721 epoch2=47732 sched_n=0
   way7 valid=1 rrpv=7 epoch=0 dist=26541 prop=0 stamped=0 dbg=3 last=799 epoch2=0 sched_n=0   <== VICTIM
   -> victim=way7 reason=max-rrpv record by recency
[EVICT L3 pol=ECG:rrip_first curEpoch=39125 set_ways=8]
   way0 valid=1 rrpv=0 epoch=39386 dist=261 prop=1 stamped=1 dbg=1 last=514 epoch2=39386 sched_n=0
   way1 valid=1 rrpv=0 epoch=47928 dist=8803 prop=1 stamped=1 dbg=1 last=553 epoch2=47928 sched_n=0
   way2 valid=1 rrpv=0 epoch=48254 dist=9129 prop=1 stamped=1 dbg=1 last=587 epoch2=48254 sched_n=0
   way3 valid=1 rrpv=0 epoch=47798 dist=8673 prop=1 stamped=1 dbg=2 last=616 epoch2=47798 sched_n=0
   way4 valid=1 rrpv=0 epoch=47798 dist=8673 prop=1 stamped=1 dbg=2 last=644 epoch2=47798 sched_n=0
   way5 valid=1 rrpv=7 epoch=0 dist=26410 prop=0 stamped=0 dbg=3 last=803 epoch2=0 sched_n=0   <== VICTIM
   way6 valid=1 rrpv=0 epoch=48450 dist=9325 prop=1 stamped=1 dbg=3 last=702 epoch2=48450 sched_n=0
   way7 valid=1 rrpv=1 epoch=39451 dist=326 prop=1 stamped=1 dbg=3 last=729 epoch2=39451 sched_n=0
   -> victim=way5 reason=max-rrpv record by recency
[EVICT L3 pol=ECG:rrip_first curEpoch=39190 set_ways=8]
   way0 valid=1 rrpv=0 epoch=47732 dist=8542 prop=1 stamped=1 dbg=1 last=527 epoch2=47732 sched_n=0
   way1 valid=1 rrpv=0 epoch=48515 dist=9325 prop=1 stamped=1 dbg=1 last=562 epoch2=48515 sched_n=0
   way2 valid=1 rrpv=0 epoch=39581 dist=391 prop=1 stamped=1 dbg=1 last=592 epoch2=39581 sched_n=0
   way3 valid=1 rrpv=0 epoch=47798 dist=8608 prop=1 stamped=1 dbg=2 last=624 epoch2=47798 sched_n=0
   way4 valid=1 rrpv=0 epoch=47732 dist=8542 prop=1 stamped=1 dbg=2 last=650 epoch2=47732 sched_n=0
   way5 valid=1 rrpv=7 epoch=0 dist=26345 prop=0 stamped=0 dbg=3 last=804 epoch2=0 sched_n=0   <== VICTIM
   way6 valid=1 rrpv=2 epoch=39516 dist=326 prop=1 stamped=1 dbg=3 last=706 epoch2=39516 sched_n=0
   way7 valid=1 rrpv=0 epoch=48319 dist=9129 prop=1 stamped=1 dbg=3 last=738 epoch2=48319 sched_n=0
   -> victim=way5 reason=max-rrpv record by recency
[EVICT L3 pol=ECG:rrip_first curEpoch=39386 set_ways=8]
   way0 valid=1 rrpv=0 epoch=39386 dist=0 prop=1 stamped=1 dbg=1 last=514 epoch2=39386 sched_n=0
   way1 valid=1 rrpv=0 epoch=47928 dist=8542 prop=1 stamped=1 dbg=1 last=553 epoch2=47928 sched_n=0
   way2 valid=1 rrpv=0 epoch=48254 dist=8868 prop=1 stamped=1 dbg=1 last=587 epoch2=48254 sched_n=0
   way3 valid=1 rrpv=0 epoch=47798 dist=8412 prop=1 stamped=1 dbg=2 last=616 epoch2=47798 sched_n=0
   way4 valid=1 rrpv=0 epoch=47798 dist=8412 prop=1 stamped=1 dbg=2 last=644 epoch2=47798 sched_n=0
   way5 valid=1 rrpv=7 epoch=0 dist=26149 prop=0 stamped=0 dbg=3 last=806 epoch2=0 sched_n=0   <== VICTIM
   way6 valid=1 rrpv=0 epoch=48450 dist=9064 prop=1 stamped=1 dbg=3 last=702 epoch2=48450 sched_n=0
   way7 valid=1 rrpv=1 epoch=39451 dist=65 prop=1 stamped=1 dbg=3 last=729 epoch2=39451 sched_n=0
   -> victim=way5 reason=max-rrpv record by recency
[EVICT L3 pol=ECG:rrip_first curEpoch=39647 set_ways=8]
   way0 valid=1 rrpv=0 epoch=48124 dist=8477 prop=1 stamped=1 dbg=1 last=536 epoch2=48124 sched_n=0
   way1 valid=1 rrpv=0 epoch=47732 dist=8085 prop=1 stamped=1 dbg=1 last=572 epoch2=47732 sched_n=0
   way2 valid=1 rrpv=0 epoch=47863 dist=8216 prop=1 stamped=1 dbg=2 last=601 epoch2=47863 sched_n=0
   way3 valid=1 rrpv=0 epoch=48319 dist=8672 prop=1 stamped=1 dbg=2 last=629 epoch2=48319 sched_n=0
   way4 valid=1 rrpv=0 epoch=39516 dist=65404 prop=1 stamped=1 dbg=2 last=657 epoch2=39516 sched_n=0
   way5 valid=1 rrpv=7 epoch=0 dist=25888 prop=0 stamped=0 dbg=3 last=798 epoch2=0 sched_n=0   <== VICTIM
   way6 valid=1 rrpv=1 epoch=39451 dist=65339 prop=1 stamped=1 dbg=3 last=715 epoch2=39451 sched_n=0
   way7 valid=1 rrpv=0 epoch=48124 dist=8477 prop=1 stamped=1 dbg=3 last=745 epoch2=48124 sched_n=0
   -> victim=way5 reason=max-rrpv record by recency
[EVICT L3 pol=ECG:rrip_first curEpoch=39777 set_ways=8]
   way0 valid=1 rrpv=0 epoch=48124 dist=8347 prop=1 stamped=1 dbg=1 last=536 epoch2=48124 sched_n=0
   way1 valid=1 rrpv=0 epoch=47732 dist=7955 prop=1 stamped=1 dbg=1 last=572 epoch2=47732 sched_n=0
   way2 valid=1 rrpv=0 epoch=47863 dist=8086 prop=1 stamped=1 dbg=2 last=601 epoch2=47863 sched_n=0
   way3 valid=1 rrpv=0 epoch=48319 dist=8542 prop=1 stamped=1 dbg=2 last=629 epoch2=48319 sched_n=0
   way4 valid=1 rrpv=0 epoch=39516 dist=65274 prop=1 stamped=1 dbg=2 last=657 epoch2=39516 sched_n=0
   way5 valid=1 rrpv=7 epoch=0 dist=25758 prop=1 stamped=0 dbg=3 last=809 epoch2=0 sched_n=0   <== VICTIM
   way6 valid=1 rrpv=1 epoch=39451 dist=65209 prop=1 stamped=1 dbg=3 last=715 epoch2=39451 sched_n=0
   way7 valid=1 rrpv=0 epoch=48124 dist=8347 prop=1 stamped=1 dbg=3 last=745 epoch2=48124 sched_n=0
   -> victim=way5 reason=max-rrpv farthest-epoch property
[EVICT L3 pol=ECG:rrip_first curEpoch=39907 set_ways=8]
   way0 valid=1 rrpv=0 epoch=39581 dist=65209 prop=1 stamped=1 dbg=1 last=542 epoch2=39581 sched_n=0
   way1 valid=1 rrpv=0 epoch=39451 dist=65079 prop=1 stamped=1 dbg=1 last=579 epoch2=39451 sched_n=0
   way2 valid=1 rrpv=2 epoch=39581 dist=65209 prop=1 stamped=1 dbg=2 last=606 epoch2=39581 sched_n=0
   way3 valid=1 rrpv=0 epoch=47798 dist=7891 prop=1 stamped=1 dbg=2 last=636 epoch2=47798 sched_n=0
   way4 valid=1 rrpv=1 epoch=39451 dist=65079 prop=1 stamped=1 dbg=3 last=463 epoch2=39451 sched_n=0
   way5 valid=1 rrpv=0 epoch=47863 dist=7956 prop=1 stamped=1 dbg=3 last=695 epoch2=47863 sched_n=0
   way6 valid=1 rrpv=0 epoch=47732 dist=7825 prop=1 stamped=1 dbg=3 last=721 epoch2=47732 sched_n=0
   way7 valid=1 rrpv=7 epoch=0 dist=25628 prop=0 stamped=0 dbg=3 last=805 epoch2=0 sched_n=0   <== VICTIM
   -> victim=way7 reason=max-rrpv record by recency
[EVICT L3 pol=ECG:rrip_first curEpoch=40038 set_ways=8]
   way0 valid=1 rrpv=0 epoch=48124 dist=8086 prop=1 stamped=1 dbg=1 last=536 epoch2=48124 sched_n=0
   way1 valid=1 rrpv=0 epoch=47732 dist=7694 prop=1 stamped=1 dbg=1 last=572 epoch2=47732 sched_n=0
   way2 valid=1 rrpv=0 epoch=47863 dist=7825 prop=1 stamped=1 dbg=2 last=601 epoch2=47863 sched_n=0
   way3 valid=1 rrpv=0 epoch=48319 dist=8281 prop=1 stamped=1 dbg=2 last=629 epoch2=48319 sched_n=0
   way4 valid=1 rrpv=0 epoch=39516 dist=65013 prop=1 stamped=1 dbg=2 last=657 epoch2=39516 sched_n=0
   way5 valid=1 rrpv=7 epoch=0 dist=25497 prop=0 stamped=0 dbg=3 last=810 epoch2=0 sched_n=0   <== VICTIM
   way6 valid=1 rrpv=1 epoch=39451 dist=64948 prop=1 stamped=1 dbg=3 last=715 epoch2=39451 sched_n=0
   way7 valid=1 rrpv=0 epoch=48124 dist=8086 prop=1 stamped=1 dbg=3 last=745 epoch2=48124 sched_n=0
   -> victim=way5 reason=max-rrpv record by recency
[EVICT L3 pol=ECG:rrip_first curEpoch=40103 set_ways=8]
   way0 valid=1 rrpv=0 epoch=39581 dist=65013 prop=1 stamped=1 dbg=1 last=542 epoch2=39581 sched_n=0
   way1 valid=1 rrpv=0 epoch=39451 dist=64883 prop=1 stamped=1 dbg=1 last=579 epoch2=39451 sched_n=0
   way2 valid=1 rrpv=2 epoch=39581 dist=65013 prop=1 stamped=1 dbg=2 last=606 epoch2=39581 sched_n=0
   way3 valid=1 rrpv=0 epoch=47798 dist=7695 prop=1 stamped=1 dbg=2 last=636 epoch2=47798 sched_n=0
   way4 valid=1 rrpv=1 epoch=39451 dist=64883 prop=1 stamped=1 dbg=3 last=463 epoch2=39451 sched_n=0
   way5 valid=1 rrpv=0 epoch=47863 dist=7760 prop=1 stamped=1 dbg=3 last=695 epoch2=47863 sched_n=0
   way6 valid=1 rrpv=0 epoch=47732 dist=7629 prop=1 stamped=1 dbg=3 last=721 epoch2=47732 sched_n=0
   way7 valid=1 rrpv=7 epoch=0 dist=25432 prop=0 stamped=0 dbg=3 last=811 epoch2=0 sched_n=0   <== VICTIM
   -> victim=way7 reason=max-rrpv record by recency
[EVICT L3 pol=ECG:rrip_first curEpoch=40168 set_ways=8]
   way0 valid=1 rrpv=0 epoch=39386 dist=64753 prop=1 stamped=1 dbg=1 last=514 epoch2=39386 sched_n=0
   way1 valid=1 rrpv=0 epoch=47928 dist=7760 prop=1 stamped=1 dbg=1 last=553 epoch2=47928 sched_n=0
   way2 valid=1 rrpv=0 epoch=48254 dist=8086 prop=1 stamped=1 dbg=1 last=587 epoch2=48254 sched_n=0
   way3 valid=1 rrpv=0 epoch=47798 dist=7630 prop=1 stamped=1 dbg=2 last=616 epoch2=47798 sched_n=0
   way4 valid=1 rrpv=0 epoch=47798 dist=7630 prop=1 stamped=1 dbg=2 last=644 epoch2=47798 sched_n=0
   way5 valid=1 rrpv=7 epoch=0 dist=25367 prop=0 stamped=0 dbg=3 last=808 epoch2=0 sched_n=0   <== VICTIM
   way6 valid=1 rrpv=0 epoch=48450 dist=8282 prop=1 stamped=1 dbg=3 last=702 epoch2=48450 sched_n=0
   way7 valid=1 rrpv=1 epoch=39451 dist=64818 prop=1 stamped=1 dbg=3 last=729 epoch2=39451 sched_n=0
   -> victim=way5 reason=max-rrpv record by recency
[EVICT L3 pol=ECG:rrip_first curEpoch=40168 set_ways=8]
   way0 valid=1 rrpv=0 epoch=39386 dist=64753 prop=1 stamped=1 dbg=1 last=514 epoch2=39386 sched_n=0
   way1 valid=1 rrpv=0 epoch=47928 dist=7760 prop=1 stamped=1 dbg=1 last=553 epoch2=47928 sched_n=0
   way2 valid=1 rrpv=0 epoch=48254 dist=8086 prop=1 stamped=1 dbg=1 last=587 epoch2=48254 sched_n=0
   way3 valid=1 rrpv=0 epoch=47798 dist=7630 prop=1 stamped=1 dbg=2 last=616 epoch2=47798 sched_n=0
   way4 valid=1 rrpv=0 epoch=47798 dist=7630 prop=1 stamped=1 dbg=2 last=644 epoch2=47798 sched_n=0
   way5 valid=1 rrpv=7 epoch=0 dist=25367 prop=0 stamped=0 dbg=3 last=814 epoch2=0 sched_n=0   <== VICTIM
   way6 valid=1 rrpv=0 epoch=48450 dist=8282 prop=1 stamped=1 dbg=3 last=702 epoch2=48450 sched_n=0
   way7 valid=1 rrpv=1 epoch=39451 dist=64818 prop=1 stamped=1 dbg=3 last=729 epoch2=39451 sched_n=0
   -> victim=way5 reason=max-rrpv record by recency
[EVICT L3 pol=ECG:rrip_first curEpoch=40364 set_ways=8]
   way0 valid=1 rrpv=0 epoch=47732 dist=7368 prop=1 stamped=1 dbg=1 last=527 epoch2=47732 sched_n=0
   way1 valid=1 rrpv=0 epoch=48515 dist=8151 prop=1 stamped=1 dbg=1 last=562 epoch2=48515 sched_n=0
   way2 valid=1 rrpv=0 epoch=39581 dist=64752 prop=1 stamped=1 dbg=1 last=592 epoch2=39581 sched_n=0
   way3 valid=1 rrpv=0 epoch=47798 dist=7434 prop=1 stamped=1 dbg=2 last=624 epoch2=47798 sched_n=0
   way4 valid=1 rrpv=0 epoch=47732 dist=7368 prop=1 stamped=1 dbg=2 last=650 epoch2=47732 sched_n=0
   way5 valid=1 rrpv=7 epoch=0 dist=25171 prop=0 stamped=0 dbg=3 last=807 epoch2=0 sched_n=0   <== VICTIM
   way6 valid=1 rrpv=2 epoch=39516 dist=64687 prop=1 stamped=1 dbg=3 last=706 epoch2=39516 sched_n=0
   way7 valid=1 rrpv=0 epoch=48319 dist=7955 prop=1 stamped=1 dbg=3 last=738 epoch2=48319 sched_n=0
   -> victim=way5 reason=max-rrpv record by recency
[EVICT L3 pol=ECG:rrip_first curEpoch=40494 set_ways=8]
   way0 valid=1 rrpv=0 epoch=48124 dist=7630 prop=1 stamped=1 dbg=1 last=536 epoch2=48124 sched_n=0
   way1 valid=1 rrpv=0 epoch=47732 dist=7238 prop=1 stamped=1 dbg=1 last=572 epoch2=47732 sched_n=0
   way2 valid=1 rrpv=0 epoch=47863 dist=7369 prop=1 stamped=1 dbg=2 last=601 epoch2=47863 sched_n=0
   way3 valid=1 rrpv=0 epoch=48319 dist=7825 prop=1 stamped=1 dbg=2 last=629 epoch2=48319 sched_n=0
   way4 valid=1 rrpv=0 epoch=39516 dist=64557 prop=1 stamped=1 dbg=2 last=657 epoch2=39516 sched_n=0
   way5 valid=1 rrpv=7 epoch=0 dist=25041 prop=0 stamped=0 dbg=3 last=812 epoch2=0 sched_n=0   <== VICTIM
   way6 valid=1 rrpv=1 epoch=39451 dist=64492 prop=1 stamped=1 dbg=3 last=715 epoch2=39451 sched_n=0
   way7 valid=1 rrpv=0 epoch=48124 dist=7630 prop=1 stamped=1 dbg=3 last=745 epoch2=48124 sched_n=0
   -> victim=way5 reason=max-rrpv record by recency
[EVICT L3 pol=ECG:rrip_first curEpoch=40625 set_ways=8]
   way0 valid=1 rrpv=0 epoch=48124 dist=7499 prop=1 stamped=1 dbg=1 last=536 epoch2=48124 sched_n=0
   way1 valid=1 rrpv=0 epoch=47732 dist=7107 prop=1 stamped=1 dbg=1 last=572 epoch2=47732 sched_n=0
   way2 valid=1 rrpv=0 epoch=47863 dist=7238 prop=1 stamped=1 dbg=2 last=601 epoch2=47863 sched_n=0
   way3 valid=1 rrpv=0 epoch=48319 dist=7694 prop=1 stamped=1 dbg=2 last=629 epoch2=48319 sched_n=0
   way4 valid=1 rrpv=0 epoch=39516 dist=64426 prop=1 stamped=1 dbg=2 last=657 epoch2=39516 sched_n=0
   way5 valid=1 rrpv=7 epoch=0 dist=24910 prop=0 stamped=0 dbg=3 last=817 epoch2=0 sched_n=0   <== VICTIM
   way6 valid=1 rrpv=1 epoch=39451 dist=64361 prop=1 stamped=1 dbg=3 last=715 epoch2=39451 sched_n=0
   way7 valid=1 rrpv=0 epoch=48124 dist=7499 prop=1 stamped=1 dbg=3 last=745 epoch2=48124 sched_n=0
   -> victim=way5 reason=max-rrpv record by recency
[EVICT L3 pol=ECG:rrip_first curEpoch=40690 set_ways=8]
   way0 valid=1 rrpv=0 epoch=39581 dist=64426 prop=1 stamped=1 dbg=1 last=542 epoch2=39581 sched_n=0
   way1 valid=1 rrpv=0 epoch=39451 dist=64296 prop=1 stamped=1 dbg=1 last=579 epoch2=39451 sched_n=0
   way2 valid=1 rrpv=2 epoch=39581 dist=64426 prop=1 stamped=1 dbg=2 last=606 epoch2=39581 sched_n=0
   way3 valid=1 rrpv=0 epoch=47798 dist=7108 prop=1 stamped=1 dbg=2 last=636 epoch2=47798 sched_n=0
   way4 valid=1 rrpv=1 epoch=39451 dist=64296 prop=1 stamped=1 dbg=3 last=463 epoch2=39451 sched_n=0
   way5 valid=1 rrpv=0 epoch=47863 dist=7173 prop=1 stamped=1 dbg=3 last=695 epoch2=47863 sched_n=0
   way6 valid=1 rrpv=0 epoch=47732 dist=7042 prop=1 stamped=1 dbg=3 last=721 epoch2=47732 sched_n=0
   way7 valid=1 rrpv=7 epoch=0 dist=24845 prop=0 stamped=0 dbg=3 last=813 epoch2=0 sched_n=0   <== VICTIM
   -> victim=way7 reason=max-rrpv record by recency
[EVICT L3 pol=ECG:rrip_first curEpoch=40690 set_ways=8]
   way0 valid=1 rrpv=0 epoch=39386 dist=64231 prop=1 stamped=1 dbg=1 last=514 epoch2=39386 sched_n=0
   way1 valid=1 rrpv=0 epoch=47928 dist=7238 prop=1 stamped=1 dbg=1 last=553 epoch2=47928 sched_n=0
   way2 valid=1 rrpv=0 epoch=48254 dist=7564 prop=1 stamped=1 dbg=1 last=587 epoch2=48254 sched_n=0
   way3 valid=1 rrpv=0 epoch=47798 dist=7108 prop=1 stamped=1 dbg=2 last=616 epoch2=47798 sched_n=0
   way4 valid=1 rrpv=0 epoch=47798 dist=7108 prop=1 stamped=1 dbg=2 last=644 epoch2=47798 sched_n=0
   way5 valid=1 rrpv=7 epoch=0 dist=24845 prop=0 stamped=0 dbg=3 last=815 epoch2=0 sched_n=0   <== VICTIM
   way6 valid=1 rrpv=0 epoch=48450 dist=7760 prop=1 stamped=1 dbg=3 last=702 epoch2=48450 sched_n=0
   way7 valid=1 rrpv=1 epoch=39451 dist=64296 prop=1 stamped=1 dbg=3 last=729 epoch2=39451 sched_n=0
   -> victim=way5 reason=max-rrpv record by recency
[EVICT L3 pol=ECG:rrip_first curEpoch=40820 set_ways=8]
   way0 valid=1 rrpv=0 epoch=39386 dist=64101 prop=1 stamped=1 dbg=1 last=514 epoch2=39386 sched_n=0
   way1 valid=1 rrpv=0 epoch=47928 dist=7108 prop=1 stamped=1 dbg=1 last=553 epoch2=47928 sched_n=0
   way2 valid=1 rrpv=0 epoch=48254 dist=7434 prop=1 stamped=1 dbg=1 last=587 epoch2=48254 sched_n=0
   way3 valid=1 rrpv=0 epoch=47798 dist=6978 prop=1 stamped=1 dbg=2 last=616 epoch2=47798 sched_n=0
   way4 valid=1 rrpv=0 epoch=47798 dist=6978 prop=1 stamped=1 dbg=2 last=644 epoch2=47798 sched_n=0
   way5 valid=1 rrpv=7 epoch=0 dist=24715 prop=0 stamped=0 dbg=3 last=820 epoch2=0 sched_n=0   <== VICTIM
   way6 valid=1 rrpv=0 epoch=48450 dist=7630 prop=1 stamped=1 dbg=3 last=702 epoch2=48450 sched_n=0
   way7 valid=1 rrpv=1 epoch=39451 dist=64166 prop=1 stamped=1 dbg=3 last=729 epoch2=39451 sched_n=0
   -> victim=way5 reason=max-rrpv record by recency
[EVICT L3 pol=ECG:rrip_first curEpoch=40951 set_ways=8]
   way0 valid=1 rrpv=0 epoch=47732 dist=6781 prop=1 stamped=1 dbg=1 last=527 epoch2=47732 sched_n=0
   way1 valid=1 rrpv=0 epoch=48515 dist=7564 prop=1 stamped=1 dbg=1 last=562 epoch2=48515 sched_n=0
   way2 valid=1 rrpv=0 epoch=39581 dist=64165 prop=1 stamped=1 dbg=1 last=592 epoch2=39581 sched_n=0
   way3 valid=1 rrpv=0 epoch=47798 dist=6847 prop=1 stamped=1 dbg=2 last=624 epoch2=47798 sched_n=0
   way4 valid=1 rrpv=0 epoch=47732 dist=6781 prop=1 stamped=1 dbg=2 last=650 epoch2=47732 sched_n=0
   way5 valid=1 rrpv=7 epoch=0 dist=24584 prop=0 stamped=0 dbg=3 last=816 epoch2=0 sched_n=0   <== VICTIM
   way6 valid=1 rrpv=2 epoch=39516 dist=64100 prop=1 stamped=1 dbg=3 last=706 epoch2=39516 sched_n=0
   way7 valid=1 rrpv=0 epoch=48319 dist=7368 prop=1 stamped=1 dbg=3 last=738 epoch2=48319 sched_n=0
   -> victim=way5 reason=max-rrpv record by recency
[EVICT L3 pol=ECG:rrip_first curEpoch=41081 set_ways=8]
   way0 valid=1 rrpv=0 epoch=48124 dist=7043 prop=1 stamped=1 dbg=1 last=536 epoch2=48124 sched_n=0
   way1 valid=1 rrpv=0 epoch=47732 dist=6651 prop=1 stamped=1 dbg=1 last=572 epoch2=47732 sched_n=0
   way2 valid=1 rrpv=0 epoch=47863 dist=6782 prop=1 stamped=1 dbg=2 last=601 epoch2=47863 sched_n=0
   way3 valid=1 rrpv=0 epoch=48319 dist=7238 prop=1 stamped=1 dbg=2 last=629 epoch2=48319 sched_n=0
   way4 valid=1 rrpv=0 epoch=39516 dist=63970 prop=1 stamped=1 dbg=2 last=657 epoch2=39516 sched_n=0
   way5 valid=1 rrpv=7 epoch=0 dist=24454 prop=0 stamped=0 dbg=3 last=818 epoch2=0 sched_n=0   <== VICTIM
   way6 valid=1 rrpv=1 epoch=39451 dist=63905 prop=1 stamped=1 dbg=3 last=715 epoch2=39451 sched_n=0
   way7 valid=1 rrpv=0 epoch=48124 dist=7043 prop=1 stamped=1 dbg=3 last=745 epoch2=48124 sched_n=0
   -> victim=way5 reason=max-rrpv record by recency
[EVICT L3 pol=ECG:rrip_first curEpoch=41081 set_ways=8]
   way0 valid=1 rrpv=0 epoch=39581 dist=64035 prop=1 stamped=1 dbg=1 last=542 epoch2=39581 sched_n=0
   way1 valid=1 rrpv=0 epoch=39451 dist=63905 prop=1 stamped=1 dbg=1 last=579 epoch2=39451 sched_n=0
   way2 valid=1 rrpv=2 epoch=39581 dist=64035 prop=1 stamped=1 dbg=2 last=606 epoch2=39581 sched_n=0
   way3 valid=1 rrpv=0 epoch=47798 dist=6717 prop=1 stamped=1 dbg=2 last=636 epoch2=47798 sched_n=0
   way4 valid=1 rrpv=1 epoch=39451 dist=63905 prop=1 stamped=1 dbg=3 last=463 epoch2=39451 sched_n=0
   way5 valid=1 rrpv=0 epoch=47863 dist=6782 prop=1 stamped=1 dbg=3 last=695 epoch2=47863 sched_n=0
   way6 valid=1 rrpv=0 epoch=47732 dist=6651 prop=1 stamped=1 dbg=3 last=721 epoch2=47732 sched_n=0
   way7 valid=1 rrpv=7 epoch=0 dist=24454 prop=1 stamped=0 dbg=3 last=819 epoch2=0 sched_n=0   <== VICTIM
   -> victim=way7 reason=max-rrpv farthest-epoch property
[EVICT L3 pol=ECG:rrip_first curEpoch=41342 set_ways=8]
   way0 valid=1 rrpv=0 epoch=48124 dist=6782 prop=1 stamped=1 dbg=1 last=536 epoch2=48124 sched_n=0
   way1 valid=1 rrpv=0 epoch=47732 dist=6390 prop=1 stamped=1 dbg=1 last=572 epoch2=47732 sched_n=0
   way2 valid=1 rrpv=0 epoch=47863 dist=6521 prop=1 stamped=1 dbg=2 last=601 epoch2=47863 sched_n=0
   way3 valid=1 rrpv=0 epoch=48319 dist=6977 prop=1 stamped=1 dbg=2 last=629 epoch2=48319 sched_n=0
   way4 valid=1 rrpv=0 epoch=39516 dist=63709 prop=1 stamped=1 dbg=2 last=657 epoch2=39516 sched_n=0
   way5 valid=1 rrpv=7 epoch=0 dist=24193 prop=0 stamped=0 dbg=3 last=823 epoch2=0 sched_n=0   <== VICTIM
   way6 valid=1 rrpv=1 epoch=39451 dist=63644 prop=1 stamped=1 dbg=3 last=715 epoch2=39451 sched_n=0
   way7 valid=1 rrpv=0 epoch=48124 dist=6782 prop=1 stamped=1 dbg=3 last=745 epoch2=48124 sched_n=0
   -> victim=way5 reason=max-rrpv record by recency
[EVICT L3 pol=ECG:rrip_first curEpoch=41407 set_ways=8]
   way0 valid=1 rrpv=0 epoch=47732 dist=6325 prop=1 stamped=1 dbg=1 last=527 epoch2=47732 sched_n=0
   way1 valid=1 rrpv=0 epoch=48515 dist=7108 prop=1 stamped=1 dbg=1 last=562 epoch2=48515 sched_n=0
   way2 valid=1 rrpv=0 epoch=39581 dist=63709 prop=1 stamped=1 dbg=1 last=592 epoch2=39581 sched_n=0
   way3 valid=1 rrpv=0 epoch=47798 dist=6391 prop=1 stamped=1 dbg=2 last=624 epoch2=47798 sched_n=0
   way4 valid=1 rrpv=0 epoch=47732 dist=6325 prop=1 stamped=1 dbg=2 last=650 epoch2=47732 sched_n=0
   way5 valid=1 rrpv=7 epoch=0 dist=24128 prop=0 stamped=0 dbg=3 last=822 epoch2=0 sched_n=0   <== VICTIM
   way6 valid=1 rrpv=2 epoch=39516 dist=63644 prop=1 stamped=1 dbg=3 last=706 epoch2=39516 sched_n=0
   way7 valid=1 rrpv=0 epoch=48319 dist=6912 prop=1 stamped=1 dbg=3 last=738 epoch2=48319 sched_n=0
   -> victim=way5 reason=max-rrpv record by recency
[EVICT L3 pol=ECG:rrip_first curEpoch=41472 set_ways=8]
   way0 valid=1 rrpv=0 epoch=48124 dist=6652 prop=1 stamped=1 dbg=1 last=536 epoch2=48124 sched_n=0
   way1 valid=1 rrpv=0 epoch=47732 dist=6260 prop=1 stamped=1 dbg=1 last=572 epoch2=47732 sched_n=0
   way2 valid=1 rrpv=0 epoch=47863 dist=6391 prop=1 stamped=1 dbg=2 last=601 epoch2=47863 sched_n=0
   way3 valid=1 rrpv=0 epoch=48319 dist=6847 prop=1 stamped=1 dbg=2 last=629 epoch2=48319 sched_n=0
   way4 valid=1 rrpv=0 epoch=39516 dist=63579 prop=1 stamped=1 dbg=2 last=657 epoch2=39516 sched_n=0
   way5 valid=1 rrpv=7 epoch=0 dist=24063 prop=0 stamped=0 dbg=3 last=825 epoch2=0 sched_n=0   <== VICTIM
   way6 valid=1 rrpv=1 epoch=39451 dist=63514 prop=1 stamped=1 dbg=3 last=715 epoch2=39451 sched_n=0
   way7 valid=1 rrpv=0 epoch=48124 dist=6652 prop=1 stamped=1 dbg=3 last=745 epoch2=48124 sched_n=0
   -> victim=way5 reason=max-rrpv record by recency
[EVICT L3 pol=ECG:rrip_first curEpoch=41668 set_ways=8]
   way0 valid=1 rrpv=0 epoch=48124 dist=6456 prop=1 stamped=1 dbg=1 last=536 epoch2=48124 sched_n=0
   way1 valid=1 rrpv=0 epoch=47732 dist=6064 prop=1 stamped=1 dbg=1 last=572 epoch2=47732 sched_n=0
   way2 valid=1 rrpv=0 epoch=47863 dist=6195 prop=1 stamped=1 dbg=2 last=601 epoch2=47863 sched_n=0
   way3 valid=1 rrpv=0 epoch=48319 dist=6651 prop=1 stamped=1 dbg=2 last=629 epoch2=48319 sched_n=0
   way4 valid=1 rrpv=0 epoch=39516 dist=63383 prop=1 stamped=1 dbg=2 last=657 epoch2=39516 sched_n=0
   way5 valid=1 rrpv=7 epoch=0 dist=23867 prop=0 stamped=0 dbg=3 last=827 epoch2=0 sched_n=0   <== VICTIM
   way6 valid=1 rrpv=1 epoch=39451 dist=63318 prop=1 stamped=1 dbg=3 last=715 epoch2=39451 sched_n=0
   way7 valid=1 rrpv=0 epoch=48124 dist=6456 prop=1 stamped=1 dbg=3 last=745 epoch2=48124 sched_n=0
   -> victim=way5 reason=max-rrpv record by recency
[EVICT L3 pol=ECG:rrip_first curEpoch=41733 set_ways=8]
   way0 valid=1 rrpv=0 epoch=39386 dist=63188 prop=1 stamped=1 dbg=1 last=514 epoch2=39386 sched_n=0
   way1 valid=1 rrpv=0 epoch=47928 dist=6195 prop=1 stamped=1 dbg=1 last=553 epoch2=47928 sched_n=0
   way2 valid=1 rrpv=0 epoch=48254 dist=6521 prop=1 stamped=1 dbg=1 last=587 epoch2=48254 sched_n=0
   way3 valid=1 rrpv=0 epoch=47798 dist=6065 prop=1 stamped=1 dbg=2 last=616 epoch2=47798 sched_n=0
   way4 valid=1 rrpv=0 epoch=47798 dist=6065 prop=1 stamped=1 dbg=2 last=644 epoch2=47798 sched_n=0
   way5 valid=1 rrpv=7 epoch=0 dist=23802 prop=0 stamped=0 dbg=3 last=821 epoch2=0 sched_n=0   <== VICTIM
   way6 valid=1 rrpv=0 epoch=48450 dist=6717 prop=1 stamped=1 dbg=3 last=702 epoch2=48450 sched_n=0
   way7 valid=1 rrpv=1 epoch=39451 dist=63253 prop=1 stamped=1 dbg=3 last=729 epoch2=39451 sched_n=0
   -> victim=way5 reason=max-rrpv record by recency
[EVICT L3 pol=ECG:rrip_first curEpoch=41798 set_ways=8]
   way0 valid=1 rrpv=0 epoch=39386 dist=63123 prop=1 stamped=1 dbg=1 last=514 epoch2=39386 sched_n=0
   way1 valid=1 rrpv=0 epoch=47928 dist=6130 prop=1 stamped=1 dbg=1 last=553 epoch2=47928 sched_n=0
   way2 valid=1 rrpv=0 epoch=48254 dist=6456 prop=1 stamped=1 dbg=1 last=587 epoch2=48254 sched_n=0
   way3 valid=1 rrpv=0 epoch=47798 dist=6000 prop=1 stamped=1 dbg=2 last=616 epoch2=47798 sched_n=0
   way4 valid=1 rrpv=0 epoch=47798 dist=6000 prop=1 stamped=1 dbg=2 last=644 epoch2=47798 sched_n=0
   way5 valid=1 rrpv=7 epoch=0 dist=23737 prop=1 stamped=0 dbg=3 last=829 epoch2=0 sched_n=0   <== VICTIM
   way6 valid=1 rrpv=0 epoch=48450 dist=6652 prop=1 stamped=1 dbg=3 last=702 epoch2=48450 sched_n=0
   way7 valid=1 rrpv=1 epoch=39451 dist=63188 prop=1 stamped=1 dbg=3 last=729 epoch2=39451 sched_n=0
   -> victim=way5 reason=max-rrpv farthest-epoch property
[EVICT L3 pol=ECG:rrip_first curEpoch=41929 set_ways=8]
   way0 valid=1 rrpv=0 epoch=39581 dist=63187 prop=1 stamped=1 dbg=1 last=542 epoch2=39581 sched_n=0
   way1 valid=1 rrpv=0 epoch=39451 dist=63057 prop=1 stamped=1 dbg=1 last=579 epoch2=39451 sched_n=0
   way2 valid=1 rrpv=2 epoch=39581 dist=63187 prop=1 stamped=1 dbg=2 last=606 epoch2=39581 sched_n=0
   way3 valid=1 rrpv=0 epoch=47798 dist=5869 prop=1 stamped=1 dbg=2 last=636 epoch2=47798 sched_n=0
   way4 valid=1 rrpv=1 epoch=39451 dist=63057 prop=1 stamped=1 dbg=3 last=463 epoch2=39451 sched_n=0
   way5 valid=1 rrpv=0 epoch=47863 dist=5934 prop=1 stamped=1 dbg=3 last=695 epoch2=47863 sched_n=0
   way6 valid=1 rrpv=0 epoch=47732 dist=5803 prop=1 stamped=1 dbg=3 last=721 epoch2=47732 sched_n=0
   way7 valid=1 rrpv=7 epoch=0 dist=23606 prop=0 stamped=0 dbg=3 last=824 epoch2=0 sched_n=0   <== VICTIM
   -> victim=way7 reason=max-rrpv record by recency
[EVICT L3 pol=ECG:rrip_first curEpoch=42059 set_ways=8]
   way0 valid=1 rrpv=0 epoch=47732 dist=5673 prop=1 stamped=1 dbg=1 last=527 epoch2=47732 sched_n=0
   way1 valid=1 rrpv=0 epoch=48515 dist=6456 prop=1 stamped=1 dbg=1 last=562 epoch2=48515 sched_n=0
   way2 valid=1 rrpv=0 epoch=39581 dist=63057 prop=1 stamped=1 dbg=1 last=592 epoch2=39581 sched_n=0
   way3 valid=1 rrpv=0 epoch=47798 dist=5739 prop=1 stamped=1 dbg=2 last=624 epoch2=47798 sched_n=0
   way4 valid=1 rrpv=0 epoch=47732 dist=5673 prop=1 stamped=1 dbg=2 last=650 epoch2=47732 sched_n=0
   way5 valid=1 rrpv=7 epoch=0 dist=23476 prop=0 stamped=0 dbg=3 last=826 epoch2=0 sched_n=0   <== VICTIM
   way6 valid=1 rrpv=2 epoch=39516 dist=62992 prop=1 stamped=1 dbg=3 last=706 epoch2=39516 sched_n=0
   way7 valid=1 rrpv=0 epoch=48319 dist=6260 prop=1 stamped=1 dbg=3 last=738 epoch2=48319 sched_n=0
   -> victim=way5 reason=max-rrpv record by recency
[EVICT L3 pol=ECG:rrip_first curEpoch=42385 set_ways=8]
   way0 valid=1 rrpv=0 epoch=39581 dist=62731 prop=1 stamped=1 dbg=1 last=542 epoch2=39581 sched_n=0
   way1 valid=1 rrpv=0 epoch=39451 dist=62601 prop=1 stamped=1 dbg=1 last=579 epoch2=39451 sched_n=0
   way2 valid=1 rrpv=2 epoch=39581 dist=62731 prop=1 stamped=1 dbg=2 last=606 epoch2=39581 sched_n=0
   way3 valid=1 rrpv=0 epoch=47798 dist=5413 prop=1 stamped=1 dbg=2 last=636 epoch2=47798 sched_n=0
   way4 valid=1 rrpv=1 epoch=39451 dist=62601 prop=1 stamped=1 dbg=3 last=463 epoch2=39451 sched_n=0
   way5 valid=1 rrpv=0 epoch=47863 dist=5478 prop=1 stamped=1 dbg=3 last=695 epoch2=47863 sched_n=0
   way6 valid=1 rrpv=0 epoch=47732 dist=5347 prop=1 stamped=1 dbg=3 last=721 epoch2=47732 sched_n=0
   way7 valid=1 rrpv=7 epoch=0 dist=23150 prop=0 stamped=0 dbg=3 last=831 epoch2=0 sched_n=0   <== VICTIM
   -> victim=way7 reason=max-rrpv record by recency
[EVICT L3 pol=ECG:rrip_first curEpoch=42451 set_ways=8]
   way0 valid=1 rrpv=0 epoch=39386 dist=62470 prop=1 stamped=1 dbg=1 last=514 epoch2=39386 sched_n=0
   way1 valid=1 rrpv=0 epoch=47928 dist=5477 prop=1 stamped=1 dbg=1 last=553 epoch2=47928 sched_n=0
   way2 valid=1 rrpv=0 epoch=48254 dist=5803 prop=1 stamped=1 dbg=1 last=587 epoch2=48254 sched_n=0
   way3 valid=1 rrpv=0 epoch=47798 dist=5347 prop=1 stamped=1 dbg=2 last=616 epoch2=47798 sched_n=0
   way4 valid=1 rrpv=0 epoch=47798 dist=5347 prop=1 stamped=1 dbg=2 last=644 epoch2=47798 sched_n=0
   way5 valid=1 rrpv=7 epoch=0 dist=23084 prop=0 stamped=0 dbg=3 last=830 epoch2=0 sched_n=0   <== VICTIM
   way6 valid=1 rrpv=0 epoch=48450 dist=5999 prop=1 stamped=1 dbg=3 last=702 epoch2=48450 sched_n=0
   way7 valid=1 rrpv=1 epoch=39451 dist=62535 prop=1 stamped=1 dbg=3 last=729 epoch2=39451 sched_n=0
   -> victim=way5 reason=max-rrpv record by recency
[EVICT L3 pol=ECG:rrip_first curEpoch=42711 set_ways=8]
   way0 valid=1 rrpv=0 epoch=39581 dist=62405 prop=1 stamped=1 dbg=1 last=542 epoch2=39581 sched_n=0
   way1 valid=1 rrpv=0 epoch=39451 dist=62275 prop=1 stamped=1 dbg=1 last=579 epoch2=39451 sched_n=0
   way2 valid=1 rrpv=2 epoch=39581 dist=62405 prop=1 stamped=1 dbg=2 last=606 epoch2=39581 sched_n=0
   way3 valid=1 rrpv=0 epoch=47798 dist=5087 prop=1 stamped=1 dbg=2 last=636 epoch2=47798 sched_n=0
   way4 valid=1 rrpv=1 epoch=39451 dist=62275 prop=1 stamped=1 dbg=3 last=463 epoch2=39451 sched_n=0
   way5 valid=1 rrpv=0 epoch=47863 dist=5152 prop=1 stamped=1 dbg=3 last=695 epoch2=47863 sched_n=0
   way6 valid=1 rrpv=0 epoch=47732 dist=5021 prop=1 stamped=1 dbg=3 last=721 epoch2=47732 sched_n=0
   way7 valid=1 rrpv=7 epoch=0 dist=22824 prop=0 stamped=0 dbg=3 last=833 epoch2=0 sched_n=0   <== VICTIM
   -> victim=way7 reason=max-rrpv record by recency
[EVICT L3 pol=ECG:rrip_first curEpoch=42711 set_ways=8]
   way0 valid=1 rrpv=0 epoch=39386 dist=62210 prop=1 stamped=1 dbg=1 last=514 epoch2=39386 sched_n=0
   way1 valid=1 rrpv=0 epoch=47928 dist=5217 prop=1 stamped=1 dbg=1 last=553 epoch2=47928 sched_n=0
   way2 valid=1 rrpv=0 epoch=48254 dist=5543 prop=1 stamped=1 dbg=1 last=587 epoch2=48254 sched_n=0
   way3 valid=1 rrpv=0 epoch=47798 dist=5087 prop=1 stamped=1 dbg=2 last=616 epoch2=47798 sched_n=0
   way4 valid=1 rrpv=0 epoch=47798 dist=5087 prop=1 stamped=1 dbg=2 last=644 epoch2=47798 sched_n=0
   way5 valid=1 rrpv=7 epoch=0 dist=22824 prop=0 stamped=0 dbg=3 last=834 epoch2=0 sched_n=0   <== VICTIM
   way6 valid=1 rrpv=0 epoch=48450 dist=5739 prop=1 stamped=1 dbg=3 last=702 epoch2=48450 sched_n=0
   way7 valid=1 rrpv=1 epoch=39451 dist=62275 prop=1 stamped=1 dbg=3 last=729 epoch2=39451 sched_n=0
   -> victim=way5 reason=max-rrpv record by recency
[EVICT L3 pol=ECG:rrip_first curEpoch=42777 set_ways=8]
   way0 valid=1 rrpv=0 epoch=47732 dist=4955 prop=1 stamped=1 dbg=1 last=527 epoch2=47732 sched_n=0
   way1 valid=1 rrpv=0 epoch=48515 dist=5738 prop=1 stamped=1 dbg=1 last=562 epoch2=48515 sched_n=0
   way2 valid=1 rrpv=0 epoch=39581 dist=62339 prop=1 stamped=1 dbg=1 last=592 epoch2=39581 sched_n=0
   way3 valid=1 rrpv=0 epoch=47798 dist=5021 prop=1 stamped=1 dbg=2 last=624 epoch2=47798 sched_n=0
   way4 valid=1 rrpv=0 epoch=47732 dist=4955 prop=1 stamped=1 dbg=2 last=650 epoch2=47732 sched_n=0
   way5 valid=1 rrpv=7 epoch=0 dist=22758 prop=0 stamped=0 dbg=3 last=832 epoch2=0 sched_n=0   <== VICTIM
   way6 valid=1 rrpv=2 epoch=39516 dist=62274 prop=1 stamped=1 dbg=3 last=706 epoch2=39516 sched_n=0
   way7 valid=1 rrpv=0 epoch=48319 dist=5542 prop=1 stamped=1 dbg=3 last=738 epoch2=48319 sched_n=0
   -> victim=way5 reason=max-rrpv record by recency
[EVICT L3 pol=ECG:rrip_first curEpoch=42777 set_ways=8]
   way0 valid=1 rrpv=0 epoch=47732 dist=4955 prop=1 stamped=1 dbg=1 last=527 epoch2=47732 sched_n=0
   way1 valid=1 rrpv=0 epoch=48515 dist=5738 prop=1 stamped=1 dbg=1 last=562 epoch2=48515 sched_n=0
   way2 valid=1 rrpv=0 epoch=39581 dist=62339 prop=1 stamped=1 dbg=1 last=592 epoch2=39581 sched_n=0
   way3 valid=1 rrpv=0 epoch=47798 dist=5021 prop=1 stamped=1 dbg=2 last=624 epoch2=47798 sched_n=0
   way4 valid=1 rrpv=0 epoch=47732 dist=4955 prop=1 stamped=1 dbg=2 last=650 epoch2=47732 sched_n=0
   way5 valid=1 rrpv=7 epoch=0 dist=22758 prop=1 stamped=0 dbg=3 last=837 epoch2=0 sched_n=0   <== VICTIM
   way6 valid=1 rrpv=2 epoch=39516 dist=62274 prop=1 stamped=1 dbg=3 last=706 epoch2=39516 sched_n=0
   way7 valid=1 rrpv=0 epoch=48319 dist=5542 prop=1 stamped=1 dbg=3 last=738 epoch2=48319 sched_n=0
   -> victim=way5 reason=max-rrpv farthest-epoch property
[EVICT L3 pol=ECG:rrip_first curEpoch=42842 set_ways=8]
   way0 valid=1 rrpv=0 epoch=39581 dist=62274 prop=1 stamped=1 dbg=1 last=542 epoch2=39581 sched_n=0
   way1 valid=1 rrpv=0 epoch=39451 dist=62144 prop=1 stamped=1 dbg=1 last=579 epoch2=39451 sched_n=0
   way2 valid=1 rrpv=2 epoch=39581 dist=62274 prop=1 stamped=1 dbg=2 last=606 epoch2=39581 sched_n=0
   way3 valid=1 rrpv=0 epoch=47798 dist=4956 prop=1 stamped=1 dbg=2 last=636 epoch2=47798 sched_n=0
   way4 valid=1 rrpv=1 epoch=39451 dist=62144 prop=1 stamped=1 dbg=3 last=463 epoch2=39451 sched_n=0
   way5 valid=1 rrpv=0 epoch=47863 dist=5021 prop=1 stamped=1 dbg=3 last=695 epoch2=47863 sched_n=0
   way6 valid=1 rrpv=0 epoch=47732 dist=4890 prop=1 stamped=1 dbg=3 last=721 epoch2=47732 sched_n=0
   way7 valid=1 rrpv=7 epoch=0 dist=22693 prop=0 stamped=0 dbg=3 last=835 epoch2=0 sched_n=0   <== VICTIM
   -> victim=way7 reason=max-rrpv record by recency
[EVICT L3 pol=ECG:rrip_first curEpoch=42907 set_ways=8]
   way0 valid=1 rrpv=0 epoch=39386 dist=62014 prop=1 stamped=1 dbg=1 last=514 epoch2=39386 sched_n=0
   way1 valid=1 rrpv=0 epoch=47928 dist=5021 prop=1 stamped=1 dbg=1 last=553 epoch2=47928 sched_n=0
   way2 valid=1 rrpv=0 epoch=48254 dist=5347 prop=1 stamped=1 dbg=1 last=587 epoch2=48254 sched_n=0
   way3 valid=1 rrpv=0 epoch=47798 dist=4891 prop=1 stamped=1 dbg=2 last=616 epoch2=47798 sched_n=0
   way4 valid=1 rrpv=0 epoch=47798 dist=4891 prop=1 stamped=1 dbg=2 last=644 epoch2=47798 sched_n=0
   way5 valid=1 rrpv=7 epoch=0 dist=22628 prop=0 stamped=0 dbg=3 last=836 epoch2=0 sched_n=0   <== VICTIM
   way6 valid=1 rrpv=0 epoch=48450 dist=5543 prop=1 stamped=1 dbg=3 last=702 epoch2=48450 sched_n=0
   way7 valid=1 rrpv=1 epoch=39451 dist=62079 prop=1 stamped=1 dbg=3 last=729 epoch2=39451 sched_n=0
   -> victim=way5 reason=max-rrpv record by recency
[EVICT L3 pol=ECG:rrip_first curEpoch=43037 set_ways=8]
   way0 valid=1 rrpv=0 epoch=48124 dist=5087 prop=1 stamped=1 dbg=1 last=536 epoch2=48124 sched_n=0
   way1 valid=1 rrpv=0 epoch=47732 dist=4695 prop=1 stamped=1 dbg=1 last=572 epoch2=47732 sched_n=0
   way2 valid=1 rrpv=0 epoch=47863 dist=4826 prop=1 stamped=1 dbg=2 last=601 epoch2=47863 sched_n=0
   way3 valid=1 rrpv=0 epoch=48319 dist=5282 prop=1 stamped=1 dbg=2 last=629 epoch2=48319 sched_n=0
   way4 valid=1 rrpv=0 epoch=39516 dist=62014 prop=1 stamped=1 dbg=2 last=657 epoch2=39516 sched_n=0
   way5 valid=1 rrpv=7 epoch=0 dist=22498 prop=0 stamped=0 dbg=3 last=828 epoch2=0 sched_n=0   <== VICTIM
   way6 valid=1 rrpv=1 epoch=39451 dist=61949 prop=1 stamped=1 dbg=3 last=715 epoch2=39451 sched_n=0
   way7 valid=1 rrpv=0 epoch=48124 dist=5087 prop=1 stamped=1 dbg=3 last=745 epoch2=48124 sched_n=0
   -> victim=way5 reason=max-rrpv record by recency
[EVICT L3 pol=ECG:rrip_first curEpoch=43103 set_ways=8]
   way0 valid=1 rrpv=0 epoch=47732 dist=4629 prop=1 stamped=1 dbg=1 last=527 epoch2=47732 sched_n=0
   way1 valid=1 rrpv=0 epoch=48515 dist=5412 prop=1 stamped=1 dbg=1 last=562 epoch2=48515 sched_n=0
   way2 valid=1 rrpv=0 epoch=39581 dist=62013 prop=1 stamped=1 dbg=1 last=592 epoch2=39581 sched_n=0
   way3 valid=1 rrpv=0 epoch=47798 dist=4695 prop=1 stamped=1 dbg=2 last=624 epoch2=47798 sched_n=0
   way4 valid=1 rrpv=0 epoch=47732 dist=4629 prop=1 stamped=1 dbg=2 last=650 epoch2=47732 sched_n=0
   way5 valid=1 rrpv=7 epoch=0 dist=22432 prop=0 stamped=0 dbg=3 last=838 epoch2=0 sched_n=0   <== VICTIM
   way6 valid=1 rrpv=2 epoch=39516 dist=61948 prop=1 stamped=1 dbg=3 last=706 epoch2=39516 sched_n=0
   way7 valid=1 rrpv=0 epoch=48319 dist=5216 prop=1 stamped=1 dbg=3 last=738 epoch2=48319 sched_n=0
   -> victim=way5 reason=max-rrpv record by recency
[EVICT L3 pol=ECG:rrip_first curEpoch=43168 set_ways=8]
   way0 valid=1 rrpv=0 epoch=48124 dist=4956 prop=1 stamped=1 dbg=1 last=536 epoch2=48124 sched_n=0
   way1 valid=1 rrpv=0 epoch=47732 dist=4564 prop=1 stamped=1 dbg=1 last=572 epoch2=47732 sched_n=0
   way2 valid=1 rrpv=0 epoch=47863 dist=4695 prop=1 stamped=1 dbg=2 last=601 epoch2=47863 sched_n=0
   way3 valid=1 rrpv=0 epoch=48319 dist=5151 prop=1 stamped=1 dbg=2 last=629 epoch2=48319 sched_n=0
   way4 valid=1 rrpv=0 epoch=39516 dist=61883 prop=1 stamped=1 dbg=2 last=657 epoch2=39516 sched_n=0
   way5 valid=1 rrpv=7 epoch=0 dist=22367 prop=0 stamped=0 dbg=3 last=841 epoch2=0 sched_n=0   <== VICTIM
   way6 valid=1 rrpv=1 epoch=39451 dist=61818 prop=1 stamped=1 dbg=3 last=715 epoch2=39451 sched_n=0
   way7 valid=1 rrpv=0 epoch=48124 dist=4956 prop=1 stamped=1 dbg=3 last=745 epoch2=48124 sched_n=0
   -> victim=way5 reason=max-rrpv record by recency
[EVICT L3 pol=ECG:rrip_first curEpoch=43233 set_ways=8]
   way0 valid=1 rrpv=0 epoch=39581 dist=61883 prop=1 stamped=1 dbg=1 last=542 epoch2=39581 sched_n=0
   way1 valid=1 rrpv=0 epoch=39451 dist=61753 prop=1 stamped=1 dbg=1 last=579 epoch2=39451 sched_n=0
   way2 valid=1 rrpv=2 epoch=39581 dist=61883 prop=1 stamped=1 dbg=2 last=606 epoch2=39581 sched_n=0
   way3 valid=1 rrpv=0 epoch=47798 dist=4565 prop=1 stamped=1 dbg=2 last=636 epoch2=47798 sched_n=0
   way4 valid=1 rrpv=1 epoch=39451 dist=61753 prop=1 stamped=1 dbg=3 last=463 epoch2=39451 sched_n=0
   way5 valid=1 rrpv=0 epoch=47863 dist=4630 prop=1 stamped=1 dbg=3 last=695 epoch2=47863 sched_n=0
   way6 valid=1 rrpv=0 epoch=47732 dist=4499 prop=1 stamped=1 dbg=3 last=721 epoch2=47732 sched_n=0
   way7 valid=1 rrpv=7 epoch=0 dist=22302 prop=0 stamped=0 dbg=3 last=839 epoch2=0 sched_n=0   <== VICTIM
   -> victim=way7 reason=max-rrpv record by recency
[EVICT L3 pol=ECG:rrip_first curEpoch=43494 set_ways=8]
   way0 valid=1 rrpv=0 epoch=39386 dist=61427 prop=1 stamped=1 dbg=1 last=514 epoch2=39386 sched_n=0
   way1 valid=1 rrpv=0 epoch=47928 dist=4434 prop=1 stamped=1 dbg=1 last=553 epoch2=47928 sched_n=0
   way2 valid=1 rrpv=0 epoch=48254 dist=4760 prop=1 stamped=1 dbg=1 last=587 epoch2=48254 sched_n=0
   way3 valid=1 rrpv=0 epoch=47798 dist=4304 prop=1 stamped=1 dbg=2 last=616 epoch2=47798 sched_n=0
   way4 valid=1 rrpv=0 epoch=47798 dist=4304 prop=1 stamped=1 dbg=2 last=644 epoch2=47798 sched_n=0
   way5 valid=1 rrpv=7 epoch=0 dist=22041 prop=0 stamped=0 dbg=3 last=840 epoch2=0 sched_n=0   <== VICTIM
   way6 valid=1 rrpv=0 epoch=48450 dist=4956 prop=1 stamped=1 dbg=3 last=702 epoch2=48450 sched_n=0
   way7 valid=1 rrpv=1 epoch=39451 dist=61492 prop=1 stamped=1 dbg=3 last=729 epoch2=39451 sched_n=0
   -> victim=way5 reason=max-rrpv record by recency
[EVICT L3 pol=ECG:rrip_first curEpoch=43624 set_ways=8]
   way0 valid=1 rrpv=0 epoch=39581 dist=61492 prop=1 stamped=1 dbg=1 last=542 epoch2=39581 sched_n=0
   way1 valid=1 rrpv=0 epoch=39451 dist=61362 prop=1 stamped=1 dbg=1 last=579 epoch2=39451 sched_n=0
   way2 valid=1 rrpv=2 epoch=39581 dist=61492 prop=1 stamped=1 dbg=2 last=606 epoch2=39581 sched_n=0
   way3 valid=1 rrpv=0 epoch=47798 dist=4174 prop=1 stamped=1 dbg=2 last=636 epoch2=47798 sched_n=0
   way4 valid=1 rrpv=1 epoch=39451 dist=61362 prop=1 stamped=1 dbg=3 last=463 epoch2=39451 sched_n=0
   way5 valid=1 rrpv=0 epoch=47863 dist=4239 prop=1 stamped=1 dbg=3 last=695 epoch2=47863 sched_n=0
   way6 valid=1 rrpv=0 epoch=47732 dist=4108 prop=1 stamped=1 dbg=3 last=721 epoch2=47732 sched_n=0
   way7 valid=1 rrpv=7 epoch=0 dist=21911 prop=0 stamped=0 dbg=3 last=844 epoch2=0 sched_n=0   <== VICTIM
   -> victim=way7 reason=max-rrpv record by recency
[EVICT L3 pol=ECG:rrip_first curEpoch=43690 set_ways=8]
   way0 valid=1 rrpv=0 epoch=47732 dist=4042 prop=1 stamped=1 dbg=1 last=527 epoch2=47732 sched_n=0
   way1 valid=1 rrpv=0 epoch=48515 dist=4825 prop=1 stamped=1 dbg=1 last=562 epoch2=48515 sched_n=0
   way2 valid=1 rrpv=0 epoch=39581 dist=61426 prop=1 stamped=1 dbg=1 last=592 epoch2=39581 sched_n=0
   way3 valid=1 rrpv=0 epoch=47798 dist=4108 prop=1 stamped=1 dbg=2 last=624 epoch2=47798 sched_n=0
   way4 valid=1 rrpv=0 epoch=47732 dist=4042 prop=1 stamped=1 dbg=2 last=650 epoch2=47732 sched_n=0
   way5 valid=1 rrpv=7 epoch=0 dist=21845 prop=0 stamped=0 dbg=3 last=842 epoch2=0 sched_n=0   <== VICTIM
   way6 valid=1 rrpv=2 epoch=39516 dist=61361 prop=1 stamped=1 dbg=3 last=706 epoch2=39516 sched_n=0
   way7 valid=1 rrpv=0 epoch=48319 dist=4629 prop=1 stamped=1 dbg=3 last=738 epoch2=48319 sched_n=0
   -> victim=way5 reason=max-rrpv record by recency
[EVICT L3 pol=ECG:rrip_first curEpoch=43820 set_ways=8]
   way0 valid=1 rrpv=0 epoch=48124 dist=4304 prop=1 stamped=1 dbg=1 last=536 epoch2=48124 sched_n=0
   way1 valid=1 rrpv=0 epoch=47732 dist=3912 prop=1 stamped=1 dbg=1 last=572 epoch2=47732 sched_n=0
   way2 valid=1 rrpv=0 epoch=47863 dist=4043 prop=1 stamped=1 dbg=2 last=601 epoch2=47863 sched_n=0
   way3 valid=1 rrpv=0 epoch=48319 dist=4499 prop=1 stamped=1 dbg=2 last=629 epoch2=48319 sched_n=0
   way4 valid=1 rrpv=0 epoch=39516 dist=61231 prop=1 stamped=1 dbg=2 last=657 epoch2=39516 sched_n=0
   way5 valid=1 rrpv=7 epoch=0 dist=21715 prop=0 stamped=0 dbg=3 last=843 epoch2=0 sched_n=0   <== VICTIM
   way6 valid=1 rrpv=1 epoch=39451 dist=61166 prop=1 stamped=1 dbg=3 last=715 epoch2=39451 sched_n=0
   way7 valid=1 rrpv=0 epoch=48124 dist=4304 prop=1 stamped=1 dbg=3 last=745 epoch2=48124 sched_n=0
   -> victim=way5 reason=max-rrpv record by recency
[EVICT L3 pol=ECG:rrip_first curEpoch=44016 set_ways=8]
   way0 valid=1 rrpv=0 epoch=47732 dist=3716 prop=1 stamped=1 dbg=1 last=527 epoch2=47732 sched_n=0
   way1 valid=1 rrpv=0 epoch=48515 dist=4499 prop=1 stamped=1 dbg=1 last=562 epoch2=48515 sched_n=0
   way2 valid=1 rrpv=0 epoch=39581 dist=61100 prop=1 stamped=1 dbg=1 last=592 epoch2=39581 sched_n=0
   way3 valid=1 rrpv=0 epoch=47798 dist=3782 prop=1 stamped=1 dbg=2 last=624 epoch2=47798 sched_n=0
   way4 valid=1 rrpv=0 epoch=47732 dist=3716 prop=1 stamped=1 dbg=2 last=650 epoch2=47732 sched_n=0
   way5 valid=1 rrpv=7 epoch=0 dist=21519 prop=0 stamped=0 dbg=3 last=847 epoch2=0 sched_n=0   <== VICTIM
   way6 valid=1 rrpv=2 epoch=39516 dist=61035 prop=1 stamped=1 dbg=3 last=706 epoch2=39516 sched_n=0
   way7 valid=1 rrpv=0 epoch=48319 dist=4303 prop=1 stamped=1 dbg=3 last=738 epoch2=48319 sched_n=0
   -> victim=way5 reason=max-rrpv record by recency
[EVICT L3 pol=ECG:rrip_first curEpoch=44211 set_ways=8]
   way0 valid=1 rrpv=0 epoch=48124 dist=3913 prop=1 stamped=1 dbg=1 last=536 epoch2=48124 sched_n=0
   way1 valid=1 rrpv=0 epoch=47732 dist=3521 prop=1 stamped=1 dbg=1 last=572 epoch2=47732 sched_n=0
   way2 valid=1 rrpv=0 epoch=47863 dist=3652 prop=1 stamped=1 dbg=2 last=601 epoch2=47863 sched_n=0
   way3 valid=1 rrpv=0 epoch=48319 dist=4108 prop=1 stamped=1 dbg=2 last=629 epoch2=48319 sched_n=0
   way4 valid=1 rrpv=0 epoch=39516 dist=60840 prop=1 stamped=1 dbg=2 last=657 epoch2=39516 sched_n=0
   way5 valid=1 rrpv=7 epoch=0 dist=21324 prop=1 stamped=0 dbg=3 last=848 epoch2=0 sched_n=0   <== VICTIM
   way6 valid=1 rrpv=1 epoch=39451 dist=60775 prop=1 stamped=1 dbg=3 last=715 epoch2=39451 sched_n=0
   way7 valid=1 rrpv=0 epoch=48124 dist=3913 prop=1 stamped=1 dbg=3 last=745 epoch2=48124 sched_n=0
   -> victim=way5 reason=max-rrpv farthest-epoch property
[EVICT L3 pol=ECG:rrip_first curEpoch=44342 set_ways=8]
   way0 valid=1 rrpv=0 epoch=39581 dist=60774 prop=1 stamped=1 dbg=1 last=542 epoch2=39581 sched_n=0
   way1 valid=1 rrpv=0 epoch=39451 dist=60644 prop=1 stamped=1 dbg=1 last=579 epoch2=39451 sched_n=0
   way2 valid=1 rrpv=2 epoch=39581 dist=60774 prop=1 stamped=1 dbg=2 last=606 epoch2=39581 sched_n=0
   way3 valid=1 rrpv=0 epoch=47798 dist=3456 prop=1 stamped=1 dbg=2 last=636 epoch2=47798 sched_n=0
   way4 valid=1 rrpv=1 epoch=39451 dist=60644 prop=1 stamped=1 dbg=3 last=463 epoch2=39451 sched_n=0
   way5 valid=1 rrpv=0 epoch=47863 dist=3521 prop=1 stamped=1 dbg=3 last=695 epoch2=47863 sched_n=0
   way6 valid=1 rrpv=0 epoch=47732 dist=3390 prop=1 stamped=1 dbg=3 last=721 epoch2=47732 sched_n=0
   way7 valid=1 rrpv=7 epoch=0 dist=21193 prop=0 stamped=0 dbg=3 last=846 epoch2=0 sched_n=0   <== VICTIM
   -> victim=way7 reason=max-rrpv record by recency
[EVICT L3 pol=ECG:rrip_first curEpoch=44407 set_ways=8]
   way0 valid=1 rrpv=0 epoch=39386 dist=60514 prop=1 stamped=1 dbg=1 last=514 epoch2=39386 sched_n=0
   way1 valid=1 rrpv=0 epoch=47928 dist=3521 prop=1 stamped=1 dbg=1 last=553 epoch2=47928 sched_n=0
   way2 valid=1 rrpv=0 epoch=48254 dist=3847 prop=1 stamped=1 dbg=1 last=587 epoch2=48254 sched_n=0
   way3 valid=1 rrpv=0 epoch=47798 dist=3391 prop=1 stamped=1 dbg=2 last=616 epoch2=47798 sched_n=0
   way4 valid=1 rrpv=0 epoch=47798 dist=3391 prop=1 stamped=1 dbg=2 last=644 epoch2=47798 sched_n=0
   way5 valid=1 rrpv=7 epoch=0 dist=21128 prop=0 stamped=0 dbg=3 last=845 epoch2=0 sched_n=0   <== VICTIM
   way6 valid=1 rrpv=0 epoch=48450 dist=4043 prop=1 stamped=1 dbg=3 last=702 epoch2=48450 sched_n=0
   way7 valid=1 rrpv=1 epoch=39451 dist=60579 prop=1 stamped=1 dbg=3 last=729 epoch2=39451 sched_n=0
   -> victim=way5 reason=max-rrpv record by recency
[EVICT L3 pol=ECG:rrip_first curEpoch=44602 set_ways=8]
   way0 valid=1 rrpv=0 epoch=39386 dist=60319 prop=1 stamped=1 dbg=1 last=514 epoch2=39386 sched_n=0
   way1 valid=1 rrpv=0 epoch=47928 dist=3326 prop=1 stamped=1 dbg=1 last=553 epoch2=47928 sched_n=0
   way2 valid=1 rrpv=0 epoch=48254 dist=3652 prop=1 stamped=1 dbg=1 last=587 epoch2=48254 sched_n=0
   way3 valid=1 rrpv=0 epoch=47798 dist=3196 prop=1 stamped=1 dbg=2 last=616 epoch2=47798 sched_n=0
   way4 valid=1 rrpv=0 epoch=47798 dist=3196 prop=1 stamped=1 dbg=2 last=644 epoch2=47798 sched_n=0
   way5 valid=1 rrpv=7 epoch=0 dist=20933 prop=0 stamped=0 dbg=3 last=852 epoch2=0 sched_n=0   <== VICTIM
   way6 valid=1 rrpv=0 epoch=48450 dist=3848 prop=1 stamped=1 dbg=3 last=702 epoch2=48450 sched_n=0
   way7 valid=1 rrpv=1 epoch=39451 dist=60384 prop=1 stamped=1 dbg=3 last=729 epoch2=39451 sched_n=0
   -> victim=way5 reason=max-rrpv record by recency
[EVICT L3 pol=ECG:rrip_first curEpoch=44668 set_ways=8]
   way0 valid=1 rrpv=0 epoch=47732 dist=3064 prop=1 stamped=1 dbg=1 last=527 epoch2=47732 sched_n=0
   way1 valid=1 rrpv=0 epoch=48515 dist=3847 prop=1 stamped=1 dbg=1 last=562 epoch2=48515 sched_n=0
   way2 valid=1 rrpv=0 epoch=39581 dist=60448 prop=1 stamped=1 dbg=1 last=592 epoch2=39581 sched_n=0
   way3 valid=1 rrpv=0 epoch=47798 dist=3130 prop=1 stamped=1 dbg=2 last=624 epoch2=47798 sched_n=0
   way4 valid=1 rrpv=0 epoch=47732 dist=3064 prop=1 stamped=1 dbg=2 last=650 epoch2=47732 sched_n=0
   way5 valid=1 rrpv=7 epoch=0 dist=20867 prop=0 stamped=0 dbg=3 last=849 epoch2=0 sched_n=0   <== VICTIM
   way6 valid=1 rrpv=2 epoch=39516 dist=60383 prop=1 stamped=1 dbg=3 last=706 epoch2=39516 sched_n=0
   way7 valid=1 rrpv=0 epoch=48319 dist=3651 prop=1 stamped=1 dbg=3 last=738 epoch2=48319 sched_n=0
   -> victim=way5 reason=max-rrpv record by recency
[EVICT L3 pol=ECG:rrip_first curEpoch=44863 set_ways=8]
   way0 valid=1 rrpv=0 epoch=39581 dist=60253 prop=1 stamped=1 dbg=1 last=542 epoch2=39581 sched_n=0
   way1 valid=1 rrpv=0 epoch=39451 dist=60123 prop=1 stamped=1 dbg=1 last=579 epoch2=39451 sched_n=0
   way2 valid=1 rrpv=2 epoch=39581 dist=60253 prop=1 stamped=1 dbg=2 last=606 epoch2=39581 sched_n=0
   way3 valid=1 rrpv=0 epoch=47798 dist=2935 prop=1 stamped=1 dbg=2 last=636 epoch2=47798 sched_n=0
   way4 valid=1 rrpv=1 epoch=39451 dist=60123 prop=1 stamped=1 dbg=3 last=463 epoch2=39451 sched_n=0
   way5 valid=1 rrpv=0 epoch=47863 dist=3000 prop=1 stamped=1 dbg=3 last=695 epoch2=47863 sched_n=0
   way6 valid=1 rrpv=0 epoch=47732 dist=2869 prop=1 stamped=1 dbg=3 last=721 epoch2=47732 sched_n=0
   way7 valid=1 rrpv=7 epoch=0 dist=20672 prop=0 stamped=0 dbg=3 last=851 epoch2=0 sched_n=0   <== VICTIM
   -> victim=way7 reason=max-rrpv record by recency
[EVICT L3 pol=ECG:rrip_first curEpoch=44863 set_ways=8]
   way0 valid=1 rrpv=0 epoch=47732 dist=2869 prop=1 stamped=1 dbg=1 last=527 epoch2=47732 sched_n=0
   way1 valid=1 rrpv=0 epoch=48515 dist=3652 prop=1 stamped=1 dbg=1 last=562 epoch2=48515 sched_n=0
   way2 valid=1 rrpv=0 epoch=39581 dist=60253 prop=1 stamped=1 dbg=1 last=592 epoch2=39581 sched_n=0
   way3 valid=1 rrpv=0 epoch=47798 dist=2935 prop=1 stamped=1 dbg=2 last=624 epoch2=47798 sched_n=0
   way4 valid=1 rrpv=0 epoch=47732 dist=2869 prop=1 stamped=1 dbg=2 last=650 epoch2=47732 sched_n=0
   way5 valid=1 rrpv=7 epoch=0 dist=20672 prop=0 stamped=0 dbg=3 last=854 epoch2=0 sched_n=0   <== VICTIM
   way6 valid=1 rrpv=2 epoch=39516 dist=60188 prop=1 stamped=1 dbg=3 last=706 epoch2=39516 sched_n=0
   way7 valid=1 rrpv=0 epoch=48319 dist=3456 prop=1 stamped=1 dbg=3 last=738 epoch2=48319 sched_n=0
   -> victim=way5 reason=max-rrpv record by recency
[EVICT L3 pol=ECG:rrip_first curEpoch=44994 set_ways=8]
   way0 valid=1 rrpv=0 epoch=39581 dist=60122 prop=1 stamped=1 dbg=1 last=542 epoch2=39581 sched_n=0
   way1 valid=1 rrpv=0 epoch=39451 dist=59992 prop=1 stamped=1 dbg=1 last=579 epoch2=39451 sched_n=0
   way2 valid=1 rrpv=2 epoch=39581 dist=60122 prop=1 stamped=1 dbg=2 last=606 epoch2=39581 sched_n=0
   way3 valid=1 rrpv=0 epoch=47798 dist=2804 prop=1 stamped=1 dbg=2 last=636 epoch2=47798 sched_n=0
   way4 valid=1 rrpv=1 epoch=39451 dist=59992 prop=1 stamped=1 dbg=3 last=463 epoch2=39451 sched_n=0
   way5 valid=1 rrpv=0 epoch=47863 dist=2869 prop=1 stamped=1 dbg=3 last=695 epoch2=47863 sched_n=0
   way6 valid=1 rrpv=0 epoch=47732 dist=2738 prop=1 stamped=1 dbg=3 last=721 epoch2=47732 sched_n=0
   way7 valid=1 rrpv=7 epoch=0 dist=20541 prop=1 stamped=0 dbg=3 last=855 epoch2=0 sched_n=0   <== VICTIM
   -> victim=way7 reason=max-rrpv farthest-epoch property
[EVICT L3 pol=ECG:rrip_first curEpoch=45059 set_ways=8]
   way0 valid=1 rrpv=0 epoch=39386 dist=59862 prop=1 stamped=1 dbg=1 last=514 epoch2=39386 sched_n=0
   way1 valid=1 rrpv=0 epoch=47928 dist=2869 prop=1 stamped=1 dbg=1 last=553 epoch2=47928 sched_n=0
   way2 valid=1 rrpv=0 epoch=48254 dist=3195 prop=1 stamped=1 dbg=1 last=587 epoch2=48254 sched_n=0
   way3 valid=1 rrpv=0 epoch=47798 dist=2739 prop=1 stamped=1 dbg=2 last=616 epoch2=47798 sched_n=0
   way4 valid=1 rrpv=0 epoch=47798 dist=2739 prop=1 stamped=1 dbg=2 last=644 epoch2=47798 sched_n=0
   way5 valid=1 rrpv=7 epoch=0 dist=20476 prop=0 stamped=0 dbg=3 last=853 epoch2=0 sched_n=0   <== VICTIM
   way6 valid=1 rrpv=0 epoch=48450 dist=3391 prop=1 stamped=1 dbg=3 last=702 epoch2=48450 sched_n=0
   way7 valid=1 rrpv=1 epoch=39451 dist=59927 prop=1 stamped=1 dbg=3 last=729 epoch2=39451 sched_n=0
   -> victim=way5 reason=max-rrpv record by recency
[EVICT L3 pol=ECG:rrip_first curEpoch=45124 set_ways=8]
   way0 valid=1 rrpv=0 epoch=47732 dist=2608 prop=1 stamped=1 dbg=1 last=527 epoch2=47732 sched_n=0
   way1 valid=1 rrpv=0 epoch=48515 dist=3391 prop=1 stamped=1 dbg=1 last=562 epoch2=48515 sched_n=0
   way2 valid=1 rrpv=0 epoch=39581 dist=59992 prop=1 stamped=1 dbg=1 last=592 epoch2=39581 sched_n=0
   way3 valid=1 rrpv=0 epoch=47798 dist=2674 prop=1 stamped=1 dbg=2 last=624 epoch2=47798 sched_n=0
   way4 valid=1 rrpv=0 epoch=47732 dist=2608 prop=1 stamped=1 dbg=2 last=650 epoch2=47732 sched_n=0
   way5 valid=1 rrpv=7 epoch=0 dist=20411 prop=0 stamped=0 dbg=3 last=856 epoch2=0 sched_n=0   <== VICTIM
   way6 valid=1 rrpv=2 epoch=39516 dist=59927 prop=1 stamped=1 dbg=3 last=706 epoch2=39516 sched_n=0
   way7 valid=1 rrpv=0 epoch=48319 dist=3195 prop=1 stamped=1 dbg=3 last=738 epoch2=48319 sched_n=0
   -> victim=way5 reason=max-rrpv record by recency
[EVICT L3 pol=ECG:rrip_first curEpoch=45189 set_ways=8]
   way0 valid=1 rrpv=0 epoch=48124 dist=2935 prop=1 stamped=1 dbg=1 last=536 epoch2=48124 sched_n=0
   way1 valid=1 rrpv=0 epoch=47732 dist=2543 prop=1 stamped=1 dbg=1 last=572 epoch2=47732 sched_n=0
   way2 valid=1 rrpv=0 epoch=47863 dist=2674 prop=1 stamped=1 dbg=2 last=601 epoch2=47863 sched_n=0
   way3 valid=1 rrpv=0 epoch=48319 dist=3130 prop=1 stamped=1 dbg=2 last=629 epoch2=48319 sched_n=0
   way4 valid=1 rrpv=0 epoch=39516 dist=59862 prop=1 stamped=1 dbg=2 last=657 epoch2=39516 sched_n=0
   way5 valid=1 rrpv=7 epoch=0 dist=20346 prop=0 stamped=0 dbg=3 last=850 epoch2=0 sched_n=0   <== VICTIM
   way6 valid=1 rrpv=1 epoch=39451 dist=59797 prop=1 stamped=1 dbg=3 last=715 epoch2=39451 sched_n=0
   way7 valid=1 rrpv=0 epoch=48124 dist=2935 prop=1 stamped=1 dbg=3 last=745 epoch2=48124 sched_n=0
   -> victim=way5 reason=max-rrpv record by recency
[EVICT L3 pol=ECG:rrip_first curEpoch=45189 set_ways=8]
   way0 valid=1 rrpv=0 epoch=39581 dist=59927 prop=1 stamped=1 dbg=1 last=542 epoch2=39581 sched_n=0
   way1 valid=1 rrpv=0 epoch=39451 dist=59797 prop=1 stamped=1 dbg=1 last=579 epoch2=39451 sched_n=0
   way2 valid=1 rrpv=2 epoch=39581 dist=59927 prop=1 stamped=1 dbg=2 last=606 epoch2=39581 sched_n=0
   way3 valid=1 rrpv=0 epoch=47798 dist=2609 prop=1 stamped=1 dbg=2 last=636 epoch2=47798 sched_n=0
   way4 valid=1 rrpv=1 epoch=39451 dist=59797 prop=1 stamped=1 dbg=3 last=463 epoch2=39451 sched_n=0
   way5 valid=1 rrpv=0 epoch=47863 dist=2674 prop=1 stamped=1 dbg=3 last=695 epoch2=47863 sched_n=0
   way6 valid=1 rrpv=0 epoch=47732 dist=2543 prop=1 stamped=1 dbg=3 last=721 epoch2=47732 sched_n=0
   way7 valid=1 rrpv=7 epoch=0 dist=20346 prop=0 stamped=0 dbg=3 last=857 epoch2=0 sched_n=0   <== VICTIM
   -> victim=way7 reason=max-rrpv record by recency
[EVICT L3 pol=ECG:rrip_first curEpoch=45189 set_ways=8]
   way0 valid=1 rrpv=0 epoch=39386 dist=59732 prop=1 stamped=1 dbg=1 last=514 epoch2=39386 sched_n=0
   way1 valid=1 rrpv=0 epoch=47928 dist=2739 prop=1 stamped=1 dbg=1 last=553 epoch2=47928 sched_n=0
   way2 valid=1 rrpv=0 epoch=48254 dist=3065 prop=1 stamped=1 dbg=1 last=587 epoch2=48254 sched_n=0
   way3 valid=1 rrpv=0 epoch=47798 dist=2609 prop=1 stamped=1 dbg=2 last=616 epoch2=47798 sched_n=0
   way4 valid=1 rrpv=0 epoch=47798 dist=2609 prop=1 stamped=1 dbg=2 last=644 epoch2=47798 sched_n=0
   way5 valid=1 rrpv=7 epoch=0 dist=20346 prop=0 stamped=0 dbg=3 last=858 epoch2=0 sched_n=0   <== VICTIM
   way6 valid=1 rrpv=0 epoch=48450 dist=3261 prop=1 stamped=1 dbg=3 last=702 epoch2=48450 sched_n=0
   way7 valid=1 rrpv=1 epoch=39451 dist=59797 prop=1 stamped=1 dbg=3 last=729 epoch2=39451 sched_n=0
   -> victim=way5 reason=max-rrpv record by recency
[EVICT L3 pol=ECG:rrip_first curEpoch=45320 set_ways=8]
   way0 valid=1 rrpv=0 epoch=47732 dist=2412 prop=1 stamped=1 dbg=1 last=527 epoch2=47732 sched_n=0
   way1 valid=1 rrpv=0 epoch=48515 dist=3195 prop=1 stamped=1 dbg=1 last=562 epoch2=48515 sched_n=0
   way2 valid=1 rrpv=0 epoch=39581 dist=59796 prop=1 stamped=1 dbg=1 last=592 epoch2=39581 sched_n=0
   way3 valid=1 rrpv=0 epoch=47798 dist=2478 prop=1 stamped=1 dbg=2 last=624 epoch2=47798 sched_n=0
   way4 valid=1 rrpv=0 epoch=47732 dist=2412 prop=1 stamped=1 dbg=2 last=650 epoch2=47732 sched_n=0
   way5 valid=1 rrpv=7 epoch=0 dist=20215 prop=0 stamped=0 dbg=3 last=859 epoch2=0 sched_n=0   <== VICTIM
   way6 valid=1 rrpv=2 epoch=39516 dist=59731 prop=1 stamped=1 dbg=3 last=706 epoch2=39516 sched_n=0
   way7 valid=1 rrpv=0 epoch=48319 dist=2999 prop=1 stamped=1 dbg=3 last=738 epoch2=48319 sched_n=0
   -> victim=way5 reason=max-rrpv record by recency
[EVICT L3 pol=ECG:rrip_first curEpoch=45450 set_ways=8]
   way0 valid=1 rrpv=0 epoch=39386 dist=59471 prop=1 stamped=1 dbg=1 last=514 epoch2=39386 sched_n=0
   way1 valid=1 rrpv=0 epoch=47928 dist=2478 prop=1 stamped=1 dbg=1 last=553 epoch2=47928 sched_n=0
   way2 valid=1 rrpv=0 epoch=48254 dist=2804 prop=1 stamped=1 dbg=1 last=587 epoch2=48254 sched_n=0
   way3 valid=1 rrpv=0 epoch=47798 dist=2348 prop=1 stamped=1 dbg=2 last=616 epoch2=47798 sched_n=0
   way4 valid=1 rrpv=0 epoch=47798 dist=2348 prop=1 stamped=1 dbg=2 last=644 epoch2=47798 sched_n=0
   way5 valid=1 rrpv=7 epoch=0 dist=20085 prop=0 stamped=0 dbg=3 last=862 epoch2=0 sched_n=0   <== VICTIM
   way6 valid=1 rrpv=0 epoch=48450 dist=3000 prop=1 stamped=1 dbg=3 last=702 epoch2=48450 sched_n=0
   way7 valid=1 rrpv=1 epoch=39451 dist=59536 prop=1 stamped=1 dbg=3 last=729 epoch2=39451 sched_n=0
   -> victim=way5 reason=max-rrpv record by recency
[EVICT L3 pol=ECG:rrip_first curEpoch=45711 set_ways=8]
   way0 valid=1 rrpv=0 epoch=48124 dist=2413 prop=1 stamped=1 dbg=1 last=536 epoch2=48124 sched_n=0
   way1 valid=1 rrpv=0 epoch=47732 dist=2021 prop=1 stamped=1 dbg=1 last=572 epoch2=47732 sched_n=0
   way2 valid=1 rrpv=0 epoch=47863 dist=2152 prop=1 stamped=1 dbg=2 last=601 epoch2=47863 sched_n=0
   way3 valid=1 rrpv=0 epoch=48319 dist=2608 prop=1 stamped=1 dbg=2 last=629 epoch2=48319 sched_n=0
   way4 valid=1 rrpv=0 epoch=39516 dist=59340 prop=1 stamped=1 dbg=2 last=657 epoch2=39516 sched_n=0
   way5 valid=1 rrpv=7 epoch=0 dist=19824 prop=0 stamped=0 dbg=3 last=860 epoch2=0 sched_n=0   <== VICTIM
   way6 valid=1 rrpv=1 epoch=39451 dist=59275 prop=1 stamped=1 dbg=3 last=715 epoch2=39451 sched_n=0
   way7 valid=1 rrpv=0 epoch=48124 dist=2413 prop=1 stamped=1 dbg=3 last=745 epoch2=48124 sched_n=0
   -> victim=way5 reason=max-rrpv record by recency
[EVICT L3 pol=ECG:rrip_first curEpoch=45907 set_ways=8]
   way0 valid=1 rrpv=0 epoch=39386 dist=59014 prop=1 stamped=1 dbg=1 last=514 epoch2=39386 sched_n=0
   way1 valid=1 rrpv=0 epoch=47928 dist=2021 prop=1 stamped=1 dbg=1 last=553 epoch2=47928 sched_n=0
   way2 valid=1 rrpv=0 epoch=48254 dist=2347 prop=1 stamped=1 dbg=1 last=587 epoch2=48254 sched_n=0
   way3 valid=1 rrpv=0 epoch=47798 dist=1891 prop=1 stamped=1 dbg=2 last=616 epoch2=47798 sched_n=0
   way4 valid=1 rrpv=0 epoch=47798 dist=1891 prop=1 stamped=1 dbg=2 last=644 epoch2=47798 sched_n=0
   way5 valid=1 rrpv=7 epoch=0 dist=19628 prop=0 stamped=0 dbg=3 last=864 epoch2=0 sched_n=0   <== VICTIM
   way6 valid=1 rrpv=0 epoch=48450 dist=2543 prop=1 stamped=1 dbg=3 last=702 epoch2=48450 sched_n=0
   way7 valid=1 rrpv=1 epoch=39451 dist=59079 prop=1 stamped=1 dbg=3 last=729 epoch2=39451 sched_n=0
   -> victim=way5 reason=max-rrpv record by recency
[EVICT L3 pol=ECG:rrip_first curEpoch=45907 set_ways=8]
   way0 valid=1 rrpv=0 epoch=39386 dist=59014 prop=1 stamped=1 dbg=1 last=514 epoch2=39386 sched_n=0
   way1 valid=1 rrpv=0 epoch=47928 dist=2021 prop=1 stamped=1 dbg=1 last=553 epoch2=47928 sched_n=0
   way2 valid=1 rrpv=0 epoch=48254 dist=2347 prop=1 stamped=1 dbg=1 last=587 epoch2=48254 sched_n=0
   way3 valid=1 rrpv=0 epoch=47798 dist=1891 prop=1 stamped=1 dbg=2 last=616 epoch2=47798 sched_n=0
   way4 valid=1 rrpv=0 epoch=47798 dist=1891 prop=1 stamped=1 dbg=2 last=644 epoch2=47798 sched_n=0
   way5 valid=1 rrpv=7 epoch=0 dist=19628 prop=1 stamped=0 dbg=3 last=866 epoch2=0 sched_n=0   <== VICTIM
   way6 valid=1 rrpv=0 epoch=48450 dist=2543 prop=1 stamped=1 dbg=3 last=702 epoch2=48450 sched_n=0
   way7 valid=1 rrpv=1 epoch=39451 dist=59079 prop=1 stamped=1 dbg=3 last=729 epoch2=39451 sched_n=0
   -> victim=way5 reason=max-rrpv farthest-epoch property
[EVICT L3 pol=ECG:rrip_first curEpoch=45907 set_ways=8]
   way0 valid=1 rrpv=0 epoch=47732 dist=1825 prop=1 stamped=1 dbg=1 last=527 epoch2=47732 sched_n=0
   way1 valid=1 rrpv=0 epoch=48515 dist=2608 prop=1 stamped=1 dbg=1 last=562 epoch2=48515 sched_n=0
   way2 valid=1 rrpv=0 epoch=39581 dist=59209 prop=1 stamped=1 dbg=1 last=592 epoch2=39581 sched_n=0
   way3 valid=1 rrpv=0 epoch=47798 dist=1891 prop=1 stamped=1 dbg=2 last=624 epoch2=47798 sched_n=0
   way4 valid=1 rrpv=0 epoch=47732 dist=1825 prop=1 stamped=1 dbg=2 last=650 epoch2=47732 sched_n=0
   way5 valid=1 rrpv=7 epoch=0 dist=19628 prop=0 stamped=0 dbg=3 last=863 epoch2=0 sched_n=0   <== VICTIM
   way6 valid=1 rrpv=2 epoch=39516 dist=59144 prop=1 stamped=1 dbg=3 last=706 epoch2=39516 sched_n=0
   way7 valid=1 rrpv=0 epoch=48319 dist=2412 prop=1 stamped=1 dbg=3 last=738 epoch2=48319 sched_n=0
   -> victim=way5 reason=max-rrpv record by recency
[EVICT L3 pol=ECG:rrip_first curEpoch=45972 set_ways=8]
   way0 valid=1 rrpv=0 epoch=39581 dist=59144 prop=1 stamped=1 dbg=1 last=542 epoch2=39581 sched_n=0
   way1 valid=1 rrpv=0 epoch=39451 dist=59014 prop=1 stamped=1 dbg=1 last=579 epoch2=39451 sched_n=0
   way2 valid=1 rrpv=2 epoch=39581 dist=59144 prop=1 stamped=1 dbg=2 last=606 epoch2=39581 sched_n=0
   way3 valid=1 rrpv=0 epoch=47798 dist=1826 prop=1 stamped=1 dbg=2 last=636 epoch2=47798 sched_n=0
   way4 valid=1 rrpv=1 epoch=39451 dist=59014 prop=1 stamped=1 dbg=3 last=463 epoch2=39451 sched_n=0
   way5 valid=1 rrpv=0 epoch=47863 dist=1891 prop=1 stamped=1 dbg=3 last=695 epoch2=47863 sched_n=0
   way6 valid=1 rrpv=0 epoch=47732 dist=1760 prop=1 stamped=1 dbg=3 last=721 epoch2=47732 sched_n=0
   way7 valid=1 rrpv=7 epoch=0 dist=19563 prop=0 stamped=0 dbg=3 last=861 epoch2=0 sched_n=0   <== VICTIM
   -> victim=way7 reason=max-rrpv record by recency
[EVICT L3 pol=ECG:rrip_first curEpoch=46102 set_ways=8]
   way0 valid=1 rrpv=0 epoch=39386 dist=58819 prop=1 stamped=1 dbg=1 last=514 epoch2=39386 sched_n=0
   way1 valid=1 rrpv=0 epoch=47928 dist=1826 prop=1 stamped=1 dbg=1 last=553 epoch2=47928 sched_n=0
   way2 valid=1 rrpv=0 epoch=48254 dist=2152 prop=1 stamped=1 dbg=1 last=587 epoch2=48254 sched_n=0
   way3 valid=1 rrpv=0 epoch=47798 dist=1696 prop=1 stamped=1 dbg=2 last=616 epoch2=47798 sched_n=0
   way4 valid=1 rrpv=0 epoch=47798 dist=1696 prop=1 stamped=1 dbg=2 last=644 epoch2=47798 sched_n=0
   way5 valid=1 rrpv=7 epoch=0 dist=19433 prop=0 stamped=0 dbg=3 last=867 epoch2=0 sched_n=0   <== VICTIM
   way6 valid=1 rrpv=0 epoch=48450 dist=2348 prop=1 stamped=1 dbg=3 last=702 epoch2=48450 sched_n=0
   way7 valid=1 rrpv=1 epoch=39451 dist=58884 prop=1 stamped=1 dbg=3 last=729 epoch2=39451 sched_n=0
   -> victim=way5 reason=max-rrpv record by recency
[EVICT L3 pol=ECG:rrip_first curEpoch=46363 set_ways=8]
   way0 valid=1 rrpv=0 epoch=47732 dist=1369 prop=1 stamped=1 dbg=1 last=527 epoch2=47732 sched_n=0
   way1 valid=1 rrpv=0 epoch=48515 dist=2152 prop=1 stamped=1 dbg=1 last=562 epoch2=48515 sched_n=0
   way2 valid=1 rrpv=0 epoch=39581 dist=58753 prop=1 stamped=1 dbg=1 last=592 epoch2=39581 sched_n=0
   way3 valid=1 rrpv=0 epoch=47798 dist=1435 prop=1 stamped=1 dbg=2 last=624 epoch2=47798 sched_n=0
   way4 valid=1 rrpv=0 epoch=47732 dist=1369 prop=1 stamped=1 dbg=2 last=650 epoch2=47732 sched_n=0
   way5 valid=1 rrpv=7 epoch=0 dist=19172 prop=0 stamped=0 dbg=3 last=868 epoch2=0 sched_n=0   <== VICTIM
   way6 valid=1 rrpv=2 epoch=39516 dist=58688 prop=1 stamped=1 dbg=3 last=706 epoch2=39516 sched_n=0
   way7 valid=1 rrpv=0 epoch=48319 dist=1956 prop=1 stamped=1 dbg=3 last=738 epoch2=48319 sched_n=0
   -> victim=way5 reason=max-rrpv record by recency
[EVICT L3 pol=ECG:rrip_first curEpoch=46559 set_ways=8]
   way0 valid=1 rrpv=0 epoch=39581 dist=58557 prop=1 stamped=1 dbg=1 last=542 epoch2=39581 sched_n=0
   way1 valid=1 rrpv=0 epoch=39451 dist=58427 prop=1 stamped=1 dbg=1 last=579 epoch2=39451 sched_n=0
   way2 valid=1 rrpv=2 epoch=39581 dist=58557 prop=1 stamped=1 dbg=2 last=606 epoch2=39581 sched_n=0
   way3 valid=1 rrpv=0 epoch=47798 dist=1239 prop=1 stamped=1 dbg=2 last=636 epoch2=47798 sched_n=0
   way4 valid=1 rrpv=1 epoch=39451 dist=58427 prop=1 stamped=1 dbg=3 last=463 epoch2=39451 sched_n=0
   way5 valid=1 rrpv=0 epoch=47863 dist=1304 prop=1 stamped=1 dbg=3 last=695 epoch2=47863 sched_n=0
   way6 valid=1 rrpv=0 epoch=47732 dist=1173 prop=1 stamped=1 dbg=3 last=721 epoch2=47732 sched_n=0
   way7 valid=1 rrpv=7 epoch=0 dist=18976 prop=0 stamped=0 dbg=3 last=869 epoch2=0 sched_n=0   <== VICTIM
   -> victim=way7 reason=max-rrpv record by recency
[EVICT L3 pol=ECG:rrip_first curEpoch=46689 set_ways=8]
   way0 valid=1 rrpv=0 epoch=39386 dist=58232 prop=1 stamped=1 dbg=1 last=514 epoch2=39386 sched_n=0
   way1 valid=1 rrpv=0 epoch=47928 dist=1239 prop=1 stamped=1 dbg=1 last=553 epoch2=47928 sched_n=0
   way2 valid=1 rrpv=0 epoch=48254 dist=1565 prop=1 stamped=1 dbg=1 last=587 epoch2=48254 sched_n=0
   way3 valid=1 rrpv=0 epoch=47798 dist=1109 prop=1 stamped=1 dbg=2 last=616 epoch2=47798 sched_n=0
   way4 valid=1 rrpv=0 epoch=47798 dist=1109 prop=1 stamped=1 dbg=2 last=644 epoch2=47798 sched_n=0
   way5 valid=1 rrpv=7 epoch=0 dist=18846 prop=0 stamped=0 dbg=3 last=870 epoch2=0 sched_n=0   <== VICTIM
   way6 valid=1 rrpv=0 epoch=48450 dist=1761 prop=1 stamped=1 dbg=3 last=702 epoch2=48450 sched_n=0
   way7 valid=1 rrpv=1 epoch=39451 dist=58297 prop=1 stamped=1 dbg=3 last=729 epoch2=39451 sched_n=0
   -> victim=way5 reason=max-rrpv record by recency
[EVICT L3 pol=ECG:rrip_first curEpoch=46885 set_ways=8]
   way0 valid=1 rrpv=0 epoch=39581 dist=58231 prop=1 stamped=1 dbg=1 last=542 epoch2=39581 sched_n=0
   way1 valid=1 rrpv=0 epoch=39451 dist=58101 prop=1 stamped=1 dbg=1 last=579 epoch2=39451 sched_n=0
   way2 valid=1 rrpv=2 epoch=39581 dist=58231 prop=1 stamped=1 dbg=2 last=606 epoch2=39581 sched_n=0
   way3 valid=1 rrpv=0 epoch=47798 dist=913 prop=1 stamped=1 dbg=2 last=636 epoch2=47798 sched_n=0
   way4 valid=1 rrpv=1 epoch=39451 dist=58101 prop=1 stamped=1 dbg=3 last=463 epoch2=39451 sched_n=0
   way5 valid=1 rrpv=0 epoch=47863 dist=978 prop=1 stamped=1 dbg=3 last=695 epoch2=47863 sched_n=0
   way6 valid=1 rrpv=0 epoch=47732 dist=847 prop=1 stamped=1 dbg=3 last=721 epoch2=47732 sched_n=0
   way7 valid=1 rrpv=7 epoch=0 dist=18650 prop=0 stamped=0 dbg=3 last=872 epoch2=0 sched_n=0   <== VICTIM
   -> victim=way7 reason=max-rrpv record by recency
[EVICT L3 pol=ECG:rrip_first curEpoch=46950 set_ways=8]
   way0 valid=1 rrpv=0 epoch=47732 dist=782 prop=1 stamped=1 dbg=1 last=527 epoch2=47732 sched_n=0
   way1 valid=1 rrpv=0 epoch=48515 dist=1565 prop=1 stamped=1 dbg=1 last=562 epoch2=48515 sched_n=0
   way2 valid=1 rrpv=0 epoch=39581 dist=58166 prop=1 stamped=1 dbg=1 last=592 epoch2=39581 sched_n=0
   way3 valid=1 rrpv=0 epoch=47798 dist=848 prop=1 stamped=1 dbg=2 last=624 epoch2=47798 sched_n=0
   way4 valid=1 rrpv=0 epoch=47732 dist=782 prop=1 stamped=1 dbg=2 last=650 epoch2=47732 sched_n=0
   way5 valid=1 rrpv=7 epoch=0 dist=18585 prop=0 stamped=0 dbg=3 last=871 epoch2=0 sched_n=0   <== VICTIM
   way6 valid=1 rrpv=2 epoch=39516 dist=58101 prop=1 stamped=1 dbg=3 last=706 epoch2=39516 sched_n=0
   way7 valid=1 rrpv=0 epoch=48319 dist=1369 prop=1 stamped=1 dbg=3 last=738 epoch2=48319 sched_n=0
   -> victim=way5 reason=max-rrpv record by recency
[EVICT L3 pol=ECG:rrip_first curEpoch=47015 set_ways=8]
   way0 valid=1 rrpv=0 epoch=47732 dist=717 prop=1 stamped=1 dbg=1 last=527 epoch2=47732 sched_n=0
   way1 valid=1 rrpv=0 epoch=48515 dist=1500 prop=1 stamped=1 dbg=1 last=562 epoch2=48515 sched_n=0
   way2 valid=1 rrpv=0 epoch=39581 dist=58101 prop=1 stamped=1 dbg=1 last=592 epoch2=39581 sched_n=0
   way3 valid=1 rrpv=0 epoch=47798 dist=783 prop=1 stamped=1 dbg=2 last=624 epoch2=47798 sched_n=0
   way4 valid=1 rrpv=0 epoch=47732 dist=717 prop=1 stamped=1 dbg=2 last=650 epoch2=47732 sched_n=0
   way5 valid=1 rrpv=7 epoch=0 dist=18520 prop=1 stamped=0 dbg=3 last=875 epoch2=0 sched_n=0   <== VICTIM
   way6 valid=1 rrpv=2 epoch=39516 dist=58036 prop=1 stamped=1 dbg=3 last=706 epoch2=39516 sched_n=0
   way7 valid=1 rrpv=0 epoch=48319 dist=1304 prop=1 stamped=1 dbg=3 last=738 epoch2=48319 sched_n=0
   -> victim=way5 reason=max-rrpv farthest-epoch property
[EVICT L3 pol=ECG:rrip_first curEpoch=47146 set_ways=8]
   way0 valid=1 rrpv=0 epoch=39581 dist=57970 prop=1 stamped=1 dbg=1 last=542 epoch2=39581 sched_n=0
   way1 valid=1 rrpv=0 epoch=39451 dist=57840 prop=1 stamped=1 dbg=1 last=579 epoch2=39451 sched_n=0
   way2 valid=1 rrpv=2 epoch=39581 dist=57970 prop=1 stamped=1 dbg=2 last=606 epoch2=39581 sched_n=0
   way3 valid=1 rrpv=0 epoch=47798 dist=652 prop=1 stamped=1 dbg=2 last=636 epoch2=47798 sched_n=0
   way4 valid=1 rrpv=1 epoch=39451 dist=57840 prop=1 stamped=1 dbg=3 last=463 epoch2=39451 sched_n=0
   way5 valid=1 rrpv=0 epoch=47863 dist=717 prop=1 stamped=1 dbg=3 last=695 epoch2=47863 sched_n=0
   way6 valid=1 rrpv=0 epoch=47732 dist=586 prop=1 stamped=1 dbg=3 last=721 epoch2=47732 sched_n=0
   way7 valid=1 rrpv=7 epoch=0 dist=18389 prop=0 stamped=0 dbg=3 last=874 epoch2=0 sched_n=0   <== VICTIM
   -> victim=way7 reason=max-rrpv record by recency
[EVICT L3 pol=ECG:rrip_first curEpoch=47341 set_ways=8]
   way0 valid=1 rrpv=0 epoch=39581 dist=57775 prop=1 stamped=1 dbg=1 last=542 epoch2=39581 sched_n=0
   way1 valid=1 rrpv=0 epoch=39451 dist=57645 prop=1 stamped=1 dbg=1 last=579 epoch2=39451 sched_n=0
   way2 valid=1 rrpv=2 epoch=39581 dist=57775 prop=1 stamped=1 dbg=2 last=606 epoch2=39581 sched_n=0
   way3 valid=1 rrpv=0 epoch=47798 dist=457 prop=1 stamped=1 dbg=2 last=636 epoch2=47798 sched_n=0
   way4 valid=1 rrpv=1 epoch=39451 dist=57645 prop=1 stamped=1 dbg=3 last=463 epoch2=39451 sched_n=0
   way5 valid=1 rrpv=0 epoch=47863 dist=522 prop=1 stamped=1 dbg=3 last=695 epoch2=47863 sched_n=0
   way6 valid=1 rrpv=0 epoch=47732 dist=391 prop=1 stamped=1 dbg=3 last=721 epoch2=47732 sched_n=0
   way7 valid=1 rrpv=7 epoch=0 dist=18194 prop=0 stamped=0 dbg=3 last=877 epoch2=0 sched_n=0   <== VICTIM
   -> victim=way7 reason=max-rrpv record by recency
[EVICT L3 pol=ECG:rrip_first curEpoch=47406 set_ways=8]
   way0 valid=1 rrpv=0 epoch=39386 dist=57515 prop=1 stamped=1 dbg=1 last=514 epoch2=39386 sched_n=0
   way1 valid=1 rrpv=0 epoch=47928 dist=522 prop=1 stamped=1 dbg=1 last=553 epoch2=47928 sched_n=0
   way2 valid=1 rrpv=0 epoch=48254 dist=848 prop=1 stamped=1 dbg=1 last=587 epoch2=48254 sched_n=0
   way3 valid=1 rrpv=0 epoch=47798 dist=392 prop=1 stamped=1 dbg=2 last=616 epoch2=47798 sched_n=0
   way4 valid=1 rrpv=0 epoch=47798 dist=392 prop=1 stamped=1 dbg=2 last=644 epoch2=47798 sched_n=0
   way5 valid=1 rrpv=7 epoch=0 dist=18129 prop=0 stamped=0 dbg=3 last=873 epoch2=0 sched_n=0   <== VICTIM
   way6 valid=1 rrpv=0 epoch=48450 dist=1044 prop=1 stamped=1 dbg=3 last=702 epoch2=48450 sched_n=0
   way7 valid=1 rrpv=1 epoch=39451 dist=57580 prop=1 stamped=1 dbg=3 last=729 epoch2=39451 sched_n=0
   -> victim=way5 reason=max-rrpv record by recency
[EVICT L3 pol=ECG:rrip_first curEpoch=47537 set_ways=8]
   way0 valid=1 rrpv=0 epoch=47732 dist=195 prop=1 stamped=1 dbg=1 last=527 epoch2=47732 sched_n=0
   way1 valid=1 rrpv=0 epoch=48515 dist=978 prop=1 stamped=1 dbg=1 last=562 epoch2=48515 sched_n=0
   way2 valid=1 rrpv=0 epoch=39581 dist=57579 prop=1 stamped=1 dbg=1 last=592 epoch2=39581 sched_n=0
   way3 valid=1 rrpv=0 epoch=47798 dist=261 prop=1 stamped=1 dbg=2 last=624 epoch2=47798 sched_n=0
   way4 valid=1 rrpv=0 epoch=47732 dist=195 prop=1 stamped=1 dbg=2 last=650 epoch2=47732 sched_n=0
   way5 valid=1 rrpv=7 epoch=0 dist=17998 prop=0 stamped=0 dbg=3 last=876 epoch2=0 sched_n=0   <== VICTIM
   way6 valid=1 rrpv=2 epoch=39516 dist=57514 prop=1 stamped=1 dbg=3 last=706 epoch2=39516 sched_n=0
   way7 valid=1 rrpv=0 epoch=48319 dist=782 prop=1 stamped=1 dbg=3 last=738 epoch2=48319 sched_n=0
   -> victim=way5 reason=max-rrpv record by recency
[EVICT L3 pol=ECG:rrip_first curEpoch=47732 set_ways=8]
   way0 valid=1 rrpv=0 epoch=48124 dist=392 prop=1 stamped=1 dbg=1 last=536 epoch2=48124 sched_n=0
   way1 valid=1 rrpv=0 epoch=47732 dist=0 prop=1 stamped=1 dbg=1 last=572 epoch2=47732 sched_n=0
   way2 valid=1 rrpv=0 epoch=47863 dist=131 prop=1 stamped=1 dbg=2 last=601 epoch2=47863 sched_n=0
   way3 valid=1 rrpv=0 epoch=48319 dist=587 prop=1 stamped=1 dbg=2 last=629 epoch2=48319 sched_n=0
   way4 valid=1 rrpv=0 epoch=39516 dist=57319 prop=1 stamped=1 dbg=2 last=657 epoch2=39516 sched_n=0
   way5 valid=1 rrpv=7 epoch=0 dist=17803 prop=0 stamped=0 dbg=3 last=865 epoch2=0 sched_n=0   <== VICTIM
   way6 valid=1 rrpv=1 epoch=39451 dist=57254 prop=1 stamped=1 dbg=3 last=715 epoch2=39451 sched_n=0
   way7 valid=1 rrpv=0 epoch=48124 dist=392 prop=1 stamped=1 dbg=3 last=745 epoch2=48124 sched_n=0
   -> victim=way5 reason=max-rrpv record by recency
[EVICT L3 pol=ECG:rrip_first curEpoch=47798 set_ways=8]
   way0 valid=1 rrpv=0 epoch=39581 dist=57318 prop=1 stamped=1 dbg=1 last=542 epoch2=39581 sched_n=0
   way1 valid=1 rrpv=0 epoch=39451 dist=57188 prop=1 stamped=1 dbg=1 last=579 epoch2=39451 sched_n=0
   way2 valid=1 rrpv=2 epoch=39581 dist=57318 prop=1 stamped=1 dbg=2 last=606 epoch2=39581 sched_n=0
   way3 valid=1 rrpv=0 epoch=47798 dist=0 prop=1 stamped=1 dbg=2 last=636 epoch2=47798 sched_n=0
   way4 valid=1 rrpv=1 epoch=39451 dist=57188 prop=1 stamped=1 dbg=3 last=463 epoch2=39451 sched_n=0
   way5 valid=1 rrpv=0 epoch=47863 dist=65 prop=1 stamped=1 dbg=3 last=695 epoch2=47863 sched_n=0
   way6 valid=1 rrpv=0 epoch=47732 dist=65469 prop=1 stamped=1 dbg=3 last=721 epoch2=47732 sched_n=0
   way7 valid=1 rrpv=7 epoch=0 dist=17737 prop=0 stamped=0 dbg=3 last=878 epoch2=0 sched_n=0   <== VICTIM
   -> victim=way7 reason=max-rrpv record by recency
[EVICT L3 pol=ECG:rrip_first curEpoch=47863 set_ways=8]
   way0 valid=1 rrpv=0 epoch=47732 dist=65404 prop=1 stamped=1 dbg=1 last=527 epoch2=47732 sched_n=0
   way1 valid=1 rrpv=0 epoch=48515 dist=652 prop=1 stamped=1 dbg=1 last=562 epoch2=48515 sched_n=0
   way2 valid=1 rrpv=0 epoch=39581 dist=57253 prop=1 stamped=1 dbg=1 last=592 epoch2=39581 sched_n=0
   way3 valid=1 rrpv=0 epoch=47798 dist=65470 prop=1 stamped=1 dbg=2 last=624 epoch2=47798 sched_n=0
   way4 valid=1 rrpv=0 epoch=47732 dist=65404 prop=1 stamped=1 dbg=2 last=650 epoch2=47732 sched_n=0
   way5 valid=1 rrpv=7 epoch=0 dist=17672 prop=0 stamped=0 dbg=3 last=880 epoch2=0 sched_n=0   <== VICTIM
   way6 valid=1 rrpv=2 epoch=39516 dist=57188 prop=1 stamped=1 dbg=3 last=706 epoch2=39516 sched_n=0
   way7 valid=1 rrpv=0 epoch=48319 dist=456 prop=1 stamped=1 dbg=3 last=738 epoch2=48319 sched_n=0
   -> victim=way5 reason=max-rrpv record by recency
[EVICT L3 pol=ECG:rrip_first curEpoch=47993 set_ways=8]
   way0 valid=1 rrpv=0 epoch=48124 dist=131 prop=1 stamped=1 dbg=1 last=536 epoch2=48124 sched_n=0
   way1 valid=1 rrpv=0 epoch=47732 dist=65274 prop=1 stamped=1 dbg=1 last=572 epoch2=47732 sched_n=0
   way2 valid=1 rrpv=0 epoch=47863 dist=65405 prop=1 stamped=1 dbg=2 last=601 epoch2=47863 sched_n=0
   way3 valid=1 rrpv=0 epoch=48319 dist=326 prop=1 stamped=1 dbg=2 last=629 epoch2=48319 sched_n=0
   way4 valid=1 rrpv=0 epoch=39516 dist=57058 prop=1 stamped=1 dbg=2 last=657 epoch2=39516 sched_n=0
   way5 valid=1 rrpv=7 epoch=0 dist=17542 prop=0 stamped=0 dbg=3 last=881 epoch2=0 sched_n=0   <== VICTIM
   way6 valid=1 rrpv=1 epoch=39451 dist=56993 prop=1 stamped=1 dbg=3 last=715 epoch2=39451 sched_n=0
   way7 valid=1 rrpv=0 epoch=48124 dist=131 prop=1 stamped=1 dbg=3 last=745 epoch2=48124 sched_n=0
   -> victim=way5 reason=max-rrpv record by recency
[EVICT L3 pol=ECG:rrip_first curEpoch=48059 set_ways=8]
   way0 valid=1 rrpv=0 epoch=39581 dist=57057 prop=1 stamped=1 dbg=1 last=542 epoch2=39581 sched_n=0
   way1 valid=1 rrpv=0 epoch=39451 dist=56927 prop=1 stamped=1 dbg=1 last=579 epoch2=39451 sched_n=0
   way2 valid=1 rrpv=2 epoch=39581 dist=57057 prop=1 stamped=1 dbg=2 last=606 epoch2=39581 sched_n=0
   way3 valid=1 rrpv=0 epoch=47798 dist=65274 prop=1 stamped=1 dbg=2 last=636 epoch2=47798 sched_n=0
   way4 valid=1 rrpv=1 epoch=39451 dist=56927 prop=1 stamped=1 dbg=3 last=463 epoch2=39451 sched_n=0
   way5 valid=1 rrpv=0 epoch=47863 dist=65339 prop=1 stamped=1 dbg=3 last=695 epoch2=47863 sched_n=0
   way6 valid=1 rrpv=0 epoch=47732 dist=65208 prop=1 stamped=1 dbg=3 last=721 epoch2=47732 sched_n=0
   way7 valid=1 rrpv=7 epoch=0 dist=17476 prop=0 stamped=0 dbg=3 last=882 epoch2=0 sched_n=0   <== VICTIM
   -> victim=way7 reason=max-rrpv record by recency
[EVICT L3 pol=ECG:rrip_first curEpoch=48189 set_ways=8]
   way0 valid=1 rrpv=0 epoch=39386 dist=56732 prop=1 stamped=1 dbg=1 last=514 epoch2=39386 sched_n=0
   way1 valid=1 rrpv=0 epoch=47928 dist=65274 prop=1 stamped=1 dbg=1 last=553 epoch2=47928 sched_n=0
   way2 valid=1 rrpv=0 epoch=48254 dist=65 prop=1 stamped=1 dbg=1 last=587 epoch2=48254 sched_n=0
   way3 valid=1 rrpv=0 epoch=47798 dist=65144 prop=1 stamped=1 dbg=2 last=616 epoch2=47798 sched_n=0
   way4 valid=1 rrpv=0 epoch=47798 dist=65144 prop=1 stamped=1 dbg=2 last=644 epoch2=47798 sched_n=0
   way5 valid=1 rrpv=7 epoch=0 dist=17346 prop=0 stamped=0 dbg=3 last=879 epoch2=0 sched_n=0   <== VICTIM
   way6 valid=1 rrpv=0 epoch=48450 dist=261 prop=1 stamped=1 dbg=3 last=702 epoch2=48450 sched_n=0
   way7 valid=1 rrpv=1 epoch=39451 dist=56797 prop=1 stamped=1 dbg=3 last=729 epoch2=39451 sched_n=0
   -> victim=way5 reason=max-rrpv record by recency
[EVICT L3 pol=ECG:rrip_first curEpoch=48385 set_ways=8]
   way0 valid=1 rrpv=0 epoch=39581 dist=56731 prop=1 stamped=1 dbg=1 last=542 epoch2=39581 sched_n=0
   way1 valid=1 rrpv=0 epoch=39451 dist=56601 prop=1 stamped=1 dbg=1 last=579 epoch2=39451 sched_n=0
   way2 valid=1 rrpv=2 epoch=39581 dist=56731 prop=1 stamped=1 dbg=2 last=606 epoch2=39581 sched_n=0
   way3 valid=1 rrpv=0 epoch=47798 dist=64948 prop=1 stamped=1 dbg=2 last=636 epoch2=47798 sched_n=0
   way4 valid=1 rrpv=1 epoch=39451 dist=56601 prop=1 stamped=1 dbg=3 last=463 epoch2=39451 sched_n=0
   way5 valid=1 rrpv=0 epoch=47863 dist=65013 prop=1 stamped=1 dbg=3 last=695 epoch2=47863 sched_n=0
   way6 valid=1 rrpv=0 epoch=47732 dist=64882 prop=1 stamped=1 dbg=3 last=721 epoch2=47732 sched_n=0
   way7 valid=1 rrpv=7 epoch=0 dist=17150 prop=0 stamped=0 dbg=3 last=885 epoch2=0 sched_n=0   <== VICTIM
   -> victim=way7 reason=max-rrpv record by recency
[EVICT L3 pol=ECG:rrip_first curEpoch=48580 set_ways=8]
   way0 valid=1 rrpv=0 epoch=39386 dist=56341 prop=1 stamped=1 dbg=1 last=514 epoch2=39386 sched_n=0
   way1 valid=1 rrpv=0 epoch=47928 dist=64883 prop=1 stamped=1 dbg=1 last=553 epoch2=47928 sched_n=0
   way2 valid=1 rrpv=0 epoch=48254 dist=65209 prop=1 stamped=1 dbg=1 last=587 epoch2=48254 sched_n=0
   way3 valid=1 rrpv=0 epoch=47798 dist=64753 prop=1 stamped=1 dbg=2 last=616 epoch2=47798 sched_n=0
   way4 valid=1 rrpv=0 epoch=47798 dist=64753 prop=1 stamped=1 dbg=2 last=644 epoch2=47798 sched_n=0
   way5 valid=1 rrpv=7 epoch=0 dist=16955 prop=0 stamped=0 dbg=3 last=886 epoch2=0 sched_n=0   <== VICTIM
   way6 valid=1 rrpv=0 epoch=48450 dist=65405 prop=1 stamped=1 dbg=3 last=702 epoch2=48450 sched_n=0
   way7 valid=1 rrpv=1 epoch=39451 dist=56406 prop=1 stamped=1 dbg=3 last=729 epoch2=39451 sched_n=0
   -> victim=way5 reason=max-rrpv record by recency
[EVICT L3 pol=ECG:rrip_first curEpoch=48645 set_ways=8]
   way0 valid=1 rrpv=0 epoch=39581 dist=56471 prop=1 stamped=1 dbg=1 last=542 epoch2=39581 sched_n=0
   way1 valid=1 rrpv=0 epoch=39451 dist=56341 prop=1 stamped=1 dbg=1 last=579 epoch2=39451 sched_n=0
   way2 valid=1 rrpv=2 epoch=39581 dist=56471 prop=1 stamped=1 dbg=2 last=606 epoch2=39581 sched_n=0
   way3 valid=1 rrpv=0 epoch=47798 dist=64688 prop=1 stamped=1 dbg=2 last=636 epoch2=47798 sched_n=0
   way4 valid=1 rrpv=1 epoch=39451 dist=56341 prop=1 stamped=1 dbg=3 last=463 epoch2=39451 sched_n=0
   way5 valid=1 rrpv=0 epoch=47863 dist=64753 prop=1 stamped=1 dbg=3 last=695 epoch2=47863 sched_n=0
   way6 valid=1 rrpv=0 epoch=47732 dist=64622 prop=1 stamped=1 dbg=3 last=721 epoch2=47732 sched_n=0
   way7 valid=1 rrpv=7 epoch=0 dist=16890 prop=0 stamped=0 dbg=3 last=887 epoch2=0 sched_n=0   <== VICTIM
   -> victim=way7 reason=max-rrpv record by recency
[EVICT L3 pol=ECG:rrip_first curEpoch=48711 set_ways=8]
   way0 valid=1 rrpv=0 epoch=39386 dist=56210 prop=1 stamped=1 dbg=1 last=514 epoch2=39386 sched_n=0
   way1 valid=1 rrpv=0 epoch=47928 dist=64752 prop=1 stamped=1 dbg=1 last=553 epoch2=47928 sched_n=0
   way2 valid=1 rrpv=0 epoch=48254 dist=65078 prop=1 stamped=1 dbg=1 last=587 epoch2=48254 sched_n=0
   way3 valid=1 rrpv=0 epoch=47798 dist=64622 prop=1 stamped=1 dbg=2 last=616 epoch2=47798 sched_n=0
   way4 valid=1 rrpv=0 epoch=47798 dist=64622 prop=1 stamped=1 dbg=2 last=644 epoch2=47798 sched_n=0
   way5 valid=1 rrpv=7 epoch=0 dist=16824 prop=0 stamped=0 dbg=3 last=888 epoch2=0 sched_n=0   <== VICTIM
   way6 valid=1 rrpv=0 epoch=48450 dist=65274 prop=1 stamped=1 dbg=3 last=702 epoch2=48450 sched_n=0
   way7 valid=1 rrpv=1 epoch=39451 dist=56275 prop=1 stamped=1 dbg=3 last=729 epoch2=39451 sched_n=0
   -> victim=way5 reason=max-rrpv record by recency
[EVICT L3 pol=ECG:rrip_first curEpoch=48971 set_ways=8]
   way0 valid=1 rrpv=0 epoch=39581 dist=56145 prop=1 stamped=1 dbg=1 last=542 epoch2=39581 sched_n=0
   way1 valid=1 rrpv=0 epoch=39451 dist=56015 prop=1 stamped=1 dbg=1 last=579 epoch2=39451 sched_n=0
   way2 valid=1 rrpv=2 epoch=39581 dist=56145 prop=1 stamped=1 dbg=2 last=606 epoch2=39581 sched_n=0
   way3 valid=1 rrpv=0 epoch=47798 dist=64362 prop=1 stamped=1 dbg=2 last=636 epoch2=47798 sched_n=0
   way4 valid=1 rrpv=1 epoch=39451 dist=56015 prop=1 stamped=1 dbg=3 last=463 epoch2=39451 sched_n=0
   way5 valid=1 rrpv=0 epoch=47863 dist=64427 prop=1 stamped=1 dbg=3 last=695 epoch2=47863 sched_n=0
   way6 valid=1 rrpv=0 epoch=47732 dist=64296 prop=1 stamped=1 dbg=3 last=721 epoch2=47732 sched_n=0
   way7 valid=1 rrpv=7 epoch=0 dist=16564 prop=0 stamped=0 dbg=3 last=889 epoch2=0 sched_n=0   <== VICTIM
   -> victim=way7 reason=max-rrpv record by recency
[EVICT L3 pol=ECG:rrip_first curEpoch=49037 set_ways=8]
   way0 valid=1 rrpv=0 epoch=39581 dist=56079 prop=1 stamped=1 dbg=1 last=542 epoch2=39581 sched_n=0
   way1 valid=1 rrpv=0 epoch=39451 dist=55949 prop=1 stamped=1 dbg=1 last=579 epoch2=39451 sched_n=0
   way2 valid=1 rrpv=2 epoch=39581 dist=56079 prop=1 stamped=1 dbg=2 last=606 epoch2=39581 sched_n=0
   way3 valid=1 rrpv=0 epoch=47798 dist=64296 prop=1 stamped=1 dbg=2 last=636 epoch2=47798 sched_n=0
   way4 valid=1 rrpv=1 epoch=39451 dist=55949 prop=1 stamped=1 dbg=3 last=463 epoch2=39451 sched_n=0
   way5 valid=1 rrpv=0 epoch=47863 dist=64361 prop=1 stamped=1 dbg=3 last=695 epoch2=47863 sched_n=0
   way6 valid=1 rrpv=0 epoch=47732 dist=64230 prop=1 stamped=1 dbg=3 last=721 epoch2=47732 sched_n=0
   way7 valid=1 rrpv=7 epoch=0 dist=16498 prop=0 stamped=0 dbg=3 last=891 epoch2=0 sched_n=0   <== VICTIM
   -> victim=way7 reason=max-rrpv record by recency
[EVICT L3 pol=ECG:rrip_first curEpoch=49102 set_ways=8]
   way0 valid=1 rrpv=0 epoch=48124 dist=64557 prop=1 stamped=1 dbg=1 last=536 epoch2=48124 sched_n=0
   way1 valid=1 rrpv=0 epoch=47732 dist=64165 prop=1 stamped=1 dbg=1 last=572 epoch2=47732 sched_n=0
   way2 valid=1 rrpv=0 epoch=47863 dist=64296 prop=1 stamped=1 dbg=2 last=601 epoch2=47863 sched_n=0
   way3 valid=1 rrpv=0 epoch=48319 dist=64752 prop=1 stamped=1 dbg=2 last=629 epoch2=48319 sched_n=0
   way4 valid=1 rrpv=0 epoch=39516 dist=55949 prop=1 stamped=1 dbg=2 last=657 epoch2=39516 sched_n=0
   way5 valid=1 rrpv=7 epoch=0 dist=16433 prop=1 stamped=0 dbg=3 last=884 epoch2=0 sched_n=0   <== VICTIM
   way6 valid=1 rrpv=1 epoch=39451 dist=55884 prop=1 stamped=1 dbg=3 last=715 epoch2=39451 sched_n=0
   way7 valid=1 rrpv=0 epoch=48124 dist=64557 prop=1 stamped=1 dbg=3 last=745 epoch2=48124 sched_n=0
   -> victim=way5 reason=max-rrpv farthest-epoch property
[EVICT L3 pol=ECG:rrip_first curEpoch=49297 set_ways=8]
   way0 valid=1 rrpv=0 epoch=47732 dist=63970 prop=1 stamped=1 dbg=1 last=527 epoch2=47732 sched_n=0
   way1 valid=1 rrpv=0 epoch=48515 dist=64753 prop=1 stamped=1 dbg=1 last=562 epoch2=48515 sched_n=0
   way2 valid=1 rrpv=0 epoch=39581 dist=55819 prop=1 stamped=1 dbg=1 last=592 epoch2=39581 sched_n=0
   way3 valid=1 rrpv=0 epoch=47798 dist=64036 prop=1 stamped=1 dbg=2 last=624 epoch2=47798 sched_n=0
   way4 valid=1 rrpv=0 epoch=47732 dist=63970 prop=1 stamped=1 dbg=2 last=650 epoch2=47732 sched_n=0
   way5 valid=1 rrpv=7 epoch=0 dist=16238 prop=0 stamped=0 dbg=3 last=883 epoch2=0 sched_n=0   <== VICTIM
   way6 valid=1 rrpv=2 epoch=39516 dist=55754 prop=1 stamped=1 dbg=3 last=706 epoch2=39516 sched_n=0
   way7 valid=1 rrpv=0 epoch=48319 dist=64557 prop=1 stamped=1 dbg=3 last=738 epoch2=48319 sched_n=0
   -> victim=way5 reason=max-rrpv record by recency
[EVICT L3 pol=ECG:rrip_first curEpoch=49689 set_ways=8]
   way0 valid=1 rrpv=0 epoch=39581 dist=55427 prop=1 stamped=1 dbg=1 last=542 epoch2=39581 sched_n=0
   way1 valid=1 rrpv=0 epoch=39451 dist=55297 prop=1 stamped=1 dbg=1 last=579 epoch2=39451 sched_n=0
   way2 valid=1 rrpv=2 epoch=39581 dist=55427 prop=1 stamped=1 dbg=2 last=606 epoch2=39581 sched_n=0
   way3 valid=1 rrpv=0 epoch=47798 dist=63644 prop=1 stamped=1 dbg=2 last=636 epoch2=47798 sched_n=0
   way4 valid=1 rrpv=1 epoch=39451 dist=55297 prop=1 stamped=1 dbg=3 last=463 epoch2=39451 sched_n=0
   way5 valid=1 rrpv=0 epoch=47863 dist=63709 prop=1 stamped=1 dbg=3 last=695 epoch2=47863 sched_n=0
   way6 valid=1 rrpv=0 epoch=47732 dist=63578 prop=1 stamped=1 dbg=3 last=721 epoch2=47732 sched_n=0
   way7 valid=1 rrpv=7 epoch=0 dist=15846 prop=1 stamped=0 dbg=3 last=892 epoch2=0 sched_n=0   <== VICTIM
   -> victim=way7 reason=max-rrpv farthest-epoch property
[EVICT L3 pol=ECG:rrip_first curEpoch=49754 set_ways=8]
   way0 valid=1 rrpv=0 epoch=39386 dist=55167 prop=1 stamped=1 dbg=1 last=514 epoch2=39386 sched_n=0
   way1 valid=1 rrpv=0 epoch=47928 dist=63709 prop=1 stamped=1 dbg=1 last=553 epoch2=47928 sched_n=0
   way2 valid=1 rrpv=0 epoch=48254 dist=64035 prop=1 stamped=1 dbg=1 last=587 epoch2=48254 sched_n=0
   way3 valid=1 rrpv=0 epoch=47798 dist=63579 prop=1 stamped=1 dbg=2 last=616 epoch2=47798 sched_n=0
   way4 valid=1 rrpv=0 epoch=47798 dist=63579 prop=1 stamped=1 dbg=2 last=644 epoch2=47798 sched_n=0
   way5 valid=1 rrpv=7 epoch=0 dist=15781 prop=0 stamped=0 dbg=3 last=890 epoch2=0 sched_n=0   <== VICTIM
   way6 valid=1 rrpv=0 epoch=48450 dist=64231 prop=1 stamped=1 dbg=3 last=702 epoch2=48450 sched_n=0
   way7 valid=1 rrpv=1 epoch=39451 dist=55232 prop=1 stamped=1 dbg=3 last=729 epoch2=39451 sched_n=0
   -> victim=way5 reason=max-rrpv record by recency
[EVICT L3 pol=ECG:rrip_first curEpoch=49884 set_ways=8]
   way0 valid=1 rrpv=0 epoch=39581 dist=55232 prop=1 stamped=1 dbg=1 last=542 epoch2=39581 sched_n=0
   way1 valid=1 rrpv=0 epoch=39451 dist=55102 prop=1 stamped=1 dbg=1 last=579 epoch2=39451 sched_n=0
   way2 valid=1 rrpv=2 epoch=39581 dist=55232 prop=1 stamped=1 dbg=2 last=606 epoch2=39581 sched_n=0
   way3 valid=1 rrpv=0 epoch=47798 dist=63449 prop=1 stamped=1 dbg=2 last=636 epoch2=47798 sched_n=0
   way4 valid=1 rrpv=1 epoch=39451 dist=55102 prop=1 stamped=1 dbg=3 last=463 epoch2=39451 sched_n=0
   way5 valid=1 rrpv=0 epoch=47863 dist=63514 prop=1 stamped=1 dbg=3 last=695 epoch2=47863 sched_n=0
   way6 valid=1 rrpv=0 epoch=47732 dist=63383 prop=1 stamped=1 dbg=3 last=721 epoch2=47732 sched_n=0
   way7 valid=1 rrpv=7 epoch=0 dist=15651 prop=0 stamped=0 dbg=3 last=895 epoch2=0 sched_n=0   <== VICTIM
   -> victim=way7 reason=max-rrpv record by recency
[EVICT L3 pol=ECG:rrip_first curEpoch=49950 set_ways=8]
   way0 valid=1 rrpv=0 epoch=47732 dist=63317 prop=1 stamped=1 dbg=1 last=527 epoch2=47732 sched_n=0
   way1 valid=1 rrpv=0 epoch=48515 dist=64100 prop=1 stamped=1 dbg=1 last=562 epoch2=48515 sched_n=0
   way2 valid=1 rrpv=0 epoch=39581 dist=55166 prop=1 stamped=1 dbg=1 last=592 epoch2=39581 sched_n=0
   way3 valid=1 rrpv=0 epoch=47798 dist=63383 prop=1 stamped=1 dbg=2 last=624 epoch2=47798 sched_n=0
   way4 valid=1 rrpv=0 epoch=47732 dist=63317 prop=1 stamped=1 dbg=2 last=650 epoch2=47732 sched_n=0
   way5 valid=1 rrpv=7 epoch=0 dist=15585 prop=0 stamped=0 dbg=3 last=894 epoch2=0 sched_n=0   <== VICTIM
   way6 valid=1 rrpv=2 epoch=39516 dist=55101 prop=1 stamped=1 dbg=3 last=706 epoch2=39516 sched_n=0
   way7 valid=1 rrpv=0 epoch=48319 dist=63904 prop=1 stamped=1 dbg=3 last=738 epoch2=48319 sched_n=0
   -> victim=way5 reason=max-rrpv record by recency
[EVICT L3 pol=ECG:rrip_first curEpoch=50015 set_ways=8]
   way0 valid=1 rrpv=0 epoch=48124 dist=63644 prop=1 stamped=1 dbg=1 last=536 epoch2=48124 sched_n=0
   way1 valid=1 rrpv=0 epoch=47732 dist=63252 prop=1 stamped=1 dbg=1 last=572 epoch2=47732 sched_n=0
   way2 valid=1 rrpv=0 epoch=47863 dist=63383 prop=1 stamped=1 dbg=2 last=601 epoch2=47863 sched_n=0
   way3 valid=1 rrpv=0 epoch=48319 dist=63839 prop=1 stamped=1 dbg=2 last=629 epoch2=48319 sched_n=0
   way4 valid=1 rrpv=0 epoch=39516 dist=55036 prop=1 stamped=1 dbg=2 last=657 epoch2=39516 sched_n=0
   way5 valid=1 rrpv=7 epoch=0 dist=15520 prop=0 stamped=0 dbg=3 last=893 epoch2=0 sched_n=0   <== VICTIM
   way6 valid=1 rrpv=1 epoch=39451 dist=54971 prop=1 stamped=1 dbg=3 last=715 epoch2=39451 sched_n=0
   way7 valid=1 rrpv=0 epoch=48124 dist=63644 prop=1 stamped=1 dbg=3 last=745 epoch2=48124 sched_n=0
   -> victim=way5 reason=max-rrpv record by recency
[EVICT L3 pol=ECG:rrip_first curEpoch=50080 set_ways=8]
   way0 valid=1 rrpv=0 epoch=39386 dist=54841 prop=1 stamped=1 dbg=1 last=514 epoch2=39386 sched_n=0
   way1 valid=1 rrpv=0 epoch=47928 dist=63383 prop=1 stamped=1 dbg=1 last=553 epoch2=47928 sched_n=0
   way2 valid=1 rrpv=0 epoch=48254 dist=63709 prop=1 stamped=1 dbg=1 last=587 epoch2=48254 sched_n=0
   way3 valid=1 rrpv=0 epoch=47798 dist=63253 prop=1 stamped=1 dbg=2 last=616 epoch2=47798 sched_n=0
   way4 valid=1 rrpv=0 epoch=47798 dist=63253 prop=1 stamped=1 dbg=2 last=644 epoch2=47798 sched_n=0
   way5 valid=1 rrpv=7 epoch=0 dist=15455 prop=0 stamped=0 dbg=3 last=896 epoch2=0 sched_n=0   <== VICTIM
   way6 valid=1 rrpv=0 epoch=48450 dist=63905 prop=1 stamped=1 dbg=3 last=702 epoch2=48450 sched_n=0
   way7 valid=1 rrpv=1 epoch=39451 dist=54906 prop=1 stamped=1 dbg=3 last=729 epoch2=39451 sched_n=0
   -> victim=way5 reason=max-rrpv record by recency
[EVICT L3 pol=ECG:rrip_first curEpoch=50145 set_ways=8]
   way0 valid=1 rrpv=0 epoch=39581 dist=54971 prop=1 stamped=1 dbg=1 last=542 epoch2=39581 sched_n=0
   way1 valid=1 rrpv=0 epoch=39451 dist=54841 prop=1 stamped=1 dbg=1 last=579 epoch2=39451 sched_n=0
   way2 valid=1 rrpv=2 epoch=39581 dist=54971 prop=1 stamped=1 dbg=2 last=606 epoch2=39581 sched_n=0
   way3 valid=1 rrpv=0 epoch=47798 dist=63188 prop=1 stamped=1 dbg=2 last=636 epoch2=47798 sched_n=0
   way4 valid=1 rrpv=1 epoch=39451 dist=54841 prop=1 stamped=1 dbg=3 last=463 epoch2=39451 sched_n=0
   way5 valid=1 rrpv=0 epoch=47863 dist=63253 prop=1 stamped=1 dbg=3 last=695 epoch2=47863 sched_n=0
   way6 valid=1 rrpv=0 epoch=47732 dist=63122 prop=1 stamped=1 dbg=3 last=721 epoch2=47732 sched_n=0
   way7 valid=1 rrpv=7 epoch=0 dist=15390 prop=0 stamped=0 dbg=3 last=897 epoch2=0 sched_n=0   <== VICTIM
   -> victim=way7 reason=max-rrpv record by recency
[EVICT L3 pol=ECG:rrip_first curEpoch=50341 set_ways=8]
   way0 valid=1 rrpv=0 epoch=39581 dist=54775 prop=1 stamped=1 dbg=1 last=542 epoch2=39581 sched_n=0
   way1 valid=1 rrpv=0 epoch=39451 dist=54645 prop=1 stamped=1 dbg=1 last=579 epoch2=39451 sched_n=0
   way2 valid=1 rrpv=2 epoch=39581 dist=54775 prop=1 stamped=1 dbg=2 last=606 epoch2=39581 sched_n=0
   way3 valid=1 rrpv=0 epoch=47798 dist=62992 prop=1 stamped=1 dbg=2 last=636 epoch2=47798 sched_n=0
   way4 valid=1 rrpv=1 epoch=39451 dist=54645 prop=1 stamped=1 dbg=3 last=463 epoch2=39451 sched_n=0
   way5 valid=1 rrpv=0 epoch=47863 dist=63057 prop=1 stamped=1 dbg=3 last=695 epoch2=47863 sched_n=0
   way6 valid=1 rrpv=0 epoch=47732 dist=62926 prop=1 stamped=1 dbg=3 last=721 epoch2=47732 sched_n=0
   way7 valid=1 rrpv=7 epoch=0 dist=15194 prop=0 stamped=0 dbg=3 last=901 epoch2=0 sched_n=0   <== VICTIM
   -> victim=way7 reason=max-rrpv record by recency
[EVICT L3 pol=ECG:rrip_first curEpoch=50471 set_ways=8]
   way0 valid=1 rrpv=0 epoch=47732 dist=62796 prop=1 stamped=1 dbg=1 last=527 epoch2=47732 sched_n=0
   way1 valid=1 rrpv=0 epoch=48515 dist=63579 prop=1 stamped=1 dbg=1 last=562 epoch2=48515 sched_n=0
   way2 valid=1 rrpv=0 epoch=39581 dist=54645 prop=1 stamped=1 dbg=1 last=592 epoch2=39581 sched_n=0
   way3 valid=1 rrpv=0 epoch=47798 dist=62862 prop=1 stamped=1 dbg=2 last=624 epoch2=47798 sched_n=0
   way4 valid=1 rrpv=0 epoch=47732 dist=62796 prop=1 stamped=1 dbg=2 last=650 epoch2=47732 sched_n=0
   way5 valid=1 rrpv=7 epoch=0 dist=15064 prop=0 stamped=0 dbg=3 last=898 epoch2=0 sched_n=0   <== VICTIM
   way6 valid=1 rrpv=2 epoch=39516 dist=54580 prop=1 stamped=1 dbg=3 last=706 epoch2=39516 sched_n=0
   way7 valid=1 rrpv=0 epoch=48319 dist=63383 prop=1 stamped=1 dbg=3 last=738 epoch2=48319 sched_n=0
   -> victim=way5 reason=max-rrpv record by recency
[EVICT L3 pol=ECG:rrip_first curEpoch=50602 set_ways=8]
   way0 valid=1 rrpv=0 epoch=39581 dist=54514 prop=1 stamped=1 dbg=1 last=542 epoch2=39581 sched_n=0
   way1 valid=1 rrpv=0 epoch=39451 dist=54384 prop=1 stamped=1 dbg=1 last=579 epoch2=39451 sched_n=0
   way2 valid=1 rrpv=2 epoch=39581 dist=54514 prop=1 stamped=1 dbg=2 last=606 epoch2=39581 sched_n=0
   way3 valid=1 rrpv=0 epoch=47798 dist=62731 prop=1 stamped=1 dbg=2 last=636 epoch2=47798 sched_n=0
   way4 valid=1 rrpv=1 epoch=39451 dist=54384 prop=1 stamped=1 dbg=3 last=463 epoch2=39451 sched_n=0
   way5 valid=1 rrpv=0 epoch=47863 dist=62796 prop=1 stamped=1 dbg=3 last=695 epoch2=47863 sched_n=0
   way6 valid=1 rrpv=0 epoch=47732 dist=62665 prop=1 stamped=1 dbg=3 last=721 epoch2=47732 sched_n=0
   way7 valid=1 rrpv=7 epoch=0 dist=14933 prop=0 stamped=0 dbg=3 last=902 epoch2=0 sched_n=0   <== VICTIM
   -> victim=way7 reason=max-rrpv record by recency
[EVICT L3 pol=ECG:rrip_first curEpoch=50797 set_ways=8]
   way0 valid=1 rrpv=0 epoch=47732 dist=62470 prop=1 stamped=1 dbg=1 last=527 epoch2=47732 sched_n=0
   way1 valid=1 rrpv=0 epoch=48515 dist=63253 prop=1 stamped=1 dbg=1 last=562 epoch2=48515 sched_n=0
   way2 valid=1 rrpv=0 epoch=39581 dist=54319 prop=1 stamped=1 dbg=1 last=592 epoch2=39581 sched_n=0
   way3 valid=1 rrpv=0 epoch=47798 dist=62536 prop=1 stamped=1 dbg=2 last=624 epoch2=47798 sched_n=0
   way4 valid=1 rrpv=0 epoch=47732 dist=62470 prop=1 stamped=1 dbg=2 last=650 epoch2=47732 sched_n=0
   way5 valid=1 rrpv=7 epoch=0 dist=14738 prop=0 stamped=0 dbg=3 last=903 epoch2=0 sched_n=0   <== VICTIM
   way6 valid=1 rrpv=2 epoch=39516 dist=54254 prop=1 stamped=1 dbg=3 last=706 epoch2=39516 sched_n=0
   way7 valid=1 rrpv=0 epoch=48319 dist=63057 prop=1 stamped=1 dbg=3 last=738 epoch2=48319 sched_n=0
   -> victim=way5 reason=max-rrpv record by recency
[EVICT L3 pol=ECG:rrip_first curEpoch=50928 set_ways=8]
   way0 valid=1 rrpv=0 epoch=39386 dist=53993 prop=1 stamped=1 dbg=1 last=514 epoch2=39386 sched_n=0
   way1 valid=1 rrpv=0 epoch=47928 dist=62535 prop=1 stamped=1 dbg=1 last=553 epoch2=47928 sched_n=0
   way2 valid=1 rrpv=0 epoch=48254 dist=62861 prop=1 stamped=1 dbg=1 last=587 epoch2=48254 sched_n=0
   way3 valid=1 rrpv=0 epoch=47798 dist=62405 prop=1 stamped=1 dbg=2 last=616 epoch2=47798 sched_n=0
   way4 valid=1 rrpv=0 epoch=47798 dist=62405 prop=1 stamped=1 dbg=2 last=644 epoch2=47798 sched_n=0
   way5 valid=1 rrpv=7 epoch=0 dist=14607 prop=1 stamped=0 dbg=3 last=900 epoch2=0 sched_n=0   <== VICTIM
   way6 valid=1 rrpv=0 epoch=48450 dist=63057 prop=1 stamped=1 dbg=3 last=702 epoch2=48450 sched_n=0
   way7 valid=1 rrpv=1 epoch=39451 dist=54058 prop=1 stamped=1 dbg=3 last=729 epoch2=39451 sched_n=0
   -> victim=way5 reason=max-rrpv farthest-epoch property
[EVICT L3 pol=ECG:rrip_first curEpoch=51123 set_ways=8]
   way0 valid=1 rrpv=0 epoch=47732 dist=62144 prop=1 stamped=1 dbg=1 last=527 epoch2=47732 sched_n=0
   way1 valid=1 rrpv=0 epoch=48515 dist=62927 prop=1 stamped=1 dbg=1 last=562 epoch2=48515 sched_n=0
   way2 valid=1 rrpv=0 epoch=39581 dist=53993 prop=1 stamped=1 dbg=1 last=592 epoch2=39581 sched_n=0
   way3 valid=1 rrpv=0 epoch=47798 dist=62210 prop=1 stamped=1 dbg=2 last=624 epoch2=47798 sched_n=0
   way4 valid=1 rrpv=0 epoch=47732 dist=62144 prop=1 stamped=1 dbg=2 last=650 epoch2=47732 sched_n=0
   way5 valid=1 rrpv=7 epoch=0 dist=14412 prop=0 stamped=0 dbg=3 last=905 epoch2=0 sched_n=0   <== VICTIM
   way6 valid=1 rrpv=2 epoch=39516 dist=53928 prop=1 stamped=1 dbg=3 last=706 epoch2=39516 sched_n=0
   way7 valid=1 rrpv=0 epoch=48319 dist=62731 prop=1 stamped=1 dbg=3 last=738 epoch2=48319 sched_n=0
   -> victim=way5 reason=max-rrpv record by recency
[EVICT L3 pol=ECG:rrip_first curEpoch=51189 set_ways=8]
   way0 valid=1 rrpv=0 epoch=48124 dist=62470 prop=1 stamped=1 dbg=1 last=536 epoch2=48124 sched_n=0
   way1 valid=1 rrpv=0 epoch=47732 dist=62078 prop=1 stamped=1 dbg=1 last=572 epoch2=47732 sched_n=0
   way2 valid=1 rrpv=0 epoch=47863 dist=62209 prop=1 stamped=1 dbg=2 last=601 epoch2=47863 sched_n=0
   way3 valid=1 rrpv=0 epoch=48319 dist=62665 prop=1 stamped=1 dbg=2 last=629 epoch2=48319 sched_n=0
   way4 valid=1 rrpv=0 epoch=39516 dist=53862 prop=1 stamped=1 dbg=2 last=657 epoch2=39516 sched_n=0
   way5 valid=1 rrpv=7 epoch=0 dist=14346 prop=0 stamped=0 dbg=3 last=899 epoch2=0 sched_n=0   <== VICTIM
   way6 valid=1 rrpv=1 epoch=39451 dist=53797 prop=1 stamped=1 dbg=3 last=715 epoch2=39451 sched_n=0
   way7 valid=1 rrpv=0 epoch=48124 dist=62470 prop=1 stamped=1 dbg=3 last=745 epoch2=48124 sched_n=0
   -> victim=way5 reason=max-rrpv record by recency
[EVICT L3 pol=ECG:rrip_first curEpoch=51384 set_ways=8]
   way0 valid=1 rrpv=0 epoch=39581 dist=53732 prop=1 stamped=1 dbg=1 last=542 epoch2=39581 sched_n=0
   way1 valid=1 rrpv=0 epoch=39451 dist=53602 prop=1 stamped=1 dbg=1 last=579 epoch2=39451 sched_n=0
   way2 valid=1 rrpv=2 epoch=39581 dist=53732 prop=1 stamped=1 dbg=2 last=606 epoch2=39581 sched_n=0
   way3 valid=1 rrpv=0 epoch=47798 dist=61949 prop=1 stamped=1 dbg=2 last=636 epoch2=47798 sched_n=0
   way4 valid=1 rrpv=1 epoch=39451 dist=53602 prop=1 stamped=1 dbg=3 last=463 epoch2=39451 sched_n=0
   way5 valid=1 rrpv=0 epoch=47863 dist=62014 prop=1 stamped=1 dbg=3 last=695 epoch2=47863 sched_n=0
   way6 valid=1 rrpv=0 epoch=47732 dist=61883 prop=1 stamped=1 dbg=3 last=721 epoch2=47732 sched_n=0
   way7 valid=1 rrpv=7 epoch=0 dist=14151 prop=0 stamped=0 dbg=3 last=904 epoch2=0 sched_n=0   <== VICTIM
   -> victim=way7 reason=max-rrpv record by recency
[EVICT L3 pol=ECG:rrip_first curEpoch=51515 set_ways=8]
   way0 valid=1 rrpv=0 epoch=39386 dist=53406 prop=1 stamped=1 dbg=1 last=514 epoch2=39386 sched_n=0
   way1 valid=1 rrpv=0 epoch=47928 dist=61948 prop=1 stamped=1 dbg=1 last=553 epoch2=47928 sched_n=0
   way2 valid=1 rrpv=0 epoch=48254 dist=62274 prop=1 stamped=1 dbg=1 last=587 epoch2=48254 sched_n=0
   way3 valid=1 rrpv=0 epoch=47798 dist=61818 prop=1 stamped=1 dbg=2 last=616 epoch2=47798 sched_n=0
   way4 valid=1 rrpv=0 epoch=47798 dist=61818 prop=1 stamped=1 dbg=2 last=644 epoch2=47798 sched_n=0
   way5 valid=1 rrpv=7 epoch=0 dist=14020 prop=0 stamped=0 dbg=3 last=906 epoch2=0 sched_n=0   <== VICTIM
   way6 valid=1 rrpv=0 epoch=48450 dist=62470 prop=1 stamped=1 dbg=3 last=702 epoch2=48450 sched_n=0
   way7 valid=1 rrpv=1 epoch=39451 dist=53471 prop=1 stamped=1 dbg=3 last=729 epoch2=39451 sched_n=0
   -> victim=way5 reason=max-rrpv record by recency
[EVICT L3 pol=ECG:rrip_first curEpoch=51775 set_ways=8]
   way0 valid=1 rrpv=0 epoch=39386 dist=53146 prop=1 stamped=1 dbg=1 last=514 epoch2=39386 sched_n=0
   way1 valid=1 rrpv=0 epoch=47928 dist=61688 prop=1 stamped=1 dbg=1 last=553 epoch2=47928 sched_n=0
   way2 valid=1 rrpv=0 epoch=48254 dist=62014 prop=1 stamped=1 dbg=1 last=587 epoch2=48254 sched_n=0
   way3 valid=1 rrpv=0 epoch=47798 dist=61558 prop=1 stamped=1 dbg=2 last=616 epoch2=47798 sched_n=0
   way4 valid=1 rrpv=0 epoch=47798 dist=61558 prop=1 stamped=1 dbg=2 last=644 epoch2=47798 sched_n=0
   way5 valid=1 rrpv=7 epoch=0 dist=13760 prop=0 stamped=0 dbg=3 last=910 epoch2=0 sched_n=0   <== VICTIM
   way6 valid=1 rrpv=0 epoch=48450 dist=62210 prop=1 stamped=1 dbg=3 last=702 epoch2=48450 sched_n=0
   way7 valid=1 rrpv=1 epoch=39451 dist=53211 prop=1 stamped=1 dbg=3 last=729 epoch2=39451 sched_n=0
   -> victim=way5 reason=max-rrpv record by recency
[EVICT L3 pol=ECG:rrip_first curEpoch=52036 set_ways=8]
   way0 valid=1 rrpv=0 epoch=48124 dist=61623 prop=1 stamped=1 dbg=1 last=536 epoch2=48124 sched_n=0
   way1 valid=1 rrpv=0 epoch=47732 dist=61231 prop=1 stamped=1 dbg=1 last=572 epoch2=47732 sched_n=0
   way2 valid=1 rrpv=0 epoch=47863 dist=61362 prop=1 stamped=1 dbg=2 last=601 epoch2=47863 sched_n=0
   way3 valid=1 rrpv=0 epoch=48319 dist=61818 prop=1 stamped=1 dbg=2 last=629 epoch2=48319 sched_n=0
   way4 valid=1 rrpv=0 epoch=39516 dist=53015 prop=1 stamped=1 dbg=2 last=657 epoch2=39516 sched_n=0
   way5 valid=1 rrpv=7 epoch=0 dist=13499 prop=0 stamped=0 dbg=3 last=908 epoch2=0 sched_n=0   <== VICTIM
   way6 valid=1 rrpv=1 epoch=39451 dist=52950 prop=1 stamped=1 dbg=3 last=715 epoch2=39451 sched_n=0
   way7 valid=1 rrpv=0 epoch=48124 dist=61623 prop=1 stamped=1 dbg=3 last=745 epoch2=48124 sched_n=0
   -> victim=way5 reason=max-rrpv record by recency
[EVICT L3 pol=ECG:rrip_first curEpoch=52167 set_ways=8]
   way0 valid=1 rrpv=0 epoch=48124 dist=61492 prop=1 stamped=1 dbg=1 last=536 epoch2=48124 sched_n=0
   way1 valid=1 rrpv=0 epoch=47732 dist=61100 prop=1 stamped=1 dbg=1 last=572 epoch2=47732 sched_n=0
   way2 valid=1 rrpv=0 epoch=47863 dist=61231 prop=1 stamped=1 dbg=2 last=601 epoch2=47863 sched_n=0
   way3 valid=1 rrpv=0 epoch=48319 dist=61687 prop=1 stamped=1 dbg=2 last=629 epoch2=48319 sched_n=0
   way4 valid=1 rrpv=0 epoch=39516 dist=52884 prop=1 stamped=1 dbg=2 last=657 epoch2=39516 sched_n=0
   way5 valid=1 rrpv=7 epoch=0 dist=13368 prop=0 stamped=0 dbg=3 last=912 epoch2=0 sched_n=0   <== VICTIM
   way6 valid=1 rrpv=1 epoch=39451 dist=52819 prop=1 stamped=1 dbg=3 last=715 epoch2=39451 sched_n=0
   way7 valid=1 rrpv=0 epoch=48124 dist=61492 prop=1 stamped=1 dbg=3 last=745 epoch2=48124 sched_n=0
   -> victim=way5 reason=max-rrpv record by recency
[EVICT L3 pol=ECG:rrip_first curEpoch=52232 set_ways=8]
   way0 valid=1 rrpv=0 epoch=39581 dist=52884 prop=1 stamped=1 dbg=1 last=542 epoch2=39581 sched_n=0
   way1 valid=1 rrpv=0 epoch=39451 dist=52754 prop=1 stamped=1 dbg=1 last=579 epoch2=39451 sched_n=0
   way2 valid=1 rrpv=2 epoch=39581 dist=52884 prop=1 stamped=1 dbg=2 last=606 epoch2=39581 sched_n=0
   way3 valid=1 rrpv=0 epoch=47798 dist=61101 prop=1 stamped=1 dbg=2 last=636 epoch2=47798 sched_n=0
   way4 valid=1 rrpv=1 epoch=39451 dist=52754 prop=1 stamped=1 dbg=3 last=463 epoch2=39451 sched_n=0
   way5 valid=1 rrpv=0 epoch=47863 dist=61166 prop=1 stamped=1 dbg=3 last=695 epoch2=47863 sched_n=0
   way6 valid=1 rrpv=0 epoch=47732 dist=61035 prop=1 stamped=1 dbg=3 last=721 epoch2=47732 sched_n=0
   way7 valid=1 rrpv=7 epoch=0 dist=13303 prop=0 stamped=0 dbg=3 last=909 epoch2=0 sched_n=0   <== VICTIM
   -> victim=way7 reason=max-rrpv record by recency
[EVICT L3 pol=ECG:rrip_first curEpoch=52754 set_ways=8]
   way0 valid=1 rrpv=0 epoch=39581 dist=52362 prop=1 stamped=1 dbg=1 last=542 epoch2=39581 sched_n=0
   way1 valid=1 rrpv=0 epoch=39451 dist=52232 prop=1 stamped=1 dbg=1 last=579 epoch2=39451 sched_n=0
   way2 valid=1 rrpv=2 epoch=39581 dist=52362 prop=1 stamped=1 dbg=2 last=606 epoch2=39581 sched_n=0
   way3 valid=1 rrpv=0 epoch=47798 dist=60579 prop=1 stamped=1 dbg=2 last=636 epoch2=47798 sched_n=0
   way4 valid=1 rrpv=1 epoch=39451 dist=52232 prop=1 stamped=1 dbg=3 last=463 epoch2=39451 sched_n=0
   way5 valid=1 rrpv=0 epoch=47863 dist=60644 prop=1 stamped=1 dbg=3 last=695 epoch2=47863 sched_n=0
   way6 valid=1 rrpv=0 epoch=47732 dist=60513 prop=1 stamped=1 dbg=3 last=721 epoch2=47732 sched_n=0
   way7 valid=1 rrpv=7 epoch=0 dist=12781 prop=0 stamped=0 dbg=3 last=914 epoch2=0 sched_n=0   <== VICTIM
   -> victim=way7 reason=max-rrpv record by recency
[EVICT L3 pol=ECG:rrip_first curEpoch=53014 set_ways=8]
   way0 valid=1 rrpv=0 epoch=47732 dist=60253 prop=1 stamped=1 dbg=1 last=527 epoch2=47732 sched_n=0
   way1 valid=1 rrpv=0 epoch=48515 dist=61036 prop=1 stamped=1 dbg=1 last=562 epoch2=48515 sched_n=0
   way2 valid=1 rrpv=0 epoch=39581 dist=52102 prop=1 stamped=1 dbg=1 last=592 epoch2=39581 sched_n=0
   way3 valid=1 rrpv=0 epoch=47798 dist=60319 prop=1 stamped=1 dbg=2 last=624 epoch2=47798 sched_n=0
   way4 valid=1 rrpv=0 epoch=47732 dist=60253 prop=1 stamped=1 dbg=2 last=650 epoch2=47732 sched_n=0
   way5 valid=1 rrpv=7 epoch=0 dist=12521 prop=1 stamped=0 dbg=3 last=907 epoch2=0 sched_n=0   <== VICTIM
   way6 valid=1 rrpv=2 epoch=39516 dist=52037 prop=1 stamped=1 dbg=3 last=706 epoch2=39516 sched_n=0
   way7 valid=1 rrpv=0 epoch=48319 dist=60840 prop=1 stamped=1 dbg=3 last=738 epoch2=48319 sched_n=0
   -> victim=way5 reason=max-rrpv farthest-epoch property
[EVICT L3 pol=ECG:rrip_first curEpoch=53210 set_ways=8]
   way0 valid=1 rrpv=0 epoch=39581 dist=51906 prop=1 stamped=1 dbg=1 last=542 epoch2=39581 sched_n=0
   way1 valid=1 rrpv=0 epoch=39451 dist=51776 prop=1 stamped=1 dbg=1 last=579 epoch2=39451 sched_n=0
   way2 valid=1 rrpv=2 epoch=39581 dist=51906 prop=1 stamped=1 dbg=2 last=606 epoch2=39581 sched_n=0
   way3 valid=1 rrpv=0 epoch=47798 dist=60123 prop=1 stamped=1 dbg=2 last=636 epoch2=47798 sched_n=0
   way4 valid=1 rrpv=1 epoch=39451 dist=51776 prop=1 stamped=1 dbg=3 last=463 epoch2=39451 sched_n=0
   way5 valid=1 rrpv=0 epoch=47863 dist=60188 prop=1 stamped=1 dbg=3 last=695 epoch2=47863 sched_n=0
   way6 valid=1 rrpv=0 epoch=47732 dist=60057 prop=1 stamped=1 dbg=3 last=721 epoch2=47732 sched_n=0
   way7 valid=1 rrpv=7 epoch=0 dist=12325 prop=0 stamped=0 dbg=3 last=915 epoch2=0 sched_n=0   <== VICTIM
   -> victim=way7 reason=max-rrpv record by recency
[EVICT L3 pol=ECG:rrip_first curEpoch=53275 set_ways=8]
   way0 valid=1 rrpv=0 epoch=47732 dist=59992 prop=1 stamped=1 dbg=1 last=527 epoch2=47732 sched_n=0
   way1 valid=1 rrpv=0 epoch=48515 dist=60775 prop=1 stamped=1 dbg=1 last=562 epoch2=48515 sched_n=0
   way2 valid=1 rrpv=0 epoch=39581 dist=51841 prop=1 stamped=1 dbg=1 last=592 epoch2=39581 sched_n=0
   way3 valid=1 rrpv=0 epoch=47798 dist=60058 prop=1 stamped=1 dbg=2 last=624 epoch2=47798 sched_n=0
   way4 valid=1 rrpv=0 epoch=47732 dist=59992 prop=1 stamped=1 dbg=2 last=650 epoch2=47732 sched_n=0
   way5 valid=1 rrpv=7 epoch=0 dist=12260 prop=0 stamped=0 dbg=3 last=916 epoch2=0 sched_n=0   <== VICTIM
   way6 valid=1 rrpv=2 epoch=39516 dist=51776 prop=1 stamped=1 dbg=3 last=706 epoch2=39516 sched_n=0
   way7 valid=1 rrpv=0 epoch=48319 dist=60579 prop=1 stamped=1 dbg=3 last=738 epoch2=48319 sched_n=0
   -> victim=way5 reason=max-rrpv record by recency
[EVICT L3 pol=ECG:rrip_first curEpoch=54058 set_ways=8]
   way0 valid=1 rrpv=0 epoch=39581 dist=51058 prop=1 stamped=1 dbg=1 last=542 epoch2=39581 sched_n=0
   way1 valid=1 rrpv=0 epoch=39451 dist=50928 prop=1 stamped=1 dbg=1 last=579 epoch2=39451 sched_n=0
   way2 valid=1 rrpv=2 epoch=39581 dist=51058 prop=1 stamped=1 dbg=2 last=606 epoch2=39581 sched_n=0
   way3 valid=1 rrpv=0 epoch=47798 dist=59275 prop=1 stamped=1 dbg=2 last=636 epoch2=47798 sched_n=0
   way4 valid=1 rrpv=1 epoch=39451 dist=50928 prop=1 stamped=1 dbg=3 last=463 epoch2=39451 sched_n=0
   way5 valid=1 rrpv=0 epoch=47863 dist=59340 prop=1 stamped=1 dbg=3 last=695 epoch2=47863 sched_n=0
   way6 valid=1 rrpv=0 epoch=47732 dist=59209 prop=1 stamped=1 dbg=3 last=721 epoch2=47732 sched_n=0
   way7 valid=1 rrpv=7 epoch=0 dist=11477 prop=1 stamped=0 dbg=3 last=917 epoch2=0 sched_n=0   <== VICTIM
   -> victim=way7 reason=max-rrpv farthest-epoch property
[EVICT L3 pol=ECG:rrip_first curEpoch=54123 set_ways=8]
   way0 valid=1 rrpv=0 epoch=39386 dist=50798 prop=1 stamped=1 dbg=1 last=514 epoch2=39386 sched_n=0
   way1 valid=1 rrpv=0 epoch=47928 dist=59340 prop=1 stamped=1 dbg=1 last=553 epoch2=47928 sched_n=0
   way2 valid=1 rrpv=0 epoch=48254 dist=59666 prop=1 stamped=1 dbg=1 last=587 epoch2=48254 sched_n=0
   way3 valid=1 rrpv=0 epoch=47798 dist=59210 prop=1 stamped=1 dbg=2 last=616 epoch2=47798 sched_n=0
   way4 valid=1 rrpv=0 epoch=47798 dist=59210 prop=1 stamped=1 dbg=2 last=644 epoch2=47798 sched_n=0
   way5 valid=1 rrpv=7 epoch=0 dist=11412 prop=0 stamped=0 dbg=3 last=911 epoch2=0 sched_n=0   <== VICTIM
   way6 valid=1 rrpv=0 epoch=48450 dist=59862 prop=1 stamped=1 dbg=3 last=702 epoch2=48450 sched_n=0
   way7 valid=1 rrpv=1 epoch=39451 dist=50863 prop=1 stamped=1 dbg=3 last=729 epoch2=39451 sched_n=0
   -> victim=way5 reason=max-rrpv record by recency
[EVICT L3 pol=ECG:rrip_first curEpoch=54188 set_ways=8]
   way0 valid=1 rrpv=0 epoch=48124 dist=59471 prop=1 stamped=1 dbg=1 last=536 epoch2=48124 sched_n=0
   way1 valid=1 rrpv=0 epoch=47732 dist=59079 prop=1 stamped=1 dbg=1 last=572 epoch2=47732 sched_n=0
   way2 valid=1 rrpv=0 epoch=47863 dist=59210 prop=1 stamped=1 dbg=2 last=601 epoch2=47863 sched_n=0
   way3 valid=1 rrpv=0 epoch=48319 dist=59666 prop=1 stamped=1 dbg=2 last=629 epoch2=48319 sched_n=0
   way4 valid=1 rrpv=0 epoch=39516 dist=50863 prop=1 stamped=1 dbg=2 last=657 epoch2=39516 sched_n=0
   way5 valid=1 rrpv=7 epoch=0 dist=11347 prop=1 stamped=0 dbg=3 last=913 epoch2=0 sched_n=0   <== VICTIM
   way6 valid=1 rrpv=1 epoch=39451 dist=50798 prop=1 stamped=1 dbg=3 last=715 epoch2=39451 sched_n=0
   way7 valid=1 rrpv=0 epoch=48124 dist=59471 prop=1 stamped=1 dbg=3 last=745 epoch2=48124 sched_n=0
   -> victim=way5 reason=max-rrpv farthest-epoch property
[EVICT L3 pol=ECG:rrip_first curEpoch=54253 set_ways=8]
   way0 valid=1 rrpv=0 epoch=39386 dist=50668 prop=1 stamped=1 dbg=1 last=514 epoch2=39386 sched_n=0
   way1 valid=1 rrpv=0 epoch=47928 dist=59210 prop=1 stamped=1 dbg=1 last=553 epoch2=47928 sched_n=0
   way2 valid=1 rrpv=0 epoch=48254 dist=59536 prop=1 stamped=1 dbg=1 last=587 epoch2=48254 sched_n=0
   way3 valid=1 rrpv=0 epoch=47798 dist=59080 prop=1 stamped=1 dbg=2 last=616 epoch2=47798 sched_n=0
   way4 valid=1 rrpv=0 epoch=47798 dist=59080 prop=1 stamped=1 dbg=2 last=644 epoch2=47798 sched_n=0
   way5 valid=1 rrpv=7 epoch=0 dist=11282 prop=0 stamped=0 dbg=3 last=920 epoch2=0 sched_n=0   <== VICTIM
   way6 valid=1 rrpv=0 epoch=48450 dist=59732 prop=1 stamped=1 dbg=3 last=702 epoch2=48450 sched_n=0
   way7 valid=1 rrpv=1 epoch=39451 dist=50733 prop=1 stamped=1 dbg=3 last=729 epoch2=39451 sched_n=0
   -> victim=way5 reason=max-rrpv record by recency
[EVICT L3 pol=ECG:rrip_first curEpoch=54319 set_ways=8]
   way0 valid=1 rrpv=0 epoch=39386 dist=50602 prop=1 stamped=1 dbg=1 last=514 epoch2=39386 sched_n=0
   way1 valid=1 rrpv=0 epoch=47928 dist=59144 prop=1 stamped=1 dbg=1 last=553 epoch2=47928 sched_n=0
   way2 valid=1 rrpv=0 epoch=48254 dist=59470 prop=1 stamped=1 dbg=1 last=587 epoch2=48254 sched_n=0
   way3 valid=1 rrpv=0 epoch=47798 dist=59014 prop=1 stamped=1 dbg=2 last=616 epoch2=47798 sched_n=0
   way4 valid=1 rrpv=0 epoch=47798 dist=59014 prop=1 stamped=1 dbg=2 last=644 epoch2=47798 sched_n=0
   way5 valid=1 rrpv=7 epoch=0 dist=11216 prop=1 stamped=0 dbg=3 last=922 epoch2=0 sched_n=0   <== VICTIM
   way6 valid=1 rrpv=0 epoch=48450 dist=59666 prop=1 stamped=1 dbg=3 last=702 epoch2=48450 sched_n=0
   way7 valid=1 rrpv=1 epoch=39451 dist=50667 prop=1 stamped=1 dbg=3 last=729 epoch2=39451 sched_n=0
   -> victim=way5 reason=max-rrpv farthest-epoch property
[EVICT L3 pol=ECG:rrip_first curEpoch=54384 set_ways=8]
   way0 valid=1 rrpv=0 epoch=48124 dist=59275 prop=1 stamped=1 dbg=1 last=536 epoch2=48124 sched_n=0
   way1 valid=1 rrpv=0 epoch=47732 dist=58883 prop=1 stamped=1 dbg=1 last=572 epoch2=47732 sched_n=0
   way2 valid=1 rrpv=0 epoch=47863 dist=59014 prop=1 stamped=1 dbg=2 last=601 epoch2=47863 sched_n=0
   way3 valid=1 rrpv=0 epoch=48319 dist=59470 prop=1 stamped=1 dbg=2 last=629 epoch2=48319 sched_n=0
   way4 valid=1 rrpv=0 epoch=39516 dist=50667 prop=1 stamped=1 dbg=2 last=657 epoch2=39516 sched_n=0
   way5 valid=1 rrpv=7 epoch=0 dist=11151 prop=0 stamped=0 dbg=3 last=921 epoch2=0 sched_n=0   <== VICTIM
   way6 valid=1 rrpv=1 epoch=39451 dist=50602 prop=1 stamped=1 dbg=3 last=715 epoch2=39451 sched_n=0
   way7 valid=1 rrpv=0 epoch=48124 dist=59275 prop=1 stamped=1 dbg=3 last=745 epoch2=48124 sched_n=0
   -> victim=way5 reason=max-rrpv record by recency
[EVICT L3 pol=ECG:rrip_first curEpoch=54449 set_ways=8]
   way0 valid=1 rrpv=0 epoch=39581 dist=50667 prop=1 stamped=1 dbg=1 last=542 epoch2=39581 sched_n=0
   way1 valid=1 rrpv=0 epoch=39451 dist=50537 prop=1 stamped=1 dbg=1 last=579 epoch2=39451 sched_n=0
   way2 valid=1 rrpv=2 epoch=39581 dist=50667 prop=1 stamped=1 dbg=2 last=606 epoch2=39581 sched_n=0
   way3 valid=1 rrpv=0 epoch=47798 dist=58884 prop=1 stamped=1 dbg=2 last=636 epoch2=47798 sched_n=0
   way4 valid=1 rrpv=1 epoch=39451 dist=50537 prop=1 stamped=1 dbg=3 last=463 epoch2=39451 sched_n=0
   way5 valid=1 rrpv=0 epoch=47863 dist=58949 prop=1 stamped=1 dbg=3 last=695 epoch2=47863 sched_n=0
   way6 valid=1 rrpv=0 epoch=47732 dist=58818 prop=1 stamped=1 dbg=3 last=721 epoch2=47732 sched_n=0
   way7 valid=1 rrpv=7 epoch=0 dist=11086 prop=0 stamped=0 dbg=3 last=919 epoch2=0 sched_n=0   <== VICTIM
   -> victim=way7 reason=max-rrpv record by recency
[EVICT L3 pol=ECG:rrip_first curEpoch=54645 set_ways=8]
   way0 valid=1 rrpv=0 epoch=39386 dist=50276 prop=1 stamped=1 dbg=1 last=514 epoch2=39386 sched_n=0
   way1 valid=1 rrpv=0 epoch=47928 dist=58818 prop=1 stamped=1 dbg=1 last=553 epoch2=47928 sched_n=0
   way2 valid=1 rrpv=0 epoch=48254 dist=59144 prop=1 stamped=1 dbg=1 last=587 epoch2=48254 sched_n=0
   way3 valid=1 rrpv=0 epoch=47798 dist=58688 prop=1 stamped=1 dbg=2 last=616 epoch2=47798 sched_n=0
   way4 valid=1 rrpv=0 epoch=47798 dist=58688 prop=1 stamped=1 dbg=2 last=644 epoch2=47798 sched_n=0
   way5 valid=1 rrpv=7 epoch=0 dist=10890 prop=0 stamped=0 dbg=3 last=923 epoch2=0 sched_n=0   <== VICTIM
   way6 valid=1 rrpv=0 epoch=48450 dist=59340 prop=1 stamped=1 dbg=3 last=702 epoch2=48450 sched_n=0
   way7 valid=1 rrpv=1 epoch=39451 dist=50341 prop=1 stamped=1 dbg=3 last=729 epoch2=39451 sched_n=0
   -> victim=way5 reason=max-rrpv record by recency
[EVICT L3 pol=ECG:rrip_first curEpoch=54775 set_ways=8]
   way0 valid=1 rrpv=0 epoch=39581 dist=50341 prop=1 stamped=1 dbg=1 last=542 epoch2=39581 sched_n=0
   way1 valid=1 rrpv=0 epoch=39451 dist=50211 prop=1 stamped=1 dbg=1 last=579 epoch2=39451 sched_n=0
   way2 valid=1 rrpv=2 epoch=39581 dist=50341 prop=1 stamped=1 dbg=2 last=606 epoch2=39581 sched_n=0
   way3 valid=1 rrpv=0 epoch=47798 dist=58558 prop=1 stamped=1 dbg=2 last=636 epoch2=47798 sched_n=0
   way4 valid=1 rrpv=1 epoch=39451 dist=50211 prop=1 stamped=1 dbg=3 last=463 epoch2=39451 sched_n=0
   way5 valid=1 rrpv=0 epoch=47863 dist=58623 prop=1 stamped=1 dbg=3 last=695 epoch2=47863 sched_n=0
   way6 valid=1 rrpv=0 epoch=47732 dist=58492 prop=1 stamped=1 dbg=3 last=721 epoch2=47732 sched_n=0
   way7 valid=1 rrpv=7 epoch=0 dist=10760 prop=0 stamped=0 dbg=3 last=925 epoch2=0 sched_n=0   <== VICTIM
   -> victim=way7 reason=max-rrpv record by recency
[EVICT L3 pol=ECG:rrip_first curEpoch=54775 set_ways=8]
   way0 valid=1 rrpv=0 epoch=39386 dist=50146 prop=1 stamped=1 dbg=1 last=514 epoch2=39386 sched_n=0
   way1 valid=1 rrpv=0 epoch=47928 dist=58688 prop=1 stamped=1 dbg=1 last=553 epoch2=47928 sched_n=0
   way2 valid=1 rrpv=0 epoch=48254 dist=59014 prop=1 stamped=1 dbg=1 last=587 epoch2=48254 sched_n=0
   way3 valid=1 rrpv=0 epoch=47798 dist=58558 prop=1 stamped=1 dbg=2 last=616 epoch2=47798 sched_n=0
   way4 valid=1 rrpv=0 epoch=47798 dist=58558 prop=1 stamped=1 dbg=2 last=644 epoch2=47798 sched_n=0
   way5 valid=1 rrpv=7 epoch=0 dist=10760 prop=0 stamped=0 dbg=3 last=926 epoch2=0 sched_n=0   <== VICTIM
   way6 valid=1 rrpv=0 epoch=48450 dist=59210 prop=1 stamped=1 dbg=3 last=702 epoch2=48450 sched_n=0
   way7 valid=1 rrpv=1 epoch=39451 dist=50211 prop=1 stamped=1 dbg=3 last=729 epoch2=39451 sched_n=0
   -> victim=way5 reason=max-rrpv record by recency
[EVICT L3 pol=ECG:rrip_first curEpoch=54905 set_ways=8]
   way0 valid=1 rrpv=0 epoch=48124 dist=58754 prop=1 stamped=1 dbg=1 last=536 epoch2=48124 sched_n=0
   way1 valid=1 rrpv=0 epoch=47732 dist=58362 prop=1 stamped=1 dbg=1 last=572 epoch2=47732 sched_n=0
   way2 valid=1 rrpv=0 epoch=47863 dist=58493 prop=1 stamped=1 dbg=2 last=601 epoch2=47863 sched_n=0
   way3 valid=1 rrpv=0 epoch=48319 dist=58949 prop=1 stamped=1 dbg=2 last=629 epoch2=48319 sched_n=0
   way4 valid=1 rrpv=0 epoch=39516 dist=50146 prop=1 stamped=1 dbg=2 last=657 epoch2=39516 sched_n=0
   way5 valid=1 rrpv=7 epoch=0 dist=10630 prop=0 stamped=0 dbg=3 last=924 epoch2=0 sched_n=0   <== VICTIM
   way6 valid=1 rrpv=1 epoch=39451 dist=50081 prop=1 stamped=1 dbg=3 last=715 epoch2=39451 sched_n=0
   way7 valid=1 rrpv=0 epoch=48124 dist=58754 prop=1 stamped=1 dbg=3 last=745 epoch2=48124 sched_n=0
   -> victim=way5 reason=max-rrpv record by recency
[EVICT L3 pol=ECG:rrip_first curEpoch=55036 set_ways=8]
   way0 valid=1 rrpv=0 epoch=39581 dist=50080 prop=1 stamped=1 dbg=1 last=542 epoch2=39581 sched_n=0
   way1 valid=1 rrpv=0 epoch=39451 dist=49950 prop=1 stamped=1 dbg=1 last=579 epoch2=39451 sched_n=0
   way2 valid=1 rrpv=2 epoch=39581 dist=50080 prop=1 stamped=1 dbg=2 last=606 epoch2=39581 sched_n=0
   way3 valid=1 rrpv=0 epoch=47798 dist=58297 prop=1 stamped=1 dbg=2 last=636 epoch2=47798 sched_n=0
   way4 valid=1 rrpv=1 epoch=39451 dist=49950 prop=1 stamped=1 dbg=3 last=463 epoch2=39451 sched_n=0
   way5 valid=1 rrpv=0 epoch=47863 dist=58362 prop=1 stamped=1 dbg=3 last=695 epoch2=47863 sched_n=0
   way6 valid=1 rrpv=0 epoch=47732 dist=58231 prop=1 stamped=1 dbg=3 last=721 epoch2=47732 sched_n=0
   way7 valid=1 rrpv=7 epoch=0 dist=10499 prop=0 stamped=0 dbg=3 last=927 epoch2=0 sched_n=0   <== VICTIM
   -> victim=way7 reason=max-rrpv record by recency
[EVICT L3 pol=ECG:rrip_first curEpoch=55166 set_ways=8]
   way0 valid=1 rrpv=0 epoch=39386 dist=49755 prop=1 stamped=1 dbg=1 last=514 epoch2=39386 sched_n=0
   way1 valid=1 rrpv=0 epoch=47928 dist=58297 prop=1 stamped=1 dbg=1 last=553 epoch2=47928 sched_n=0
   way2 valid=1 rrpv=0 epoch=48254 dist=58623 prop=1 stamped=1 dbg=1 last=587 epoch2=48254 sched_n=0
   way3 valid=1 rrpv=0 epoch=47798 dist=58167 prop=1 stamped=1 dbg=2 last=616 epoch2=47798 sched_n=0
   way4 valid=1 rrpv=0 epoch=47798 dist=58167 prop=1 stamped=1 dbg=2 last=644 epoch2=47798 sched_n=0
   way5 valid=1 rrpv=7 epoch=0 dist=10369 prop=0 stamped=0 dbg=3 last=928 epoch2=0 sched_n=0   <== VICTIM
   way6 valid=1 rrpv=0 epoch=48450 dist=58819 prop=1 stamped=1 dbg=3 last=702 epoch2=48450 sched_n=0
   way7 valid=1 rrpv=1 epoch=39451 dist=49820 prop=1 stamped=1 dbg=3 last=729 epoch2=39451 sched_n=0
   -> victim=way5 reason=max-rrpv record by recency
[EVICT L3 pol=ECG:rrip_first curEpoch=55166 set_ways=8]
   way0 valid=1 rrpv=0 epoch=47732 dist=58101 prop=1 stamped=1 dbg=1 last=527 epoch2=47732 sched_n=0
   way1 valid=1 rrpv=0 epoch=48515 dist=58884 prop=1 stamped=1 dbg=1 last=562 epoch2=48515 sched_n=0
   way2 valid=1 rrpv=0 epoch=39581 dist=49950 prop=1 stamped=1 dbg=1 last=592 epoch2=39581 sched_n=0
   way3 valid=1 rrpv=0 epoch=47798 dist=58167 prop=1 stamped=1 dbg=2 last=624 epoch2=47798 sched_n=0
   way4 valid=1 rrpv=0 epoch=47732 dist=58101 prop=1 stamped=1 dbg=2 last=650 epoch2=47732 sched_n=0
   way5 valid=1 rrpv=7 epoch=0 dist=10369 prop=0 stamped=0 dbg=3 last=918 epoch2=0 sched_n=0   <== VICTIM
   way6 valid=1 rrpv=2 epoch=39516 dist=49885 prop=1 stamped=1 dbg=3 last=706 epoch2=39516 sched_n=0
   way7 valid=1 rrpv=0 epoch=48319 dist=58688 prop=1 stamped=1 dbg=3 last=738 epoch2=48319 sched_n=0
   -> victim=way5 reason=max-rrpv record by recency
[EVICT L3 pol=ECG:rrip_first curEpoch=55231 set_ways=8]
   way0 valid=1 rrpv=0 epoch=48124 dist=58428 prop=1 stamped=1 dbg=1 last=536 epoch2=48124 sched_n=0
   way1 valid=1 rrpv=0 epoch=47732 dist=58036 prop=1 stamped=1 dbg=1 last=572 epoch2=47732 sched_n=0
   way2 valid=1 rrpv=0 epoch=47863 dist=58167 prop=1 stamped=1 dbg=2 last=601 epoch2=47863 sched_n=0
   way3 valid=1 rrpv=0 epoch=48319 dist=58623 prop=1 stamped=1 dbg=2 last=629 epoch2=48319 sched_n=0
   way4 valid=1 rrpv=0 epoch=39516 dist=49820 prop=1 stamped=1 dbg=2 last=657 epoch2=39516 sched_n=0
   way5 valid=1 rrpv=7 epoch=0 dist=10304 prop=0 stamped=0 dbg=3 last=929 epoch2=0 sched_n=0   <== VICTIM
   way6 valid=1 rrpv=1 epoch=39451 dist=49755 prop=1 stamped=1 dbg=3 last=715 epoch2=39451 sched_n=0
   way7 valid=1 rrpv=0 epoch=48124 dist=58428 prop=1 stamped=1 dbg=3 last=745 epoch2=48124 sched_n=0
   -> victim=way5 reason=max-rrpv record by recency
[EVICT L3 pol=ECG:rrip_first curEpoch=55297 set_ways=8]
   way0 valid=1 rrpv=0 epoch=47732 dist=57970 prop=1 stamped=1 dbg=1 last=527 epoch2=47732 sched_n=0
   way1 valid=1 rrpv=0 epoch=48515 dist=58753 prop=1 stamped=1 dbg=1 last=562 epoch2=48515 sched_n=0
   way2 valid=1 rrpv=0 epoch=39581 dist=49819 prop=1 stamped=1 dbg=1 last=592 epoch2=39581 sched_n=0
   way3 valid=1 rrpv=0 epoch=47798 dist=58036 prop=1 stamped=1 dbg=2 last=624 epoch2=47798 sched_n=0
   way4 valid=1 rrpv=0 epoch=47732 dist=57970 prop=1 stamped=1 dbg=2 last=650 epoch2=47732 sched_n=0
   way5 valid=1 rrpv=7 epoch=0 dist=10238 prop=0 stamped=0 dbg=3 last=932 epoch2=0 sched_n=0   <== VICTIM
   way6 valid=1 rrpv=2 epoch=39516 dist=49754 prop=1 stamped=1 dbg=3 last=706 epoch2=39516 sched_n=0
   way7 valid=1 rrpv=0 epoch=48319 dist=58557 prop=1 stamped=1 dbg=3 last=738 epoch2=48319 sched_n=0
   -> victim=way5 reason=max-rrpv record by recency
[EVICT L3 pol=ECG:rrip_first curEpoch=55362 set_ways=8]
   way0 valid=1 rrpv=0 epoch=39581 dist=49754 prop=1 stamped=1 dbg=1 last=542 epoch2=39581 sched_n=0
   way1 valid=1 rrpv=0 epoch=39451 dist=49624 prop=1 stamped=1 dbg=1 last=579 epoch2=39451 sched_n=0
   way2 valid=1 rrpv=2 epoch=39581 dist=49754 prop=1 stamped=1 dbg=2 last=606 epoch2=39581 sched_n=0
   way3 valid=1 rrpv=0 epoch=47798 dist=57971 prop=1 stamped=1 dbg=2 last=636 epoch2=47798 sched_n=0
   way4 valid=1 rrpv=1 epoch=39451 dist=49624 prop=1 stamped=1 dbg=3 last=463 epoch2=39451 sched_n=0
   way5 valid=1 rrpv=0 epoch=47863 dist=58036 prop=1 stamped=1 dbg=3 last=695 epoch2=47863 sched_n=0
   way6 valid=1 rrpv=0 epoch=47732 dist=57905 prop=1 stamped=1 dbg=3 last=721 epoch2=47732 sched_n=0
   way7 valid=1 rrpv=7 epoch=0 dist=10173 prop=0 stamped=0 dbg=3 last=930 epoch2=0 sched_n=0   <== VICTIM
   -> victim=way7 reason=max-rrpv record by recency
[EVICT L3 pol=ECG:rrip_first curEpoch=55558 set_ways=8]
   way0 valid=1 rrpv=0 epoch=48124 dist=58101 prop=1 stamped=1 dbg=1 last=536 epoch2=48124 sched_n=0
   way1 valid=1 rrpv=0 epoch=47732 dist=57709 prop=1 stamped=1 dbg=1 last=572 epoch2=47732 sched_n=0
   way2 valid=1 rrpv=0 epoch=47863 dist=57840 prop=1 stamped=1 dbg=2 last=601 epoch2=47863 sched_n=0
   way3 valid=1 rrpv=0 epoch=48319 dist=58296 prop=1 stamped=1 dbg=2 last=629 epoch2=48319 sched_n=0
   way4 valid=1 rrpv=0 epoch=39516 dist=49493 prop=1 stamped=1 dbg=2 last=657 epoch2=39516 sched_n=0
   way5 valid=1 rrpv=7 epoch=0 dist=9977 prop=0 stamped=0 dbg=3 last=933 epoch2=0 sched_n=0   <== VICTIM
   way6 valid=1 rrpv=1 epoch=39451 dist=49428 prop=1 stamped=1 dbg=3 last=715 epoch2=39451 sched_n=0
   way7 valid=1 rrpv=0 epoch=48124 dist=58101 prop=1 stamped=1 dbg=3 last=745 epoch2=48124 sched_n=0
   -> victim=way5 reason=max-rrpv record by recency
[EVICT L3 pol=ECG:rrip_first curEpoch=55688 set_ways=8]
   way0 valid=1 rrpv=0 epoch=39386 dist=49233 prop=1 stamped=1 dbg=1 last=514 epoch2=39386 sched_n=0
   way1 valid=1 rrpv=0 epoch=47928 dist=57775 prop=1 stamped=1 dbg=1 last=553 epoch2=47928 sched_n=0
   way2 valid=1 rrpv=0 epoch=48254 dist=58101 prop=1 stamped=1 dbg=1 last=587 epoch2=48254 sched_n=0
   way3 valid=1 rrpv=0 epoch=47798 dist=57645 prop=1 stamped=1 dbg=2 last=616 epoch2=47798 sched_n=0
   way4 valid=1 rrpv=0 epoch=47798 dist=57645 prop=1 stamped=1 dbg=2 last=644 epoch2=47798 sched_n=0
   way5 valid=1 rrpv=7 epoch=0 dist=9847 prop=0 stamped=0 dbg=3 last=931 epoch2=0 sched_n=0   <== VICTIM
   way6 valid=1 rrpv=0 epoch=48450 dist=58297 prop=1 stamped=1 dbg=3 last=702 epoch2=48450 sched_n=0
   way7 valid=1 rrpv=1 epoch=39451 dist=49298 prop=1 stamped=1 dbg=3 last=729 epoch2=39451 sched_n=0
   -> victim=way5 reason=max-rrpv record by recency
[EVICT L3 pol=ECG:rrip_first curEpoch=55818 set_ways=8]
   way0 valid=1 rrpv=0 epoch=48124 dist=57841 prop=1 stamped=1 dbg=1 last=536 epoch2=48124 sched_n=0
   way1 valid=1 rrpv=0 epoch=47732 dist=57449 prop=1 stamped=1 dbg=1 last=572 epoch2=47732 sched_n=0
   way2 valid=1 rrpv=0 epoch=47863 dist=57580 prop=1 stamped=1 dbg=2 last=601 epoch2=47863 sched_n=0
   way3 valid=1 rrpv=0 epoch=48319 dist=58036 prop=1 stamped=1 dbg=2 last=629 epoch2=48319 sched_n=0
   way4 valid=1 rrpv=0 epoch=39516 dist=49233 prop=1 stamped=1 dbg=2 last=657 epoch2=39516 sched_n=0
   way5 valid=1 rrpv=7 epoch=0 dist=9717 prop=0 stamped=0 dbg=3 last=936 epoch2=0 sched_n=0   <== VICTIM
   way6 valid=1 rrpv=1 epoch=39451 dist=49168 prop=1 stamped=1 dbg=3 last=715 epoch2=39451 sched_n=0
   way7 valid=1 rrpv=0 epoch=48124 dist=57841 prop=1 stamped=1 dbg=3 last=745 epoch2=48124 sched_n=0
   -> victim=way5 reason=max-rrpv record by recency
[EVICT L3 pol=ECG:rrip_first curEpoch=55818 set_ways=8]
   way0 valid=1 rrpv=0 epoch=39386 dist=49103 prop=1 stamped=1 dbg=1 last=514 epoch2=39386 sched_n=0
   way1 valid=1 rrpv=0 epoch=47928 dist=57645 prop=1 stamped=1 dbg=1 last=553 epoch2=47928 sched_n=0
   way2 valid=1 rrpv=0 epoch=48254 dist=57971 prop=1 stamped=1 dbg=1 last=587 epoch2=48254 sched_n=0
   way3 valid=1 rrpv=0 epoch=47798 dist=57515 prop=1 stamped=1 dbg=2 last=616 epoch2=47798 sched_n=0
   way4 valid=1 rrpv=0 epoch=47798 dist=57515 prop=1 stamped=1 dbg=2 last=644 epoch2=47798 sched_n=0
   way5 valid=1 rrpv=7 epoch=0 dist=9717 prop=0 stamped=0 dbg=3 last=937 epoch2=0 sched_n=0   <== VICTIM
   way6 valid=1 rrpv=0 epoch=48450 dist=58167 prop=1 stamped=1 dbg=3 last=702 epoch2=48450 sched_n=0
   way7 valid=1 rrpv=1 epoch=39451 dist=49168 prop=1 stamped=1 dbg=3 last=729 epoch2=39451 sched_n=0
   -> victim=way5 reason=max-rrpv record by recency
[EVICT L3 pol=ECG:rrip_first curEpoch=55949 set_ways=8]
   way0 valid=1 rrpv=0 epoch=47732 dist=57318 prop=1 stamped=1 dbg=1 last=527 epoch2=47732 sched_n=0
   way1 valid=1 rrpv=0 epoch=48515 dist=58101 prop=1 stamped=1 dbg=1 last=562 epoch2=48515 sched_n=0
   way2 valid=1 rrpv=0 epoch=39581 dist=49167 prop=1 stamped=1 dbg=1 last=592 epoch2=39581 sched_n=0
   way3 valid=1 rrpv=0 epoch=47798 dist=57384 prop=1 stamped=1 dbg=2 last=624 epoch2=47798 sched_n=0
   way4 valid=1 rrpv=0 epoch=47732 dist=57318 prop=1 stamped=1 dbg=2 last=650 epoch2=47732 sched_n=0
   way5 valid=1 rrpv=7 epoch=0 dist=9586 prop=1 stamped=0 dbg=3 last=934 epoch2=0 sched_n=0   <== VICTIM
   way6 valid=1 rrpv=2 epoch=39516 dist=49102 prop=1 stamped=1 dbg=3 last=706 epoch2=39516 sched_n=0
   way7 valid=1 rrpv=0 epoch=48319 dist=57905 prop=1 stamped=1 dbg=3 last=738 epoch2=48319 sched_n=0
   -> victim=way5 reason=max-rrpv farthest-epoch property
[EVICT L3 pol=ECG:rrip_first curEpoch=56014 set_ways=8]
   way0 valid=1 rrpv=0 epoch=48124 dist=57645 prop=1 stamped=1 dbg=1 last=536 epoch2=48124 sched_n=0
   way1 valid=1 rrpv=0 epoch=47732 dist=57253 prop=1 stamped=1 dbg=1 last=572 epoch2=47732 sched_n=0
   way2 valid=1 rrpv=0 epoch=47863 dist=57384 prop=1 stamped=1 dbg=2 last=601 epoch2=47863 sched_n=0
   way3 valid=1 rrpv=0 epoch=48319 dist=57840 prop=1 stamped=1 dbg=2 last=629 epoch2=48319 sched_n=0
   way4 valid=1 rrpv=0 epoch=39516 dist=49037 prop=1 stamped=1 dbg=2 last=657 epoch2=39516 sched_n=0
   way5 valid=1 rrpv=7 epoch=0 dist=9521 prop=0 stamped=0 dbg=3 last=938 epoch2=0 sched_n=0   <== VICTIM
   way6 valid=1 rrpv=1 epoch=39451 dist=48972 prop=1 stamped=1 dbg=3 last=715 epoch2=39451 sched_n=0
   way7 valid=1 rrpv=0 epoch=48124 dist=57645 prop=1 stamped=1 dbg=3 last=745 epoch2=48124 sched_n=0
   -> victim=way5 reason=max-rrpv record by recency
[EVICT L3 pol=ECG:rrip_first curEpoch=56144 set_ways=8]
   way0 valid=1 rrpv=0 epoch=39386 dist=48777 prop=1 stamped=1 dbg=1 last=514 epoch2=39386 sched_n=0
   way1 valid=1 rrpv=0 epoch=47928 dist=57319 prop=1 stamped=1 dbg=1 last=553 epoch2=47928 sched_n=0
   way2 valid=1 rrpv=0 epoch=48254 dist=57645 prop=1 stamped=1 dbg=1 last=587 epoch2=48254 sched_n=0
   way3 valid=1 rrpv=0 epoch=47798 dist=57189 prop=1 stamped=1 dbg=2 last=616 epoch2=47798 sched_n=0
   way4 valid=1 rrpv=0 epoch=47798 dist=57189 prop=1 stamped=1 dbg=2 last=644 epoch2=47798 sched_n=0
   way5 valid=1 rrpv=7 epoch=0 dist=9391 prop=0 stamped=0 dbg=3 last=939 epoch2=0 sched_n=0   <== VICTIM
   way6 valid=1 rrpv=0 epoch=48450 dist=57841 prop=1 stamped=1 dbg=3 last=702 epoch2=48450 sched_n=0
   way7 valid=1 rrpv=1 epoch=39451 dist=48842 prop=1 stamped=1 dbg=3 last=729 epoch2=39451 sched_n=0
   -> victim=way5 reason=max-rrpv record by recency
[EVICT L3 pol=ECG:rrip_first curEpoch=56210 set_ways=8]
   way0 valid=1 rrpv=0 epoch=47732 dist=57057 prop=1 stamped=1 dbg=1 last=527 epoch2=47732 sched_n=0
   way1 valid=1 rrpv=0 epoch=48515 dist=57840 prop=1 stamped=1 dbg=1 last=562 epoch2=48515 sched_n=0
   way2 valid=1 rrpv=0 epoch=39581 dist=48906 prop=1 stamped=1 dbg=1 last=592 epoch2=39581 sched_n=0
   way3 valid=1 rrpv=0 epoch=47798 dist=57123 prop=1 stamped=1 dbg=2 last=624 epoch2=47798 sched_n=0
   way4 valid=1 rrpv=0 epoch=47732 dist=57057 prop=1 stamped=1 dbg=2 last=650 epoch2=47732 sched_n=0
   way5 valid=1 rrpv=7 epoch=0 dist=9325 prop=0 stamped=0 dbg=3 last=940 epoch2=0 sched_n=0   <== VICTIM
   way6 valid=1 rrpv=2 epoch=39516 dist=48841 prop=1 stamped=1 dbg=3 last=706 epoch2=39516 sched_n=0
   way7 valid=1 rrpv=0 epoch=48319 dist=57644 prop=1 stamped=1 dbg=3 last=738 epoch2=48319 sched_n=0
   -> victim=way5 reason=max-rrpv record by recency
[EVICT L3 pol=ECG:rrip_first curEpoch=56340 set_ways=8]
   way0 valid=1 rrpv=0 epoch=48124 dist=57319 prop=1 stamped=1 dbg=1 last=536 epoch2=48124 sched_n=0
   way1 valid=1 rrpv=0 epoch=47732 dist=56927 prop=1 stamped=1 dbg=1 last=572 epoch2=47732 sched_n=0
   way2 valid=1 rrpv=0 epoch=47863 dist=57058 prop=1 stamped=1 dbg=2 last=601 epoch2=47863 sched_n=0
   way3 valid=1 rrpv=0 epoch=48319 dist=57514 prop=1 stamped=1 dbg=2 last=629 epoch2=48319 sched_n=0
   way4 valid=1 rrpv=0 epoch=39516 dist=48711 prop=1 stamped=1 dbg=2 last=657 epoch2=39516 sched_n=0
   way5 valid=1 rrpv=7 epoch=0 dist=9195 prop=0 stamped=0 dbg=3 last=941 epoch2=0 sched_n=0   <== VICTIM
   way6 valid=1 rrpv=1 epoch=39451 dist=48646 prop=1 stamped=1 dbg=3 last=715 epoch2=39451 sched_n=0
   way7 valid=1 rrpv=0 epoch=48124 dist=57319 prop=1 stamped=1 dbg=3 last=745 epoch2=48124 sched_n=0
   -> victim=way5 reason=max-rrpv record by recency
[EVICT L3 pol=ECG:rrip_first curEpoch=56470 set_ways=8]
   way0 valid=1 rrpv=0 epoch=48124 dist=57189 prop=1 stamped=1 dbg=1 last=536 epoch2=48124 sched_n=0
   way1 valid=1 rrpv=0 epoch=47732 dist=56797 prop=1 stamped=1 dbg=1 last=572 epoch2=47732 sched_n=0
   way2 valid=1 rrpv=0 epoch=47863 dist=56928 prop=1 stamped=1 dbg=2 last=601 epoch2=47863 sched_n=0
   way3 valid=1 rrpv=0 epoch=48319 dist=57384 prop=1 stamped=1 dbg=2 last=629 epoch2=48319 sched_n=0
   way4 valid=1 rrpv=0 epoch=39516 dist=48581 prop=1 stamped=1 dbg=2 last=657 epoch2=39516 sched_n=0
   way5 valid=1 rrpv=7 epoch=0 dist=9065 prop=1 stamped=0 dbg=3 last=944 epoch2=0 sched_n=0   <== VICTIM
   way6 valid=1 rrpv=1 epoch=39451 dist=48516 prop=1 stamped=1 dbg=3 last=715 epoch2=39451 sched_n=0
   way7 valid=1 rrpv=0 epoch=48124 dist=57189 prop=1 stamped=1 dbg=3 last=745 epoch2=48124 sched_n=0
   -> victim=way5 reason=max-rrpv farthest-epoch property
[EVICT L3 pol=ECG:rrip_first curEpoch=56601 set_ways=8]
   way0 valid=1 rrpv=0 epoch=39581 dist=48515 prop=1 stamped=1 dbg=1 last=542 epoch2=39581 sched_n=0
   way1 valid=1 rrpv=0 epoch=39451 dist=48385 prop=1 stamped=1 dbg=1 last=579 epoch2=39451 sched_n=0
   way2 valid=1 rrpv=2 epoch=39581 dist=48515 prop=1 stamped=1 dbg=2 last=606 epoch2=39581 sched_n=0
   way3 valid=1 rrpv=0 epoch=47798 dist=56732 prop=1 stamped=1 dbg=2 last=636 epoch2=47798 sched_n=0
   way4 valid=1 rrpv=1 epoch=39451 dist=48385 prop=1 stamped=1 dbg=3 last=463 epoch2=39451 sched_n=0
   way5 valid=1 rrpv=0 epoch=47863 dist=56797 prop=1 stamped=1 dbg=3 last=695 epoch2=47863 sched_n=0
   way6 valid=1 rrpv=0 epoch=47732 dist=56666 prop=1 stamped=1 dbg=3 last=721 epoch2=47732 sched_n=0
   way7 valid=1 rrpv=7 epoch=0 dist=8934 prop=0 stamped=0 dbg=3 last=935 epoch2=0 sched_n=0   <== VICTIM
   -> victim=way7 reason=max-rrpv record by recency
[EVICT L3 pol=ECG:rrip_first curEpoch=56862 set_ways=8]
   way0 valid=1 rrpv=0 epoch=47732 dist=56405 prop=1 stamped=1 dbg=1 last=527 epoch2=47732 sched_n=0
   way1 valid=1 rrpv=0 epoch=48515 dist=57188 prop=1 stamped=1 dbg=1 last=562 epoch2=48515 sched_n=0
   way2 valid=1 rrpv=0 epoch=39581 dist=48254 prop=1 stamped=1 dbg=1 last=592 epoch2=39581 sched_n=0
   way3 valid=1 rrpv=0 epoch=47798 dist=56471 prop=1 stamped=1 dbg=2 last=624 epoch2=47798 sched_n=0
   way4 valid=1 rrpv=0 epoch=47732 dist=56405 prop=1 stamped=1 dbg=2 last=650 epoch2=47732 sched_n=0
   way5 valid=1 rrpv=7 epoch=0 dist=8673 prop=0 stamped=0 dbg=3 last=943 epoch2=0 sched_n=0   <== VICTIM
   way6 valid=1 rrpv=2 epoch=39516 dist=48189 prop=1 stamped=1 dbg=3 last=706 epoch2=39516 sched_n=0
   way7 valid=1 rrpv=0 epoch=48319 dist=56992 prop=1 stamped=1 dbg=3 last=738 epoch2=48319 sched_n=0
   -> victim=way5 reason=max-rrpv record by recency
[EVICT L3 pol=ECG:rrip_first curEpoch=56992 set_ways=8]
   way0 valid=1 rrpv=0 epoch=48124 dist=56667 prop=1 stamped=1 dbg=1 last=536 epoch2=48124 sched_n=0
   way1 valid=1 rrpv=0 epoch=47732 dist=56275 prop=1 stamped=1 dbg=1 last=572 epoch2=47732 sched_n=0
   way2 valid=1 rrpv=0 epoch=47863 dist=56406 prop=1 stamped=1 dbg=2 last=601 epoch2=47863 sched_n=0
   way3 valid=1 rrpv=0 epoch=48319 dist=56862 prop=1 stamped=1 dbg=2 last=629 epoch2=48319 sched_n=0
   way4 valid=1 rrpv=0 epoch=39516 dist=48059 prop=1 stamped=1 dbg=2 last=657 epoch2=39516 sched_n=0
   way5 valid=1 rrpv=7 epoch=0 dist=8543 prop=0 stamped=0 dbg=3 last=945 epoch2=0 sched_n=0   <== VICTIM
   way6 valid=1 rrpv=1 epoch=39451 dist=47994 prop=1 stamped=1 dbg=3 last=715 epoch2=39451 sched_n=0
   way7 valid=1 rrpv=0 epoch=48124 dist=56667 prop=1 stamped=1 dbg=3 last=745 epoch2=48124 sched_n=0
   -> victim=way5 reason=max-rrpv record by recency
[EVICT L3 pol=ECG:rrip_first curEpoch=57188 set_ways=8]
   way0 valid=1 rrpv=0 epoch=39386 dist=47733 prop=1 stamped=1 dbg=1 last=514 epoch2=39386 sched_n=0
   way1 valid=1 rrpv=0 epoch=47928 dist=56275 prop=1 stamped=1 dbg=1 last=553 epoch2=47928 sched_n=0
   way2 valid=1 rrpv=0 epoch=48254 dist=56601 prop=1 stamped=1 dbg=1 last=587 epoch2=48254 sched_n=0
   way3 valid=1 rrpv=0 epoch=47798 dist=56145 prop=1 stamped=1 dbg=2 last=616 epoch2=47798 sched_n=0
   way4 valid=1 rrpv=0 epoch=47798 dist=56145 prop=1 stamped=1 dbg=2 last=644 epoch2=47798 sched_n=0
   way5 valid=1 rrpv=7 epoch=0 dist=8347 prop=0 stamped=0 dbg=3 last=942 epoch2=0 sched_n=0   <== VICTIM
   way6 valid=1 rrpv=0 epoch=48450 dist=56797 prop=1 stamped=1 dbg=3 last=702 epoch2=48450 sched_n=0
   way7 valid=1 rrpv=1 epoch=39451 dist=47798 prop=1 stamped=1 dbg=3 last=729 epoch2=39451 sched_n=0
   -> victim=way5 reason=max-rrpv record by recency
[EVICT L3 pol=ECG:rrip_first curEpoch=57253 set_ways=8]
   way0 valid=1 rrpv=0 epoch=48124 dist=56406 prop=1 stamped=1 dbg=1 last=536 epoch2=48124 sched_n=0
   way1 valid=1 rrpv=0 epoch=47732 dist=56014 prop=1 stamped=1 dbg=1 last=572 epoch2=47732 sched_n=0
   way2 valid=1 rrpv=0 epoch=47863 dist=56145 prop=1 stamped=1 dbg=2 last=601 epoch2=47863 sched_n=0
   way3 valid=1 rrpv=0 epoch=48319 dist=56601 prop=1 stamped=1 dbg=2 last=629 epoch2=48319 sched_n=0
   way4 valid=1 rrpv=0 epoch=39516 dist=47798 prop=1 stamped=1 dbg=2 last=657 epoch2=39516 sched_n=0
   way5 valid=1 rrpv=7 epoch=0 dist=8282 prop=0 stamped=0 dbg=3 last=948 epoch2=0 sched_n=0   <== VICTIM
   way6 valid=1 rrpv=1 epoch=39451 dist=47733 prop=1 stamped=1 dbg=3 last=715 epoch2=39451 sched_n=0
   way7 valid=1 rrpv=0 epoch=48124 dist=56406 prop=1 stamped=1 dbg=3 last=745 epoch2=48124 sched_n=0
   -> victim=way5 reason=max-rrpv record by recency
[EVICT L3 pol=ECG:rrip_first curEpoch=57318 set_ways=8]
   way0 valid=1 rrpv=0 epoch=39581 dist=47798 prop=1 stamped=1 dbg=1 last=542 epoch2=39581 sched_n=0
   way1 valid=1 rrpv=0 epoch=39451 dist=47668 prop=1 stamped=1 dbg=1 last=579 epoch2=39451 sched_n=0
   way2 valid=1 rrpv=2 epoch=39581 dist=47798 prop=1 stamped=1 dbg=2 last=606 epoch2=39581 sched_n=0
   way3 valid=1 rrpv=0 epoch=47798 dist=56015 prop=1 stamped=1 dbg=2 last=636 epoch2=47798 sched_n=0
   way4 valid=1 rrpv=1 epoch=39451 dist=47668 prop=1 stamped=1 dbg=3 last=463 epoch2=39451 sched_n=0
   way5 valid=1 rrpv=0 epoch=47863 dist=56080 prop=1 stamped=1 dbg=3 last=695 epoch2=47863 sched_n=0
   way6 valid=1 rrpv=0 epoch=47732 dist=55949 prop=1 stamped=1 dbg=3 last=721 epoch2=47732 sched_n=0
   way7 valid=1 rrpv=7 epoch=0 dist=8217 prop=0 stamped=0 dbg=3 last=946 epoch2=0 sched_n=0   <== VICTIM
   -> victim=way7 reason=max-rrpv record by recency
[EVICT L3 pol=ECG:rrip_first curEpoch=57383 set_ways=8]
   way0 valid=1 rrpv=0 epoch=39581 dist=47733 prop=1 stamped=1 dbg=1 last=542 epoch2=39581 sched_n=0
   way1 valid=1 rrpv=0 epoch=39451 dist=47603 prop=1 stamped=1 dbg=1 last=579 epoch2=39451 sched_n=0
   way2 valid=1 rrpv=2 epoch=39581 dist=47733 prop=1 stamped=1 dbg=2 last=606 epoch2=39581 sched_n=0
   way3 valid=1 rrpv=0 epoch=47798 dist=55950 prop=1 stamped=1 dbg=2 last=636 epoch2=47798 sched_n=0
   way4 valid=1 rrpv=1 epoch=39451 dist=47603 prop=1 stamped=1 dbg=3 last=463 epoch2=39451 sched_n=0
   way5 valid=1 rrpv=0 epoch=47863 dist=56015 prop=1 stamped=1 dbg=3 last=695 epoch2=47863 sched_n=0
   way6 valid=1 rrpv=0 epoch=47732 dist=55884 prop=1 stamped=1 dbg=3 last=721 epoch2=47732 sched_n=0
   way7 valid=1 rrpv=7 epoch=0 dist=8152 prop=0 stamped=0 dbg=3 last=951 epoch2=0 sched_n=0   <== VICTIM
   -> victim=way7 reason=max-rrpv record by recency
[EVICT L3 pol=ECG:rrip_first curEpoch=57383 set_ways=8]
   way0 valid=1 rrpv=0 epoch=47732 dist=55884 prop=1 stamped=1 dbg=1 last=527 epoch2=47732 sched_n=0
   way1 valid=1 rrpv=0 epoch=48515 dist=56667 prop=1 stamped=1 dbg=1 last=562 epoch2=48515 sched_n=0
   way2 valid=1 rrpv=0 epoch=39581 dist=47733 prop=1 stamped=1 dbg=1 last=592 epoch2=39581 sched_n=0
   way3 valid=1 rrpv=0 epoch=47798 dist=55950 prop=1 stamped=1 dbg=2 last=624 epoch2=47798 sched_n=0
   way4 valid=1 rrpv=0 epoch=47732 dist=55884 prop=1 stamped=1 dbg=2 last=650 epoch2=47732 sched_n=0
   way5 valid=1 rrpv=7 epoch=0 dist=8152 prop=0 stamped=0 dbg=3 last=947 epoch2=0 sched_n=0   <== VICTIM
   way6 valid=1 rrpv=2 epoch=39516 dist=47668 prop=1 stamped=1 dbg=3 last=706 epoch2=39516 sched_n=0
   way7 valid=1 rrpv=0 epoch=48319 dist=56471 prop=1 stamped=1 dbg=3 last=738 epoch2=48319 sched_n=0
   -> victim=way5 reason=max-rrpv record by recency
[EVICT L3 pol=ECG:rrip_first curEpoch=57383 set_ways=8]
   way0 valid=1 rrpv=0 epoch=48124 dist=56276 prop=1 stamped=1 dbg=1 last=536 epoch2=48124 sched_n=0
   way1 valid=1 rrpv=0 epoch=47732 dist=55884 prop=1 stamped=1 dbg=1 last=572 epoch2=47732 sched_n=0
   way2 valid=1 rrpv=0 epoch=47863 dist=56015 prop=1 stamped=1 dbg=2 last=601 epoch2=47863 sched_n=0
   way3 valid=1 rrpv=0 epoch=48319 dist=56471 prop=1 stamped=1 dbg=2 last=629 epoch2=48319 sched_n=0
   way4 valid=1 rrpv=0 epoch=39516 dist=47668 prop=1 stamped=1 dbg=2 last=657 epoch2=39516 sched_n=0
   way5 valid=1 rrpv=7 epoch=0 dist=8152 prop=0 stamped=0 dbg=3 last=950 epoch2=0 sched_n=0   <== VICTIM
   way6 valid=1 rrpv=1 epoch=39451 dist=47603 prop=1 stamped=1 dbg=3 last=715 epoch2=39451 sched_n=0
   way7 valid=1 rrpv=0 epoch=48124 dist=56276 prop=1 stamped=1 dbg=3 last=745 epoch2=48124 sched_n=0
   -> victim=way5 reason=max-rrpv record by recency
[EVICT L3 pol=ECG:rrip_first curEpoch=57579 set_ways=8]
   way0 valid=1 rrpv=0 epoch=47732 dist=55688 prop=1 stamped=1 dbg=1 last=527 epoch2=47732 sched_n=0
   way1 valid=1 rrpv=0 epoch=48515 dist=56471 prop=1 stamped=1 dbg=1 last=562 epoch2=48515 sched_n=0
   way2 valid=1 rrpv=0 epoch=39581 dist=47537 prop=1 stamped=1 dbg=1 last=592 epoch2=39581 sched_n=0
   way3 valid=1 rrpv=0 epoch=47798 dist=55754 prop=1 stamped=1 dbg=2 last=624 epoch2=47798 sched_n=0
   way4 valid=1 rrpv=0 epoch=47732 dist=55688 prop=1 stamped=1 dbg=2 last=650 epoch2=47732 sched_n=0
   way5 valid=1 rrpv=7 epoch=0 dist=7956 prop=0 stamped=0 dbg=3 last=953 epoch2=0 sched_n=0   <== VICTIM
   way6 valid=1 rrpv=2 epoch=39516 dist=47472 prop=1 stamped=1 dbg=3 last=706 epoch2=39516 sched_n=0
   way7 valid=1 rrpv=0 epoch=48319 dist=56275 prop=1 stamped=1 dbg=3 last=738 epoch2=48319 sched_n=0
   -> victim=way5 reason=max-rrpv record by recency
[EVICT L3 pol=ECG:rrip_first curEpoch=57579 set_ways=8]
   way0 valid=1 rrpv=0 epoch=48124 dist=56080 prop=1 stamped=1 dbg=1 last=536 epoch2=48124 sched_n=0
   way1 valid=1 rrpv=0 epoch=47732 dist=55688 prop=1 stamped=1 dbg=1 last=572 epoch2=47732 sched_n=0
   way2 valid=1 rrpv=0 epoch=47863 dist=55819 prop=1 stamped=1 dbg=2 last=601 epoch2=47863 sched_n=0
   way3 valid=1 rrpv=0 epoch=48319 dist=56275 prop=1 stamped=1 dbg=2 last=629 epoch2=48319 sched_n=0
   way4 valid=1 rrpv=0 epoch=39516 dist=47472 prop=1 stamped=1 dbg=2 last=657 epoch2=39516 sched_n=0
   way5 valid=1 rrpv=7 epoch=0 dist=7956 prop=0 stamped=0 dbg=3 last=954 epoch2=0 sched_n=0   <== VICTIM
   way6 valid=1 rrpv=1 epoch=39451 dist=47407 prop=1 stamped=1 dbg=3 last=715 epoch2=39451 sched_n=0
   way7 valid=1 rrpv=0 epoch=48124 dist=56080 prop=1 stamped=1 dbg=3 last=745 epoch2=48124 sched_n=0
   -> victim=way5 reason=max-rrpv record by recency
[EVICT L3 pol=ECG:rrip_first curEpoch=57775 set_ways=8]
   way0 valid=1 rrpv=0 epoch=48124 dist=55884 prop=1 stamped=1 dbg=1 last=536 epoch2=48124 sched_n=0
   way1 valid=1 rrpv=0 epoch=47732 dist=55492 prop=1 stamped=1 dbg=1 last=572 epoch2=47732 sched_n=0
   way2 valid=1 rrpv=0 epoch=47863 dist=55623 prop=1 stamped=1 dbg=2 last=601 epoch2=47863 sched_n=0
   way3 valid=1 rrpv=0 epoch=48319 dist=56079 prop=1 stamped=1 dbg=2 last=629 epoch2=48319 sched_n=0
   way4 valid=1 rrpv=0 epoch=39516 dist=47276 prop=1 stamped=1 dbg=2 last=657 epoch2=39516 sched_n=0
   way5 valid=1 rrpv=7 epoch=0 dist=7760 prop=0 stamped=0 dbg=3 last=956 epoch2=0 sched_n=0   <== VICTIM
   way6 valid=1 rrpv=1 epoch=39451 dist=47211 prop=1 stamped=1 dbg=3 last=715 epoch2=39451 sched_n=0
   way7 valid=1 rrpv=0 epoch=48124 dist=55884 prop=1 stamped=1 dbg=3 last=745 epoch2=48124 sched_n=0
   -> victim=way5 reason=max-rrpv record by recency
[EVICT L3 pol=ECG:rrip_first curEpoch=57840 set_ways=8]
   way0 valid=1 rrpv=0 epoch=48124 dist=55819 prop=1 stamped=1 dbg=1 last=536 epoch2=48124 sched_n=0
   way1 valid=1 rrpv=0 epoch=47732 dist=55427 prop=1 stamped=1 dbg=1 last=572 epoch2=47732 sched_n=0
   way2 valid=1 rrpv=0 epoch=47863 dist=55558 prop=1 stamped=1 dbg=2 last=601 epoch2=47863 sched_n=0
   way3 valid=1 rrpv=0 epoch=48319 dist=56014 prop=1 stamped=1 dbg=2 last=629 epoch2=48319 sched_n=0
   way4 valid=1 rrpv=0 epoch=39516 dist=47211 prop=1 stamped=1 dbg=2 last=657 epoch2=39516 sched_n=0
   way5 valid=1 rrpv=7 epoch=0 dist=7695 prop=0 stamped=0 dbg=3 last=957 epoch2=0 sched_n=0   <== VICTIM
   way6 valid=1 rrpv=1 epoch=39451 dist=47146 prop=1 stamped=1 dbg=3 last=715 epoch2=39451 sched_n=0
   way7 valid=1 rrpv=0 epoch=48124 dist=55819 prop=1 stamped=1 dbg=3 last=745 epoch2=48124 sched_n=0
   -> victim=way5 reason=max-rrpv record by recency
[EVICT L3 pol=ECG:rrip_first curEpoch=58101 set_ways=8]
   way0 valid=1 rrpv=0 epoch=47732 dist=55166 prop=1 stamped=1 dbg=1 last=527 epoch2=47732 sched_n=0
   way1 valid=1 rrpv=0 epoch=48515 dist=55949 prop=1 stamped=1 dbg=1 last=562 epoch2=48515 sched_n=0
   way2 valid=1 rrpv=0 epoch=39581 dist=47015 prop=1 stamped=1 dbg=1 last=592 epoch2=39581 sched_n=0
   way3 valid=1 rrpv=0 epoch=47798 dist=55232 prop=1 stamped=1 dbg=2 last=624 epoch2=47798 sched_n=0
   way4 valid=1 rrpv=0 epoch=47732 dist=55166 prop=1 stamped=1 dbg=2 last=650 epoch2=47732 sched_n=0
   way5 valid=1 rrpv=7 epoch=0 dist=7434 prop=0 stamped=0 dbg=3 last=955 epoch2=0 sched_n=0   <== VICTIM
   way6 valid=1 rrpv=2 epoch=39516 dist=46950 prop=1 stamped=1 dbg=3 last=706 epoch2=39516 sched_n=0
   way7 valid=1 rrpv=0 epoch=48319 dist=55753 prop=1 stamped=1 dbg=3 last=738 epoch2=48319 sched_n=0
   -> victim=way5 reason=max-rrpv record by recency
[EVICT L3 pol=ECG:rrip_first curEpoch=58166 set_ways=8]
   way0 valid=1 rrpv=0 epoch=48124 dist=55493 prop=1 stamped=1 dbg=1 last=536 epoch2=48124 sched_n=0
   way1 valid=1 rrpv=0 epoch=47732 dist=55101 prop=1 stamped=1 dbg=1 last=572 epoch2=47732 sched_n=0
   way2 valid=1 rrpv=0 epoch=47863 dist=55232 prop=1 stamped=1 dbg=2 last=601 epoch2=47863 sched_n=0
   way3 valid=1 rrpv=0 epoch=48319 dist=55688 prop=1 stamped=1 dbg=2 last=629 epoch2=48319 sched_n=0
   way4 valid=1 rrpv=0 epoch=39516 dist=46885 prop=1 stamped=1 dbg=2 last=657 epoch2=39516 sched_n=0
   way5 valid=1 rrpv=7 epoch=0 dist=7369 prop=0 stamped=0 dbg=3 last=958 epoch2=0 sched_n=0   <== VICTIM
   way6 valid=1 rrpv=1 epoch=39451 dist=46820 prop=1 stamped=1 dbg=3 last=715 epoch2=39451 sched_n=0
   way7 valid=1 rrpv=0 epoch=48124 dist=55493 prop=1 stamped=1 dbg=3 last=745 epoch2=48124 sched_n=0
   -> victim=way5 reason=max-rrpv record by recency
[EVICT L3 pol=ECG:rrip_first curEpoch=58296 set_ways=8]
   way0 valid=1 rrpv=0 epoch=39581 dist=46820 prop=1 stamped=1 dbg=1 last=542 epoch2=39581 sched_n=0
   way1 valid=1 rrpv=0 epoch=39451 dist=46690 prop=1 stamped=1 dbg=1 last=579 epoch2=39451 sched_n=0
   way2 valid=1 rrpv=2 epoch=39581 dist=46820 prop=1 stamped=1 dbg=2 last=606 epoch2=39581 sched_n=0
   way3 valid=1 rrpv=0 epoch=47798 dist=55037 prop=1 stamped=1 dbg=2 last=636 epoch2=47798 sched_n=0
   way4 valid=1 rrpv=1 epoch=39451 dist=46690 prop=1 stamped=1 dbg=3 last=463 epoch2=39451 sched_n=0
   way5 valid=1 rrpv=0 epoch=47863 dist=55102 prop=1 stamped=1 dbg=3 last=695 epoch2=47863 sched_n=0
   way6 valid=1 rrpv=0 epoch=47732 dist=54971 prop=1 stamped=1 dbg=3 last=721 epoch2=47732 sched_n=0
   way7 valid=1 rrpv=7 epoch=0 dist=7239 prop=1 stamped=0 dbg=3 last=952 epoch2=0 sched_n=0   <== VICTIM
   -> victim=way7 reason=max-rrpv farthest-epoch property
[EVICT L3 pol=ECG:rrip_first curEpoch=58362 set_ways=8]
   way0 valid=1 rrpv=0 epoch=39386 dist=46559 prop=1 stamped=1 dbg=1 last=514 epoch2=39386 sched_n=0
   way1 valid=1 rrpv=0 epoch=47928 dist=55101 prop=1 stamped=1 dbg=1 last=553 epoch2=47928 sched_n=0
   way2 valid=1 rrpv=0 epoch=48254 dist=55427 prop=1 stamped=1 dbg=1 last=587 epoch2=48254 sched_n=0
   way3 valid=1 rrpv=0 epoch=47798 dist=54971 prop=1 stamped=1 dbg=2 last=616 epoch2=47798 sched_n=0
   way4 valid=1 rrpv=0 epoch=47798 dist=54971 prop=1 stamped=1 dbg=2 last=644 epoch2=47798 sched_n=0
   way5 valid=1 rrpv=7 epoch=0 dist=7173 prop=0 stamped=0 dbg=3 last=949 epoch2=0 sched_n=0   <== VICTIM
   way6 valid=1 rrpv=0 epoch=48450 dist=55623 prop=1 stamped=1 dbg=3 last=702 epoch2=48450 sched_n=0
   way7 valid=1 rrpv=1 epoch=39451 dist=46624 prop=1 stamped=1 dbg=3 last=729 epoch2=39451 sched_n=0
   -> victim=way5 reason=max-rrpv record by recency
[EVICT L3 pol=ECG:rrip_first curEpoch=58427 set_ways=8]
   way0 valid=1 rrpv=0 epoch=39386 dist=46494 prop=1 stamped=1 dbg=1 last=514 epoch2=39386 sched_n=0
   way1 valid=1 rrpv=0 epoch=47928 dist=55036 prop=1 stamped=1 dbg=1 last=553 epoch2=47928 sched_n=0
   way2 valid=1 rrpv=0 epoch=48254 dist=55362 prop=1 stamped=1 dbg=1 last=587 epoch2=48254 sched_n=0
   way3 valid=1 rrpv=0 epoch=47798 dist=54906 prop=1 stamped=1 dbg=2 last=616 epoch2=47798 sched_n=0
   way4 valid=1 rrpv=0 epoch=47798 dist=54906 prop=1 stamped=1 dbg=2 last=644 epoch2=47798 sched_n=0
   way5 valid=1 rrpv=7 epoch=0 dist=7108 prop=0 stamped=0 dbg=3 last=962 epoch2=0 sched_n=0   <== VICTIM
   way6 valid=1 rrpv=0 epoch=48450 dist=55558 prop=1 stamped=1 dbg=3 last=702 epoch2=48450 sched_n=0
   way7 valid=1 rrpv=1 epoch=39451 dist=46559 prop=1 stamped=1 dbg=3 last=729 epoch2=39451 sched_n=0
   -> victim=way5 reason=max-rrpv record by recency
[EVICT L3 pol=ECG:rrip_first curEpoch=58427 set_ways=8]
   way0 valid=1 rrpv=0 epoch=47732 dist=54840 prop=1 stamped=1 dbg=1 last=527 epoch2=47732 sched_n=0
   way1 valid=1 rrpv=0 epoch=48515 dist=55623 prop=1 stamped=1 dbg=1 last=562 epoch2=48515 sched_n=0
   way2 valid=1 rrpv=0 epoch=39581 dist=46689 prop=1 stamped=1 dbg=1 last=592 epoch2=39581 sched_n=0
   way3 valid=1 rrpv=0 epoch=47798 dist=54906 prop=1 stamped=1 dbg=2 last=624 epoch2=47798 sched_n=0
   way4 valid=1 rrpv=0 epoch=47732 dist=54840 prop=1 stamped=1 dbg=2 last=650 epoch2=47732 sched_n=0
   way5 valid=1 rrpv=7 epoch=0 dist=7108 prop=0 stamped=0 dbg=3 last=959 epoch2=0 sched_n=0   <== VICTIM
   way6 valid=1 rrpv=2 epoch=39516 dist=46624 prop=1 stamped=1 dbg=3 last=706 epoch2=39516 sched_n=0
   way7 valid=1 rrpv=0 epoch=48319 dist=55427 prop=1 stamped=1 dbg=3 last=738 epoch2=48319 sched_n=0
   -> victim=way5 reason=max-rrpv record by recency
[EVICT L3 pol=ECG:rrip_first curEpoch=58492 set_ways=8]
   way0 valid=1 rrpv=0 epoch=48124 dist=55167 prop=1 stamped=1 dbg=1 last=536 epoch2=48124 sched_n=0
   way1 valid=1 rrpv=0 epoch=47732 dist=54775 prop=1 stamped=1 dbg=1 last=572 epoch2=47732 sched_n=0
   way2 valid=1 rrpv=0 epoch=47863 dist=54906 prop=1 stamped=1 dbg=2 last=601 epoch2=47863 sched_n=0
   way3 valid=1 rrpv=0 epoch=48319 dist=55362 prop=1 stamped=1 dbg=2 last=629 epoch2=48319 sched_n=0
   way4 valid=1 rrpv=0 epoch=39516 dist=46559 prop=1 stamped=1 dbg=2 last=657 epoch2=39516 sched_n=0
   way5 valid=1 rrpv=7 epoch=0 dist=7043 prop=0 stamped=0 dbg=3 last=960 epoch2=0 sched_n=0   <== VICTIM
   way6 valid=1 rrpv=1 epoch=39451 dist=46494 prop=1 stamped=1 dbg=3 last=715 epoch2=39451 sched_n=0
   way7 valid=1 rrpv=0 epoch=48124 dist=55167 prop=1 stamped=1 dbg=3 last=745 epoch2=48124 sched_n=0
   -> victim=way5 reason=max-rrpv record by recency
[EVICT L3 pol=ECG:rrip_first curEpoch=58818 set_ways=8]
   way0 valid=1 rrpv=0 epoch=39581 dist=46298 prop=1 stamped=1 dbg=1 last=542 epoch2=39581 sched_n=0
   way1 valid=1 rrpv=0 epoch=39451 dist=46168 prop=1 stamped=1 dbg=1 last=579 epoch2=39451 sched_n=0
   way2 valid=1 rrpv=2 epoch=39581 dist=46298 prop=1 stamped=1 dbg=2 last=606 epoch2=39581 sched_n=0
   way3 valid=1 rrpv=0 epoch=47798 dist=54515 prop=1 stamped=1 dbg=2 last=636 epoch2=47798 sched_n=0
   way4 valid=1 rrpv=1 epoch=39451 dist=46168 prop=1 stamped=1 dbg=3 last=463 epoch2=39451 sched_n=0
   way5 valid=1 rrpv=0 epoch=47863 dist=54580 prop=1 stamped=1 dbg=3 last=695 epoch2=47863 sched_n=0
   way6 valid=1 rrpv=0 epoch=47732 dist=54449 prop=1 stamped=1 dbg=3 last=721 epoch2=47732 sched_n=0
   way7 valid=1 rrpv=7 epoch=0 dist=6717 prop=0 stamped=0 dbg=3 last=961 epoch2=0 sched_n=0   <== VICTIM
   -> victim=way7 reason=max-rrpv record by recency
[EVICT L3 pol=ECG:rrip_first curEpoch=59014 set_ways=8]
   way0 valid=1 rrpv=0 epoch=39581 dist=46102 prop=1 stamped=1 dbg=1 last=542 epoch2=39581 sched_n=0
   way1 valid=1 rrpv=0 epoch=39451 dist=45972 prop=1 stamped=1 dbg=1 last=579 epoch2=39451 sched_n=0
   way2 valid=1 rrpv=2 epoch=39581 dist=46102 prop=1 stamped=1 dbg=2 last=606 epoch2=39581 sched_n=0
   way3 valid=1 rrpv=0 epoch=47798 dist=54319 prop=1 stamped=1 dbg=2 last=636 epoch2=47798 sched_n=0
   way4 valid=1 rrpv=1 epoch=39451 dist=45972 prop=1 stamped=1 dbg=3 last=463 epoch2=39451 sched_n=0
   way5 valid=1 rrpv=0 epoch=47863 dist=54384 prop=1 stamped=1 dbg=3 last=695 epoch2=47863 sched_n=0
   way6 valid=1 rrpv=0 epoch=47732 dist=54253 prop=1 stamped=1 dbg=3 last=721 epoch2=47732 sched_n=0
   way7 valid=1 rrpv=7 epoch=0 dist=6521 prop=0 stamped=0 dbg=3 last=966 epoch2=0 sched_n=0   <== VICTIM
   -> victim=way7 reason=max-rrpv record by recency
[EVICT L3 pol=ECG:rrip_first curEpoch=59079 set_ways=8]
   way0 valid=1 rrpv=0 epoch=39386 dist=45842 prop=1 stamped=1 dbg=1 last=514 epoch2=39386 sched_n=0
   way1 valid=1 rrpv=0 epoch=47928 dist=54384 prop=1 stamped=1 dbg=1 last=553 epoch2=47928 sched_n=0
   way2 valid=1 rrpv=0 epoch=48254 dist=54710 prop=1 stamped=1 dbg=1 last=587 epoch2=48254 sched_n=0
   way3 valid=1 rrpv=0 epoch=47798 dist=54254 prop=1 stamped=1 dbg=2 last=616 epoch2=47798 sched_n=0
   way4 valid=1 rrpv=0 epoch=47798 dist=54254 prop=1 stamped=1 dbg=2 last=644 epoch2=47798 sched_n=0
   way5 valid=1 rrpv=7 epoch=0 dist=6456 prop=1 stamped=0 dbg=3 last=963 epoch2=0 sched_n=0   <== VICTIM
   way6 valid=1 rrpv=0 epoch=48450 dist=54906 prop=1 stamped=1 dbg=3 last=702 epoch2=48450 sched_n=0
   way7 valid=1 rrpv=1 epoch=39451 dist=45907 prop=1 stamped=1 dbg=3 last=729 epoch2=39451 sched_n=0
   -> victim=way5 reason=max-rrpv farthest-epoch property
[EVICT L3 pol=ECG:rrip_first curEpoch=59340 set_ways=8]
   way0 valid=1 rrpv=0 epoch=48124 dist=54319 prop=1 stamped=1 dbg=1 last=536 epoch2=48124 sched_n=0
   way1 valid=1 rrpv=0 epoch=47732 dist=53927 prop=1 stamped=1 dbg=1 last=572 epoch2=47732 sched_n=0
   way2 valid=1 rrpv=0 epoch=47863 dist=54058 prop=1 stamped=1 dbg=2 last=601 epoch2=47863 sched_n=0
   way3 valid=1 rrpv=0 epoch=48319 dist=54514 prop=1 stamped=1 dbg=2 last=629 epoch2=48319 sched_n=0
   way4 valid=1 rrpv=0 epoch=39516 dist=45711 prop=1 stamped=1 dbg=2 last=657 epoch2=39516 sched_n=0
   way5 valid=1 rrpv=7 epoch=0 dist=6195 prop=0 stamped=0 dbg=3 last=965 epoch2=0 sched_n=0   <== VICTIM
   way6 valid=1 rrpv=1 epoch=39451 dist=45646 prop=1 stamped=1 dbg=3 last=715 epoch2=39451 sched_n=0
   way7 valid=1 rrpv=0 epoch=48124 dist=54319 prop=1 stamped=1 dbg=3 last=745 epoch2=48124 sched_n=0
   -> victim=way5 reason=max-rrpv record by recency
[EVICT L3 pol=ECG:rrip_first curEpoch=59470 set_ways=8]
   way0 valid=1 rrpv=0 epoch=47732 dist=53797 prop=1 stamped=1 dbg=1 last=527 epoch2=47732 sched_n=0
   way1 valid=1 rrpv=0 epoch=48515 dist=54580 prop=1 stamped=1 dbg=1 last=562 epoch2=48515 sched_n=0
   way2 valid=1 rrpv=0 epoch=39581 dist=45646 prop=1 stamped=1 dbg=1 last=592 epoch2=39581 sched_n=0
   way3 valid=1 rrpv=0 epoch=47798 dist=53863 prop=1 stamped=1 dbg=2 last=624 epoch2=47798 sched_n=0
   way4 valid=1 rrpv=0 epoch=47732 dist=53797 prop=1 stamped=1 dbg=2 last=650 epoch2=47732 sched_n=0
   way5 valid=1 rrpv=7 epoch=0 dist=6065 prop=0 stamped=0 dbg=3 last=964 epoch2=0 sched_n=0   <== VICTIM
   way6 valid=1 rrpv=2 epoch=39516 dist=45581 prop=1 stamped=1 dbg=3 last=706 epoch2=39516 sched_n=0
   way7 valid=1 rrpv=0 epoch=48319 dist=54384 prop=1 stamped=1 dbg=3 last=738 epoch2=48319 sched_n=0
   -> victim=way5 reason=max-rrpv record by recency
[EVICT L3 pol=ECG:rrip_first curEpoch=59470 set_ways=8]
   way0 valid=1 rrpv=0 epoch=39386 dist=45451 prop=1 stamped=1 dbg=1 last=514 epoch2=39386 sched_n=0
   way1 valid=1 rrpv=0 epoch=47928 dist=53993 prop=1 stamped=1 dbg=1 last=553 epoch2=47928 sched_n=0
   way2 valid=1 rrpv=0 epoch=48254 dist=54319 prop=1 stamped=1 dbg=1 last=587 epoch2=48254 sched_n=0
   way3 valid=1 rrpv=0 epoch=47798 dist=53863 prop=1 stamped=1 dbg=2 last=616 epoch2=47798 sched_n=0
   way4 valid=1 rrpv=0 epoch=47798 dist=53863 prop=1 stamped=1 dbg=2 last=644 epoch2=47798 sched_n=0
   way5 valid=1 rrpv=7 epoch=0 dist=6065 prop=0 stamped=0 dbg=3 last=968 epoch2=0 sched_n=0   <== VICTIM
   way6 valid=1 rrpv=0 epoch=48450 dist=54515 prop=1 stamped=1 dbg=3 last=702 epoch2=48450 sched_n=0
   way7 valid=1 rrpv=1 epoch=39451 dist=45516 prop=1 stamped=1 dbg=3 last=729 epoch2=39451 sched_n=0
   -> victim=way5 reason=max-rrpv record by recency
[EVICT L3 pol=ECG:rrip_first curEpoch=59731 set_ways=8]
   way0 valid=1 rrpv=0 epoch=48124 dist=53928 prop=1 stamped=1 dbg=1 last=536 epoch2=48124 sched_n=0
   way1 valid=1 rrpv=0 epoch=47732 dist=53536 prop=1 stamped=1 dbg=1 last=572 epoch2=47732 sched_n=0
   way2 valid=1 rrpv=0 epoch=47863 dist=53667 prop=1 stamped=1 dbg=2 last=601 epoch2=47863 sched_n=0
   way3 valid=1 rrpv=0 epoch=48319 dist=54123 prop=1 stamped=1 dbg=2 last=629 epoch2=48319 sched_n=0
   way4 valid=1 rrpv=0 epoch=39516 dist=45320 prop=1 stamped=1 dbg=2 last=657 epoch2=39516 sched_n=0
   way5 valid=1 rrpv=7 epoch=0 dist=5804 prop=0 stamped=0 dbg=3 last=969 epoch2=0 sched_n=0   <== VICTIM
   way6 valid=1 rrpv=1 epoch=39451 dist=45255 prop=1 stamped=1 dbg=3 last=715 epoch2=39451 sched_n=0
   way7 valid=1 rrpv=0 epoch=48124 dist=53928 prop=1 stamped=1 dbg=3 last=745 epoch2=48124 sched_n=0
   -> victim=way5 reason=max-rrpv record by recency
[EVICT L3 pol=ECG:rrip_first curEpoch=59861 set_ways=8]
   way0 valid=1 rrpv=0 epoch=39386 dist=45060 prop=1 stamped=1 dbg=1 last=514 epoch2=39386 sched_n=0
   way1 valid=1 rrpv=0 epoch=47928 dist=53602 prop=1 stamped=1 dbg=1 last=553 epoch2=47928 sched_n=0
   way2 valid=1 rrpv=0 epoch=48254 dist=53928 prop=1 stamped=1 dbg=1 last=587 epoch2=48254 sched_n=0
   way3 valid=1 rrpv=0 epoch=47798 dist=53472 prop=1 stamped=1 dbg=2 last=616 epoch2=47798 sched_n=0
   way4 valid=1 rrpv=0 epoch=47798 dist=53472 prop=1 stamped=1 dbg=2 last=644 epoch2=47798 sched_n=0
   way5 valid=1 rrpv=7 epoch=0 dist=5674 prop=0 stamped=0 dbg=3 last=971 epoch2=0 sched_n=0   <== VICTIM
   way6 valid=1 rrpv=0 epoch=48450 dist=54124 prop=1 stamped=1 dbg=3 last=702 epoch2=48450 sched_n=0
   way7 valid=1 rrpv=1 epoch=39451 dist=45125 prop=1 stamped=1 dbg=3 last=729 epoch2=39451 sched_n=0
   -> victim=way5 reason=max-rrpv record by recency
[EVICT L3 pol=ECG:rrip_first curEpoch=59927 set_ways=8]
   way0 valid=1 rrpv=0 epoch=47732 dist=53340 prop=1 stamped=1 dbg=1 last=527 epoch2=47732 sched_n=0
   way1 valid=1 rrpv=0 epoch=48515 dist=54123 prop=1 stamped=1 dbg=1 last=562 epoch2=48515 sched_n=0
   way2 valid=1 rrpv=0 epoch=39581 dist=45189 prop=1 stamped=1 dbg=1 last=592 epoch2=39581 sched_n=0
   way3 valid=1 rrpv=0 epoch=47798 dist=53406 prop=1 stamped=1 dbg=2 last=624 epoch2=47798 sched_n=0
   way4 valid=1 rrpv=0 epoch=47732 dist=53340 prop=1 stamped=1 dbg=2 last=650 epoch2=47732 sched_n=0
   way5 valid=1 rrpv=7 epoch=0 dist=5608 prop=1 stamped=0 dbg=3 last=970 epoch2=0 sched_n=0   <== VICTIM
   way6 valid=1 rrpv=2 epoch=39516 dist=45124 prop=1 stamped=1 dbg=3 last=706 epoch2=39516 sched_n=0
   way7 valid=1 rrpv=0 epoch=48319 dist=53927 prop=1 stamped=1 dbg=3 last=738 epoch2=48319 sched_n=0
   -> victim=way5 reason=max-rrpv farthest-epoch property
[EVICT L3 pol=ECG:rrip_first curEpoch=59992 set_ways=8]
   way0 valid=1 rrpv=0 epoch=39386 dist=44929 prop=1 stamped=1 dbg=1 last=514 epoch2=39386 sched_n=0
   way1 valid=1 rrpv=0 epoch=47928 dist=53471 prop=1 stamped=1 dbg=1 last=553 epoch2=47928 sched_n=0
   way2 valid=1 rrpv=0 epoch=48254 dist=53797 prop=1 stamped=1 dbg=1 last=587 epoch2=48254 sched_n=0
   way3 valid=1 rrpv=0 epoch=47798 dist=53341 prop=1 stamped=1 dbg=2 last=616 epoch2=47798 sched_n=0
   way4 valid=1 rrpv=0 epoch=47798 dist=53341 prop=1 stamped=1 dbg=2 last=644 epoch2=47798 sched_n=0
   way5 valid=1 rrpv=7 epoch=0 dist=5543 prop=0 stamped=0 dbg=3 last=973 epoch2=0 sched_n=0   <== VICTIM
   way6 valid=1 rrpv=0 epoch=48450 dist=53993 prop=1 stamped=1 dbg=3 last=702 epoch2=48450 sched_n=0
   way7 valid=1 rrpv=1 epoch=39451 dist=44994 prop=1 stamped=1 dbg=3 last=729 epoch2=39451 sched_n=0
   -> victim=way5 reason=max-rrpv record by recency
[EVICT L3 pol=ECG:rrip_first curEpoch=60122 set_ways=8]
   way0 valid=1 rrpv=0 epoch=39581 dist=44994 prop=1 stamped=1 dbg=1 last=542 epoch2=39581 sched_n=0
   way1 valid=1 rrpv=0 epoch=39451 dist=44864 prop=1 stamped=1 dbg=1 last=579 epoch2=39451 sched_n=0
   way2 valid=1 rrpv=2 epoch=39581 dist=44994 prop=1 stamped=1 dbg=2 last=606 epoch2=39581 sched_n=0
   way3 valid=1 rrpv=0 epoch=47798 dist=53211 prop=1 stamped=1 dbg=2 last=636 epoch2=47798 sched_n=0
   way4 valid=1 rrpv=1 epoch=39451 dist=44864 prop=1 stamped=1 dbg=3 last=463 epoch2=39451 sched_n=0
   way5 valid=1 rrpv=0 epoch=47863 dist=53276 prop=1 stamped=1 dbg=3 last=695 epoch2=47863 sched_n=0
   way6 valid=1 rrpv=0 epoch=47732 dist=53145 prop=1 stamped=1 dbg=3 last=721 epoch2=47732 sched_n=0
   way7 valid=1 rrpv=7 epoch=0 dist=5413 prop=0 stamped=0 dbg=3 last=967 epoch2=0 sched_n=0   <== VICTIM
   -> victim=way7 reason=max-rrpv record by recency
[EVICT L3 pol=ECG:rrip_first curEpoch=60448 set_ways=8]
   way0 valid=1 rrpv=0 epoch=47732 dist=52819 prop=1 stamped=1 dbg=1 last=527 epoch2=47732 sched_n=0
   way1 valid=1 rrpv=0 epoch=48515 dist=53602 prop=1 stamped=1 dbg=1 last=562 epoch2=48515 sched_n=0
   way2 valid=1 rrpv=0 epoch=39581 dist=44668 prop=1 stamped=1 dbg=1 last=592 epoch2=39581 sched_n=0
   way3 valid=1 rrpv=0 epoch=47798 dist=52885 prop=1 stamped=1 dbg=2 last=624 epoch2=47798 sched_n=0
   way4 valid=1 rrpv=0 epoch=47732 dist=52819 prop=1 stamped=1 dbg=2 last=650 epoch2=47732 sched_n=0
   way5 valid=1 rrpv=7 epoch=0 dist=5087 prop=0 stamped=0 dbg=3 last=974 epoch2=0 sched_n=0   <== VICTIM
   way6 valid=1 rrpv=2 epoch=39516 dist=44603 prop=1 stamped=1 dbg=3 last=706 epoch2=39516 sched_n=0
   way7 valid=1 rrpv=0 epoch=48319 dist=53406 prop=1 stamped=1 dbg=3 last=738 epoch2=48319 sched_n=0
   -> victim=way5 reason=max-rrpv record by recency
[EVICT L3 pol=ECG:rrip_first curEpoch=60513 set_ways=8]
   way0 valid=1 rrpv=0 epoch=48124 dist=53146 prop=1 stamped=1 dbg=1 last=536 epoch2=48124 sched_n=0
   way1 valid=1 rrpv=0 epoch=47732 dist=52754 prop=1 stamped=1 dbg=1 last=572 epoch2=47732 sched_n=0
   way2 valid=1 rrpv=0 epoch=47863 dist=52885 prop=1 stamped=1 dbg=2 last=601 epoch2=47863 sched_n=0
   way3 valid=1 rrpv=0 epoch=48319 dist=53341 prop=1 stamped=1 dbg=2 last=629 epoch2=48319 sched_n=0
   way4 valid=1 rrpv=0 epoch=39516 dist=44538 prop=1 stamped=1 dbg=2 last=657 epoch2=39516 sched_n=0
   way5 valid=1 rrpv=7 epoch=0 dist=5022 prop=0 stamped=0 dbg=3 last=972 epoch2=0 sched_n=0   <== VICTIM
   way6 valid=1 rrpv=1 epoch=39451 dist=44473 prop=1 stamped=1 dbg=3 last=715 epoch2=39451 sched_n=0
   way7 valid=1 rrpv=0 epoch=48124 dist=53146 prop=1 stamped=1 dbg=3 last=745 epoch2=48124 sched_n=0
   -> victim=way5 reason=max-rrpv record by recency
[EVICT L3 pol=ECG:rrip_first curEpoch=60709 set_ways=8]
   way0 valid=1 rrpv=0 epoch=39386 dist=44212 prop=1 stamped=1 dbg=1 last=514 epoch2=39386 sched_n=0
   way1 valid=1 rrpv=0 epoch=47928 dist=52754 prop=1 stamped=1 dbg=1 last=553 epoch2=47928 sched_n=0
   way2 valid=1 rrpv=0 epoch=48254 dist=53080 prop=1 stamped=1 dbg=1 last=587 epoch2=48254 sched_n=0
   way3 valid=1 rrpv=0 epoch=47798 dist=52624 prop=1 stamped=1 dbg=2 last=616 epoch2=47798 sched_n=0
   way4 valid=1 rrpv=0 epoch=47798 dist=52624 prop=1 stamped=1 dbg=2 last=644 epoch2=47798 sched_n=0
   way5 valid=1 rrpv=7 epoch=0 dist=4826 prop=0 stamped=0 dbg=3 last=975 epoch2=0 sched_n=0   <== VICTIM
   way6 valid=1 rrpv=0 epoch=48450 dist=53276 prop=1 stamped=1 dbg=3 last=702 epoch2=48450 sched_n=0
   way7 valid=1 rrpv=1 epoch=39451 dist=44277 prop=1 stamped=1 dbg=3 last=729 epoch2=39451 sched_n=0
   -> victim=way5 reason=max-rrpv record by recency
[EVICT L3 pol=ECG:rrip_first curEpoch=60774 set_ways=8]
   way0 valid=1 rrpv=0 epoch=47732 dist=52493 prop=1 stamped=1 dbg=1 last=527 epoch2=47732 sched_n=0
   way1 valid=1 rrpv=0 epoch=48515 dist=53276 prop=1 stamped=1 dbg=1 last=562 epoch2=48515 sched_n=0
   way2 valid=1 rrpv=0 epoch=39581 dist=44342 prop=1 stamped=1 dbg=1 last=592 epoch2=39581 sched_n=0
   way3 valid=1 rrpv=0 epoch=47798 dist=52559 prop=1 stamped=1 dbg=2 last=624 epoch2=47798 sched_n=0
   way4 valid=1 rrpv=0 epoch=47732 dist=52493 prop=1 stamped=1 dbg=2 last=650 epoch2=47732 sched_n=0
   way5 valid=1 rrpv=7 epoch=0 dist=4761 prop=0 stamped=0 dbg=3 last=977 epoch2=0 sched_n=0   <== VICTIM
   way6 valid=1 rrpv=2 epoch=39516 dist=44277 prop=1 stamped=1 dbg=3 last=706 epoch2=39516 sched_n=0
   way7 valid=1 rrpv=0 epoch=48319 dist=53080 prop=1 stamped=1 dbg=3 last=738 epoch2=48319 sched_n=0
   -> victim=way5 reason=max-rrpv record by recency
[EVICT L3 pol=ECG:rrip_first curEpoch=60839 set_ways=8]
   way0 valid=1 rrpv=0 epoch=39386 dist=44082 prop=1 stamped=1 dbg=1 last=514 epoch2=39386 sched_n=0
   way1 valid=1 rrpv=0 epoch=47928 dist=52624 prop=1 stamped=1 dbg=1 last=553 epoch2=47928 sched_n=0
   way2 valid=1 rrpv=0 epoch=48254 dist=52950 prop=1 stamped=1 dbg=1 last=587 epoch2=48254 sched_n=0
   way3 valid=1 rrpv=0 epoch=47798 dist=52494 prop=1 stamped=1 dbg=2 last=616 epoch2=47798 sched_n=0
   way4 valid=1 rrpv=0 epoch=47798 dist=52494 prop=1 stamped=1 dbg=2 last=644 epoch2=47798 sched_n=0
   way5 valid=1 rrpv=7 epoch=0 dist=4696 prop=0 stamped=0 dbg=3 last=979 epoch2=0 sched_n=0   <== VICTIM
   way6 valid=1 rrpv=0 epoch=48450 dist=53146 prop=1 stamped=1 dbg=3 last=702 epoch2=48450 sched_n=0
   way7 valid=1 rrpv=1 epoch=39451 dist=44147 prop=1 stamped=1 dbg=3 last=729 epoch2=39451 sched_n=0
   -> victim=way5 reason=max-rrpv record by recency
[EVICT L3 pol=ECG:rrip_first curEpoch=61035 set_ways=8]
   way0 valid=1 rrpv=0 epoch=39386 dist=43886 prop=1 stamped=1 dbg=1 last=514 epoch2=39386 sched_n=0
   way1 valid=1 rrpv=0 epoch=47928 dist=52428 prop=1 stamped=1 dbg=1 last=553 epoch2=47928 sched_n=0
   way2 valid=1 rrpv=0 epoch=48254 dist=52754 prop=1 stamped=1 dbg=1 last=587 epoch2=48254 sched_n=0
   way3 valid=1 rrpv=0 epoch=47798 dist=52298 prop=1 stamped=1 dbg=2 last=616 epoch2=47798 sched_n=0
   way4 valid=1 rrpv=0 epoch=47798 dist=52298 prop=1 stamped=1 dbg=2 last=644 epoch2=47798 sched_n=0
   way5 valid=1 rrpv=7 epoch=0 dist=4500 prop=0 stamped=0 dbg=3 last=981 epoch2=0 sched_n=0   <== VICTIM
   way6 valid=1 rrpv=0 epoch=48450 dist=52950 prop=1 stamped=1 dbg=3 last=702 epoch2=48450 sched_n=0
   way7 valid=1 rrpv=1 epoch=39451 dist=43951 prop=1 stamped=1 dbg=3 last=729 epoch2=39451 sched_n=0
   -> victim=way5 reason=max-rrpv record by recency
[EVICT L3 pol=ECG:rrip_first curEpoch=61035 set_ways=8]
   way0 valid=1 rrpv=0 epoch=39386 dist=43886 prop=1 stamped=1 dbg=1 last=514 epoch2=39386 sched_n=0
   way1 valid=1 rrpv=0 epoch=47928 dist=52428 prop=1 stamped=1 dbg=1 last=553 epoch2=47928 sched_n=0
   way2 valid=1 rrpv=0 epoch=48254 dist=52754 prop=1 stamped=1 dbg=1 last=587 epoch2=48254 sched_n=0
   way3 valid=1 rrpv=0 epoch=47798 dist=52298 prop=1 stamped=1 dbg=2 last=616 epoch2=47798 sched_n=0
   way4 valid=1 rrpv=0 epoch=47798 dist=52298 prop=1 stamped=1 dbg=2 last=644 epoch2=47798 sched_n=0
   way5 valid=1 rrpv=7 epoch=0 dist=4500 prop=0 stamped=0 dbg=3 last=982 epoch2=0 sched_n=0   <== VICTIM
   way6 valid=1 rrpv=0 epoch=48450 dist=52950 prop=1 stamped=1 dbg=3 last=702 epoch2=48450 sched_n=0
   way7 valid=1 rrpv=1 epoch=39451 dist=43951 prop=1 stamped=1 dbg=3 last=729 epoch2=39451 sched_n=0
   -> victim=way5 reason=max-rrpv record by recency
[EVICT L3 pol=ECG:rrip_first curEpoch=61296 set_ways=8]
   way0 valid=1 rrpv=0 epoch=48124 dist=52363 prop=1 stamped=1 dbg=1 last=536 epoch2=48124 sched_n=0
   way1 valid=1 rrpv=0 epoch=47732 dist=51971 prop=1 stamped=1 dbg=1 last=572 epoch2=47732 sched_n=0
   way2 valid=1 rrpv=0 epoch=47863 dist=52102 prop=1 stamped=1 dbg=2 last=601 epoch2=47863 sched_n=0
   way3 valid=1 rrpv=0 epoch=48319 dist=52558 prop=1 stamped=1 dbg=2 last=629 epoch2=48319 sched_n=0
   way4 valid=1 rrpv=0 epoch=39516 dist=43755 prop=1 stamped=1 dbg=2 last=657 epoch2=39516 sched_n=0
   way5 valid=1 rrpv=7 epoch=0 dist=4239 prop=1 stamped=0 dbg=3 last=978 epoch2=0 sched_n=0   <== VICTIM
   way6 valid=1 rrpv=1 epoch=39451 dist=43690 prop=1 stamped=1 dbg=3 last=715 epoch2=39451 sched_n=0
   way7 valid=1 rrpv=0 epoch=48124 dist=52363 prop=1 stamped=1 dbg=3 last=745 epoch2=48124 sched_n=0
   -> victim=way5 reason=max-rrpv farthest-epoch property
[EVICT L3 pol=ECG:rrip_first curEpoch=61361 set_ways=8]
   way0 valid=1 rrpv=0 epoch=47732 dist=51906 prop=1 stamped=1 dbg=1 last=527 epoch2=47732 sched_n=0
   way1 valid=1 rrpv=0 epoch=48515 dist=52689 prop=1 stamped=1 dbg=1 last=562 epoch2=48515 sched_n=0
   way2 valid=1 rrpv=0 epoch=39581 dist=43755 prop=1 stamped=1 dbg=1 last=592 epoch2=39581 sched_n=0
   way3 valid=1 rrpv=0 epoch=47798 dist=51972 prop=1 stamped=1 dbg=2 last=624 epoch2=47798 sched_n=0
   way4 valid=1 rrpv=0 epoch=47732 dist=51906 prop=1 stamped=1 dbg=2 last=650 epoch2=47732 sched_n=0
   way5 valid=1 rrpv=7 epoch=0 dist=4174 prop=0 stamped=0 dbg=3 last=980 epoch2=0 sched_n=0   <== VICTIM
   way6 valid=1 rrpv=2 epoch=39516 dist=43690 prop=1 stamped=1 dbg=3 last=706 epoch2=39516 sched_n=0
   way7 valid=1 rrpv=0 epoch=48319 dist=52493 prop=1 stamped=1 dbg=3 last=738 epoch2=48319 sched_n=0
   -> victim=way5 reason=max-rrpv record by recency
[EVICT L3 pol=ECG:rrip_first curEpoch=61492 set_ways=8]
   way0 valid=1 rrpv=0 epoch=39581 dist=43624 prop=1 stamped=1 dbg=1 last=542 epoch2=39581 sched_n=0
   way1 valid=1 rrpv=0 epoch=39451 dist=43494 prop=1 stamped=1 dbg=1 last=579 epoch2=39451 sched_n=0
   way2 valid=1 rrpv=2 epoch=39581 dist=43624 prop=1 stamped=1 dbg=2 last=606 epoch2=39581 sched_n=0
   way3 valid=1 rrpv=0 epoch=47798 dist=51841 prop=1 stamped=1 dbg=2 last=636 epoch2=47798 sched_n=0
   way4 valid=1 rrpv=1 epoch=39451 dist=43494 prop=1 stamped=1 dbg=3 last=463 epoch2=39451 sched_n=0
   way5 valid=1 rrpv=0 epoch=47863 dist=51906 prop=1 stamped=1 dbg=3 last=695 epoch2=47863 sched_n=0
   way6 valid=1 rrpv=0 epoch=47732 dist=51775 prop=1 stamped=1 dbg=3 last=721 epoch2=47732 sched_n=0
   way7 valid=1 rrpv=7 epoch=0 dist=4043 prop=0 stamped=0 dbg=3 last=976 epoch2=0 sched_n=0   <== VICTIM
   -> victim=way7 reason=max-rrpv record by recency
[EVICT L3 pol=ECG:rrip_first curEpoch=61557 set_ways=8]
   way0 valid=1 rrpv=0 epoch=48124 dist=52102 prop=1 stamped=1 dbg=1 last=536 epoch2=48124 sched_n=0
   way1 valid=1 rrpv=0 epoch=47732 dist=51710 prop=1 stamped=1 dbg=1 last=572 epoch2=47732 sched_n=0
   way2 valid=1 rrpv=0 epoch=47863 dist=51841 prop=1 stamped=1 dbg=2 last=601 epoch2=47863 sched_n=0
   way3 valid=1 rrpv=0 epoch=48319 dist=52297 prop=1 stamped=1 dbg=2 last=629 epoch2=48319 sched_n=0
   way4 valid=1 rrpv=0 epoch=39516 dist=43494 prop=1 stamped=1 dbg=2 last=657 epoch2=39516 sched_n=0
   way5 valid=1 rrpv=7 epoch=0 dist=3978 prop=0 stamped=0 dbg=3 last=984 epoch2=0 sched_n=0   <== VICTIM
   way6 valid=1 rrpv=1 epoch=39451 dist=43429 prop=1 stamped=1 dbg=3 last=715 epoch2=39451 sched_n=0
   way7 valid=1 rrpv=0 epoch=48124 dist=52102 prop=1 stamped=1 dbg=3 last=745 epoch2=48124 sched_n=0
   -> victim=way5 reason=max-rrpv record by recency
[EVICT L3 pol=ECG:rrip_first curEpoch=61687 set_ways=8]
   way0 valid=1 rrpv=0 epoch=47732 dist=51580 prop=1 stamped=1 dbg=1 last=527 epoch2=47732 sched_n=0
   way1 valid=1 rrpv=0 epoch=48515 dist=52363 prop=1 stamped=1 dbg=1 last=562 epoch2=48515 sched_n=0
   way2 valid=1 rrpv=0 epoch=39581 dist=43429 prop=1 stamped=1 dbg=1 last=592 epoch2=39581 sched_n=0
   way3 valid=1 rrpv=0 epoch=47798 dist=51646 prop=1 stamped=1 dbg=2 last=624 epoch2=47798 sched_n=0
   way4 valid=1 rrpv=0 epoch=47732 dist=51580 prop=1 stamped=1 dbg=2 last=650 epoch2=47732 sched_n=0
   way5 valid=1 rrpv=7 epoch=0 dist=3848 prop=0 stamped=0 dbg=3 last=985 epoch2=0 sched_n=0   <== VICTIM
   way6 valid=1 rrpv=2 epoch=39516 dist=43364 prop=1 stamped=1 dbg=3 last=706 epoch2=39516 sched_n=0
   way7 valid=1 rrpv=0 epoch=48319 dist=52167 prop=1 stamped=1 dbg=3 last=738 epoch2=48319 sched_n=0
   -> victim=way5 reason=max-rrpv record by recency
[EVICT L3 pol=ECG:rrip_first curEpoch=61883 set_ways=8]
   way0 valid=1 rrpv=0 epoch=39581 dist=43233 prop=1 stamped=1 dbg=1 last=542 epoch2=39581 sched_n=0
   way1 valid=1 rrpv=0 epoch=39451 dist=43103 prop=1 stamped=1 dbg=1 last=579 epoch2=39451 sched_n=0
   way2 valid=1 rrpv=2 epoch=39581 dist=43233 prop=1 stamped=1 dbg=2 last=606 epoch2=39581 sched_n=0
   way3 valid=1 rrpv=0 epoch=47798 dist=51450 prop=1 stamped=1 dbg=2 last=636 epoch2=47798 sched_n=0
   way4 valid=1 rrpv=0 epoch=39451 dist=43103 prop=1 stamped=1 dbg=3 last=987 epoch2=39451 sched_n=0
   way5 valid=1 rrpv=0 epoch=47863 dist=51515 prop=1 stamped=1 dbg=3 last=695 epoch2=47863 sched_n=0
   way6 valid=1 rrpv=0 epoch=47732 dist=51384 prop=1 stamped=1 dbg=3 last=721 epoch2=47732 sched_n=0
   way7 valid=1 rrpv=7 epoch=0 dist=3652 prop=0 stamped=0 dbg=3 last=986 epoch2=0 sched_n=0   <== VICTIM
   -> victim=way7 reason=max-rrpv record by recency
[EVICT L3 pol=ECG:rrip_first curEpoch=62013 set_ways=8]
   way0 valid=1 rrpv=0 epoch=47732 dist=51254 prop=1 stamped=1 dbg=1 last=527 epoch2=47732 sched_n=0
   way1 valid=1 rrpv=0 epoch=48515 dist=52037 prop=1 stamped=1 dbg=1 last=562 epoch2=48515 sched_n=0
   way2 valid=1 rrpv=0 epoch=39581 dist=43103 prop=1 stamped=1 dbg=1 last=592 epoch2=39581 sched_n=0
   way3 valid=1 rrpv=0 epoch=47798 dist=51320 prop=1 stamped=1 dbg=2 last=624 epoch2=47798 sched_n=0
   way4 valid=1 rrpv=0 epoch=47732 dist=51254 prop=1 stamped=1 dbg=2 last=650 epoch2=47732 sched_n=0
   way5 valid=1 rrpv=7 epoch=0 dist=3522 prop=0 stamped=0 dbg=3 last=989 epoch2=0 sched_n=0   <== VICTIM
   way6 valid=1 rrpv=2 epoch=39516 dist=43038 prop=1 stamped=1 dbg=3 last=706 epoch2=39516 sched_n=0
   way7 valid=1 rrpv=0 epoch=48319 dist=51841 prop=1 stamped=1 dbg=3 last=738 epoch2=48319 sched_n=0
   -> victim=way5 reason=max-rrpv record by recency
[EVICT L3 pol=ECG:rrip_first curEpoch=62144 set_ways=8]
   way0 valid=1 rrpv=0 epoch=48124 dist=51515 prop=1 stamped=1 dbg=1 last=536 epoch2=48124 sched_n=0
   way1 valid=1 rrpv=0 epoch=47732 dist=51123 prop=1 stamped=1 dbg=1 last=572 epoch2=47732 sched_n=0
   way2 valid=1 rrpv=0 epoch=47863 dist=51254 prop=1 stamped=1 dbg=2 last=601 epoch2=47863 sched_n=0
   way3 valid=1 rrpv=0 epoch=48319 dist=51710 prop=1 stamped=1 dbg=2 last=629 epoch2=48319 sched_n=0
   way4 valid=1 rrpv=0 epoch=39516 dist=42907 prop=1 stamped=1 dbg=2 last=657 epoch2=39516 sched_n=0
   way5 valid=1 rrpv=7 epoch=0 dist=3391 prop=0 stamped=0 dbg=3 last=988 epoch2=0 sched_n=0   <== VICTIM
   way6 valid=1 rrpv=1 epoch=39451 dist=42842 prop=1 stamped=1 dbg=3 last=715 epoch2=39451 sched_n=0
   way7 valid=1 rrpv=0 epoch=48124 dist=51515 prop=1 stamped=1 dbg=3 last=745 epoch2=48124 sched_n=0
   -> victim=way5 reason=max-rrpv record by recency
[EVICT L3 pol=ECG:rrip_first curEpoch=62274 set_ways=8]
   way0 valid=1 rrpv=0 epoch=39386 dist=42647 prop=1 stamped=1 dbg=1 last=514 epoch2=39386 sched_n=0
   way1 valid=1 rrpv=0 epoch=47928 dist=51189 prop=1 stamped=1 dbg=1 last=553 epoch2=47928 sched_n=0
   way2 valid=1 rrpv=0 epoch=48254 dist=51515 prop=1 stamped=1 dbg=1 last=587 epoch2=48254 sched_n=0
   way3 valid=1 rrpv=0 epoch=47798 dist=51059 prop=1 stamped=1 dbg=2 last=616 epoch2=47798 sched_n=0
   way4 valid=1 rrpv=0 epoch=47798 dist=51059 prop=1 stamped=1 dbg=2 last=644 epoch2=47798 sched_n=0
   way5 valid=1 rrpv=7 epoch=0 dist=3261 prop=0 stamped=0 dbg=3 last=983 epoch2=0 sched_n=0   <== VICTIM
   way6 valid=1 rrpv=0 epoch=48450 dist=51711 prop=1 stamped=1 dbg=3 last=702 epoch2=48450 sched_n=0
   way7 valid=1 rrpv=1 epoch=39451 dist=42712 prop=1 stamped=1 dbg=3 last=729 epoch2=39451 sched_n=0
   -> victim=way5 reason=max-rrpv record by recency
[EVICT L3 pol=ECG:rrip_first curEpoch=62470 set_ways=8]
   way0 valid=1 rrpv=0 epoch=47732 dist=50797 prop=1 stamped=1 dbg=1 last=527 epoch2=47732 sched_n=0
   way1 valid=1 rrpv=0 epoch=48515 dist=51580 prop=1 stamped=1 dbg=1 last=562 epoch2=48515 sched_n=0
   way2 valid=1 rrpv=0 epoch=39581 dist=42646 prop=1 stamped=1 dbg=1 last=592 epoch2=39581 sched_n=0
   way3 valid=1 rrpv=0 epoch=47798 dist=50863 prop=1 stamped=1 dbg=2 last=624 epoch2=47798 sched_n=0
   way4 valid=1 rrpv=0 epoch=47732 dist=50797 prop=1 stamped=1 dbg=2 last=650 epoch2=47732 sched_n=0
   way5 valid=1 rrpv=7 epoch=0 dist=3065 prop=0 stamped=0 dbg=3 last=991 epoch2=0 sched_n=0   <== VICTIM
   way6 valid=1 rrpv=2 epoch=39516 dist=42581 prop=1 stamped=1 dbg=3 last=706 epoch2=39516 sched_n=0
   way7 valid=1 rrpv=0 epoch=48319 dist=51384 prop=1 stamped=1 dbg=3 last=738 epoch2=48319 sched_n=0
   -> victim=way5 reason=max-rrpv record by recency
[EVICT L3 pol=ECG:rrip_first curEpoch=62535 set_ways=8]
   way0 valid=1 rrpv=0 epoch=48124 dist=51124 prop=1 stamped=1 dbg=1 last=536 epoch2=48124 sched_n=0
   way1 valid=1 rrpv=0 epoch=47732 dist=50732 prop=1 stamped=1 dbg=1 last=572 epoch2=47732 sched_n=0
   way2 valid=1 rrpv=0 epoch=47863 dist=50863 prop=1 stamped=1 dbg=2 last=601 epoch2=47863 sched_n=0
   way3 valid=1 rrpv=0 epoch=48319 dist=51319 prop=1 stamped=1 dbg=2 last=629 epoch2=48319 sched_n=0
   way4 valid=1 rrpv=0 epoch=39516 dist=42516 prop=1 stamped=1 dbg=2 last=657 epoch2=39516 sched_n=0
   way5 valid=1 rrpv=7 epoch=0 dist=3000 prop=0 stamped=0 dbg=3 last=992 epoch2=0 sched_n=0   <== VICTIM
   way6 valid=1 rrpv=1 epoch=39451 dist=42451 prop=1 stamped=1 dbg=3 last=715 epoch2=39451 sched_n=0
   way7 valid=1 rrpv=0 epoch=48124 dist=51124 prop=1 stamped=1 dbg=3 last=745 epoch2=48124 sched_n=0
   -> victim=way5 reason=max-rrpv record by recency
[EVICT L3 pol=ECG:rrip_first curEpoch=62600 set_ways=8]
   way0 valid=1 rrpv=0 epoch=39386 dist=42321 prop=1 stamped=1 dbg=1 last=514 epoch2=39386 sched_n=0
   way1 valid=1 rrpv=0 epoch=47928 dist=50863 prop=1 stamped=1 dbg=1 last=553 epoch2=47928 sched_n=0
   way2 valid=1 rrpv=0 epoch=48254 dist=51189 prop=1 stamped=1 dbg=1 last=587 epoch2=48254 sched_n=0
   way3 valid=1 rrpv=0 epoch=47798 dist=50733 prop=1 stamped=1 dbg=2 last=616 epoch2=47798 sched_n=0
   way4 valid=1 rrpv=0 epoch=47798 dist=50733 prop=1 stamped=1 dbg=2 last=644 epoch2=47798 sched_n=0
   way5 valid=1 rrpv=7 epoch=0 dist=2935 prop=0 stamped=0 dbg=3 last=993 epoch2=0 sched_n=0   <== VICTIM
   way6 valid=1 rrpv=0 epoch=48450 dist=51385 prop=1 stamped=1 dbg=3 last=702 epoch2=48450 sched_n=0
   way7 valid=1 rrpv=1 epoch=39451 dist=42386 prop=1 stamped=1 dbg=3 last=729 epoch2=39451 sched_n=0
   -> victim=way5 reason=max-rrpv record by recency
[EVICT L3 pol=ECG:rrip_first curEpoch=62861 set_ways=8]
   way0 valid=1 rrpv=0 epoch=39581 dist=42255 prop=1 stamped=1 dbg=1 last=542 epoch2=39581 sched_n=0
   way1 valid=1 rrpv=0 epoch=39451 dist=42125 prop=1 stamped=1 dbg=1 last=579 epoch2=39451 sched_n=0
   way2 valid=1 rrpv=2 epoch=39581 dist=42255 prop=1 stamped=1 dbg=2 last=606 epoch2=39581 sched_n=0
   way3 valid=1 rrpv=0 epoch=47798 dist=50472 prop=1 stamped=1 dbg=2 last=636 epoch2=47798 sched_n=0
   way4 valid=1 rrpv=0 epoch=39451 dist=42125 prop=1 stamped=1 dbg=3 last=987 epoch2=39451 sched_n=0
   way5 valid=1 rrpv=0 epoch=47863 dist=50537 prop=1 stamped=1 dbg=3 last=695 epoch2=47863 sched_n=0
   way6 valid=1 rrpv=0 epoch=47732 dist=50406 prop=1 stamped=1 dbg=3 last=721 epoch2=47732 sched_n=0
   way7 valid=1 rrpv=7 epoch=0 dist=2674 prop=0 stamped=0 dbg=3 last=990 epoch2=0 sched_n=0   <== VICTIM
   -> victim=way7 reason=max-rrpv record by recency
[EVICT L3 pol=ECG:rrip_first curEpoch=62861 set_ways=8]
   way0 valid=1 rrpv=0 epoch=39386 dist=42060 prop=1 stamped=1 dbg=1 last=514 epoch2=39386 sched_n=0
   way1 valid=1 rrpv=0 epoch=47928 dist=50602 prop=1 stamped=1 dbg=1 last=553 epoch2=47928 sched_n=0
   way2 valid=1 rrpv=0 epoch=48254 dist=50928 prop=1 stamped=1 dbg=1 last=587 epoch2=48254 sched_n=0
   way3 valid=1 rrpv=0 epoch=47798 dist=50472 prop=1 stamped=1 dbg=2 last=616 epoch2=47798 sched_n=0
   way4 valid=1 rrpv=0 epoch=47798 dist=50472 prop=1 stamped=1 dbg=2 last=644 epoch2=47798 sched_n=0
   way5 valid=1 rrpv=7 epoch=0 dist=2674 prop=1 stamped=0 dbg=3 last=996 epoch2=0 sched_n=0   <== VICTIM
   way6 valid=1 rrpv=0 epoch=48450 dist=51124 prop=1 stamped=1 dbg=3 last=702 epoch2=48450 sched_n=0
   way7 valid=1 rrpv=1 epoch=39451 dist=42125 prop=1 stamped=1 dbg=3 last=729 epoch2=39451 sched_n=0
   -> victim=way5 reason=max-rrpv farthest-epoch property
[EVICT L3 pol=ECG:rrip_first curEpoch=63057 set_ways=8]
   way0 valid=1 rrpv=0 epoch=39386 dist=41864 prop=1 stamped=1 dbg=1 last=514 epoch2=39386 sched_n=0
   way1 valid=1 rrpv=0 epoch=47928 dist=50406 prop=1 stamped=1 dbg=1 last=553 epoch2=47928 sched_n=0
   way2 valid=1 rrpv=0 epoch=48254 dist=50732 prop=1 stamped=1 dbg=1 last=587 epoch2=48254 sched_n=0
   way3 valid=1 rrpv=0 epoch=47798 dist=50276 prop=1 stamped=1 dbg=2 last=616 epoch2=47798 sched_n=0
   way4 valid=1 rrpv=0 epoch=47798 dist=50276 prop=1 stamped=1 dbg=2 last=644 epoch2=47798 sched_n=0
   way5 valid=1 rrpv=7 epoch=0 dist=2478 prop=0 stamped=0 dbg=3 last=998 epoch2=0 sched_n=0   <== VICTIM
   way6 valid=1 rrpv=0 epoch=48450 dist=50928 prop=1 stamped=1 dbg=3 last=702 epoch2=48450 sched_n=0
   way7 valid=1 rrpv=1 epoch=39451 dist=41929 prop=1 stamped=1 dbg=3 last=729 epoch2=39451 sched_n=0
   -> victim=way5 reason=max-rrpv record by recency
[EVICT L3 pol=ECG:rrip_first curEpoch=63122 set_ways=8]
   way0 valid=1 rrpv=0 epoch=48124 dist=50537 prop=1 stamped=1 dbg=1 last=536 epoch2=48124 sched_n=0
   way1 valid=1 rrpv=0 epoch=47732 dist=50145 prop=1 stamped=1 dbg=1 last=572 epoch2=47732 sched_n=0
   way2 valid=1 rrpv=0 epoch=47863 dist=50276 prop=1 stamped=1 dbg=2 last=601 epoch2=47863 sched_n=0
   way3 valid=1 rrpv=0 epoch=48319 dist=50732 prop=1 stamped=1 dbg=2 last=629 epoch2=48319 sched_n=0
   way4 valid=1 rrpv=0 epoch=39516 dist=41929 prop=1 stamped=1 dbg=2 last=657 epoch2=39516 sched_n=0
   way5 valid=1 rrpv=7 epoch=0 dist=2413 prop=0 stamped=0 dbg=3 last=995 epoch2=0 sched_n=0   <== VICTIM
   way6 valid=1 rrpv=1 epoch=39451 dist=41864 prop=1 stamped=1 dbg=3 last=715 epoch2=39451 sched_n=0
   way7 valid=1 rrpv=0 epoch=48124 dist=50537 prop=1 stamped=1 dbg=3 last=745 epoch2=48124 sched_n=0
   -> victim=way5 reason=max-rrpv record by recency
[EVICT L3 pol=ECG:rrip_first curEpoch=63252 set_ways=8]
   way0 valid=1 rrpv=0 epoch=39581 dist=41864 prop=1 stamped=1 dbg=1 last=542 epoch2=39581 sched_n=0
   way1 valid=1 rrpv=0 epoch=39451 dist=41734 prop=1 stamped=1 dbg=1 last=579 epoch2=39451 sched_n=0
   way2 valid=1 rrpv=2 epoch=39581 dist=41864 prop=1 stamped=1 dbg=2 last=606 epoch2=39581 sched_n=0
   way3 valid=1 rrpv=0 epoch=47798 dist=50081 prop=1 stamped=1 dbg=2 last=636 epoch2=47798 sched_n=0
   way4 valid=1 rrpv=0 epoch=39451 dist=41734 prop=1 stamped=1 dbg=3 last=987 epoch2=39451 sched_n=0
   way5 valid=1 rrpv=0 epoch=47863 dist=50146 prop=1 stamped=1 dbg=3 last=695 epoch2=47863 sched_n=0
   way6 valid=1 rrpv=0 epoch=47732 dist=50015 prop=1 stamped=1 dbg=3 last=721 epoch2=47732 sched_n=0
   way7 valid=1 rrpv=7 epoch=0 dist=2283 prop=0 stamped=0 dbg=3 last=997 epoch2=0 sched_n=0   <== VICTIM
   -> victim=way7 reason=max-rrpv record by recency
[EVICT L3 pol=ECG:rrip_first curEpoch=63317 set_ways=8]
   way0 valid=1 rrpv=0 epoch=39386 dist=41604 prop=1 stamped=1 dbg=1 last=514 epoch2=39386 sched_n=0
   way1 valid=1 rrpv=0 epoch=47928 dist=50146 prop=1 stamped=1 dbg=1 last=553 epoch2=47928 sched_n=0
   way2 valid=1 rrpv=0 epoch=48254 dist=50472 prop=1 stamped=1 dbg=1 last=587 epoch2=48254 sched_n=0
   way3 valid=1 rrpv=0 epoch=47798 dist=50016 prop=1 stamped=1 dbg=2 last=616 epoch2=47798 sched_n=0
   way4 valid=1 rrpv=0 epoch=47798 dist=50016 prop=1 stamped=1 dbg=2 last=644 epoch2=47798 sched_n=0
   way5 valid=1 rrpv=7 epoch=0 dist=2218 prop=0 stamped=0 dbg=3 last=999 epoch2=0 sched_n=0   <== VICTIM
   way6 valid=1 rrpv=0 epoch=48450 dist=50668 prop=1 stamped=1 dbg=3 last=702 epoch2=48450 sched_n=0
   way7 valid=1 rrpv=1 epoch=39451 dist=41669 prop=1 stamped=1 dbg=3 last=729 epoch2=39451 sched_n=0
   -> victim=way5 reason=max-rrpv record by recency
[EVICT L3 pol=ECG:rrip_first curEpoch=63383 set_ways=8]
   way0 valid=1 rrpv=0 epoch=47732 dist=49884 prop=1 stamped=1 dbg=1 last=527 epoch2=47732 sched_n=0
   way1 valid=1 rrpv=0 epoch=48515 dist=50667 prop=1 stamped=1 dbg=1 last=562 epoch2=48515 sched_n=0
   way2 valid=1 rrpv=0 epoch=39581 dist=41733 prop=1 stamped=1 dbg=1 last=592 epoch2=39581 sched_n=0
   way3 valid=1 rrpv=0 epoch=47798 dist=49950 prop=1 stamped=1 dbg=2 last=624 epoch2=47798 sched_n=0
   way4 valid=1 rrpv=0 epoch=47732 dist=49884 prop=1 stamped=1 dbg=2 last=650 epoch2=47732 sched_n=0
   way5 valid=1 rrpv=7 epoch=0 dist=2152 prop=0 stamped=0 dbg=3 last=994 epoch2=0 sched_n=0   <== VICTIM
   way6 valid=1 rrpv=2 epoch=39516 dist=41668 prop=1 stamped=1 dbg=3 last=706 epoch2=39516 sched_n=0
   way7 valid=1 rrpv=0 epoch=48319 dist=50471 prop=1 stamped=1 dbg=3 last=738 epoch2=48319 sched_n=0
   -> victim=way5 reason=max-rrpv record by recency
[EVICT L3 pol=ECG:rrip_first curEpoch=63643 set_ways=8]
   way0 valid=1 rrpv=0 epoch=47732 dist=49624 prop=1 stamped=1 dbg=1 last=527 epoch2=47732 sched_n=0
   way1 valid=1 rrpv=0 epoch=48515 dist=50407 prop=1 stamped=1 dbg=1 last=562 epoch2=48515 sched_n=0
   way2 valid=1 rrpv=0 epoch=39581 dist=41473 prop=1 stamped=1 dbg=1 last=592 epoch2=39581 sched_n=0
   way3 valid=1 rrpv=0 epoch=47798 dist=49690 prop=1 stamped=1 dbg=2 last=624 epoch2=47798 sched_n=0
   way4 valid=1 rrpv=0 epoch=47732 dist=49624 prop=1 stamped=1 dbg=2 last=650 epoch2=47732 sched_n=0
   way5 valid=1 rrpv=7 epoch=0 dist=1892 prop=0 stamped=0 dbg=3 last=1003 epoch2=0 sched_n=0   <== VICTIM
   way6 valid=1 rrpv=2 epoch=39516 dist=41408 prop=1 stamped=1 dbg=3 last=706 epoch2=39516 sched_n=0
   way7 valid=1 rrpv=0 epoch=48319 dist=50211 prop=1 stamped=1 dbg=3 last=738 epoch2=48319 sched_n=0
   -> victim=way5 reason=max-rrpv record by recency
[EVICT L3 pol=ECG:rrip_first curEpoch=63904 set_ways=8]
   way0 valid=1 rrpv=0 epoch=39581 dist=41212 prop=1 stamped=1 dbg=1 last=542 epoch2=39581 sched_n=0
   way1 valid=1 rrpv=0 epoch=39451 dist=41082 prop=1 stamped=1 dbg=1 last=579 epoch2=39451 sched_n=0
   way2 valid=1 rrpv=2 epoch=39581 dist=41212 prop=1 stamped=1 dbg=2 last=606 epoch2=39581 sched_n=0
   way3 valid=1 rrpv=0 epoch=47798 dist=49429 prop=1 stamped=1 dbg=2 last=636 epoch2=47798 sched_n=0
   way4 valid=1 rrpv=0 epoch=39451 dist=41082 prop=1 stamped=1 dbg=3 last=987 epoch2=39451 sched_n=0
   way5 valid=1 rrpv=0 epoch=47863 dist=49494 prop=1 stamped=1 dbg=3 last=695 epoch2=47863 sched_n=0
   way6 valid=1 rrpv=0 epoch=47732 dist=49363 prop=1 stamped=1 dbg=3 last=721 epoch2=47732 sched_n=0
   way7 valid=1 rrpv=7 epoch=0 dist=1631 prop=0 stamped=0 dbg=3 last=1001 epoch2=0 sched_n=0   <== VICTIM
   -> victim=way7 reason=max-rrpv record by recency
[EVICT L3 pol=ECG:rrip_first curEpoch=64035 set_ways=8]
   way0 valid=1 rrpv=0 epoch=39581 dist=41081 prop=1 stamped=1 dbg=1 last=542 epoch2=39581 sched_n=0
   way1 valid=1 rrpv=0 epoch=39451 dist=40951 prop=1 stamped=1 dbg=1 last=579 epoch2=39451 sched_n=0
   way2 valid=1 rrpv=2 epoch=39581 dist=41081 prop=1 stamped=1 dbg=2 last=606 epoch2=39581 sched_n=0
   way3 valid=1 rrpv=0 epoch=47798 dist=49298 prop=1 stamped=1 dbg=2 last=636 epoch2=47798 sched_n=0
   way4 valid=1 rrpv=0 epoch=39451 dist=40951 prop=1 stamped=1 dbg=3 last=987 epoch2=39451 sched_n=0
   way5 valid=1 rrpv=0 epoch=47863 dist=49363 prop=1 stamped=1 dbg=3 last=695 epoch2=47863 sched_n=0
   way6 valid=1 rrpv=0 epoch=47732 dist=49232 prop=1 stamped=1 dbg=3 last=721 epoch2=47732 sched_n=0
   way7 valid=1 rrpv=7 epoch=0 dist=1500 prop=0 stamped=0 dbg=3 last=1005 epoch2=0 sched_n=0   <== VICTIM
   -> victim=way7 reason=max-rrpv record by recency
[EVICT L3 pol=ECG:rrip_first curEpoch=64165 set_ways=8]
   way0 valid=1 rrpv=0 epoch=39386 dist=40756 prop=1 stamped=1 dbg=1 last=514 epoch2=39386 sched_n=0
   way1 valid=1 rrpv=0 epoch=47928 dist=49298 prop=1 stamped=1 dbg=1 last=553 epoch2=47928 sched_n=0
   way2 valid=1 rrpv=0 epoch=48254 dist=49624 prop=1 stamped=1 dbg=1 last=587 epoch2=48254 sched_n=0
   way3 valid=1 rrpv=0 epoch=47798 dist=49168 prop=1 stamped=1 dbg=2 last=616 epoch2=47798 sched_n=0
   way4 valid=1 rrpv=0 epoch=47798 dist=49168 prop=1 stamped=1 dbg=2 last=644 epoch2=47798 sched_n=0
   way5 valid=1 rrpv=7 epoch=0 dist=1370 prop=0 stamped=0 dbg=3 last=1002 epoch2=0 sched_n=0   <== VICTIM
   way6 valid=1 rrpv=0 epoch=48450 dist=49820 prop=1 stamped=1 dbg=3 last=702 epoch2=48450 sched_n=0
   way7 valid=1 rrpv=1 epoch=39451 dist=40821 prop=1 stamped=1 dbg=3 last=729 epoch2=39451 sched_n=0
   -> victim=way5 reason=max-rrpv record by recency
[EVICT L3 pol=ECG:rrip_first curEpoch=64296 set_ways=8]
   way0 valid=1 rrpv=0 epoch=48124 dist=49363 prop=1 stamped=1 dbg=1 last=536 epoch2=48124 sched_n=0
   way1 valid=1 rrpv=0 epoch=47732 dist=48971 prop=1 stamped=1 dbg=1 last=572 epoch2=47732 sched_n=0
   way2 valid=1 rrpv=0 epoch=47863 dist=49102 prop=1 stamped=1 dbg=2 last=601 epoch2=47863 sched_n=0
   way3 valid=1 rrpv=0 epoch=48319 dist=49558 prop=1 stamped=1 dbg=2 last=629 epoch2=48319 sched_n=0
   way4 valid=1 rrpv=0 epoch=39516 dist=40755 prop=1 stamped=1 dbg=2 last=657 epoch2=39516 sched_n=0
   way5 valid=1 rrpv=7 epoch=0 dist=1239 prop=0 stamped=0 dbg=3 last=1000 epoch2=0 sched_n=0   <== VICTIM
   way6 valid=1 rrpv=1 epoch=39451 dist=40690 prop=1 stamped=1 dbg=3 last=715 epoch2=39451 sched_n=0
   way7 valid=1 rrpv=0 epoch=48124 dist=49363 prop=1 stamped=1 dbg=3 last=745 epoch2=48124 sched_n=0
   -> victim=way5 reason=max-rrpv record by recency
[EVICT L3 pol=ECG:rrip_first curEpoch=64556 set_ways=8]
   way0 valid=1 rrpv=0 epoch=48124 dist=49103 prop=1 stamped=1 dbg=1 last=536 epoch2=48124 sched_n=0
   way1 valid=1 rrpv=0 epoch=47732 dist=48711 prop=1 stamped=1 dbg=1 last=572 epoch2=47732 sched_n=0
   way2 valid=1 rrpv=0 epoch=47863 dist=48842 prop=1 stamped=1 dbg=2 last=601 epoch2=47863 sched_n=0
   way3 valid=1 rrpv=0 epoch=48319 dist=49298 prop=1 stamped=1 dbg=2 last=629 epoch2=48319 sched_n=0
   way4 valid=1 rrpv=0 epoch=39516 dist=40495 prop=1 stamped=1 dbg=2 last=657 epoch2=39516 sched_n=0
   way5 valid=1 rrpv=7 epoch=0 dist=979 prop=0 stamped=0 dbg=3 last=1008 epoch2=0 sched_n=0   <== VICTIM
   way6 valid=1 rrpv=1 epoch=39451 dist=40430 prop=1 stamped=1 dbg=3 last=715 epoch2=39451 sched_n=0
   way7 valid=1 rrpv=0 epoch=48124 dist=49103 prop=1 stamped=1 dbg=3 last=745 epoch2=48124 sched_n=0
   -> victim=way5 reason=max-rrpv record by recency
[EVICT L3 pol=ECG:rrip_first curEpoch=64622 set_ways=8]
   way0 valid=1 rrpv=0 epoch=39581 dist=40494 prop=1 stamped=1 dbg=1 last=542 epoch2=39581 sched_n=0
   way1 valid=1 rrpv=0 epoch=39451 dist=40364 prop=1 stamped=1 dbg=1 last=579 epoch2=39451 sched_n=0
   way2 valid=1 rrpv=2 epoch=39581 dist=40494 prop=1 stamped=1 dbg=2 last=606 epoch2=39581 sched_n=0
   way3 valid=1 rrpv=0 epoch=47798 dist=48711 prop=1 stamped=1 dbg=2 last=636 epoch2=47798 sched_n=0
   way4 valid=1 rrpv=0 epoch=39451 dist=40364 prop=1 stamped=1 dbg=3 last=987 epoch2=39451 sched_n=0
   way5 valid=1 rrpv=0 epoch=47863 dist=48776 prop=1 stamped=1 dbg=3 last=695 epoch2=47863 sched_n=0
   way6 valid=1 rrpv=0 epoch=47732 dist=48645 prop=1 stamped=1 dbg=3 last=721 epoch2=47732 sched_n=0
   way7 valid=1 rrpv=7 epoch=0 dist=913 prop=0 stamped=0 dbg=3 last=1006 epoch2=0 sched_n=0   <== VICTIM
   -> victim=way7 reason=max-rrpv record by recency
[EVICT L3 pol=ECG:rrip_first curEpoch=64687 set_ways=8]
   way0 valid=1 rrpv=0 epoch=48124 dist=48972 prop=1 stamped=1 dbg=1 last=536 epoch2=48124 sched_n=0
   way1 valid=1 rrpv=0 epoch=47732 dist=48580 prop=1 stamped=1 dbg=1 last=572 epoch2=47732 sched_n=0
   way2 valid=1 rrpv=0 epoch=47863 dist=48711 prop=1 stamped=1 dbg=2 last=601 epoch2=47863 sched_n=0
   way3 valid=1 rrpv=0 epoch=48319 dist=49167 prop=1 stamped=1 dbg=2 last=629 epoch2=48319 sched_n=0
   way4 valid=1 rrpv=0 epoch=39516 dist=40364 prop=1 stamped=1 dbg=2 last=657 epoch2=39516 sched_n=0
   way5 valid=1 rrpv=7 epoch=0 dist=848 prop=0 stamped=0 dbg=3 last=1009 epoch2=0 sched_n=0   <== VICTIM
   way6 valid=1 rrpv=1 epoch=39451 dist=40299 prop=1 stamped=1 dbg=3 last=715 epoch2=39451 sched_n=0
   way7 valid=1 rrpv=0 epoch=48124 dist=48972 prop=1 stamped=1 dbg=3 last=745 epoch2=48124 sched_n=0
   -> victim=way5 reason=max-rrpv record by recency
[EVICT L3 pol=ECG:rrip_first curEpoch=64817 set_ways=8]
   way0 valid=1 rrpv=0 epoch=39581 dist=40299 prop=1 stamped=1 dbg=1 last=542 epoch2=39581 sched_n=0
   way1 valid=1 rrpv=0 epoch=39451 dist=40169 prop=1 stamped=1 dbg=1 last=579 epoch2=39451 sched_n=0
   way2 valid=1 rrpv=2 epoch=39581 dist=40299 prop=1 stamped=1 dbg=2 last=606 epoch2=39581 sched_n=0
   way3 valid=1 rrpv=0 epoch=47798 dist=48516 prop=1 stamped=1 dbg=2 last=636 epoch2=47798 sched_n=0
   way4 valid=1 rrpv=0 epoch=39451 dist=40169 prop=1 stamped=1 dbg=3 last=987 epoch2=39451 sched_n=0
   way5 valid=1 rrpv=0 epoch=47863 dist=48581 prop=1 stamped=1 dbg=3 last=695 epoch2=47863 sched_n=0
   way6 valid=1 rrpv=0 epoch=47732 dist=48450 prop=1 stamped=1 dbg=3 last=721 epoch2=47732 sched_n=0
   way7 valid=1 rrpv=7 epoch=0 dist=718 prop=0 stamped=0 dbg=3 last=1010 epoch2=0 sched_n=0   <== VICTIM
   -> victim=way7 reason=max-rrpv record by recency
[EVICT L3 pol=ECG:rrip_first curEpoch=64948 set_ways=8]
   way0 valid=1 rrpv=0 epoch=47732 dist=48319 prop=1 stamped=1 dbg=1 last=527 epoch2=47732 sched_n=0
   way1 valid=1 rrpv=0 epoch=48515 dist=49102 prop=1 stamped=1 dbg=1 last=562 epoch2=48515 sched_n=0
   way2 valid=1 rrpv=0 epoch=39581 dist=40168 prop=1 stamped=1 dbg=1 last=592 epoch2=39581 sched_n=0
   way3 valid=1 rrpv=0 epoch=47798 dist=48385 prop=1 stamped=1 dbg=2 last=624 epoch2=47798 sched_n=0
   way4 valid=1 rrpv=0 epoch=47732 dist=48319 prop=1 stamped=1 dbg=2 last=650 epoch2=47732 sched_n=0
   way5 valid=1 rrpv=7 epoch=0 dist=587 prop=1 stamped=0 dbg=3 last=1004 epoch2=0 sched_n=0   <== VICTIM
   way6 valid=1 rrpv=2 epoch=39516 dist=40103 prop=1 stamped=1 dbg=3 last=706 epoch2=39516 sched_n=0
   way7 valid=1 rrpv=0 epoch=48319 dist=48906 prop=1 stamped=1 dbg=3 last=738 epoch2=48319 sched_n=0
   -> victim=way5 reason=max-rrpv farthest-epoch property
[EVICT L3 pol=ECG:rrip_first curEpoch=65078 set_ways=8]
   way0 valid=1 rrpv=0 epoch=39386 dist=39843 prop=1 stamped=1 dbg=1 last=514 epoch2=39386 sched_n=0
   way1 valid=1 rrpv=0 epoch=47928 dist=48385 prop=1 stamped=1 dbg=1 last=553 epoch2=47928 sched_n=0
   way2 valid=1 rrpv=0 epoch=48254 dist=48711 prop=1 stamped=1 dbg=1 last=587 epoch2=48254 sched_n=0
   way3 valid=1 rrpv=0 epoch=47798 dist=48255 prop=1 stamped=1 dbg=2 last=616 epoch2=47798 sched_n=0
   way4 valid=1 rrpv=0 epoch=47798 dist=48255 prop=1 stamped=1 dbg=2 last=644 epoch2=47798 sched_n=0
   way5 valid=1 rrpv=7 epoch=0 dist=457 prop=0 stamped=0 dbg=3 last=1007 epoch2=0 sched_n=0   <== VICTIM
   way6 valid=1 rrpv=0 epoch=48450 dist=48907 prop=1 stamped=1 dbg=3 last=702 epoch2=48450 sched_n=0
   way7 valid=1 rrpv=1 epoch=39451 dist=39908 prop=1 stamped=1 dbg=3 last=729 epoch2=39451 sched_n=0
   -> victim=way5 reason=max-rrpv record by recency
[EVICT L3 pol=ECG:rrip_first curEpoch=65078 set_ways=8]
   way0 valid=1 rrpv=0 epoch=39386 dist=39843 prop=1 stamped=1 dbg=1 last=514 epoch2=39386 sched_n=0
   way1 valid=1 rrpv=0 epoch=47928 dist=48385 prop=1 stamped=1 dbg=1 last=553 epoch2=47928 sched_n=0
   way2 valid=1 rrpv=0 epoch=48254 dist=48711 prop=1 stamped=1 dbg=1 last=587 epoch2=48254 sched_n=0
   way3 valid=1 rrpv=0 epoch=47798 dist=48255 prop=1 stamped=1 dbg=2 last=616 epoch2=47798 sched_n=0
   way4 valid=1 rrpv=0 epoch=47798 dist=48255 prop=1 stamped=1 dbg=2 last=644 epoch2=47798 sched_n=0
   way5 valid=1 rrpv=7 epoch=0 dist=457 prop=0 stamped=0 dbg=3 last=1014 epoch2=0 sched_n=0   <== VICTIM
   way6 valid=1 rrpv=0 epoch=48450 dist=48907 prop=1 stamped=1 dbg=3 last=702 epoch2=48450 sched_n=0
   way7 valid=1 rrpv=1 epoch=39451 dist=39908 prop=1 stamped=1 dbg=3 last=729 epoch2=39451 sched_n=0
   -> victim=way5 reason=max-rrpv record by recency
[EVICT L3 pol=ECG:rrip_first curEpoch=65404 set_ways=8]
   way0 valid=1 rrpv=0 epoch=39386 dist=39517 prop=1 stamped=1 dbg=1 last=514 epoch2=39386 sched_n=0
   way1 valid=1 rrpv=0 epoch=47928 dist=48059 prop=1 stamped=1 dbg=1 last=553 epoch2=47928 sched_n=0
   way2 valid=1 rrpv=0 epoch=48254 dist=48385 prop=1 stamped=1 dbg=1 last=587 epoch2=48254 sched_n=0
   way3 valid=1 rrpv=0 epoch=47798 dist=47929 prop=1 stamped=1 dbg=2 last=616 epoch2=47798 sched_n=0
   way4 valid=1 rrpv=0 epoch=47798 dist=47929 prop=1 stamped=1 dbg=2 last=644 epoch2=47798 sched_n=0
   way5 valid=1 rrpv=7 epoch=0 dist=131 prop=0 stamped=0 dbg=3 last=1015 epoch2=0 sched_n=0   <== VICTIM
   way6 valid=1 rrpv=0 epoch=48450 dist=48581 prop=1 stamped=1 dbg=3 last=702 epoch2=48450 sched_n=0
   way7 valid=1 rrpv=1 epoch=39451 dist=39582 prop=1 stamped=1 dbg=3 last=729 epoch2=39451 sched_n=0
   -> victim=way5 reason=max-rrpv record by recency
[EVICT L3 pol=ECG:rrip_first curEpoch=4042 set_ways=8]
   way0 valid=1 rrpv=0 epoch=39581 dist=35539 prop=1 stamped=1 dbg=1 last=1020 epoch2=39581 sched_n=0
   way1 valid=1 rrpv=0 epoch=39451 dist=35409 prop=1 stamped=1 dbg=1 last=579 epoch2=39451 sched_n=0
   way2 valid=1 rrpv=2 epoch=39581 dist=35539 prop=1 stamped=1 dbg=2 last=606 epoch2=39581 sched_n=0
   way3 valid=1 rrpv=0 epoch=47798 dist=43756 prop=1 stamped=1 dbg=2 last=636 epoch2=47798 sched_n=0
   way4 valid=1 rrpv=0 epoch=39451 dist=35409 prop=1 stamped=1 dbg=3 last=987 epoch2=39451 sched_n=0
   way5 valid=1 rrpv=0 epoch=47863 dist=43821 prop=1 stamped=1 dbg=3 last=695 epoch2=47863 sched_n=0
   way6 valid=1 rrpv=0 epoch=47732 dist=43690 prop=1 stamped=1 dbg=3 last=721 epoch2=47732 sched_n=0
   way7 valid=1 rrpv=7 epoch=0 dist=61493 prop=0 stamped=0 dbg=3 last=1012 epoch2=0 sched_n=0   <== VICTIM
   -> victim=way7 reason=max-rrpv record by recency
[EVICT L3 pol=ECG:rrip_first curEpoch=4042 set_ways=8]
   way0 valid=1 rrpv=0 epoch=47732 dist=43690 prop=1 stamped=1 dbg=1 last=1018 epoch2=47732 sched_n=0
   way1 valid=1 rrpv=0 epoch=48515 dist=44473 prop=1 stamped=1 dbg=1 last=562 epoch2=48515 sched_n=0
   way2 valid=1 rrpv=0 epoch=39581 dist=35539 prop=1 stamped=1 dbg=1 last=592 epoch2=39581 sched_n=0
   way3 valid=1 rrpv=0 epoch=47798 dist=43756 prop=1 stamped=1 dbg=2 last=624 epoch2=47798 sched_n=0
   way4 valid=1 rrpv=0 epoch=47732 dist=43690 prop=1 stamped=1 dbg=2 last=650 epoch2=47732 sched_n=0
   way5 valid=1 rrpv=7 epoch=0 dist=61493 prop=0 stamped=0 dbg=3 last=1013 epoch2=0 sched_n=0   <== VICTIM
   way6 valid=1 rrpv=2 epoch=39516 dist=35474 prop=1 stamped=1 dbg=3 last=706 epoch2=39516 sched_n=0
   way7 valid=1 rrpv=0 epoch=48319 dist=44277 prop=1 stamped=1 dbg=3 last=738 epoch2=48319 sched_n=0
   -> victim=way5 reason=max-rrpv record by recency
[EVICT L3 pol=ECG:rrip_first curEpoch=4564 set_ways=8]
   way0 valid=1 rrpv=0 epoch=39386 dist=34822 prop=1 stamped=1 dbg=1 last=1017 epoch2=39386 sched_n=0
   way1 valid=1 rrpv=0 epoch=47928 dist=43364 prop=1 stamped=1 dbg=1 last=1023 epoch2=47928 sched_n=0
   way2 valid=1 rrpv=0 epoch=48254 dist=43690 prop=1 stamped=1 dbg=1 last=587 epoch2=48254 sched_n=0
   way3 valid=1 rrpv=0 epoch=47798 dist=43234 prop=1 stamped=1 dbg=2 last=616 epoch2=47798 sched_n=0
   way4 valid=1 rrpv=0 epoch=47798 dist=43234 prop=1 stamped=1 dbg=2 last=644 epoch2=47798 sched_n=0
   way5 valid=1 rrpv=7 epoch=0 dist=60971 prop=0 stamped=0 dbg=3 last=1016 epoch2=0 sched_n=0   <== VICTIM
   way6 valid=1 rrpv=0 epoch=48450 dist=43886 prop=1 stamped=1 dbg=3 last=702 epoch2=48450 sched_n=0
   way7 valid=1 rrpv=1 epoch=39451 dist=34887 prop=1 stamped=1 dbg=3 last=729 epoch2=39451 sched_n=0
   -> victim=way5 reason=max-rrpv record by recency
[EVICT L3 pol=ECG:rrip_first curEpoch=5347 set_ways=8]
   way0 valid=1 rrpv=0 epoch=39581 dist=34234 prop=1 stamped=1 dbg=1 last=1020 epoch2=39581 sched_n=0
   way1 valid=1 rrpv=0 epoch=39451 dist=34104 prop=1 stamped=1 dbg=1 last=579 epoch2=39451 sched_n=0
   way2 valid=1 rrpv=2 epoch=39581 dist=34234 prop=1 stamped=1 dbg=2 last=606 epoch2=39581 sched_n=0
   way3 valid=1 rrpv=0 epoch=47798 dist=42451 prop=1 stamped=1 dbg=2 last=636 epoch2=47798 sched_n=0
   way4 valid=1 rrpv=0 epoch=39451 dist=34104 prop=1 stamped=1 dbg=3 last=987 epoch2=39451 sched_n=0
   way5 valid=1 rrpv=0 epoch=47863 dist=42516 prop=1 stamped=1 dbg=3 last=695 epoch2=47863 sched_n=0
   way6 valid=1 rrpv=0 epoch=47732 dist=42385 prop=1 stamped=1 dbg=3 last=721 epoch2=47732 sched_n=0
   way7 valid=1 rrpv=7 epoch=0 dist=60188 prop=0 stamped=0 dbg=3 last=1021 epoch2=0 sched_n=0   <== VICTIM
   -> victim=way7 reason=max-rrpv record by recency
[EVICT L3 pol=ECG:rrip_first curEpoch=7172 set_ways=8]
   way0 valid=1 rrpv=0 epoch=39581 dist=32409 prop=1 stamped=1 dbg=1 last=1020 epoch2=39581 sched_n=0
   way1 valid=1 rrpv=0 epoch=39451 dist=32279 prop=1 stamped=1 dbg=1 last=579 epoch2=39451 sched_n=0
   way2 valid=1 rrpv=2 epoch=39581 dist=32409 prop=1 stamped=1 dbg=2 last=606 epoch2=39581 sched_n=0
   way3 valid=1 rrpv=0 epoch=47798 dist=40626 prop=1 stamped=1 dbg=2 last=636 epoch2=47798 sched_n=0
   way4 valid=1 rrpv=0 epoch=39451 dist=32279 prop=1 stamped=1 dbg=3 last=987 epoch2=39451 sched_n=0
   way5 valid=1 rrpv=0 epoch=47863 dist=40691 prop=1 stamped=1 dbg=3 last=695 epoch2=47863 sched_n=0
   way6 valid=1 rrpv=0 epoch=47732 dist=40560 prop=1 stamped=1 dbg=3 last=721 epoch2=47732 sched_n=0
   way7 valid=1 rrpv=7 epoch=0 dist=58363 prop=0 stamped=0 dbg=3 last=1026 epoch2=0 sched_n=0   <== VICTIM
   -> victim=way7 reason=max-rrpv record by recency
[EVICT L3 pol=ECG:rrip_first curEpoch=7825 set_ways=8]
   way0 valid=1 rrpv=0 epoch=48124 dist=40299 prop=1 stamped=1 dbg=1 last=1019 epoch2=48124 sched_n=0
   way1 valid=1 rrpv=0 epoch=47732 dist=39907 prop=1 stamped=1 dbg=1 last=1027 epoch2=47732 sched_n=0
   way2 valid=1 rrpv=0 epoch=47863 dist=40038 prop=1 stamped=1 dbg=2 last=601 epoch2=47863 sched_n=0
   way3 valid=1 rrpv=0 epoch=48319 dist=40494 prop=1 stamped=1 dbg=2 last=629 epoch2=48319 sched_n=0
   way4 valid=1 rrpv=0 epoch=39516 dist=31691 prop=1 stamped=1 dbg=2 last=657 epoch2=39516 sched_n=0
   way5 valid=1 rrpv=7 epoch=0 dist=57710 prop=1 stamped=0 dbg=3 last=1011 epoch2=0 sched_n=0   <== VICTIM
   way6 valid=1 rrpv=1 epoch=39451 dist=31626 prop=1 stamped=1 dbg=3 last=715 epoch2=39451 sched_n=0
   way7 valid=1 rrpv=0 epoch=48124 dist=40299 prop=1 stamped=1 dbg=3 last=745 epoch2=48124 sched_n=0
   -> victim=way5 reason=max-rrpv farthest-epoch property
[EVICT L3 pol=ECG:rrip_first curEpoch=8085 set_ways=8]
   way0 valid=1 rrpv=0 epoch=39581 dist=31496 prop=1 stamped=1 dbg=1 last=1020 epoch2=39581 sched_n=0
   way1 valid=1 rrpv=0 epoch=39451 dist=31366 prop=1 stamped=1 dbg=1 last=1029 epoch2=39451 sched_n=0
   way2 valid=1 rrpv=2 epoch=39581 dist=31496 prop=1 stamped=1 dbg=2 last=606 epoch2=39581 sched_n=0
   way3 valid=1 rrpv=0 epoch=47798 dist=39713 prop=1 stamped=1 dbg=2 last=636 epoch2=47798 sched_n=0
   way4 valid=1 rrpv=0 epoch=39451 dist=31366 prop=1 stamped=1 dbg=3 last=987 epoch2=39451 sched_n=0
   way5 valid=1 rrpv=0 epoch=47863 dist=39778 prop=1 stamped=1 dbg=3 last=695 epoch2=47863 sched_n=0
   way6 valid=1 rrpv=0 epoch=47732 dist=39647 prop=1 stamped=1 dbg=3 last=721 epoch2=47732 sched_n=0
   way7 valid=1 rrpv=7 epoch=0 dist=57450 prop=0 stamped=0 dbg=3 last=1028 epoch2=0 sched_n=0   <== VICTIM
   -> victim=way7 reason=max-rrpv record by recency
[EVICT L3 pol=ECG:rrip_first curEpoch=8085 set_ways=8]
   way0 valid=1 rrpv=0 epoch=39386 dist=31301 prop=1 stamped=1 dbg=1 last=1017 epoch2=39386 sched_n=0
   way1 valid=1 rrpv=0 epoch=47928 dist=39843 prop=1 stamped=1 dbg=1 last=1023 epoch2=47928 sched_n=0
   way2 valid=1 rrpv=0 epoch=48254 dist=40169 prop=1 stamped=1 dbg=1 last=587 epoch2=48254 sched_n=0
   way3 valid=1 rrpv=0 epoch=47798 dist=39713 prop=1 stamped=1 dbg=2 last=616 epoch2=47798 sched_n=0
   way4 valid=1 rrpv=0 epoch=47798 dist=39713 prop=1 stamped=1 dbg=2 last=644 epoch2=47798 sched_n=0
   way5 valid=1 rrpv=7 epoch=0 dist=57450 prop=0 stamped=0 dbg=3 last=1024 epoch2=0 sched_n=0   <== VICTIM
   way6 valid=1 rrpv=0 epoch=48450 dist=40365 prop=1 stamped=1 dbg=3 last=702 epoch2=48450 sched_n=0
   way7 valid=1 rrpv=1 epoch=39451 dist=31366 prop=1 stamped=1 dbg=3 last=729 epoch2=39451 sched_n=0
   -> victim=way5 reason=max-rrpv record by recency
[EVICT L3 pol=ECG:rrip_first curEpoch=11281 set_ways=8]
   way0 valid=1 rrpv=0 epoch=39386 dist=28105 prop=1 stamped=1 dbg=1 last=1017 epoch2=39386 sched_n=0
   way1 valid=1 rrpv=0 epoch=47928 dist=36647 prop=1 stamped=1 dbg=1 last=1023 epoch2=47928 sched_n=0
   way2 valid=1 rrpv=0 epoch=48254 dist=36973 prop=1 stamped=1 dbg=1 last=1033 epoch2=48254 sched_n=0
   way3 valid=1 rrpv=0 epoch=47798 dist=36517 prop=1 stamped=1 dbg=2 last=616 epoch2=47798 sched_n=0
   way4 valid=1 rrpv=0 epoch=47798 dist=36517 prop=1 stamped=1 dbg=2 last=644 epoch2=47798 sched_n=0
   way5 valid=1 rrpv=7 epoch=0 dist=54254 prop=0 stamped=0 dbg=3 last=1032 epoch2=0 sched_n=0   <== VICTIM
   way6 valid=1 rrpv=0 epoch=48450 dist=37169 prop=1 stamped=1 dbg=3 last=702 epoch2=48450 sched_n=0
   way7 valid=1 rrpv=1 epoch=39451 dist=28170 prop=1 stamped=1 dbg=3 last=729 epoch2=39451 sched_n=0
   -> victim=way5 reason=max-rrpv record by recency
[EVICT L3 pol=ECG:rrip_first curEpoch=15389 set_ways=8]
   way0 valid=1 rrpv=0 epoch=48124 dist=32735 prop=1 stamped=1 dbg=1 last=1019 epoch2=48124 sched_n=0
   way1 valid=1 rrpv=0 epoch=47732 dist=32343 prop=1 stamped=1 dbg=1 last=1027 epoch2=47732 sched_n=0
   way2 valid=1 rrpv=0 epoch=47863 dist=32474 prop=1 stamped=1 dbg=2 last=1035 epoch2=47863 sched_n=0
   way3 valid=1 rrpv=0 epoch=48319 dist=32930 prop=1 stamped=1 dbg=2 last=1040 epoch2=48319 sched_n=0
   way4 valid=1 rrpv=0 epoch=39516 dist=24127 prop=1 stamped=1 dbg=2 last=657 epoch2=39516 sched_n=0
   way5 valid=1 rrpv=7 epoch=0 dist=50146 prop=0 stamped=0 dbg=3 last=1030 epoch2=0 sched_n=0   <== VICTIM
   way6 valid=1 rrpv=1 epoch=39451 dist=24062 prop=1 stamped=1 dbg=3 last=715 epoch2=39451 sched_n=0
   way7 valid=1 rrpv=0 epoch=48124 dist=32735 prop=1 stamped=1 dbg=3 last=745 epoch2=48124 sched_n=0
   -> victim=way5 reason=max-rrpv record by recency
[EVICT L3 pol=ECG:rrip_first curEpoch=15650 set_ways=8]
   way0 valid=1 rrpv=0 epoch=39581 dist=23931 prop=1 stamped=1 dbg=1 last=1020 epoch2=39581 sched_n=0
   way1 valid=1 rrpv=0 epoch=39451 dist=23801 prop=1 stamped=1 dbg=1 last=1029 epoch2=39451 sched_n=0
   way2 valid=1 rrpv=1 epoch=39581 dist=23931 prop=1 stamped=1 dbg=2 last=1037 epoch2=39581 sched_n=0
   way3 valid=1 rrpv=0 epoch=47798 dist=32148 prop=1 stamped=1 dbg=2 last=1042 epoch2=47798 sched_n=0
   way4 valid=1 rrpv=0 epoch=39451 dist=23801 prop=1 stamped=1 dbg=3 last=987 epoch2=39451 sched_n=0
   way5 valid=1 rrpv=0 epoch=47863 dist=32213 prop=1 stamped=1 dbg=3 last=695 epoch2=47863 sched_n=0
   way6 valid=1 rrpv=0 epoch=47732 dist=32082 prop=1 stamped=1 dbg=3 last=721 epoch2=47732 sched_n=0
   way7 valid=1 rrpv=7 epoch=0 dist=49885 prop=0 stamped=0 dbg=3 last=1031 epoch2=0 sched_n=0   <== VICTIM
   -> victim=way7 reason=max-rrpv record by recency
[EVICT L3 pol=ECG:rrip_first curEpoch=17476 set_ways=8]
   way0 valid=1 rrpv=0 epoch=39386 dist=21910 prop=1 stamped=1 dbg=1 last=1017 epoch2=39386 sched_n=0
   way1 valid=1 rrpv=0 epoch=47928 dist=30452 prop=1 stamped=1 dbg=1 last=1023 epoch2=47928 sched_n=0
   way2 valid=1 rrpv=0 epoch=48254 dist=30778 prop=1 stamped=1 dbg=1 last=1033 epoch2=48254 sched_n=0
   way3 valid=1 rrpv=0 epoch=47798 dist=30322 prop=1 stamped=1 dbg=2 last=1038 epoch2=47798 sched_n=0
   way4 valid=1 rrpv=0 epoch=47798 dist=30322 prop=1 stamped=1 dbg=2 last=1044 epoch2=47798 sched_n=0
   way5 valid=1 rrpv=7 epoch=0 dist=48059 prop=0 stamped=0 dbg=3 last=1036 epoch2=0 sched_n=0   <== VICTIM
   way6 valid=1 rrpv=0 epoch=48450 dist=30974 prop=1 stamped=1 dbg=3 last=702 epoch2=48450 sched_n=0
   way7 valid=1 rrpv=1 epoch=39451 dist=21975 prop=1 stamped=1 dbg=3 last=729 epoch2=39451 sched_n=0
   -> victim=way5 reason=max-rrpv record by recency
[EVICT L3 pol=ECG:rrip_first curEpoch=19432 set_ways=8]
   way0 valid=1 rrpv=0 epoch=48124 dist=28692 prop=1 stamped=1 dbg=1 last=1019 epoch2=48124 sched_n=0
   way1 valid=1 rrpv=0 epoch=47732 dist=28300 prop=1 stamped=1 dbg=1 last=1027 epoch2=47732 sched_n=0
   way2 valid=1 rrpv=0 epoch=47863 dist=28431 prop=1 stamped=1 dbg=2 last=1035 epoch2=47863 sched_n=0
   way3 valid=1 rrpv=0 epoch=48319 dist=28887 prop=1 stamped=1 dbg=2 last=1040 epoch2=48319 sched_n=0
   way4 valid=1 rrpv=0 epoch=39516 dist=20084 prop=1 stamped=1 dbg=2 last=1047 epoch2=39516 sched_n=0
   way5 valid=1 rrpv=7 epoch=0 dist=46103 prop=0 stamped=0 dbg=3 last=1041 epoch2=0 sched_n=0   <== VICTIM
   way6 valid=1 rrpv=1 epoch=39451 dist=20019 prop=1 stamped=1 dbg=3 last=715 epoch2=39451 sched_n=0
   way7 valid=1 rrpv=0 epoch=48124 dist=28692 prop=1 stamped=1 dbg=3 last=745 epoch2=48124 sched_n=0
   -> victim=way5 reason=max-rrpv record by recency
[EVICT L3 pol=ECG:rrip_first curEpoch=19823 set_ways=8]
   way0 valid=1 rrpv=0 epoch=39581 dist=19758 prop=1 stamped=1 dbg=1 last=1020 epoch2=39581 sched_n=0
   way1 valid=1 rrpv=0 epoch=39451 dist=19628 prop=1 stamped=1 dbg=1 last=1029 epoch2=39451 sched_n=0
   way2 valid=1 rrpv=1 epoch=39581 dist=19758 prop=1 stamped=1 dbg=2 last=1037 epoch2=39581 sched_n=0
   way3 valid=1 rrpv=0 epoch=47798 dist=27975 prop=1 stamped=1 dbg=2 last=1042 epoch2=47798 sched_n=0
   way4 valid=1 rrpv=0 epoch=39451 dist=19628 prop=1 stamped=1 dbg=3 last=987 epoch2=39451 sched_n=0
   way5 valid=1 rrpv=0 epoch=47863 dist=28040 prop=1 stamped=1 dbg=3 last=695 epoch2=47863 sched_n=0
   way6 valid=1 rrpv=0 epoch=47732 dist=27909 prop=1 stamped=1 dbg=3 last=721 epoch2=47732 sched_n=0
   way7 valid=1 rrpv=7 epoch=0 dist=45712 prop=0 stamped=0 dbg=3 last=1043 epoch2=0 sched_n=0   <== VICTIM
   -> victim=way7 reason=max-rrpv record by recency
[EVICT L3 pol=ECG:rrip_first curEpoch=20866 set_ways=8]
   way0 valid=1 rrpv=0 epoch=39386 dist=18520 prop=1 stamped=1 dbg=1 last=1017 epoch2=39386 sched_n=0
   way1 valid=1 rrpv=0 epoch=47928 dist=27062 prop=1 stamped=1 dbg=1 last=1023 epoch2=47928 sched_n=0
   way2 valid=1 rrpv=0 epoch=48254 dist=27388 prop=1 stamped=1 dbg=1 last=1033 epoch2=48254 sched_n=0
   way3 valid=1 rrpv=0 epoch=47798 dist=26932 prop=1 stamped=1 dbg=2 last=1038 epoch2=47798 sched_n=0
   way4 valid=1 rrpv=0 epoch=47798 dist=26932 prop=1 stamped=1 dbg=2 last=1044 epoch2=47798 sched_n=0
   way5 valid=1 rrpv=7 epoch=0 dist=44669 prop=0 stamped=0 dbg=3 last=1045 epoch2=0 sched_n=0   <== VICTIM
   way6 valid=1 rrpv=0 epoch=48450 dist=27584 prop=1 stamped=1 dbg=3 last=702 epoch2=48450 sched_n=0
   way7 valid=1 rrpv=1 epoch=39451 dist=18585 prop=1 stamped=1 dbg=3 last=729 epoch2=39451 sched_n=0
   -> victim=way5 reason=max-rrpv record by recency
[EVICT L3 pol=ECG:rrip_first curEpoch=21910 set_ways=8]
   way0 valid=1 rrpv=0 epoch=47732 dist=25822 prop=1 stamped=1 dbg=1 last=1018 epoch2=47732 sched_n=0
   way1 valid=1 rrpv=0 epoch=48515 dist=26605 prop=1 stamped=1 dbg=1 last=1025 epoch2=48515 sched_n=0
   way2 valid=1 rrpv=0 epoch=39581 dist=17671 prop=1 stamped=1 dbg=1 last=1034 epoch2=39581 sched_n=0
   way3 valid=1 rrpv=0 epoch=47798 dist=25888 prop=1 stamped=1 dbg=2 last=1039 epoch2=47798 sched_n=0
   way4 valid=1 rrpv=0 epoch=47732 dist=25822 prop=1 stamped=1 dbg=2 last=1046 epoch2=47732 sched_n=0
   way5 valid=1 rrpv=7 epoch=0 dist=43625 prop=0 stamped=0 dbg=3 last=1022 epoch2=0 sched_n=0   <== VICTIM
   way6 valid=1 rrpv=2 epoch=39516 dist=17606 prop=1 stamped=1 dbg=3 last=706 epoch2=39516 sched_n=0
   way7 valid=1 rrpv=0 epoch=48319 dist=26409 prop=1 stamped=1 dbg=3 last=738 epoch2=48319 sched_n=0
   -> victim=way5 reason=max-rrpv record by recency
[EVICT L3 pol=ECG:rrip_first curEpoch=22953 set_ways=8]
   way0 valid=1 rrpv=0 epoch=48124 dist=25171 prop=1 stamped=1 dbg=1 last=1019 epoch2=48124 sched_n=0
   way1 valid=1 rrpv=0 epoch=47732 dist=24779 prop=1 stamped=1 dbg=1 last=1027 epoch2=47732 sched_n=0
   way2 valid=1 rrpv=0 epoch=47863 dist=24910 prop=1 stamped=1 dbg=2 last=1035 epoch2=47863 sched_n=0
   way3 valid=1 rrpv=0 epoch=48319 dist=25366 prop=1 stamped=1 dbg=2 last=1040 epoch2=48319 sched_n=0
   way4 valid=1 rrpv=0 epoch=39516 dist=16563 prop=1 stamped=1 dbg=2 last=1047 epoch2=39516 sched_n=0
   way5 valid=1 rrpv=7 epoch=0 dist=42582 prop=0 stamped=0 dbg=3 last=1048 epoch2=0 sched_n=0   <== VICTIM
   way6 valid=1 rrpv=1 epoch=39451 dist=16498 prop=1 stamped=1 dbg=3 last=715 epoch2=39451 sched_n=0
   way7 valid=1 rrpv=0 epoch=48124 dist=25171 prop=1 stamped=1 dbg=3 last=745 epoch2=48124 sched_n=0
   -> victim=way5 reason=max-rrpv record by recency
[EVICT L3 pol=ECG:rrip_first curEpoch=23931 set_ways=8]
   way0 valid=1 rrpv=0 epoch=48124 dist=24193 prop=1 stamped=1 dbg=1 last=1019 epoch2=48124 sched_n=0
   way1 valid=1 rrpv=0 epoch=47732 dist=23801 prop=1 stamped=1 dbg=1 last=1027 epoch2=47732 sched_n=0
   way2 valid=1 rrpv=0 epoch=47863 dist=23932 prop=1 stamped=1 dbg=2 last=1035 epoch2=47863 sched_n=0
   way3 valid=1 rrpv=0 epoch=48319 dist=24388 prop=1 stamped=1 dbg=2 last=1040 epoch2=48319 sched_n=0
   way4 valid=1 rrpv=0 epoch=39516 dist=15585 prop=1 stamped=1 dbg=2 last=1047 epoch2=39516 sched_n=0
   way5 valid=1 rrpv=7 epoch=0 dist=41604 prop=1 stamped=0 dbg=3 last=1052 epoch2=0 sched_n=0   <== VICTIM
   way6 valid=1 rrpv=1 epoch=39451 dist=15520 prop=1 stamped=1 dbg=3 last=715 epoch2=39451 sched_n=0
   way7 valid=1 rrpv=0 epoch=48124 dist=24193 prop=1 stamped=1 dbg=3 last=745 epoch2=48124 sched_n=0
   -> victim=way5 reason=max-rrpv farthest-epoch property
[EVICT L3 pol=ECG:rrip_first curEpoch=26214 set_ways=8]
   way0 valid=1 rrpv=0 epoch=48124 dist=21910 prop=1 stamped=1 dbg=1 last=1019 epoch2=48124 sched_n=0
   way1 valid=1 rrpv=0 epoch=47732 dist=21518 prop=1 stamped=1 dbg=1 last=1027 epoch2=47732 sched_n=0
   way2 valid=1 rrpv=0 epoch=47863 dist=21649 prop=1 stamped=1 dbg=2 last=1035 epoch2=47863 sched_n=0
   way3 valid=1 rrpv=0 epoch=48319 dist=22105 prop=1 stamped=1 dbg=2 last=1040 epoch2=48319 sched_n=0
   way4 valid=1 rrpv=0 epoch=39516 dist=13302 prop=1 stamped=1 dbg=2 last=1047 epoch2=39516 sched_n=0
   way5 valid=1 rrpv=7 epoch=0 dist=39321 prop=0 stamped=0 dbg=3 last=1053 epoch2=0 sched_n=0   <== VICTIM
   way6 valid=1 rrpv=1 epoch=39451 dist=13237 prop=1 stamped=1 dbg=3 last=715 epoch2=39451 sched_n=0
   way7 valid=1 rrpv=0 epoch=48124 dist=21910 prop=1 stamped=1 dbg=3 last=745 epoch2=48124 sched_n=0
   -> victim=way5 reason=max-rrpv record by recency
[EVICT L3 pol=ECG:rrip_first curEpoch=28300 set_ways=8]
   way0 valid=1 rrpv=0 epoch=39386 dist=11086 prop=1 stamped=1 dbg=1 last=1017 epoch2=39386 sched_n=0
   way1 valid=1 rrpv=0 epoch=47928 dist=19628 prop=1 stamped=1 dbg=1 last=1023 epoch2=47928 sched_n=0
   way2 valid=1 rrpv=0 epoch=48254 dist=19954 prop=1 stamped=1 dbg=1 last=1033 epoch2=48254 sched_n=0
   way3 valid=1 rrpv=0 epoch=47798 dist=19498 prop=1 stamped=1 dbg=2 last=1038 epoch2=47798 sched_n=0
   way4 valid=1 rrpv=0 epoch=47798 dist=19498 prop=1 stamped=1 dbg=2 last=1044 epoch2=47798 sched_n=0
   way5 valid=1 rrpv=7 epoch=0 dist=37235 prop=1 stamped=0 dbg=3 last=1050 epoch2=0 sched_n=0   <== VICTIM
   way6 valid=1 rrpv=0 epoch=48450 dist=20150 prop=1 stamped=1 dbg=3 last=1055 epoch2=48450 sched_n=0
   way7 valid=1 rrpv=1 epoch=39451 dist=11151 prop=1 stamped=1 dbg=3 last=729 epoch2=39451 sched_n=0
   -> victim=way5 reason=max-rrpv farthest-epoch property
[EVICT L3 pol=ECG:rrip_first curEpoch=32343 set_ways=8]
   way0 valid=1 rrpv=0 epoch=39581 dist=7238 prop=1 stamped=1 dbg=1 last=1020 epoch2=39581 sched_n=0
   way1 valid=1 rrpv=0 epoch=39451 dist=7108 prop=1 stamped=1 dbg=1 last=1029 epoch2=39451 sched_n=0
   way2 valid=1 rrpv=1 epoch=39581 dist=7238 prop=1 stamped=1 dbg=2 last=1037 epoch2=39581 sched_n=0
   way3 valid=1 rrpv=0 epoch=47798 dist=15455 prop=1 stamped=1 dbg=2 last=1042 epoch2=47798 sched_n=0
   way4 valid=1 rrpv=0 epoch=39451 dist=7108 prop=1 stamped=1 dbg=3 last=987 epoch2=39451 sched_n=0
   way5 valid=1 rrpv=0 epoch=47863 dist=15520 prop=1 stamped=1 dbg=3 last=1054 epoch2=47863 sched_n=0
   way6 valid=1 rrpv=0 epoch=47732 dist=15389 prop=1 stamped=1 dbg=3 last=1059 epoch2=47732 sched_n=0
   way7 valid=1 rrpv=7 epoch=0 dist=33192 prop=1 stamped=0 dbg=3 last=1049 epoch2=0 sched_n=0   <== VICTIM
   -> victim=way7 reason=max-rrpv farthest-epoch property
[EVICT L3 pol=ECG:rrip_first curEpoch=33386 set_ways=8]
   way0 valid=1 rrpv=0 epoch=39386 dist=6000 prop=1 stamped=1 dbg=1 last=1017 epoch2=39386 sched_n=0
   way1 valid=1 rrpv=0 epoch=47928 dist=14542 prop=1 stamped=1 dbg=1 last=1023 epoch2=47928 sched_n=0
   way2 valid=1 rrpv=0 epoch=48254 dist=14868 prop=1 stamped=1 dbg=1 last=1033 epoch2=48254 sched_n=0
   way3 valid=1 rrpv=0 epoch=47798 dist=14412 prop=1 stamped=1 dbg=2 last=1038 epoch2=47798 sched_n=0
   way4 valid=1 rrpv=0 epoch=47798 dist=14412 prop=1 stamped=1 dbg=2 last=1044 epoch2=47798 sched_n=0
   way5 valid=1 rrpv=7 epoch=0 dist=32149 prop=0 stamped=0 dbg=3 last=1060 epoch2=0 sched_n=0   <== VICTIM
   way6 valid=1 rrpv=0 epoch=48450 dist=15064 prop=1 stamped=1 dbg=3 last=1055 epoch2=48450 sched_n=0
   way7 valid=1 rrpv=0 epoch=39451 dist=6065 prop=1 stamped=1 dbg=3 last=1061 epoch2=39451 sched_n=0
   -> victim=way5 reason=max-rrpv record by recency
[EVICT L3 pol=ECG:rrip_first curEpoch=34430 set_ways=8]
   way0 valid=1 rrpv=0 epoch=47732 dist=13302 prop=1 stamped=1 dbg=1 last=1018 epoch2=47732 sched_n=0
   way1 valid=1 rrpv=0 epoch=48515 dist=14085 prop=1 stamped=1 dbg=1 last=1025 epoch2=48515 sched_n=0
   way2 valid=1 rrpv=0 epoch=39581 dist=5151 prop=1 stamped=1 dbg=1 last=1034 epoch2=39581 sched_n=0
   way3 valid=1 rrpv=0 epoch=47798 dist=13368 prop=1 stamped=1 dbg=2 last=1039 epoch2=47798 sched_n=0
   way4 valid=1 rrpv=0 epoch=47732 dist=13302 prop=1 stamped=1 dbg=2 last=1046 epoch2=47732 sched_n=0
   way5 valid=1 rrpv=7 epoch=0 dist=31105 prop=1 stamped=0 dbg=3 last=1051 epoch2=0 sched_n=0   <== VICTIM
   way6 valid=1 rrpv=1 epoch=39516 dist=5086 prop=1 stamped=1 dbg=3 last=1056 epoch2=39516 sched_n=0
   way7 valid=1 rrpv=0 epoch=48319 dist=13889 prop=1 stamped=1 dbg=3 last=1062 epoch2=48319 sched_n=0
   -> victim=way5 reason=max-rrpv farthest-epoch property
[EVICT L3 pol=ECG:rrip_first curEpoch=35473 set_ways=8]
   way0 valid=1 rrpv=0 epoch=48124 dist=12651 prop=1 stamped=1 dbg=1 last=1019 epoch2=48124 sched_n=0
   way1 valid=1 rrpv=0 epoch=47732 dist=12259 prop=1 stamped=1 dbg=1 last=1027 epoch2=47732 sched_n=0
   way2 valid=1 rrpv=0 epoch=47863 dist=12390 prop=1 stamped=1 dbg=2 last=1035 epoch2=47863 sched_n=0
   way3 valid=1 rrpv=0 epoch=48319 dist=12846 prop=1 stamped=1 dbg=2 last=1040 epoch2=48319 sched_n=0
   way4 valid=1 rrpv=0 epoch=39516 dist=4043 prop=1 stamped=1 dbg=2 last=1047 epoch2=39516 sched_n=0
   way5 valid=1 rrpv=7 epoch=0 dist=30062 prop=0 stamped=0 dbg=3 last=1057 epoch2=0 sched_n=0   <== VICTIM
   way6 valid=1 rrpv=0 epoch=39451 dist=3978 prop=1 stamped=1 dbg=3 last=1058 epoch2=39451 sched_n=0
   way7 valid=1 rrpv=0 epoch=48124 dist=12651 prop=1 stamped=1 dbg=3 last=1063 epoch2=48124 sched_n=0
   -> victim=way5 reason=max-rrpv record by recency
[EVICT L3 pol=ECG:rrip_first curEpoch=36517 set_ways=8]
   way0 valid=1 rrpv=0 epoch=39581 dist=3064 prop=1 stamped=1 dbg=1 last=1020 epoch2=39581 sched_n=0
   way1 valid=1 rrpv=0 epoch=39451 dist=2934 prop=1 stamped=1 dbg=1 last=1029 epoch2=39451 sched_n=0
   way2 valid=1 rrpv=1 epoch=39581 dist=3064 prop=1 stamped=1 dbg=2 last=1037 epoch2=39581 sched_n=0
   way3 valid=1 rrpv=0 epoch=47798 dist=11281 prop=1 stamped=1 dbg=2 last=1042 epoch2=47798 sched_n=0
   way4 valid=1 rrpv=0 epoch=39451 dist=2934 prop=1 stamped=1 dbg=3 last=987 epoch2=39451 sched_n=0
   way5 valid=1 rrpv=0 epoch=47863 dist=11346 prop=1 stamped=1 dbg=3 last=1054 epoch2=47863 sched_n=0
   way6 valid=1 rrpv=0 epoch=47732 dist=11215 prop=1 stamped=1 dbg=3 last=1059 epoch2=47732 sched_n=0
   way7 valid=1 rrpv=7 epoch=0 dist=29018 prop=1 stamped=0 dbg=3 last=1064 epoch2=0 sched_n=0   <== VICTIM
   -> victim=way7 reason=max-rrpv farthest-epoch property
[EVICT L3 pol=ECG:rrip_first curEpoch=37560 set_ways=8]
   way0 valid=1 rrpv=0 epoch=39386 dist=1826 prop=1 stamped=1 dbg=1 last=1017 epoch2=39386 sched_n=0
   way1 valid=1 rrpv=0 epoch=47928 dist=10368 prop=1 stamped=1 dbg=1 last=1023 epoch2=47928 sched_n=0
   way2 valid=1 rrpv=0 epoch=48254 dist=10694 prop=1 stamped=1 dbg=1 last=1033 epoch2=48254 sched_n=0
   way3 valid=1 rrpv=0 epoch=47798 dist=10238 prop=1 stamped=1 dbg=2 last=1038 epoch2=47798 sched_n=0
   way4 valid=1 rrpv=0 epoch=47798 dist=10238 prop=1 stamped=1 dbg=2 last=1044 epoch2=47798 sched_n=0
   way5 valid=1 rrpv=7 epoch=0 dist=27975 prop=1 stamped=0 dbg=3 last=1065 epoch2=0 sched_n=0   <== VICTIM
   way6 valid=1 rrpv=0 epoch=48450 dist=10890 prop=1 stamped=1 dbg=3 last=1055 epoch2=48450 sched_n=0
   way7 valid=1 rrpv=0 epoch=39451 dist=1891 prop=1 stamped=1 dbg=3 last=1061 epoch2=39451 sched_n=0
   -> victim=way5 reason=max-rrpv farthest-epoch property
[EVICT L3 pol=ECG:rrip_first curEpoch=38603 set_ways=8]
   way0 valid=1 rrpv=0 epoch=47732 dist=9129 prop=1 stamped=1 dbg=1 last=1018 epoch2=47732 sched_n=0
   way1 valid=1 rrpv=0 epoch=48515 dist=9912 prop=1 stamped=1 dbg=1 last=1025 epoch2=48515 sched_n=0
   way2 valid=1 rrpv=0 epoch=39581 dist=978 prop=1 stamped=1 dbg=1 last=1034 epoch2=39581 sched_n=0
   way3 valid=1 rrpv=0 epoch=47798 dist=9195 prop=1 stamped=1 dbg=2 last=1039 epoch2=47798 sched_n=0
   way4 valid=1 rrpv=0 epoch=47732 dist=9129 prop=1 stamped=1 dbg=2 last=1046 epoch2=47732 sched_n=0
   way5 valid=1 rrpv=7 epoch=0 dist=26932 prop=1 stamped=0 dbg=3 last=1066 epoch2=0 sched_n=0   <== VICTIM
   way6 valid=1 rrpv=1 epoch=39516 dist=913 prop=1 stamped=1 dbg=3 last=1056 epoch2=39516 sched_n=0
   way7 valid=1 rrpv=0 epoch=48319 dist=9716 prop=1 stamped=1 dbg=3 last=1062 epoch2=48319 sched_n=0
   -> victim=way5 reason=max-rrpv farthest-epoch property
[EVICT L3 pol=ECG:rrip_first curEpoch=39647 set_ways=8]
   way0 valid=1 rrpv=0 epoch=48124 dist=8477 prop=1 stamped=1 dbg=1 last=1019 epoch2=48124 sched_n=0
   way1 valid=1 rrpv=0 epoch=47732 dist=8085 prop=1 stamped=1 dbg=1 last=1027 epoch2=47732 sched_n=0
   way2 valid=1 rrpv=0 epoch=47863 dist=8216 prop=1 stamped=1 dbg=2 last=1035 epoch2=47863 sched_n=0
   way3 valid=1 rrpv=0 epoch=48319 dist=8672 prop=1 stamped=1 dbg=2 last=1040 epoch2=48319 sched_n=0
   way4 valid=1 rrpv=0 epoch=39516 dist=65404 prop=1 stamped=1 dbg=2 last=1047 epoch2=39516 sched_n=0
   way5 valid=1 rrpv=7 epoch=0 dist=25888 prop=1 stamped=0 dbg=3 last=1067 epoch2=0 sched_n=0   <== VICTIM
   way6 valid=1 rrpv=0 epoch=39451 dist=65339 prop=1 stamped=1 dbg=3 last=1058 epoch2=39451 sched_n=0
   way7 valid=1 rrpv=0 epoch=48124 dist=8477 prop=1 stamped=1 dbg=3 last=1063 epoch2=48124 sched_n=0
   -> victim=way5 reason=max-rrpv farthest-epoch property
[EVICT L3 pol=ECG:rrip_first curEpoch=40690 set_ways=8]
   way0 valid=1 rrpv=0 epoch=39581 dist=64426 prop=1 stamped=1 dbg=1 last=1020 epoch2=39581 sched_n=0
   way1 valid=1 rrpv=0 epoch=39451 dist=64296 prop=1 stamped=1 dbg=1 last=1029 epoch2=39451 sched_n=0
   way2 valid=1 rrpv=1 epoch=39581 dist=64426 prop=1 stamped=1 dbg=2 last=1037 epoch2=39581 sched_n=0
   way3 valid=1 rrpv=0 epoch=47798 dist=7108 prop=1 stamped=1 dbg=2 last=1042 epoch2=47798 sched_n=0
   way4 valid=1 rrpv=0 epoch=39451 dist=64296 prop=1 stamped=1 dbg=3 last=987 epoch2=39451 sched_n=0
   way5 valid=1 rrpv=0 epoch=47863 dist=7173 prop=1 stamped=1 dbg=3 last=1054 epoch2=47863 sched_n=0
   way6 valid=1 rrpv=0 epoch=47732 dist=7042 prop=1 stamped=1 dbg=3 last=1059 epoch2=47732 sched_n=0
   way7 valid=1 rrpv=7 epoch=0 dist=24845 prop=1 stamped=0 dbg=3 last=1068 epoch2=0 sched_n=0   <== VICTIM
   -> victim=way7 reason=max-rrpv farthest-epoch property
[EVICT L3 pol=ECG:rrip_first curEpoch=41733 set_ways=8]
   way0 valid=1 rrpv=0 epoch=39386 dist=63188 prop=1 stamped=1 dbg=1 last=1017 epoch2=39386 sched_n=0
   way1 valid=1 rrpv=0 epoch=47928 dist=6195 prop=1 stamped=1 dbg=1 last=1023 epoch2=47928 sched_n=0
   way2 valid=1 rrpv=0 epoch=48254 dist=6521 prop=1 stamped=1 dbg=1 last=1033 epoch2=48254 sched_n=0
   way3 valid=1 rrpv=0 epoch=47798 dist=6065 prop=1 stamped=1 dbg=2 last=1038 epoch2=47798 sched_n=0
   way4 valid=1 rrpv=0 epoch=47798 dist=6065 prop=1 stamped=1 dbg=2 last=1044 epoch2=47798 sched_n=0
   way5 valid=1 rrpv=7 epoch=0 dist=23802 prop=1 stamped=0 dbg=3 last=1069 epoch2=0 sched_n=0   <== VICTIM
   way6 valid=1 rrpv=0 epoch=48450 dist=6717 prop=1 stamped=1 dbg=3 last=1055 epoch2=48450 sched_n=0
   way7 valid=1 rrpv=0 epoch=39451 dist=63253 prop=1 stamped=1 dbg=3 last=1061 epoch2=39451 sched_n=0
   -> victim=way5 reason=max-rrpv farthest-epoch property
[EVICT L3 pol=ECG:rrip_first curEpoch=42451 set_ways=8]
   way0 valid=1 rrpv=0 epoch=39386 dist=62470 prop=1 stamped=1 dbg=1 last=1017 epoch2=39386 sched_n=0
   way1 valid=1 rrpv=0 epoch=47928 dist=5477 prop=1 stamped=1 dbg=1 last=1023 epoch2=47928 sched_n=0
   way2 valid=1 rrpv=0 epoch=48254 dist=5803 prop=1 stamped=1 dbg=1 last=1033 epoch2=48254 sched_n=0
   way3 valid=1 rrpv=0 epoch=47798 dist=5347 prop=1 stamped=1 dbg=2 last=1038 epoch2=47798 sched_n=0
   way4 valid=1 rrpv=0 epoch=47798 dist=5347 prop=1 stamped=1 dbg=2 last=1044 epoch2=47798 sched_n=0
   way5 valid=1 rrpv=7 epoch=0 dist=23084 prop=1 stamped=0 dbg=3 last=1073 epoch2=0 sched_n=0   <== VICTIM
   way6 valid=1 rrpv=0 epoch=48450 dist=5999 prop=1 stamped=1 dbg=3 last=1055 epoch2=48450 sched_n=0
   way7 valid=1 rrpv=0 epoch=39451 dist=62535 prop=1 stamped=1 dbg=3 last=1061 epoch2=39451 sched_n=0
   -> victim=way5 reason=max-rrpv farthest-epoch property
[EVICT L3 pol=ECG:rrip_first curEpoch=42777 set_ways=8]
   way0 valid=1 rrpv=0 epoch=47732 dist=4955 prop=1 stamped=1 dbg=1 last=1018 epoch2=47732 sched_n=0
   way1 valid=1 rrpv=0 epoch=48515 dist=5738 prop=1 stamped=1 dbg=1 last=1025 epoch2=48515 sched_n=0
   way2 valid=1 rrpv=0 epoch=39581 dist=62339 prop=1 stamped=1 dbg=1 last=1034 epoch2=39581 sched_n=0
   way3 valid=1 rrpv=0 epoch=47798 dist=5021 prop=1 stamped=1 dbg=2 last=1039 epoch2=47798 sched_n=0
   way4 valid=1 rrpv=0 epoch=47732 dist=4955 prop=1 stamped=1 dbg=2 last=1046 epoch2=47732 sched_n=0
   way5 valid=1 rrpv=7 epoch=0 dist=22758 prop=1 stamped=0 dbg=3 last=1070 epoch2=0 sched_n=0   <== VICTIM
   way6 valid=1 rrpv=1 epoch=39516 dist=62274 prop=1 stamped=1 dbg=3 last=1056 epoch2=39516 sched_n=0
   way7 valid=1 rrpv=0 epoch=48319 dist=5542 prop=1 stamped=1 dbg=3 last=1062 epoch2=48319 sched_n=0
   -> victim=way5 reason=max-rrpv farthest-epoch property
[EVICT L3 pol=ECG:rrip_first curEpoch=43820 set_ways=8]
   way0 valid=1 rrpv=0 epoch=48124 dist=4304 prop=1 stamped=1 dbg=1 last=1019 epoch2=48124 sched_n=0
   way1 valid=1 rrpv=0 epoch=47732 dist=3912 prop=1 stamped=1 dbg=1 last=1027 epoch2=47732 sched_n=0
   way2 valid=1 rrpv=0 epoch=47863 dist=4043 prop=1 stamped=1 dbg=2 last=1035 epoch2=47863 sched_n=0
   way3 valid=1 rrpv=0 epoch=48319 dist=4499 prop=1 stamped=1 dbg=2 last=1040 epoch2=48319 sched_n=0
   way4 valid=1 rrpv=0 epoch=39516 dist=61231 prop=1 stamped=1 dbg=2 last=1047 epoch2=39516 sched_n=0
   way5 valid=1 rrpv=7 epoch=0 dist=21715 prop=1 stamped=0 dbg=3 last=1071 epoch2=0 sched_n=0   <== VICTIM
   way6 valid=1 rrpv=0 epoch=39451 dist=61166 prop=1 stamped=1 dbg=3 last=1058 epoch2=39451 sched_n=0
   way7 valid=1 rrpv=0 epoch=48124 dist=4304 prop=1 stamped=1 dbg=3 last=1063 epoch2=48124 sched_n=0
   -> victim=way5 reason=max-rrpv farthest-epoch property
[EVICT L3 pol=ECG:rrip_first curEpoch=44146 set_ways=8]
   way0 valid=1 rrpv=0 epoch=47732 dist=3586 prop=1 stamped=1 dbg=1 last=1018 epoch2=47732 sched_n=0
   way1 valid=1 rrpv=0 epoch=48515 dist=4369 prop=1 stamped=1 dbg=1 last=1025 epoch2=48515 sched_n=0
   way2 valid=1 rrpv=0 epoch=39581 dist=60970 prop=1 stamped=1 dbg=1 last=1034 epoch2=39581 sched_n=0
   way3 valid=1 rrpv=0 epoch=47798 dist=3652 prop=1 stamped=1 dbg=2 last=1039 epoch2=47798 sched_n=0
   way4 valid=1 rrpv=0 epoch=47732 dist=3586 prop=1 stamped=1 dbg=2 last=1046 epoch2=47732 sched_n=0
   way5 valid=1 rrpv=7 epoch=0 dist=21389 prop=1 stamped=0 dbg=3 last=1075 epoch2=0 sched_n=0   <== VICTIM
   way6 valid=1 rrpv=1 epoch=39516 dist=60905 prop=1 stamped=1 dbg=3 last=1056 epoch2=39516 sched_n=0
   way7 valid=1 rrpv=0 epoch=48319 dist=4173 prop=1 stamped=1 dbg=3 last=1062 epoch2=48319 sched_n=0
   -> victim=way5 reason=max-rrpv farthest-epoch property
[EVICT L3 pol=ECG:rrip_first curEpoch=44863 set_ways=8]
   way0 valid=1 rrpv=0 epoch=39581 dist=60253 prop=1 stamped=1 dbg=1 last=1020 epoch2=39581 sched_n=0
   way1 valid=1 rrpv=0 epoch=39451 dist=60123 prop=1 stamped=1 dbg=1 last=1029 epoch2=39451 sched_n=0
   way2 valid=1 rrpv=1 epoch=39581 dist=60253 prop=1 stamped=1 dbg=2 last=1037 epoch2=39581 sched_n=0
   way3 valid=1 rrpv=0 epoch=47798 dist=2935 prop=1 stamped=1 dbg=2 last=1042 epoch2=47798 sched_n=0
   way4 valid=1 rrpv=0 epoch=39451 dist=60123 prop=1 stamped=1 dbg=3 last=987 epoch2=39451 sched_n=0
   way5 valid=1 rrpv=0 epoch=47863 dist=3000 prop=1 stamped=1 dbg=3 last=1054 epoch2=47863 sched_n=0
   way6 valid=1 rrpv=0 epoch=47732 dist=2869 prop=1 stamped=1 dbg=3 last=1059 epoch2=47732 sched_n=0
   way7 valid=1 rrpv=7 epoch=0 dist=20672 prop=1 stamped=0 dbg=3 last=1072 epoch2=0 sched_n=0   <== VICTIM
   -> victim=way7 reason=max-rrpv farthest-epoch property
[EVICT L3 pol=ECG:rrip_first curEpoch=45189 set_ways=8]
   way0 valid=1 rrpv=0 epoch=48124 dist=2935 prop=1 stamped=1 dbg=1 last=1019 epoch2=48124 sched_n=0
   way1 valid=1 rrpv=0 epoch=47732 dist=2543 prop=1 stamped=1 dbg=1 last=1027 epoch2=47732 sched_n=0
   way2 valid=1 rrpv=0 epoch=47863 dist=2674 prop=1 stamped=1 dbg=2 last=1035 epoch2=47863 sched_n=0
   way3 valid=1 rrpv=0 epoch=48319 dist=3130 prop=1 stamped=1 dbg=2 last=1040 epoch2=48319 sched_n=0
   way4 valid=1 rrpv=0 epoch=39516 dist=59862 prop=1 stamped=1 dbg=2 last=1047 epoch2=39516 sched_n=0
   way5 valid=1 rrpv=7 epoch=0 dist=20346 prop=1 stamped=0 dbg=3 last=1076 epoch2=0 sched_n=0   <== VICTIM
   way6 valid=1 rrpv=0 epoch=39451 dist=59797 prop=1 stamped=1 dbg=3 last=1058 epoch2=39451 sched_n=0
   way7 valid=1 rrpv=0 epoch=48124 dist=2935 prop=1 stamped=1 dbg=3 last=1063 epoch2=48124 sched_n=0
   -> victim=way5 reason=max-rrpv farthest-epoch property
[EVICT L3 pol=ECG:rrip_first curEpoch=45907 set_ways=8]
   way0 valid=1 rrpv=0 epoch=39386 dist=59014 prop=1 stamped=1 dbg=1 last=1017 epoch2=39386 sched_n=0
   way1 valid=1 rrpv=0 epoch=47928 dist=2021 prop=1 stamped=1 dbg=1 last=1023 epoch2=47928 sched_n=0
   way2 valid=1 rrpv=0 epoch=48254 dist=2347 prop=1 stamped=1 dbg=1 last=1033 epoch2=48254 sched_n=0
   way3 valid=1 rrpv=0 epoch=47798 dist=1891 prop=1 stamped=1 dbg=2 last=1038 epoch2=47798 sched_n=0
   way4 valid=1 rrpv=0 epoch=47798 dist=1891 prop=1 stamped=1 dbg=2 last=1044 epoch2=47798 sched_n=0
   way5 valid=1 rrpv=7 epoch=0 dist=19628 prop=0 stamped=0 dbg=3 last=1074 epoch2=0 sched_n=0   <== VICTIM
   way6 valid=1 rrpv=0 epoch=48450 dist=2543 prop=1 stamped=1 dbg=3 last=1055 epoch2=48450 sched_n=0
   way7 valid=1 rrpv=0 epoch=39451 dist=59079 prop=1 stamped=1 dbg=3 last=1061 epoch2=39451 sched_n=0
   -> victim=way5 reason=max-rrpv record by recency
[EVICT L3 pol=ECG:rrip_first curEpoch=46102 set_ways=8]
   way0 valid=1 rrpv=0 epoch=39386 dist=58819 prop=1 stamped=1 dbg=1 last=1017 epoch2=39386 sched_n=0
   way1 valid=1 rrpv=0 epoch=47928 dist=1826 prop=1 stamped=1 dbg=1 last=1023 epoch2=47928 sched_n=0
   way2 valid=1 rrpv=0 epoch=48254 dist=2152 prop=1 stamped=1 dbg=1 last=1033 epoch2=48254 sched_n=0
   way3 valid=1 rrpv=0 epoch=47798 dist=1696 prop=1 stamped=1 dbg=2 last=1038 epoch2=47798 sched_n=0
   way4 valid=1 rrpv=0 epoch=47798 dist=1696 prop=1 stamped=1 dbg=2 last=1044 epoch2=47798 sched_n=0
   way5 valid=1 rrpv=7 epoch=0 dist=19433 prop=1 stamped=0 dbg=3 last=1080 epoch2=0 sched_n=0   <== VICTIM
   way6 valid=1 rrpv=0 epoch=48450 dist=2348 prop=1 stamped=1 dbg=3 last=1055 epoch2=48450 sched_n=0
   way7 valid=1 rrpv=0 epoch=39451 dist=58884 prop=1 stamped=1 dbg=3 last=1061 epoch2=39451 sched_n=0
   -> victim=way5 reason=max-rrpv farthest-epoch property
[EVICT L3 pol=ECG:rrip_first curEpoch=46950 set_ways=8]
   way0 valid=1 rrpv=0 epoch=47732 dist=782 prop=1 stamped=1 dbg=1 last=1018 epoch2=47732 sched_n=0
   way1 valid=1 rrpv=0 epoch=48515 dist=1565 prop=1 stamped=1 dbg=1 last=1025 epoch2=48515 sched_n=0
   way2 valid=1 rrpv=0 epoch=39581 dist=58166 prop=1 stamped=1 dbg=1 last=1034 epoch2=39581 sched_n=0
   way3 valid=1 rrpv=0 epoch=47798 dist=848 prop=1 stamped=1 dbg=2 last=1039 epoch2=47798 sched_n=0
   way4 valid=1 rrpv=0 epoch=47732 dist=782 prop=1 stamped=1 dbg=2 last=1046 epoch2=47732 sched_n=0
   way5 valid=1 rrpv=7 epoch=0 dist=18585 prop=0 stamped=0 dbg=3 last=1077 epoch2=0 sched_n=0   <== VICTIM
   way6 valid=1 rrpv=1 epoch=39516 dist=58101 prop=1 stamped=1 dbg=3 last=1056 epoch2=39516 sched_n=0
   way7 valid=1 rrpv=0 epoch=48319 dist=1369 prop=1 stamped=1 dbg=3 last=1062 epoch2=48319 sched_n=0
   -> victim=way5 reason=max-rrpv record by recency
[EVICT L3 pol=ECG:rrip_first curEpoch=47993 set_ways=8]
   way0 valid=1 rrpv=0 epoch=48124 dist=131 prop=1 stamped=1 dbg=1 last=1019 epoch2=48124 sched_n=0
   way1 valid=1 rrpv=0 epoch=47732 dist=65274 prop=1 stamped=1 dbg=1 last=1027 epoch2=47732 sched_n=0
   way2 valid=1 rrpv=0 epoch=47863 dist=65405 prop=1 stamped=1 dbg=2 last=1035 epoch2=47863 sched_n=0
   way3 valid=1 rrpv=0 epoch=48319 dist=326 prop=1 stamped=1 dbg=2 last=1040 epoch2=48319 sched_n=0
   way4 valid=1 rrpv=0 epoch=39516 dist=57058 prop=1 stamped=1 dbg=2 last=1047 epoch2=39516 sched_n=0
   way5 valid=1 rrpv=7 epoch=0 dist=17542 prop=0 stamped=0 dbg=3 last=1079 epoch2=0 sched_n=0   <== VICTIM
   way6 valid=1 rrpv=0 epoch=39451 dist=56993 prop=1 stamped=1 dbg=3 last=1058 epoch2=39451 sched_n=0
   way7 valid=1 rrpv=0 epoch=48124 dist=131 prop=1 stamped=1 dbg=3 last=1063 epoch2=48124 sched_n=0
   -> victim=way5 reason=max-rrpv record by recency
[EVICT L3 pol=ECG:rrip_first curEpoch=49037 set_ways=8]
   way0 valid=1 rrpv=0 epoch=39581 dist=56079 prop=1 stamped=1 dbg=1 last=1020 epoch2=39581 sched_n=0
   way1 valid=1 rrpv=0 epoch=39451 dist=55949 prop=1 stamped=1 dbg=1 last=1029 epoch2=39451 sched_n=0
   way2 valid=1 rrpv=1 epoch=39581 dist=56079 prop=1 stamped=1 dbg=2 last=1037 epoch2=39581 sched_n=0
   way3 valid=1 rrpv=0 epoch=47798 dist=64296 prop=1 stamped=1 dbg=2 last=1042 epoch2=47798 sched_n=0
   way4 valid=1 rrpv=0 epoch=39451 dist=55949 prop=1 stamped=1 dbg=3 last=987 epoch2=39451 sched_n=0
   way5 valid=1 rrpv=0 epoch=47863 dist=64361 prop=1 stamped=1 dbg=3 last=1054 epoch2=47863 sched_n=0
   way6 valid=1 rrpv=0 epoch=47732 dist=64230 prop=1 stamped=1 dbg=3 last=1059 epoch2=47732 sched_n=0
   way7 valid=1 rrpv=7 epoch=0 dist=16498 prop=1 stamped=0 dbg=3 last=1078 epoch2=0 sched_n=0   <== VICTIM
   -> victim=way7 reason=max-rrpv farthest-epoch property
[EVICT L3 pol=ECG:rrip_first curEpoch=50080 set_ways=8]
   way0 valid=1 rrpv=0 epoch=39386 dist=54841 prop=1 stamped=1 dbg=1 last=1017 epoch2=39386 sched_n=0
   way1 valid=1 rrpv=0 epoch=47928 dist=63383 prop=1 stamped=1 dbg=1 last=1023 epoch2=47928 sched_n=0
   way2 valid=1 rrpv=0 epoch=48254 dist=63709 prop=1 stamped=1 dbg=1 last=1033 epoch2=48254 sched_n=0
   way3 valid=1 rrpv=0 epoch=47798 dist=63253 prop=1 stamped=1 dbg=2 last=1038 epoch2=47798 sched_n=0
   way4 valid=1 rrpv=0 epoch=47798 dist=63253 prop=1 stamped=1 dbg=2 last=1044 epoch2=47798 sched_n=0
   way5 valid=1 rrpv=7 epoch=0 dist=15455 prop=0 stamped=0 dbg=3 last=1081 epoch2=0 sched_n=0   <== VICTIM
   way6 valid=1 rrpv=0 epoch=48450 dist=63905 prop=1 stamped=1 dbg=3 last=1055 epoch2=48450 sched_n=0
   way7 valid=1 rrpv=0 epoch=39451 dist=54906 prop=1 stamped=1 dbg=3 last=1061 epoch2=39451 sched_n=0
   -> victim=way5 reason=max-rrpv record by recency
[EVICT L3 pol=ECG:rrip_first curEpoch=51123 set_ways=8]
   way0 valid=1 rrpv=0 epoch=47732 dist=62144 prop=1 stamped=1 dbg=1 last=1018 epoch2=47732 sched_n=0
   way1 valid=1 rrpv=0 epoch=48515 dist=62927 prop=1 stamped=1 dbg=1 last=1025 epoch2=48515 sched_n=0
   way2 valid=1 rrpv=0 epoch=39581 dist=53993 prop=1 stamped=1 dbg=1 last=1034 epoch2=39581 sched_n=0
   way3 valid=1 rrpv=0 epoch=47798 dist=62210 prop=1 stamped=1 dbg=2 last=1039 epoch2=47798 sched_n=0
   way4 valid=1 rrpv=0 epoch=47732 dist=62144 prop=1 stamped=1 dbg=2 last=1046 epoch2=47732 sched_n=0
   way5 valid=1 rrpv=7 epoch=0 dist=14412 prop=1 stamped=0 dbg=3 last=1082 epoch2=0 sched_n=0   <== VICTIM
   way6 valid=1 rrpv=1 epoch=39516 dist=53928 prop=1 stamped=1 dbg=3 last=1056 epoch2=39516 sched_n=0
   way7 valid=1 rrpv=0 epoch=48319 dist=62731 prop=1 stamped=1 dbg=3 last=1062 epoch2=48319 sched_n=0
   -> victim=way5 reason=max-rrpv farthest-epoch property
[EVICT L3 pol=ECG:rrip_first curEpoch=52167 set_ways=8]
   way0 valid=1 rrpv=0 epoch=48124 dist=61492 prop=1 stamped=1 dbg=1 last=1019 epoch2=48124 sched_n=0
   way1 valid=1 rrpv=0 epoch=47732 dist=61100 prop=1 stamped=1 dbg=1 last=1027 epoch2=47732 sched_n=0
   way2 valid=1 rrpv=0 epoch=47863 dist=61231 prop=1 stamped=1 dbg=2 last=1035 epoch2=47863 sched_n=0
   way3 valid=1 rrpv=0 epoch=48319 dist=61687 prop=1 stamped=1 dbg=2 last=1040 epoch2=48319 sched_n=0
   way4 valid=1 rrpv=0 epoch=39516 dist=52884 prop=1 stamped=1 dbg=2 last=1047 epoch2=39516 sched_n=0
   way5 valid=1 rrpv=7 epoch=0 dist=13368 prop=1 stamped=0 dbg=3 last=1083 epoch2=0 sched_n=0   <== VICTIM
   way6 valid=1 rrpv=0 epoch=39451 dist=52819 prop=1 stamped=1 dbg=3 last=1058 epoch2=39451 sched_n=0
   way7 valid=1 rrpv=0 epoch=48124 dist=61492 prop=1 stamped=1 dbg=3 last=1063 epoch2=48124 sched_n=0
   -> victim=way5 reason=max-rrpv farthest-epoch property
[EVICT L3 pol=ECG:rrip_first curEpoch=52232 set_ways=8]
   way0 valid=1 rrpv=0 epoch=39581 dist=52884 prop=1 stamped=1 dbg=1 last=1020 epoch2=39581 sched_n=0
   way1 valid=1 rrpv=0 epoch=39451 dist=52754 prop=1 stamped=1 dbg=1 last=1029 epoch2=39451 sched_n=0
   way2 valid=1 rrpv=1 epoch=39581 dist=52884 prop=1 stamped=1 dbg=2 last=1037 epoch2=39581 sched_n=0
   way3 valid=1 rrpv=0 epoch=47798 dist=61101 prop=1 stamped=1 dbg=2 last=1042 epoch2=47798 sched_n=0
   way4 valid=1 rrpv=0 epoch=39451 dist=52754 prop=1 stamped=1 dbg=3 last=987 epoch2=39451 sched_n=0
   way5 valid=1 rrpv=0 epoch=47863 dist=61166 prop=1 stamped=1 dbg=3 last=1054 epoch2=47863 sched_n=0
   way6 valid=1 rrpv=0 epoch=47732 dist=61035 prop=1 stamped=1 dbg=3 last=1059 epoch2=47732 sched_n=0
   way7 valid=1 rrpv=7 epoch=0 dist=13303 prop=1 stamped=0 dbg=3 last=1084 epoch2=0 sched_n=0   <== VICTIM
   -> victim=way7 reason=max-rrpv farthest-epoch property
[EVICT L3 pol=ECG:rrip_first curEpoch=53210 set_ways=8]
   way0 valid=1 rrpv=0 epoch=39581 dist=51906 prop=1 stamped=1 dbg=1 last=1020 epoch2=39581 sched_n=0
   way1 valid=1 rrpv=0 epoch=39451 dist=51776 prop=1 stamped=1 dbg=1 last=1029 epoch2=39451 sched_n=0
   way2 valid=1 rrpv=1 epoch=39581 dist=51906 prop=1 stamped=1 dbg=2 last=1037 epoch2=39581 sched_n=0
   way3 valid=1 rrpv=0 epoch=47798 dist=60123 prop=1 stamped=1 dbg=2 last=1042 epoch2=47798 sched_n=0
   way4 valid=1 rrpv=0 epoch=39451 dist=51776 prop=1 stamped=1 dbg=3 last=987 epoch2=39451 sched_n=0
   way5 valid=1 rrpv=0 epoch=47863 dist=60188 prop=1 stamped=1 dbg=3 last=1054 epoch2=47863 sched_n=0
   way6 valid=1 rrpv=0 epoch=47732 dist=60057 prop=1 stamped=1 dbg=3 last=1059 epoch2=47732 sched_n=0
   way7 valid=1 rrpv=7 epoch=0 dist=12325 prop=0 stamped=0 dbg=3 last=1088 epoch2=0 sched_n=0   <== VICTIM
   -> victim=way7 reason=max-rrpv record by recency
[EVICT L3 pol=ECG:rrip_first curEpoch=53340 set_ways=8]
   way0 valid=1 rrpv=0 epoch=47732 dist=59927 prop=1 stamped=1 dbg=1 last=1018 epoch2=47732 sched_n=0
   way1 valid=1 rrpv=0 epoch=48515 dist=60710 prop=1 stamped=1 dbg=1 last=1025 epoch2=48515 sched_n=0
   way2 valid=1 rrpv=0 epoch=39581 dist=51776 prop=1 stamped=1 dbg=1 last=1034 epoch2=39581 sched_n=0
   way3 valid=1 rrpv=0 epoch=47798 dist=59993 prop=1 stamped=1 dbg=2 last=1039 epoch2=47798 sched_n=0
   way4 valid=1 rrpv=0 epoch=47732 dist=59927 prop=1 stamped=1 dbg=2 last=1046 epoch2=47732 sched_n=0
   way5 valid=1 rrpv=7 epoch=0 dist=12195 prop=1 stamped=0 dbg=3 last=1086 epoch2=0 sched_n=0   <== VICTIM
   way6 valid=1 rrpv=1 epoch=39516 dist=51711 prop=1 stamped=1 dbg=3 last=1056 epoch2=39516 sched_n=0
   way7 valid=1 rrpv=0 epoch=48319 dist=60514 prop=1 stamped=1 dbg=3 last=1062 epoch2=48319 sched_n=0
   -> victim=way5 reason=max-rrpv farthest-epoch property
[EVICT L3 pol=ECG:rrip_first curEpoch=54253 set_ways=8]
   way0 valid=1 rrpv=0 epoch=39386 dist=50668 prop=1 stamped=1 dbg=1 last=1017 epoch2=39386 sched_n=0
   way1 valid=1 rrpv=0 epoch=47928 dist=59210 prop=1 stamped=1 dbg=1 last=1023 epoch2=47928 sched_n=0
   way2 valid=1 rrpv=0 epoch=48254 dist=59536 prop=1 stamped=1 dbg=1 last=1033 epoch2=48254 sched_n=0
   way3 valid=1 rrpv=0 epoch=47798 dist=59080 prop=1 stamped=1 dbg=2 last=1038 epoch2=47798 sched_n=0
   way4 valid=1 rrpv=0 epoch=47798 dist=59080 prop=1 stamped=1 dbg=2 last=1044 epoch2=47798 sched_n=0
   way5 valid=1 rrpv=7 epoch=0 dist=11282 prop=1 stamped=0 dbg=3 last=1085 epoch2=0 sched_n=0   <== VICTIM
   way6 valid=1 rrpv=0 epoch=48450 dist=59732 prop=1 stamped=1 dbg=3 last=1055 epoch2=48450 sched_n=0
   way7 valid=1 rrpv=0 epoch=39451 dist=50733 prop=1 stamped=1 dbg=3 last=1061 epoch2=39451 sched_n=0
   -> victim=way5 reason=max-rrpv farthest-epoch property
[EVICT L3 pol=ECG:rrip_first curEpoch=55297 set_ways=8]
   way0 valid=1 rrpv=0 epoch=47732 dist=57970 prop=1 stamped=1 dbg=1 last=1018 epoch2=47732 sched_n=0
   way1 valid=1 rrpv=0 epoch=48515 dist=58753 prop=1 stamped=1 dbg=1 last=1025 epoch2=48515 sched_n=0
   way2 valid=1 rrpv=0 epoch=39581 dist=49819 prop=1 stamped=1 dbg=1 last=1034 epoch2=39581 sched_n=0
   way3 valid=1 rrpv=0 epoch=47798 dist=58036 prop=1 stamped=1 dbg=2 last=1039 epoch2=47798 sched_n=0
   way4 valid=1 rrpv=0 epoch=47732 dist=57970 prop=1 stamped=1 dbg=2 last=1046 epoch2=47732 sched_n=0
   way5 valid=1 rrpv=7 epoch=0 dist=10238 prop=0 stamped=0 dbg=3 last=1090 epoch2=0 sched_n=0   <== VICTIM
   way6 valid=1 rrpv=1 epoch=39516 dist=49754 prop=1 stamped=1 dbg=3 last=1056 epoch2=39516 sched_n=0
   way7 valid=1 rrpv=0 epoch=48319 dist=58557 prop=1 stamped=1 dbg=3 last=1062 epoch2=48319 sched_n=0
   -> victim=way5 reason=max-rrpv record by recency
[EVICT L3 pol=ECG:rrip_first curEpoch=56340 set_ways=8]
   way0 valid=1 rrpv=0 epoch=48124 dist=57319 prop=1 stamped=1 dbg=1 last=1019 epoch2=48124 sched_n=0
   way1 valid=1 rrpv=0 epoch=47732 dist=56927 prop=1 stamped=1 dbg=1 last=1027 epoch2=47732 sched_n=0
   way2 valid=1 rrpv=0 epoch=47863 dist=57058 prop=1 stamped=1 dbg=2 last=1035 epoch2=47863 sched_n=0
   way3 valid=1 rrpv=0 epoch=48319 dist=57514 prop=1 stamped=1 dbg=2 last=1040 epoch2=48319 sched_n=0
   way4 valid=1 rrpv=0 epoch=39516 dist=48711 prop=1 stamped=1 dbg=2 last=1047 epoch2=39516 sched_n=0
   way5 valid=1 rrpv=7 epoch=0 dist=9195 prop=1 stamped=0 dbg=3 last=1087 epoch2=0 sched_n=0   <== VICTIM
   way6 valid=1 rrpv=0 epoch=39451 dist=48646 prop=1 stamped=1 dbg=3 last=1058 epoch2=39451 sched_n=0
   way7 valid=1 rrpv=0 epoch=48124 dist=57319 prop=1 stamped=1 dbg=3 last=1063 epoch2=48124 sched_n=0
   -> victim=way5 reason=max-rrpv farthest-epoch property
[EVICT L3 pol=ECG:rrip_first curEpoch=57383 set_ways=8]
   way0 valid=1 rrpv=0 epoch=39581 dist=47733 prop=1 stamped=1 dbg=1 last=1020 epoch2=39581 sched_n=0
   way1 valid=1 rrpv=0 epoch=39451 dist=47603 prop=1 stamped=1 dbg=1 last=1029 epoch2=39451 sched_n=0
   way2 valid=1 rrpv=1 epoch=39581 dist=47733 prop=1 stamped=1 dbg=2 last=1037 epoch2=39581 sched_n=0
   way3 valid=1 rrpv=0 epoch=47798 dist=55950 prop=1 stamped=1 dbg=2 last=1042 epoch2=47798 sched_n=0
   way4 valid=1 rrpv=0 epoch=39451 dist=47603 prop=1 stamped=1 dbg=3 last=987 epoch2=39451 sched_n=0
   way5 valid=1 rrpv=0 epoch=47863 dist=56015 prop=1 stamped=1 dbg=3 last=1054 epoch2=47863 sched_n=0
   way6 valid=1 rrpv=0 epoch=47732 dist=55884 prop=1 stamped=1 dbg=3 last=1059 epoch2=47732 sched_n=0
   way7 valid=1 rrpv=7 epoch=0 dist=8152 prop=1 stamped=0 dbg=3 last=1089 epoch2=0 sched_n=0   <== VICTIM
   -> victim=way7 reason=max-rrpv farthest-epoch property
[EVICT L3 pol=ECG:rrip_first curEpoch=57840 set_ways=8]
   way0 valid=1 rrpv=0 epoch=48124 dist=55819 prop=1 stamped=1 dbg=1 last=1019 epoch2=48124 sched_n=0
   way1 valid=1 rrpv=0 epoch=47732 dist=55427 prop=1 stamped=1 dbg=1 last=1027 epoch2=47732 sched_n=0
   way2 valid=1 rrpv=0 epoch=47863 dist=55558 prop=1 stamped=1 dbg=2 last=1035 epoch2=47863 sched_n=0
   way3 valid=1 rrpv=0 epoch=48319 dist=56014 prop=1 stamped=1 dbg=2 last=1040 epoch2=48319 sched_n=0
   way4 valid=1 rrpv=0 epoch=39516 dist=47211 prop=1 stamped=1 dbg=2 last=1047 epoch2=39516 sched_n=0
   way5 valid=1 rrpv=7 epoch=0 dist=7695 prop=1 stamped=0 dbg=3 last=1093 epoch2=0 sched_n=0   <== VICTIM
   way6 valid=1 rrpv=0 epoch=39451 dist=47146 prop=1 stamped=1 dbg=3 last=1058 epoch2=39451 sched_n=0
   way7 valid=1 rrpv=0 epoch=48124 dist=55819 prop=1 stamped=1 dbg=3 last=1063 epoch2=48124 sched_n=0
   -> victim=way5 reason=max-rrpv farthest-epoch property
[EVICT L3 pol=ECG:rrip_first curEpoch=58427 set_ways=8]
   way0 valid=1 rrpv=0 epoch=39386 dist=46494 prop=1 stamped=1 dbg=1 last=1017 epoch2=39386 sched_n=0
   way1 valid=1 rrpv=0 epoch=47928 dist=55036 prop=1 stamped=1 dbg=1 last=1023 epoch2=47928 sched_n=0
   way2 valid=1 rrpv=0 epoch=48254 dist=55362 prop=1 stamped=1 dbg=1 last=1033 epoch2=48254 sched_n=0
   way3 valid=1 rrpv=0 epoch=47798 dist=54906 prop=1 stamped=1 dbg=2 last=1038 epoch2=47798 sched_n=0
   way4 valid=1 rrpv=0 epoch=47798 dist=54906 prop=1 stamped=1 dbg=2 last=1044 epoch2=47798 sched_n=0
   way5 valid=1 rrpv=7 epoch=0 dist=7108 prop=1 stamped=0 dbg=3 last=1091 epoch2=0 sched_n=0   <== VICTIM
   way6 valid=1 rrpv=0 epoch=48450 dist=55558 prop=1 stamped=1 dbg=3 last=1055 epoch2=48450 sched_n=0
   way7 valid=1 rrpv=0 epoch=39451 dist=46559 prop=1 stamped=1 dbg=3 last=1061 epoch2=39451 sched_n=0
   -> victim=way5 reason=max-rrpv farthest-epoch property
[EVICT L3 pol=ECG:rrip_first curEpoch=59470 set_ways=8]
   way0 valid=1 rrpv=0 epoch=47732 dist=53797 prop=1 stamped=1 dbg=1 last=1018 epoch2=47732 sched_n=0
   way1 valid=1 rrpv=0 epoch=48515 dist=54580 prop=1 stamped=1 dbg=1 last=1025 epoch2=48515 sched_n=0
   way2 valid=1 rrpv=0 epoch=39581 dist=45646 prop=1 stamped=1 dbg=1 last=1034 epoch2=39581 sched_n=0
   way3 valid=1 rrpv=0 epoch=47798 dist=53863 prop=1 stamped=1 dbg=2 last=1039 epoch2=47798 sched_n=0
   way4 valid=1 rrpv=0 epoch=47732 dist=53797 prop=1 stamped=1 dbg=2 last=1046 epoch2=47732 sched_n=0
   way5 valid=1 rrpv=7 epoch=0 dist=6065 prop=1 stamped=0 dbg=3 last=1092 epoch2=0 sched_n=0   <== VICTIM
   way6 valid=1 rrpv=1 epoch=39516 dist=45581 prop=1 stamped=1 dbg=3 last=1056 epoch2=39516 sched_n=0
   way7 valid=1 rrpv=0 epoch=48319 dist=54384 prop=1 stamped=1 dbg=3 last=1062 epoch2=48319 sched_n=0
   -> victim=way5 reason=max-rrpv farthest-epoch property
[EVICT L3 pol=ECG:rrip_first curEpoch=60513 set_ways=8]
   way0 valid=1 rrpv=0 epoch=48124 dist=53146 prop=1 stamped=1 dbg=1 last=1019 epoch2=48124 sched_n=0
   way1 valid=1 rrpv=0 epoch=47732 dist=52754 prop=1 stamped=1 dbg=1 last=1027 epoch2=47732 sched_n=0
   way2 valid=1 rrpv=0 epoch=47863 dist=52885 prop=1 stamped=1 dbg=2 last=1035 epoch2=47863 sched_n=0
   way3 valid=1 rrpv=0 epoch=48319 dist=53341 prop=1 stamped=1 dbg=2 last=1040 epoch2=48319 sched_n=0
   way4 valid=1 rrpv=0 epoch=39516 dist=44538 prop=1 stamped=1 dbg=2 last=1047 epoch2=39516 sched_n=0
   way5 valid=1 rrpv=7 epoch=0 dist=5022 prop=0 stamped=0 dbg=3 last=1095 epoch2=0 sched_n=0   <== VICTIM
   way6 valid=1 rrpv=0 epoch=39451 dist=44473 prop=1 stamped=1 dbg=3 last=1058 epoch2=39451 sched_n=0
   way7 valid=1 rrpv=0 epoch=48124 dist=53146 prop=1 stamped=1 dbg=3 last=1063 epoch2=48124 sched_n=0
   -> victim=way5 reason=max-rrpv record by recency
[EVICT L3 pol=ECG:rrip_first curEpoch=61035 set_ways=8]
   way0 valid=1 rrpv=0 epoch=39386 dist=43886 prop=1 stamped=1 dbg=1 last=1017 epoch2=39386 sched_n=0
   way1 valid=1 rrpv=0 epoch=47928 dist=52428 prop=1 stamped=1 dbg=1 last=1023 epoch2=47928 sched_n=0
   way2 valid=1 rrpv=0 epoch=48254 dist=52754 prop=1 stamped=1 dbg=1 last=1033 epoch2=48254 sched_n=0
   way3 valid=1 rrpv=0 epoch=47798 dist=52298 prop=1 stamped=1 dbg=2 last=1038 epoch2=47798 sched_n=0
   way4 valid=1 rrpv=0 epoch=47798 dist=52298 prop=1 stamped=1 dbg=2 last=1044 epoch2=47798 sched_n=0
   way5 valid=1 rrpv=7 epoch=0 dist=4500 prop=1 stamped=0 dbg=3 last=1096 epoch2=0 sched_n=0   <== VICTIM
   way6 valid=1 rrpv=0 epoch=48450 dist=52950 prop=1 stamped=1 dbg=3 last=1055 epoch2=48450 sched_n=0
   way7 valid=1 rrpv=0 epoch=39451 dist=43951 prop=1 stamped=1 dbg=3 last=1061 epoch2=39451 sched_n=0
   -> victim=way5 reason=max-rrpv farthest-epoch property
[EVICT L3 pol=ECG:rrip_first curEpoch=62274 set_ways=8]
   way0 valid=1 rrpv=0 epoch=39386 dist=42647 prop=1 stamped=1 dbg=1 last=1017 epoch2=39386 sched_n=0
   way1 valid=1 rrpv=0 epoch=47928 dist=51189 prop=1 stamped=1 dbg=1 last=1023 epoch2=47928 sched_n=0
   way2 valid=1 rrpv=0 epoch=48254 dist=51515 prop=1 stamped=1 dbg=1 last=1033 epoch2=48254 sched_n=0
   way3 valid=1 rrpv=0 epoch=47798 dist=51059 prop=1 stamped=1 dbg=2 last=1038 epoch2=47798 sched_n=0
   way4 valid=1 rrpv=0 epoch=47798 dist=51059 prop=1 stamped=1 dbg=2 last=1044 epoch2=47798 sched_n=0
   way5 valid=1 rrpv=7 epoch=0 dist=3261 prop=0 stamped=0 dbg=3 last=1099 epoch2=0 sched_n=0   <== VICTIM
   way6 valid=1 rrpv=0 epoch=48450 dist=51711 prop=1 stamped=1 dbg=3 last=1055 epoch2=48450 sched_n=0
   way7 valid=1 rrpv=0 epoch=39451 dist=42712 prop=1 stamped=1 dbg=3 last=1061 epoch2=39451 sched_n=0
   -> victim=way5 reason=max-rrpv record by recency
[EVICT L3 pol=ECG:rrip_first curEpoch=62600 set_ways=8]
   way0 valid=1 rrpv=0 epoch=39386 dist=42321 prop=1 stamped=1 dbg=1 last=1017 epoch2=39386 sched_n=0
   way1 valid=1 rrpv=0 epoch=47928 dist=50863 prop=1 stamped=1 dbg=1 last=1023 epoch2=47928 sched_n=0
   way2 valid=1 rrpv=0 epoch=48254 dist=51189 prop=1 stamped=1 dbg=1 last=1033 epoch2=48254 sched_n=0
   way3 valid=1 rrpv=0 epoch=47798 dist=50733 prop=1 stamped=1 dbg=2 last=1038 epoch2=47798 sched_n=0
   way4 valid=1 rrpv=0 epoch=47798 dist=50733 prop=1 stamped=1 dbg=2 last=1044 epoch2=47798 sched_n=0
   way5 valid=1 rrpv=7 epoch=0 dist=2935 prop=0 stamped=0 dbg=3 last=1101 epoch2=0 sched_n=0   <== VICTIM
   way6 valid=1 rrpv=0 epoch=48450 dist=51385 prop=1 stamped=1 dbg=3 last=1055 epoch2=48450 sched_n=0
   way7 valid=1 rrpv=0 epoch=39451 dist=42386 prop=1 stamped=1 dbg=3 last=1061 epoch2=39451 sched_n=0
   -> victim=way5 reason=max-rrpv record by recency
[EVICT L3 pol=ECG:rrip_first curEpoch=62665 set_ways=8]
   way0 valid=1 rrpv=0 epoch=48124 dist=50994 prop=1 stamped=1 dbg=1 last=1019 epoch2=48124 sched_n=0
   way1 valid=1 rrpv=0 epoch=47732 dist=50602 prop=1 stamped=1 dbg=1 last=1027 epoch2=47732 sched_n=0
   way2 valid=1 rrpv=0 epoch=47863 dist=50733 prop=1 stamped=1 dbg=2 last=1035 epoch2=47863 sched_n=0
   way3 valid=1 rrpv=0 epoch=48319 dist=51189 prop=1 stamped=1 dbg=2 last=1040 epoch2=48319 sched_n=0
   way4 valid=1 rrpv=0 epoch=39516 dist=42386 prop=1 stamped=1 dbg=2 last=1047 epoch2=39516 sched_n=0
   way5 valid=1 rrpv=7 epoch=0 dist=2870 prop=1 stamped=0 dbg=3 last=1098 epoch2=0 sched_n=0   <== VICTIM
   way6 valid=1 rrpv=0 epoch=39451 dist=42321 prop=1 stamped=1 dbg=3 last=1058 epoch2=39451 sched_n=0
   way7 valid=1 rrpv=0 epoch=48124 dist=50994 prop=1 stamped=1 dbg=3 last=1063 epoch2=48124 sched_n=0
   -> victim=way5 reason=max-rrpv farthest-epoch property
[EVICT L3 pol=ECG:rrip_first curEpoch=63643 set_ways=8]
   way0 valid=1 rrpv=0 epoch=47732 dist=49624 prop=1 stamped=1 dbg=1 last=1018 epoch2=47732 sched_n=0
   way1 valid=1 rrpv=0 epoch=48515 dist=50407 prop=1 stamped=1 dbg=1 last=1025 epoch2=48515 sched_n=0
   way2 valid=1 rrpv=0 epoch=39581 dist=41473 prop=1 stamped=1 dbg=1 last=1034 epoch2=39581 sched_n=0
   way3 valid=1 rrpv=0 epoch=47798 dist=49690 prop=1 stamped=1 dbg=2 last=1039 epoch2=47798 sched_n=0
   way4 valid=1 rrpv=0 epoch=47732 dist=49624 prop=1 stamped=1 dbg=2 last=1046 epoch2=47732 sched_n=0
   way5 valid=1 rrpv=7 epoch=0 dist=1892 prop=1 stamped=0 dbg=3 last=1097 epoch2=0 sched_n=0   <== VICTIM
   way6 valid=1 rrpv=1 epoch=39516 dist=41408 prop=1 stamped=1 dbg=3 last=1056 epoch2=39516 sched_n=0
   way7 valid=1 rrpv=0 epoch=48319 dist=50211 prop=1 stamped=1 dbg=3 last=1062 epoch2=48319 sched_n=0
   -> victim=way5 reason=max-rrpv farthest-epoch property
[EVICT L3 pol=ECG:rrip_first curEpoch=64361 set_ways=8]
   way0 valid=1 rrpv=0 epoch=48124 dist=49298 prop=1 stamped=1 dbg=1 last=1019 epoch2=48124 sched_n=0
   way1 valid=1 rrpv=0 epoch=47732 dist=48906 prop=1 stamped=1 dbg=1 last=1027 epoch2=47732 sched_n=0
   way2 valid=1 rrpv=0 epoch=47863 dist=49037 prop=1 stamped=1 dbg=2 last=1035 epoch2=47863 sched_n=0
   way3 valid=1 rrpv=0 epoch=48319 dist=49493 prop=1 stamped=1 dbg=2 last=1040 epoch2=48319 sched_n=0
   way4 valid=1 rrpv=0 epoch=39516 dist=40690 prop=1 stamped=1 dbg=2 last=1047 epoch2=39516 sched_n=0
   way5 valid=1 rrpv=7 epoch=0 dist=1174 prop=0 stamped=0 dbg=3 last=1103 epoch2=0 sched_n=0   <== VICTIM
   way6 valid=1 rrpv=0 epoch=39451 dist=40625 prop=1 stamped=1 dbg=3 last=1058 epoch2=39451 sched_n=0
   way7 valid=1 rrpv=0 epoch=48124 dist=49298 prop=1 stamped=1 dbg=3 last=1063 epoch2=48124 sched_n=0
   -> victim=way5 reason=max-rrpv record by recency
[EVICT L3 pol=ECG:rrip_first curEpoch=64622 set_ways=8]
   way0 valid=1 rrpv=0 epoch=39581 dist=40494 prop=1 stamped=1 dbg=1 last=1020 epoch2=39581 sched_n=0
   way1 valid=1 rrpv=0 epoch=39451 dist=40364 prop=1 stamped=1 dbg=1 last=1029 epoch2=39451 sched_n=0
   way2 valid=1 rrpv=1 epoch=39581 dist=40494 prop=1 stamped=1 dbg=2 last=1037 epoch2=39581 sched_n=0
   way3 valid=1 rrpv=0 epoch=47798 dist=48711 prop=1 stamped=1 dbg=2 last=1042 epoch2=47798 sched_n=0
   way4 valid=1 rrpv=0 epoch=39451 dist=40364 prop=1 stamped=1 dbg=3 last=1100 epoch2=39451 sched_n=0
   way5 valid=1 rrpv=0 epoch=47863 dist=48776 prop=1 stamped=1 dbg=3 last=1054 epoch2=47863 sched_n=0
   way6 valid=1 rrpv=0 epoch=47732 dist=48645 prop=1 stamped=1 dbg=3 last=1059 epoch2=47732 sched_n=0
   way7 valid=1 rrpv=7 epoch=0 dist=913 prop=1 stamped=0 dbg=3 last=1094 epoch2=0 sched_n=0   <== VICTIM
   -> victim=way7 reason=max-rrpv farthest-epoch property
[EVICT L3 pol=ECG:rrip_first curEpoch=64687 set_ways=8]
   way0 valid=1 rrpv=0 epoch=48124 dist=48972 prop=1 stamped=1 dbg=1 last=1019 epoch2=48124 sched_n=0
   way1 valid=1 rrpv=0 epoch=47732 dist=48580 prop=1 stamped=1 dbg=1 last=1027 epoch2=47732 sched_n=0
   way2 valid=1 rrpv=0 epoch=47863 dist=48711 prop=1 stamped=1 dbg=2 last=1035 epoch2=47863 sched_n=0
   way3 valid=1 rrpv=0 epoch=48319 dist=49167 prop=1 stamped=1 dbg=2 last=1040 epoch2=48319 sched_n=0
   way4 valid=1 rrpv=0 epoch=39516 dist=40364 prop=1 stamped=1 dbg=2 last=1047 epoch2=39516 sched_n=0
   way5 valid=1 rrpv=7 epoch=0 dist=848 prop=0 stamped=0 dbg=3 last=1105 epoch2=0 sched_n=0   <== VICTIM
   way6 valid=1 rrpv=0 epoch=39451 dist=40299 prop=1 stamped=1 dbg=3 last=1058 epoch2=39451 sched_n=0
   way7 valid=1 rrpv=0 epoch=48124 dist=48972 prop=1 stamped=1 dbg=3 last=1063 epoch2=48124 sched_n=0
   -> victim=way5 reason=max-rrpv record by recency
[EVICT L3 pol=ECG:rrip_first curEpoch=65078 set_ways=8]
   way0 valid=1 rrpv=0 epoch=39386 dist=39843 prop=1 stamped=1 dbg=1 last=1017 epoch2=39386 sched_n=0
   way1 valid=1 rrpv=0 epoch=47928 dist=48385 prop=1 stamped=1 dbg=1 last=1023 epoch2=47928 sched_n=0
   way2 valid=1 rrpv=0 epoch=48254 dist=48711 prop=1 stamped=1 dbg=1 last=1033 epoch2=48254 sched_n=0
   way3 valid=1 rrpv=0 epoch=47798 dist=48255 prop=1 stamped=1 dbg=2 last=1038 epoch2=47798 sched_n=0
   way4 valid=1 rrpv=0 epoch=47798 dist=48255 prop=1 stamped=1 dbg=2 last=1044 epoch2=47798 sched_n=0
   way5 valid=1 rrpv=7 epoch=0 dist=457 prop=1 stamped=0 dbg=3 last=1102 epoch2=0 sched_n=0   <== VICTIM
   way6 valid=1 rrpv=0 epoch=48450 dist=48907 prop=1 stamped=1 dbg=3 last=1055 epoch2=48450 sched_n=0
   way7 valid=1 rrpv=0 epoch=39451 dist=39908 prop=1 stamped=1 dbg=3 last=1061 epoch2=39451 sched_n=0
   -> victim=way5 reason=max-rrpv farthest-epoch property
[EVICT L3 pol=ECG:rrip_first curEpoch=4042 set_ways=8]
   way0 valid=1 rrpv=0 epoch=39581 dist=35539 prop=1 stamped=1 dbg=1 last=1020 epoch2=39581 sched_n=0
   way1 valid=1 rrpv=0 epoch=39451 dist=35409 prop=1 stamped=1 dbg=1 last=1029 epoch2=39451 sched_n=0
   way2 valid=1 rrpv=1 epoch=39581 dist=35539 prop=1 stamped=1 dbg=2 last=1037 epoch2=39581 sched_n=0
   way3 valid=1 rrpv=0 epoch=47798 dist=43756 prop=1 stamped=1 dbg=2 last=1042 epoch2=47798 sched_n=0
   way4 valid=1 rrpv=0 epoch=39451 dist=35409 prop=1 stamped=1 dbg=3 last=1100 epoch2=39451 sched_n=0
   way5 valid=1 rrpv=0 epoch=47863 dist=43821 prop=1 stamped=1 dbg=3 last=1054 epoch2=47863 sched_n=0
   way6 valid=1 rrpv=0 epoch=47732 dist=43690 prop=1 stamped=1 dbg=3 last=1059 epoch2=47732 sched_n=0
   way7 valid=1 rrpv=7 epoch=0 dist=61493 prop=0 stamped=0 dbg=3 last=1106 epoch2=0 sched_n=0   <== VICTIM
   -> victim=way7 reason=max-rrpv record by recency
[EVICT L3 pol=ECG:rrip_first curEpoch=4042 set_ways=8]
   way0 valid=1 rrpv=0 epoch=39386 dist=35344 prop=1 stamped=1 dbg=1 last=1017 epoch2=39386 sched_n=0
   way1 valid=1 rrpv=0 epoch=47928 dist=43886 prop=1 stamped=1 dbg=1 last=1023 epoch2=47928 sched_n=0
   way2 valid=1 rrpv=0 epoch=48254 dist=44212 prop=1 stamped=1 dbg=1 last=1033 epoch2=48254 sched_n=0
   way3 valid=1 rrpv=0 epoch=47798 dist=43756 prop=1 stamped=1 dbg=2 last=1038 epoch2=47798 sched_n=0
   way4 valid=1 rrpv=0 epoch=47798 dist=43756 prop=1 stamped=1 dbg=2 last=1044 epoch2=47798 sched_n=0
   way5 valid=1 rrpv=7 epoch=0 dist=61493 prop=0 stamped=0 dbg=3 last=1108 epoch2=0 sched_n=0   <== VICTIM
   way6 valid=1 rrpv=0 epoch=48450 dist=44408 prop=1 stamped=1 dbg=3 last=1055 epoch2=48450 sched_n=0
   way7 valid=1 rrpv=0 epoch=39451 dist=35409 prop=1 stamped=1 dbg=3 last=1061 epoch2=39451 sched_n=0
   -> victim=way5 reason=max-rrpv record by recency
[EVICT L3 pol=ECG:rrip_first curEpoch=5347 set_ways=8]
   way0 valid=1 rrpv=0 epoch=39581 dist=34234 prop=1 stamped=1 dbg=1 last=1020 epoch2=39581 sched_n=0
   way1 valid=1 rrpv=0 epoch=39451 dist=34104 prop=1 stamped=1 dbg=1 last=1029 epoch2=39451 sched_n=0
   way2 valid=1 rrpv=1 epoch=39581 dist=34234 prop=1 stamped=1 dbg=2 last=1037 epoch2=39581 sched_n=0
   way3 valid=1 rrpv=0 epoch=47798 dist=42451 prop=1 stamped=1 dbg=2 last=1042 epoch2=47798 sched_n=0
   way4 valid=1 rrpv=0 epoch=39451 dist=34104 prop=1 stamped=1 dbg=3 last=1100 epoch2=39451 sched_n=0
   way5 valid=1 rrpv=0 epoch=47863 dist=42516 prop=1 stamped=1 dbg=3 last=1054 epoch2=47863 sched_n=0
   way6 valid=1 rrpv=0 epoch=47732 dist=42385 prop=1 stamped=1 dbg=3 last=1059 epoch2=47732 sched_n=0
   way7 valid=1 rrpv=7 epoch=0 dist=60188 prop=0 stamped=0 dbg=3 last=1109 epoch2=0 sched_n=0   <== VICTIM
   -> victim=way7 reason=max-rrpv record by recency
[EVICT L3 pol=ECG:rrip_first curEpoch=7172 set_ways=8]
   way0 valid=1 rrpv=0 epoch=39581 dist=32409 prop=1 stamped=1 dbg=1 last=1020 epoch2=39581 sched_n=0
   way1 valid=1 rrpv=0 epoch=39451 dist=32279 prop=1 stamped=1 dbg=1 last=1029 epoch2=39451 sched_n=0
   way2 valid=1 rrpv=1 epoch=39581 dist=32409 prop=1 stamped=1 dbg=2 last=1037 epoch2=39581 sched_n=0
   way3 valid=1 rrpv=0 epoch=47798 dist=40626 prop=1 stamped=1 dbg=2 last=1042 epoch2=47798 sched_n=0
   way4 valid=1 rrpv=0 epoch=39451 dist=32279 prop=1 stamped=1 dbg=3 last=1100 epoch2=39451 sched_n=0
   way5 valid=1 rrpv=0 epoch=47863 dist=40691 prop=1 stamped=1 dbg=3 last=1054 epoch2=47863 sched_n=0
   way6 valid=1 rrpv=0 epoch=47732 dist=40560 prop=1 stamped=1 dbg=3 last=1059 epoch2=47732 sched_n=0
   way7 valid=1 rrpv=7 epoch=0 dist=58363 prop=0 stamped=0 dbg=3 last=1111 epoch2=0 sched_n=0   <== VICTIM
   -> victim=way7 reason=max-rrpv record by recency
[EVICT L3 pol=ECG:rrip_first curEpoch=7825 set_ways=8]
   way0 valid=1 rrpv=0 epoch=48124 dist=40299 prop=1 stamped=1 dbg=1 last=1019 epoch2=48124 sched_n=0
   way1 valid=1 rrpv=0 epoch=47732 dist=39907 prop=1 stamped=1 dbg=1 last=1027 epoch2=47732 sched_n=0
   way2 valid=1 rrpv=0 epoch=47863 dist=40038 prop=1 stamped=1 dbg=2 last=1035 epoch2=47863 sched_n=0
   way3 valid=1 rrpv=0 epoch=48319 dist=40494 prop=1 stamped=1 dbg=2 last=1040 epoch2=48319 sched_n=0
   way4 valid=1 rrpv=0 epoch=39516 dist=31691 prop=1 stamped=1 dbg=2 last=1047 epoch2=39516 sched_n=0
   way5 valid=1 rrpv=7 epoch=0 dist=57710 prop=1 stamped=0 dbg=3 last=1107 epoch2=0 sched_n=0   <== VICTIM
   way6 valid=1 rrpv=0 epoch=39451 dist=31626 prop=1 stamped=1 dbg=3 last=1058 epoch2=39451 sched_n=0
   way7 valid=1 rrpv=0 epoch=48124 dist=40299 prop=1 stamped=1 dbg=3 last=1063 epoch2=48124 sched_n=0
   -> victim=way5 reason=max-rrpv farthest-epoch property
[EVICT L3 pol=ECG:rrip_first curEpoch=8085 set_ways=8]
   way0 valid=1 rrpv=0 epoch=39581 dist=31496 prop=1 stamped=1 dbg=1 last=1020 epoch2=39581 sched_n=0
   way1 valid=1 rrpv=0 epoch=39451 dist=31366 prop=1 stamped=1 dbg=1 last=1029 epoch2=39451 sched_n=0
   way2 valid=1 rrpv=1 epoch=39581 dist=31496 prop=1 stamped=1 dbg=2 last=1037 epoch2=39581 sched_n=0
   way3 valid=1 rrpv=0 epoch=47798 dist=39713 prop=1 stamped=1 dbg=2 last=1042 epoch2=47798 sched_n=0
   way4 valid=1 rrpv=0 epoch=39451 dist=31366 prop=1 stamped=1 dbg=3 last=1100 epoch2=39451 sched_n=0
   way5 valid=1 rrpv=0 epoch=47863 dist=39778 prop=1 stamped=1 dbg=3 last=1054 epoch2=47863 sched_n=0
   way6 valid=1 rrpv=0 epoch=47732 dist=39647 prop=1 stamped=1 dbg=3 last=1059 epoch2=47732 sched_n=0
   way7 valid=1 rrpv=7 epoch=0 dist=57450 prop=0 stamped=0 dbg=3 last=1112 epoch2=0 sched_n=0   <== VICTIM
   -> victim=way7 reason=max-rrpv record by recency
[EVICT L3 pol=ECG:rrip_first curEpoch=8085 set_ways=8]
   way0 valid=1 rrpv=0 epoch=39386 dist=31301 prop=1 stamped=1 dbg=1 last=1017 epoch2=39386 sched_n=0
   way1 valid=1 rrpv=0 epoch=47928 dist=39843 prop=1 stamped=1 dbg=1 last=1023 epoch2=47928 sched_n=0
   way2 valid=1 rrpv=0 epoch=48254 dist=40169 prop=1 stamped=1 dbg=1 last=1033 epoch2=48254 sched_n=0
   way3 valid=1 rrpv=0 epoch=47798 dist=39713 prop=1 stamped=1 dbg=2 last=1038 epoch2=47798 sched_n=0
   way4 valid=1 rrpv=0 epoch=47798 dist=39713 prop=1 stamped=1 dbg=2 last=1044 epoch2=47798 sched_n=0
   way5 valid=1 rrpv=7 epoch=4173 dist=61623 prop=1 stamped=1 dbg=3 last=1110 epoch2=4173 sched_n=0   <== VICTIM
   way6 valid=1 rrpv=0 epoch=48450 dist=40365 prop=1 stamped=1 dbg=3 last=1055 epoch2=48450 sched_n=0
   way7 valid=1 rrpv=0 epoch=39451 dist=31366 prop=1 stamped=1 dbg=3 last=1061 epoch2=39451 sched_n=0
   -> victim=way5 reason=max-rrpv farthest-epoch property
[EVICT L3 pol=ECG:rrip_first curEpoch=11281 set_ways=8]
   way0 valid=1 rrpv=0 epoch=39386 dist=28105 prop=1 stamped=1 dbg=1 last=1017 epoch2=39386 sched_n=0
   way1 valid=1 rrpv=0 epoch=47928 dist=36647 prop=1 stamped=1 dbg=1 last=1023 epoch2=47928 sched_n=0
   way2 valid=1 rrpv=0 epoch=48254 dist=36973 prop=1 stamped=1 dbg=1 last=1033 epoch2=48254 sched_n=0
   way3 valid=1 rrpv=0 epoch=47798 dist=36517 prop=1 stamped=1 dbg=2 last=1038 epoch2=47798 sched_n=0
   way4 valid=1 rrpv=0 epoch=47798 dist=36517 prop=1 stamped=1 dbg=2 last=1044 epoch2=47798 sched_n=0
   way5 valid=1 rrpv=7 epoch=8151 dist=62405 prop=1 stamped=1 dbg=3 last=1115 epoch2=8151 sched_n=0   <== VICTIM
   way6 valid=1 rrpv=0 epoch=48450 dist=37169 prop=1 stamped=1 dbg=3 last=1055 epoch2=48450 sched_n=0
   way7 valid=1 rrpv=0 epoch=39451 dist=28170 prop=1 stamped=1 dbg=3 last=1061 epoch2=39451 sched_n=0
   -> victim=way5 reason=max-rrpv farthest-epoch property
[EVICT L3 pol=ECG:rrip_first curEpoch=11281 set_ways=8]
   way0 valid=1 rrpv=0 epoch=39581 dist=28300 prop=1 stamped=1 dbg=1 last=1020 epoch2=39581 sched_n=0
   way1 valid=1 rrpv=0 epoch=39451 dist=28170 prop=1 stamped=1 dbg=1 last=1029 epoch2=39451 sched_n=0
   way2 valid=1 rrpv=1 epoch=39581 dist=28300 prop=1 stamped=1 dbg=2 last=1037 epoch2=39581 sched_n=0
   way3 valid=1 rrpv=0 epoch=47798 dist=36517 prop=1 stamped=1 dbg=2 last=1042 epoch2=47798 sched_n=0
   way4 valid=1 rrpv=0 epoch=39451 dist=28170 prop=1 stamped=1 dbg=3 last=1100 epoch2=39451 sched_n=0
   way5 valid=1 rrpv=0 epoch=47863 dist=36582 prop=1 stamped=1 dbg=3 last=1054 epoch2=47863 sched_n=0
   way6 valid=1 rrpv=0 epoch=47732 dist=36451 prop=1 stamped=1 dbg=3 last=1059 epoch2=47732 sched_n=0
   way7 valid=1 rrpv=7 epoch=0 dist=54254 prop=0 stamped=0 dbg=3 last=1114 epoch2=0 sched_n=0   <== VICTIM
   -> victim=way7 reason=max-rrpv record by recency
[EVICT L3 pol=ECG:rrip_first curEpoch=15389 set_ways=8]
   way0 valid=1 rrpv=0 epoch=48124 dist=32735 prop=1 stamped=1 dbg=1 last=1019 epoch2=48124 sched_n=0
   way1 valid=1 rrpv=0 epoch=47732 dist=32343 prop=1 stamped=1 dbg=1 last=1027 epoch2=47732 sched_n=0
   way2 valid=1 rrpv=0 epoch=47863 dist=32474 prop=1 stamped=1 dbg=2 last=1035 epoch2=47863 sched_n=0
   way3 valid=1 rrpv=0 epoch=48319 dist=32930 prop=1 stamped=1 dbg=2 last=1040 epoch2=48319 sched_n=0
   way4 valid=1 rrpv=0 epoch=39516 dist=24127 prop=1 stamped=1 dbg=2 last=1047 epoch2=39516 sched_n=0
   way5 valid=1 rrpv=7 epoch=0 dist=50146 prop=0 stamped=0 dbg=3 last=1113 epoch2=0 sched_n=0   <== VICTIM
   way6 valid=1 rrpv=0 epoch=39451 dist=24062 prop=1 stamped=1 dbg=3 last=1058 epoch2=39451 sched_n=0
   way7 valid=1 rrpv=0 epoch=48124 dist=32735 prop=1 stamped=1 dbg=3 last=1063 epoch2=48124 sched_n=0
   -> victim=way5 reason=max-rrpv record by recency
[EVICT L3 pol=ECG:rrip_first curEpoch=15650 set_ways=8]
   way0 valid=1 rrpv=0 epoch=39581 dist=23931 prop=1 stamped=1 dbg=1 last=1020 epoch2=39581 sched_n=0
   way1 valid=1 rrpv=0 epoch=39451 dist=23801 prop=1 stamped=1 dbg=1 last=1029 epoch2=39451 sched_n=0
   way2 valid=1 rrpv=1 epoch=39581 dist=23931 prop=1 stamped=1 dbg=2 last=1037 epoch2=39581 sched_n=0
   way3 valid=1 rrpv=0 epoch=47798 dist=32148 prop=1 stamped=1 dbg=2 last=1042 epoch2=47798 sched_n=0
   way4 valid=1 rrpv=0 epoch=39451 dist=23801 prop=1 stamped=1 dbg=3 last=1100 epoch2=39451 sched_n=0
   way5 valid=1 rrpv=0 epoch=47863 dist=32213 prop=1 stamped=1 dbg=3 last=1054 epoch2=47863 sched_n=0
   way6 valid=1 rrpv=0 epoch=47732 dist=32082 prop=1 stamped=1 dbg=3 last=1059 epoch2=47732 sched_n=0
   way7 valid=1 rrpv=7 epoch=11802 dist=61687 prop=1 stamped=1 dbg=3 last=1117 epoch2=11802 sched_n=0   <== VICTIM
   -> victim=way7 reason=max-rrpv farthest-epoch property
[EVICT L3 pol=ECG:rrip_first curEpoch=15650 set_ways=8]
   way0 valid=1 rrpv=0 epoch=39581 dist=23931 prop=1 stamped=1 dbg=1 last=1020 epoch2=39581 sched_n=0
   way1 valid=1 rrpv=0 epoch=39451 dist=23801 prop=1 stamped=1 dbg=1 last=1029 epoch2=39451 sched_n=0
   way2 valid=1 rrpv=1 epoch=39581 dist=23931 prop=1 stamped=1 dbg=2 last=1037 epoch2=39581 sched_n=0
   way3 valid=1 rrpv=0 epoch=47798 dist=32148 prop=1 stamped=1 dbg=2 last=1042 epoch2=47798 sched_n=0
   way4 valid=1 rrpv=0 epoch=39451 dist=23801 prop=1 stamped=1 dbg=3 last=1100 epoch2=39451 sched_n=0
   way5 valid=1 rrpv=0 epoch=47863 dist=32213 prop=1 stamped=1 dbg=3 last=1054 epoch2=47863 sched_n=0
   way6 valid=1 rrpv=0 epoch=47732 dist=32082 prop=1 stamped=1 dbg=3 last=1059 epoch2=47732 sched_n=0
   way7 valid=1 rrpv=7 epoch=11802 dist=61687 prop=0 stamped=0 dbg=3 last=1120 epoch2=11802 sched_n=0   <== VICTIM
   -> victim=way7 reason=max-rrpv record by recency
[EVICT L3 pol=ECG:rrip_first curEpoch=17476 set_ways=8]
   way0 valid=1 rrpv=0 epoch=39386 dist=21910 prop=1 stamped=1 dbg=1 last=1017 epoch2=39386 sched_n=0
   way1 valid=1 rrpv=0 epoch=47928 dist=30452 prop=1 stamped=1 dbg=1 last=1023 epoch2=47928 sched_n=0
   way2 valid=1 rrpv=0 epoch=48254 dist=30778 prop=1 stamped=1 dbg=1 last=1033 epoch2=48254 sched_n=0
   way3 valid=1 rrpv=0 epoch=47798 dist=30322 prop=1 stamped=1 dbg=2 last=1038 epoch2=47798 sched_n=0
   way4 valid=1 rrpv=0 epoch=47798 dist=30322 prop=1 stamped=1 dbg=2 last=1044 epoch2=47798 sched_n=0
   way5 valid=1 rrpv=7 epoch=8151 dist=56210 prop=0 stamped=0 dbg=3 last=1116 epoch2=8151 sched_n=0   <== VICTIM
   way6 valid=1 rrpv=0 epoch=48450 dist=30974 prop=1 stamped=1 dbg=3 last=1055 epoch2=48450 sched_n=0
   way7 valid=1 rrpv=0 epoch=39451 dist=21975 prop=1 stamped=1 dbg=3 last=1061 epoch2=39451 sched_n=0
   -> victim=way5 reason=max-rrpv record by recency
[EVICT L3 pol=ECG:rrip_first curEpoch=17476 set_ways=8]
   way0 valid=1 rrpv=0 epoch=47732 dist=30256 prop=1 stamped=1 dbg=1 last=1018 epoch2=47732 sched_n=0
   way1 valid=1 rrpv=0 epoch=11737 dist=59796 prop=1 stamped=1 dbg=1 last=1118 epoch2=11737 sched_n=0
   way2 valid=1 rrpv=0 epoch=39581 dist=22105 prop=1 stamped=1 dbg=1 last=1034 epoch2=39581 sched_n=0
   way3 valid=1 rrpv=0 epoch=47798 dist=30322 prop=1 stamped=1 dbg=2 last=1039 epoch2=47798 sched_n=0
   way4 valid=1 rrpv=0 epoch=47732 dist=30256 prop=1 stamped=1 dbg=2 last=1046 epoch2=47732 sched_n=0
   way5 valid=1 rrpv=7 epoch=0 dist=48059 prop=1 stamped=0 dbg=3 last=1104 epoch2=0 sched_n=0   <== VICTIM
   way6 valid=1 rrpv=1 epoch=39516 dist=22040 prop=1 stamped=1 dbg=3 last=1056 epoch2=39516 sched_n=0
   way7 valid=1 rrpv=0 epoch=48319 dist=30843 prop=1 stamped=1 dbg=3 last=1062 epoch2=48319 sched_n=0
   -> victim=way5 reason=max-rrpv farthest-epoch property
[EVICT L3 pol=ECG:rrip_first curEpoch=19432 set_ways=8]
   way0 valid=1 rrpv=0 epoch=48124 dist=28692 prop=1 stamped=1 dbg=1 last=1019 epoch2=48124 sched_n=0
   way1 valid=1 rrpv=0 epoch=47732 dist=28300 prop=1 stamped=1 dbg=1 last=1027 epoch2=47732 sched_n=0
   way2 valid=1 rrpv=0 epoch=47863 dist=28431 prop=1 stamped=1 dbg=2 last=1035 epoch2=47863 sched_n=0
   way3 valid=1 rrpv=0 epoch=48319 dist=28887 prop=1 stamped=1 dbg=2 last=1040 epoch2=48319 sched_n=0
   way4 valid=1 rrpv=0 epoch=39516 dist=20084 prop=1 stamped=1 dbg=2 last=1047 epoch2=39516 sched_n=0
   way5 valid=1 rrpv=7 epoch=0 dist=46103 prop=0 stamped=0 dbg=3 last=1119 epoch2=0 sched_n=0   <== VICTIM
   way6 valid=1 rrpv=0 epoch=39451 dist=20019 prop=1 stamped=1 dbg=3 last=1058 epoch2=39451 sched_n=0
   way7 valid=1 rrpv=0 epoch=17802 dist=63905 prop=1 stamped=1 dbg=3 last=1124 epoch2=17802 sched_n=0
   -> victim=way5 reason=max-rrpv record by recency
[EVICT L3 pol=ECG:rrip_first curEpoch=19432 set_ways=8]
   way0 valid=1 rrpv=0 epoch=48124 dist=28692 prop=1 stamped=1 dbg=1 last=1019 epoch2=48124 sched_n=0
   way1 valid=1 rrpv=0 epoch=47732 dist=28300 prop=1 stamped=1 dbg=1 last=1027 epoch2=47732 sched_n=0
   way2 valid=1 rrpv=0 epoch=47863 dist=28431 prop=1 stamped=1 dbg=2 last=1035 epoch2=47863 sched_n=0
   way3 valid=1 rrpv=0 epoch=48319 dist=28887 prop=1 stamped=1 dbg=2 last=1040 epoch2=48319 sched_n=0
   way4 valid=1 rrpv=0 epoch=39516 dist=20084 prop=1 stamped=1 dbg=2 last=1047 epoch2=39516 sched_n=0
   way5 valid=1 rrpv=7 epoch=0 dist=46103 prop=0 stamped=0 dbg=3 last=1125 epoch2=0 sched_n=0   <== VICTIM
   way6 valid=1 rrpv=0 epoch=39451 dist=20019 prop=1 stamped=1 dbg=3 last=1058 epoch2=39451 sched_n=0
   way7 valid=1 rrpv=0 epoch=17802 dist=63905 prop=1 stamped=1 dbg=3 last=1124 epoch2=17802 sched_n=0
   -> victim=way5 reason=max-rrpv record by recency
[EVICT L3 pol=ECG:rrip_first curEpoch=23931 set_ways=8]
   way0 valid=1 rrpv=0 epoch=48124 dist=24193 prop=1 stamped=1 dbg=1 last=1019 epoch2=48124 sched_n=0
   way1 valid=1 rrpv=0 epoch=47732 dist=23801 prop=1 stamped=1 dbg=1 last=1027 epoch2=47732 sched_n=0
   way2 valid=1 rrpv=0 epoch=47863 dist=23932 prop=1 stamped=1 dbg=2 last=1035 epoch2=47863 sched_n=0
   way3 valid=1 rrpv=0 epoch=48319 dist=24388 prop=1 stamped=1 dbg=2 last=1040 epoch2=48319 sched_n=0
   way4 valid=1 rrpv=0 epoch=39516 dist=15585 prop=1 stamped=1 dbg=2 last=1047 epoch2=39516 sched_n=0
   way5 valid=1 rrpv=7 epoch=19627 dist=61231 prop=1 stamped=1 dbg=3 last=1126 epoch2=19627 sched_n=0   <== VICTIM
   way6 valid=1 rrpv=0 epoch=39451 dist=15520 prop=1 stamped=1 dbg=3 last=1058 epoch2=39451 sched_n=0
   way7 valid=1 rrpv=0 epoch=17802 dist=59406 prop=1 stamped=1 dbg=3 last=1124 epoch2=17802 sched_n=0
   -> victim=way5 reason=max-rrpv farthest-epoch property
[EVICT L3 pol=ECG:rrip_first curEpoch=24062 set_ways=8]
   way0 valid=1 rrpv=0 epoch=24192 dist=130 prop=1 stamped=1 dbg=1 last=1128 epoch2=24192 sched_n=0
   way1 valid=1 rrpv=0 epoch=47732 dist=23670 prop=1 stamped=1 dbg=1 last=1027 epoch2=47732 sched_n=0
   way2 valid=1 rrpv=0 epoch=47863 dist=23801 prop=1 stamped=1 dbg=2 last=1035 epoch2=47863 sched_n=0
   way3 valid=1 rrpv=0 epoch=48319 dist=24257 prop=1 stamped=1 dbg=2 last=1040 epoch2=48319 sched_n=0
   way4 valid=1 rrpv=0 epoch=39516 dist=15454 prop=1 stamped=1 dbg=2 last=1047 epoch2=39516 sched_n=0
   way5 valid=1 rrpv=7 epoch=19627 dist=61100 prop=0 stamped=0 dbg=3 last=1127 epoch2=19627 sched_n=0   <== VICTIM
   way6 valid=1 rrpv=0 epoch=39451 dist=15389 prop=1 stamped=1 dbg=3 last=1058 epoch2=39451 sched_n=0
   way7 valid=1 rrpv=0 epoch=17802 dist=59275 prop=1 stamped=1 dbg=3 last=1124 epoch2=17802 sched_n=0
   -> victim=way5 reason=max-rrpv record by recency
[EVICT L3 pol=ECG:rrip_first curEpoch=26214 set_ways=8]
   way0 valid=1 rrpv=0 epoch=24192 dist=63513 prop=1 stamped=1 dbg=1 last=1128 epoch2=24192 sched_n=0
   way1 valid=1 rrpv=0 epoch=47732 dist=21518 prop=1 stamped=1 dbg=1 last=1027 epoch2=47732 sched_n=0
   way2 valid=1 rrpv=0 epoch=47863 dist=21649 prop=1 stamped=1 dbg=2 last=1035 epoch2=47863 sched_n=0
   way3 valid=1 rrpv=0 epoch=48319 dist=22105 prop=1 stamped=1 dbg=2 last=1040 epoch2=48319 sched_n=0
   way4 valid=1 rrpv=0 epoch=39516 dist=13302 prop=1 stamped=1 dbg=2 last=1047 epoch2=39516 sched_n=0
   way5 valid=1 rrpv=7 epoch=24192 dist=63513 prop=1 stamped=1 dbg=3 last=1130 epoch2=24192 sched_n=0   <== VICTIM
   way6 valid=1 rrpv=0 epoch=39451 dist=13237 prop=1 stamped=1 dbg=3 last=1058 epoch2=39451 sched_n=0
   way7 valid=1 rrpv=0 epoch=17802 dist=57123 prop=1 stamped=1 dbg=3 last=1124 epoch2=17802 sched_n=0
   -> victim=way5 reason=max-rrpv farthest-epoch property
[EVICT L3 pol=ECG:rrip_first curEpoch=26214 set_ways=8]
   way0 valid=1 rrpv=0 epoch=39386 dist=13172 prop=1 stamped=1 dbg=1 last=1017 epoch2=39386 sched_n=0
   way1 valid=1 rrpv=0 epoch=47928 dist=21714 prop=1 stamped=1 dbg=1 last=1023 epoch2=47928 sched_n=0
   way2 valid=1 rrpv=0 epoch=48254 dist=22040 prop=1 stamped=1 dbg=1 last=1033 epoch2=48254 sched_n=0
   way3 valid=1 rrpv=0 epoch=47798 dist=21584 prop=1 stamped=1 dbg=2 last=1038 epoch2=47798 sched_n=0
   way4 valid=1 rrpv=0 epoch=47798 dist=21584 prop=1 stamped=1 dbg=2 last=1044 epoch2=47798 sched_n=0
   way5 valid=1 rrpv=7 epoch=8151 dist=47472 prop=0 stamped=0 dbg=3 last=1122 epoch2=8151 sched_n=0   <== VICTIM
   way6 valid=1 rrpv=0 epoch=48450 dist=22236 prop=1 stamped=1 dbg=3 last=1055 epoch2=48450 sched_n=0
   way7 valid=1 rrpv=0 epoch=26279 dist=65 prop=1 stamped=1 dbg=3 last=1132 epoch2=26279 sched_n=0
   -> victim=way5 reason=max-rrpv record by recency
[EVICT L3 pol=ECG:rrip_first curEpoch=28300 set_ways=8]
   way0 valid=1 rrpv=0 epoch=39386 dist=11086 prop=1 stamped=1 dbg=1 last=1017 epoch2=39386 sched_n=0
   way1 valid=1 rrpv=0 epoch=47928 dist=19628 prop=1 stamped=1 dbg=1 last=1023 epoch2=47928 sched_n=0
   way2 valid=1 rrpv=0 epoch=48254 dist=19954 prop=1 stamped=1 dbg=1 last=1033 epoch2=48254 sched_n=0
   way3 valid=1 rrpv=0 epoch=47798 dist=19498 prop=1 stamped=1 dbg=2 last=1038 epoch2=47798 sched_n=0
   way4 valid=1 rrpv=0 epoch=47798 dist=19498 prop=1 stamped=1 dbg=2 last=1044 epoch2=47798 sched_n=0
   way5 valid=1 rrpv=7 epoch=26409 dist=63644 prop=1 stamped=1 dbg=3 last=1133 epoch2=26409 sched_n=0   <== VICTIM
   way6 valid=1 rrpv=0 epoch=48450 dist=20150 prop=1 stamped=1 dbg=3 last=1055 epoch2=48450 sched_n=0
   way7 valid=1 rrpv=0 epoch=26279 dist=63514 prop=1 stamped=1 dbg=3 last=1132 epoch2=26279 sched_n=0
   -> victim=way5 reason=max-rrpv farthest-epoch property
[EVICT L3 pol=ECG:rrip_first curEpoch=44146 set_ways=8]
   way0 valid=1 rrpv=0 epoch=24192 dist=45581 prop=1 stamped=1 dbg=1 last=1129 epoch2=24192 sched_n=0
   way1 valid=1 rrpv=0 epoch=11737 dist=33126 prop=1 stamped=1 dbg=1 last=1118 epoch2=11737 sched_n=0
   way2 valid=1 rrpv=0 epoch=39581 dist=60970 prop=1 stamped=1 dbg=1 last=1034 epoch2=39581 sched_n=0
   way3 valid=1 rrpv=0 epoch=47798 dist=3652 prop=1 stamped=1 dbg=2 last=1039 epoch2=47798 sched_n=0
   way4 valid=1 rrpv=0 epoch=47732 dist=3586 prop=1 stamped=1 dbg=2 last=1046 epoch2=47732 sched_n=0
   way5 valid=1 rrpv=7 epoch=17867 dist=39256 prop=1 stamped=1 dbg=3 last=1123 epoch2=17867 sched_n=0   <== VICTIM
   way6 valid=1 rrpv=1 epoch=39516 dist=60905 prop=1 stamped=1 dbg=3 last=1056 epoch2=39516 sched_n=0
   way7 valid=1 rrpv=0 epoch=48319 dist=4173 prop=1 stamped=1 dbg=3 last=1062 epoch2=48319 sched_n=0
   -> victim=way5 reason=max-rrpv farthest-epoch property
[EVICT L3 pol=ECG:rrip_first curEpoch=45189 set_ways=8]
   way0 valid=1 rrpv=0 epoch=24192 dist=44538 prop=1 stamped=1 dbg=1 last=1128 epoch2=24192 sched_n=0
   way1 valid=1 rrpv=0 epoch=47732 dist=2543 prop=1 stamped=1 dbg=1 last=1027 epoch2=47732 sched_n=0
   way2 valid=1 rrpv=0 epoch=47863 dist=2674 prop=1 stamped=1 dbg=2 last=1035 epoch2=47863 sched_n=0
   way3 valid=1 rrpv=0 epoch=48319 dist=3130 prop=1 stamped=1 dbg=2 last=1040 epoch2=48319 sched_n=0
   way4 valid=1 rrpv=0 epoch=28626 dist=48972 prop=1 stamped=1 dbg=2 last=1136 epoch2=28626 sched_n=0
   way5 valid=1 rrpv=7 epoch=24192 dist=44538 prop=0 stamped=0 dbg=3 last=1131 epoch2=24192 sched_n=0   <== VICTIM
   way6 valid=1 rrpv=0 epoch=39451 dist=59797 prop=1 stamped=1 dbg=3 last=1058 epoch2=39451 sched_n=0
   way7 valid=1 rrpv=0 epoch=17802 dist=38148 prop=1 stamped=1 dbg=3 last=1124 epoch2=17802 sched_n=0
   -> victim=way5 reason=max-rrpv record by recency
[EVICT L3 pol=ECG:rrip_first curEpoch=45189 set_ways=8]
   way0 valid=1 rrpv=0 epoch=45385 dist=196 prop=1 stamped=1 dbg=1 last=1139 epoch2=45385 sched_n=0
   way1 valid=1 rrpv=0 epoch=39451 dist=59797 prop=1 stamped=1 dbg=1 last=1029 epoch2=39451 sched_n=0
   way2 valid=1 rrpv=1 epoch=39581 dist=59927 prop=1 stamped=1 dbg=2 last=1037 epoch2=39581 sched_n=0
   way3 valid=1 rrpv=0 epoch=45255 dist=66 prop=1 stamped=1 dbg=2 last=1141 epoch2=45255 sched_n=0
   way4 valid=1 rrpv=0 epoch=26279 dist=46625 prop=1 stamped=1 dbg=3 last=1134 epoch2=26279 sched_n=0
   way5 valid=1 rrpv=0 epoch=47863 dist=2674 prop=1 stamped=1 dbg=3 last=1054 epoch2=47863 sched_n=0
   way6 valid=1 rrpv=0 epoch=47732 dist=2543 prop=1 stamped=1 dbg=3 last=1059 epoch2=47732 sched_n=0
   way7 valid=1 rrpv=7 epoch=44733 dist=65079 prop=1 stamped=1 dbg=3 last=1121 epoch2=44733 sched_n=0   <== VICTIM
   -> victim=way7 reason=max-rrpv farthest-epoch property
[EVICT L3 pol=ECG:rrip_first curEpoch=45189 set_ways=8]
   way0 valid=1 rrpv=0 epoch=39386 dist=59732 prop=1 stamped=1 dbg=1 last=1017 epoch2=39386 sched_n=0
   way1 valid=1 rrpv=0 epoch=45515 dist=326 prop=1 stamped=1 dbg=1 last=1140 epoch2=45515 sched_n=0
   way2 valid=1 rrpv=0 epoch=48254 dist=3065 prop=1 stamped=1 dbg=1 last=1033 epoch2=48254 sched_n=0
   way3 valid=1 rrpv=0 epoch=47798 dist=2609 prop=1 stamped=1 dbg=2 last=1038 epoch2=47798 sched_n=0
   way4 valid=1 rrpv=0 epoch=47798 dist=2609 prop=1 stamped=1 dbg=2 last=1044 epoch2=47798 sched_n=0
   way5 valid=1 rrpv=7 epoch=26409 dist=46755 prop=0 stamped=0 dbg=3 last=1135 epoch2=26409 sched_n=0   <== VICTIM
   way6 valid=1 rrpv=0 epoch=48450 dist=3261 prop=1 stamped=1 dbg=3 last=1055 epoch2=48450 sched_n=0
   way7 valid=1 rrpv=0 epoch=26279 dist=46625 prop=1 stamped=1 dbg=3 last=1132 epoch2=26279 sched_n=0
   -> victim=way5 reason=max-rrpv record by recency
[EVICT L3 pol=ECG:rrip_first curEpoch=45189 set_ways=8]
   way0 valid=1 rrpv=0 epoch=39386 dist=59732 prop=1 stamped=1 dbg=1 last=1017 epoch2=39386 sched_n=0
   way1 valid=1 rrpv=0 epoch=45515 dist=326 prop=1 stamped=1 dbg=1 last=1140 epoch2=45515 sched_n=0
   way2 valid=1 rrpv=0 epoch=48254 dist=3065 prop=1 stamped=1 dbg=1 last=1033 epoch2=48254 sched_n=0
   way3 valid=1 rrpv=0 epoch=47798 dist=2609 prop=1 stamped=1 dbg=2 last=1038 epoch2=47798 sched_n=0
   way4 valid=1 rrpv=0 epoch=47798 dist=2609 prop=1 stamped=1 dbg=2 last=1044 epoch2=47798 sched_n=0
   way5 valid=1 rrpv=7 epoch=45385 dist=196 prop=1 stamped=1 dbg=3 last=1144 epoch2=45385 sched_n=0   <== VICTIM
   way6 valid=1 rrpv=0 epoch=48450 dist=3261 prop=1 stamped=1 dbg=3 last=1055 epoch2=48450 sched_n=0
   way7 valid=1 rrpv=0 epoch=26279 dist=46625 prop=1 stamped=1 dbg=3 last=1132 epoch2=26279 sched_n=0
   -> victim=way5 reason=max-rrpv farthest-epoch property
[EVICT L3 pol=ECG:rrip_first curEpoch=45189 set_ways=8]
   way0 valid=1 rrpv=0 epoch=45385 dist=196 prop=1 stamped=1 dbg=1 last=1139 epoch2=45385 sched_n=0
   way1 valid=1 rrpv=0 epoch=39451 dist=59797 prop=1 stamped=1 dbg=1 last=1029 epoch2=39451 sched_n=0
   way2 valid=1 rrpv=1 epoch=39581 dist=59927 prop=1 stamped=1 dbg=2 last=1037 epoch2=39581 sched_n=0
   way3 valid=1 rrpv=0 epoch=45255 dist=66 prop=1 stamped=1 dbg=2 last=1141 epoch2=45255 sched_n=0
   way4 valid=1 rrpv=0 epoch=26279 dist=46625 prop=1 stamped=1 dbg=3 last=1134 epoch2=26279 sched_n=0
   way5 valid=1 rrpv=0 epoch=47863 dist=2674 prop=1 stamped=1 dbg=3 last=1054 epoch2=47863 sched_n=0
   way6 valid=1 rrpv=0 epoch=47732 dist=2543 prop=1 stamped=1 dbg=3 last=1059 epoch2=47732 sched_n=0
   way7 valid=1 rrpv=7 epoch=44733 dist=65079 prop=0 stamped=0 dbg=3 last=1142 epoch2=44733 sched_n=0   <== VICTIM
   -> victim=way7 reason=max-rrpv record by recency
[EVICT L3 pol=ECG:rrip_first curEpoch=45189 set_ways=8]
   way0 valid=1 rrpv=0 epoch=24192 dist=44538 prop=1 stamped=1 dbg=1 last=1128 epoch2=24192 sched_n=0
   way1 valid=1 rrpv=0 epoch=47732 dist=2543 prop=1 stamped=1 dbg=1 last=1027 epoch2=47732 sched_n=0
   way2 valid=1 rrpv=0 epoch=47863 dist=2674 prop=1 stamped=1 dbg=2 last=1035 epoch2=47863 sched_n=0
   way3 valid=1 rrpv=0 epoch=48319 dist=3130 prop=1 stamped=1 dbg=2 last=1040 epoch2=48319 sched_n=0
   way4 valid=1 rrpv=0 epoch=28626 dist=48972 prop=1 stamped=1 dbg=2 last=1136 epoch2=28626 sched_n=0
   way5 valid=1 rrpv=7 epoch=24192 dist=44538 prop=0 stamped=0 dbg=3 last=1138 epoch2=24192 sched_n=0   <== VICTIM
   way6 valid=1 rrpv=0 epoch=39451 dist=59797 prop=1 stamped=1 dbg=3 last=1058 epoch2=39451 sched_n=0
   way7 valid=1 rrpv=0 epoch=17802 dist=38148 prop=1 stamped=1 dbg=3 last=1124 epoch2=17802 sched_n=0
   -> victim=way5 reason=max-rrpv record by recency
[EVICT L3 pol=ECG:rrip_first curEpoch=46102 set_ways=8]
   way0 valid=1 rrpv=0 epoch=39386 dist=58819 prop=1 stamped=1 dbg=1 last=1017 epoch2=39386 sched_n=0
   way1 valid=1 rrpv=0 epoch=45515 dist=64948 prop=1 stamped=1 dbg=1 last=1140 epoch2=45515 sched_n=0
   way2 valid=1 rrpv=0 epoch=48254 dist=2152 prop=1 stamped=1 dbg=1 last=1033 epoch2=48254 sched_n=0
   way3 valid=1 rrpv=0 epoch=47798 dist=1696 prop=1 stamped=1 dbg=2 last=1038 epoch2=47798 sched_n=0
   way4 valid=1 rrpv=0 epoch=47798 dist=1696 prop=1 stamped=1 dbg=2 last=1044 epoch2=47798 sched_n=0
   way5 valid=1 rrpv=7 epoch=45255 dist=64688 prop=1 stamped=1 dbg=3 last=1145 epoch2=45255 sched_n=0   <== VICTIM
   way6 valid=1 rrpv=0 epoch=48450 dist=2348 prop=1 stamped=1 dbg=3 last=1055 epoch2=48450 sched_n=0
   way7 valid=1 rrpv=0 epoch=26279 dist=45712 prop=1 stamped=1 dbg=3 last=1132 epoch2=26279 sched_n=0
   -> victim=way5 reason=max-rrpv farthest-epoch property
[EVICT L3 pol=ECG:rrip_first curEpoch=52232 set_ways=8]
   way0 valid=1 rrpv=0 epoch=45385 dist=58688 prop=1 stamped=1 dbg=1 last=1139 epoch2=45385 sched_n=0
   way1 valid=1 rrpv=0 epoch=39451 dist=52754 prop=1 stamped=1 dbg=1 last=1029 epoch2=39451 sched_n=0
   way2 valid=1 rrpv=1 epoch=39581 dist=52884 prop=1 stamped=1 dbg=2 last=1037 epoch2=39581 sched_n=0
   way3 valid=1 rrpv=0 epoch=45255 dist=58558 prop=1 stamped=1 dbg=2 last=1141 epoch2=45255 sched_n=0
   way4 valid=1 rrpv=0 epoch=26279 dist=39582 prop=1 stamped=1 dbg=3 last=1134 epoch2=26279 sched_n=0
   way5 valid=1 rrpv=0 epoch=47863 dist=61166 prop=1 stamped=1 dbg=3 last=1054 epoch2=47863 sched_n=0
   way6 valid=1 rrpv=0 epoch=47732 dist=61035 prop=1 stamped=1 dbg=3 last=1059 epoch2=47732 sched_n=0
   way7 valid=1 rrpv=7 epoch=45320 dist=58623 prop=1 stamped=1 dbg=3 last=1146 epoch2=45320 sched_n=0   <== VICTIM
   -> victim=way7 reason=max-rrpv farthest-epoch property
[EVICT L3 pol=ECG:rrip_first curEpoch=57840 set_ways=8]
   way0 valid=1 rrpv=0 epoch=24192 dist=31887 prop=1 stamped=1 dbg=1 last=1128 epoch2=24192 sched_n=0
   way1 valid=1 rrpv=0 epoch=47732 dist=55427 prop=1 stamped=1 dbg=1 last=1027 epoch2=47732 sched_n=0
   way2 valid=1 rrpv=0 epoch=47863 dist=55558 prop=1 stamped=1 dbg=2 last=1035 epoch2=47863 sched_n=0
   way3 valid=1 rrpv=0 epoch=48319 dist=56014 prop=1 stamped=1 dbg=2 last=1040 epoch2=48319 sched_n=0
   way4 valid=1 rrpv=0 epoch=28626 dist=36321 prop=1 stamped=1 dbg=2 last=1136 epoch2=28626 sched_n=0
   way5 valid=1 rrpv=7 epoch=45320 dist=53015 prop=1 stamped=1 dbg=3 last=1147 epoch2=45320 sched_n=0   <== VICTIM
   way6 valid=1 rrpv=0 epoch=39451 dist=47146 prop=1 stamped=1 dbg=3 last=1058 epoch2=39451 sched_n=0
   way7 valid=1 rrpv=0 epoch=17802 dist=25497 prop=1 stamped=1 dbg=3 last=1124 epoch2=17802 sched_n=0
   -> victim=way5 reason=max-rrpv farthest-epoch property
[EVICT L3 pol=ECG:rrip_first curEpoch=61035 set_ways=8]
   way0 valid=1 rrpv=0 epoch=39386 dist=43886 prop=1 stamped=1 dbg=1 last=1017 epoch2=39386 sched_n=0
   way1 valid=1 rrpv=0 epoch=45515 dist=50015 prop=1 stamped=1 dbg=1 last=1140 epoch2=45515 sched_n=0
   way2 valid=1 rrpv=0 epoch=48254 dist=52754 prop=1 stamped=1 dbg=1 last=1033 epoch2=48254 sched_n=0
   way3 valid=1 rrpv=0 epoch=47798 dist=52298 prop=1 stamped=1 dbg=2 last=1038 epoch2=47798 sched_n=0
   way4 valid=1 rrpv=0 epoch=47798 dist=52298 prop=1 stamped=1 dbg=2 last=1044 epoch2=47798 sched_n=0
   way5 valid=1 rrpv=7 epoch=45255 dist=49755 prop=0 stamped=0 dbg=3 last=1148 epoch2=45255 sched_n=0   <== VICTIM
   way6 valid=1 rrpv=0 epoch=48450 dist=52950 prop=1 stamped=1 dbg=3 last=1055 epoch2=48450 sched_n=0
   way7 valid=1 rrpv=0 epoch=26279 dist=30779 prop=1 stamped=1 dbg=3 last=1132 epoch2=26279 sched_n=0
   -> victim=way5 reason=max-rrpv record by recency
[EVICT L3 pol=ECG:rrip_first curEpoch=61035 set_ways=8]
   way0 valid=1 rrpv=0 epoch=24192 dist=28692 prop=1 stamped=1 dbg=1 last=1128 epoch2=24192 sched_n=0
   way1 valid=1 rrpv=0 epoch=47732 dist=52232 prop=1 stamped=1 dbg=1 last=1027 epoch2=47732 sched_n=0
   way2 valid=1 rrpv=0 epoch=47863 dist=52363 prop=1 stamped=1 dbg=2 last=1035 epoch2=47863 sched_n=0
   way3 valid=1 rrpv=0 epoch=48319 dist=52819 prop=1 stamped=1 dbg=2 last=1040 epoch2=48319 sched_n=0
   way4 valid=1 rrpv=0 epoch=28626 dist=33126 prop=1 stamped=1 dbg=2 last=1136 epoch2=28626 sched_n=0
   way5 valid=1 rrpv=7 epoch=45320 dist=49820 prop=0 stamped=0 dbg=3 last=1150 epoch2=45320 sched_n=0   <== VICTIM
   way6 valid=1 rrpv=0 epoch=39451 dist=43951 prop=1 stamped=1 dbg=3 last=1058 epoch2=39451 sched_n=0
   way7 valid=1 rrpv=0 epoch=17802 dist=22302 prop=1 stamped=1 dbg=3 last=1124 epoch2=17802 sched_n=0
   -> victim=way5 reason=max-rrpv record by recency
[EVICT L3 pol=ECG:rrip_first curEpoch=61035 set_ways=8]
   way0 valid=1 rrpv=0 epoch=39386 dist=43886 prop=1 stamped=1 dbg=1 last=1017 epoch2=39386 sched_n=0
   way1 valid=1 rrpv=0 epoch=45515 dist=50015 prop=1 stamped=1 dbg=1 last=1140 epoch2=45515 sched_n=0
   way2 valid=1 rrpv=0 epoch=48254 dist=52754 prop=1 stamped=1 dbg=1 last=1033 epoch2=48254 sched_n=0
   way3 valid=1 rrpv=0 epoch=47798 dist=52298 prop=1 stamped=1 dbg=2 last=1038 epoch2=47798 sched_n=0
   way4 valid=1 rrpv=0 epoch=47798 dist=52298 prop=1 stamped=1 dbg=2 last=1044 epoch2=47798 sched_n=0
   way5 valid=1 rrpv=7 epoch=45255 dist=49755 prop=0 stamped=0 dbg=3 last=1151 epoch2=45255 sched_n=0   <== VICTIM
   way6 valid=1 rrpv=0 epoch=48450 dist=52950 prop=1 stamped=1 dbg=3 last=1055 epoch2=48450 sched_n=0
   way7 valid=1 rrpv=0 epoch=26279 dist=30779 prop=1 stamped=1 dbg=3 last=1132 epoch2=26279 sched_n=0
   -> victim=way5 reason=max-rrpv record by recency
[EVICT L3 pol=ECG:rrip_first curEpoch=62665 set_ways=8]
   way0 valid=1 rrpv=0 epoch=24192 dist=27062 prop=1 stamped=1 dbg=1 last=1128 epoch2=24192 sched_n=0
   way1 valid=1 rrpv=0 epoch=47732 dist=50602 prop=1 stamped=1 dbg=1 last=1027 epoch2=47732 sched_n=0
   way2 valid=1 rrpv=0 epoch=47863 dist=50733 prop=1 stamped=1 dbg=2 last=1035 epoch2=47863 sched_n=0
   way3 valid=1 rrpv=0 epoch=48319 dist=51189 prop=1 stamped=1 dbg=2 last=1040 epoch2=48319 sched_n=0
   way4 valid=1 rrpv=0 epoch=28626 dist=31496 prop=1 stamped=1 dbg=2 last=1136 epoch2=28626 sched_n=0
   way5 valid=1 rrpv=7 epoch=61492 dist=64362 prop=1 stamped=1 dbg=3 last=1152 epoch2=61492 sched_n=0   <== VICTIM
   way6 valid=1 rrpv=0 epoch=39451 dist=42321 prop=1 stamped=1 dbg=3 last=1058 epoch2=39451 sched_n=0
   way7 valid=1 rrpv=0 epoch=17802 dist=20672 prop=1 stamped=1 dbg=3 last=1124 epoch2=17802 sched_n=0
   -> victim=way5 reason=max-rrpv farthest-epoch property
[EVICT L3 pol=ECG:rrip_first curEpoch=62665 set_ways=8]
   way0 valid=1 rrpv=0 epoch=24192 dist=27062 prop=1 stamped=1 dbg=1 last=1128 epoch2=24192 sched_n=0
   way1 valid=1 rrpv=0 epoch=47732 dist=50602 prop=1 stamped=1 dbg=1 last=1027 epoch2=47732 sched_n=0
   way2 valid=1 rrpv=0 epoch=47863 dist=50733 prop=1 stamped=1 dbg=2 last=1035 epoch2=47863 sched_n=0
   way3 valid=1 rrpv=0 epoch=48319 dist=51189 prop=1 stamped=1 dbg=2 last=1040 epoch2=48319 sched_n=0
   way4 valid=1 rrpv=0 epoch=28626 dist=31496 prop=1 stamped=1 dbg=2 last=1136 epoch2=28626 sched_n=0
   way5 valid=1 rrpv=7 epoch=61492 dist=64362 prop=0 stamped=0 dbg=3 last=1154 epoch2=61492 sched_n=0   <== VICTIM
   way6 valid=1 rrpv=0 epoch=39451 dist=42321 prop=1 stamped=1 dbg=3 last=1058 epoch2=39451 sched_n=0
   way7 valid=1 rrpv=0 epoch=17802 dist=20672 prop=1 stamped=1 dbg=3 last=1124 epoch2=17802 sched_n=0
   -> victim=way5 reason=max-rrpv record by recency
[EVICT L3 pol=ECG:rrip_first curEpoch=64361 set_ways=8]
   way0 valid=1 rrpv=0 epoch=24192 dist=25366 prop=1 stamped=1 dbg=1 last=1128 epoch2=24192 sched_n=0
   way1 valid=1 rrpv=0 epoch=47732 dist=48906 prop=1 stamped=1 dbg=1 last=1027 epoch2=47732 sched_n=0
   way2 valid=1 rrpv=0 epoch=47863 dist=49037 prop=1 stamped=1 dbg=2 last=1035 epoch2=47863 sched_n=0
   way3 valid=1 rrpv=0 epoch=48319 dist=49493 prop=1 stamped=1 dbg=2 last=1040 epoch2=48319 sched_n=0
   way4 valid=1 rrpv=0 epoch=28626 dist=29800 prop=1 stamped=1 dbg=2 last=1136 epoch2=28626 sched_n=0
   way5 valid=1 rrpv=7 epoch=62731 dist=63905 prop=1 stamped=1 dbg=3 last=1155 epoch2=62731 sched_n=0   <== VICTIM
   way6 valid=1 rrpv=0 epoch=39451 dist=40625 prop=1 stamped=1 dbg=3 last=1058 epoch2=39451 sched_n=0
   way7 valid=1 rrpv=0 epoch=17802 dist=18976 prop=1 stamped=1 dbg=3 last=1124 epoch2=17802 sched_n=0
   -> victim=way5 reason=max-rrpv farthest-epoch property
[EVICT L3 pol=ECG:rrip_first curEpoch=64622 set_ways=8]
   way0 valid=1 rrpv=0 epoch=61231 dist=62144 prop=1 stamped=1 dbg=1 last=1139 epoch2=61231 sched_n=0
   way1 valid=1 rrpv=0 epoch=39451 dist=40364 prop=1 stamped=1 dbg=1 last=1029 epoch2=39451 sched_n=0
   way2 valid=1 rrpv=1 epoch=39581 dist=40494 prop=1 stamped=1 dbg=2 last=1037 epoch2=39581 sched_n=0
   way3 valid=1 rrpv=0 epoch=45255 dist=46168 prop=1 stamped=1 dbg=2 last=1141 epoch2=45255 sched_n=0
   way4 valid=1 rrpv=0 epoch=26279 dist=27192 prop=1 stamped=1 dbg=3 last=1134 epoch2=26279 sched_n=0
   way5 valid=1 rrpv=0 epoch=47863 dist=48776 prop=1 stamped=1 dbg=3 last=1054 epoch2=47863 sched_n=0
   way6 valid=1 rrpv=0 epoch=47732 dist=48645 prop=1 stamped=1 dbg=3 last=1059 epoch2=47732 sched_n=0
   way7 valid=1 rrpv=7 epoch=45320 dist=46233 prop=0 stamped=0 dbg=3 last=1149 epoch2=45320 sched_n=0   <== VICTIM
   -> victim=way7 reason=max-rrpv record by recency
[EVICT L3 pol=ECG:rrip_first curEpoch=64622 set_ways=8]
   way0 valid=1 rrpv=0 epoch=39386 dist=40299 prop=1 stamped=1 dbg=1 last=1017 epoch2=39386 sched_n=0
   way1 valid=1 rrpv=0 epoch=45515 dist=46428 prop=1 stamped=1 dbg=1 last=1140 epoch2=45515 sched_n=0
   way2 valid=1 rrpv=0 epoch=48254 dist=49167 prop=1 stamped=1 dbg=1 last=1033 epoch2=48254 sched_n=0
   way3 valid=1 rrpv=0 epoch=47798 dist=48711 prop=1 stamped=1 dbg=2 last=1038 epoch2=47798 sched_n=0
   way4 valid=1 rrpv=0 epoch=47798 dist=48711 prop=1 stamped=1 dbg=2 last=1044 epoch2=47798 sched_n=0
   way5 valid=1 rrpv=7 epoch=61231 dist=62144 prop=1 stamped=1 dbg=3 last=1153 epoch2=61231 sched_n=0   <== VICTIM
   way6 valid=1 rrpv=0 epoch=48450 dist=49363 prop=1 stamped=1 dbg=3 last=1055 epoch2=48450 sched_n=0
   way7 valid=1 rrpv=0 epoch=26279 dist=27192 prop=1 stamped=1 dbg=3 last=1132 epoch2=26279 sched_n=0
   -> victim=way5 reason=max-rrpv farthest-epoch property
[EVICT L3 pol=ECG:rrip_first curEpoch=65078 set_ways=8]
   way0 valid=1 rrpv=0 epoch=39386 dist=39843 prop=1 stamped=1 dbg=1 last=1017 epoch2=39386 sched_n=0
   way1 valid=1 rrpv=0 epoch=45515 dist=45972 prop=1 stamped=1 dbg=1 last=1140 epoch2=45515 sched_n=0
   way2 valid=1 rrpv=0 epoch=48254 dist=48711 prop=1 stamped=1 dbg=1 last=1033 epoch2=48254 sched_n=0
   way3 valid=1 rrpv=0 epoch=47798 dist=48255 prop=1 stamped=1 dbg=2 last=1038 epoch2=47798 sched_n=0
   way4 valid=1 rrpv=0 epoch=47798 dist=48255 prop=1 stamped=1 dbg=2 last=1044 epoch2=47798 sched_n=0
   way5 valid=1 rrpv=7 epoch=65339 dist=261 prop=1 stamped=1 dbg=3 last=1158 epoch2=65339 sched_n=0   <== VICTIM
   way6 valid=1 rrpv=0 epoch=48450 dist=48907 prop=1 stamped=1 dbg=3 last=1055 epoch2=48450 sched_n=0
   way7 valid=1 rrpv=0 epoch=26279 dist=26736 prop=1 stamped=1 dbg=3 last=1132 epoch2=26279 sched_n=0
   -> victim=way5 reason=max-rrpv farthest-epoch property
[EVICT L3 pol=ECG:rrip_first curEpoch=62274 set_ways=8]
   way0 valid=1 rrpv=0 epoch=39386 dist=42647 prop=1 stamped=1 dbg=1 last=1017 epoch2=39386 sched_n=0
   way1 valid=1 rrpv=0 epoch=45515 dist=48776 prop=1 stamped=1 dbg=1 last=1140 epoch2=45515 sched_n=0
   way2 valid=1 rrpv=0 epoch=48254 dist=51515 prop=1 stamped=1 dbg=1 last=1033 epoch2=48254 sched_n=0
   way3 valid=1 rrpv=0 epoch=47798 dist=51059 prop=1 stamped=1 dbg=2 last=1038 epoch2=47798 sched_n=0
   way4 valid=1 rrpv=0 epoch=47798 dist=51059 prop=1 stamped=1 dbg=2 last=1044 epoch2=47798 sched_n=0
   way5 valid=1 rrpv=7 epoch=65339 dist=3065 prop=0 stamped=0 dbg=3 last=1159 epoch2=65339 sched_n=0   <== VICTIM
   way6 valid=1 rrpv=0 epoch=48450 dist=51711 prop=1 stamped=1 dbg=3 last=1055 epoch2=48450 sched_n=0
   way7 valid=1 rrpv=0 epoch=26279 dist=29540 prop=1 stamped=1 dbg=3 last=1132 epoch2=26279 sched_n=0
   -> victim=way5 reason=max-rrpv record by recency
[EVICT L3 pol=ECG:rrip_first curEpoch=4564 set_ways=8]
   way0 valid=1 rrpv=0 epoch=39386 dist=34822 prop=1 stamped=1 dbg=1 last=1017 epoch2=39386 sched_n=0
   way1 valid=1 rrpv=0 epoch=45515 dist=40951 prop=1 stamped=1 dbg=1 last=1140 epoch2=45515 sched_n=0
   way2 valid=1 rrpv=0 epoch=48254 dist=43690 prop=1 stamped=1 dbg=1 last=1033 epoch2=48254 sched_n=0
   way3 valid=1 rrpv=0 epoch=47798 dist=43234 prop=1 stamped=1 dbg=2 last=1038 epoch2=47798 sched_n=0
   way4 valid=1 rrpv=0 epoch=47798 dist=43234 prop=1 stamped=1 dbg=2 last=1044 epoch2=47798 sched_n=0
   way5 valid=1 rrpv=7 epoch=65339 dist=60775 prop=0 stamped=0 dbg=3 last=1162 epoch2=65339 sched_n=0   <== VICTIM
   way6 valid=1 rrpv=0 epoch=48450 dist=43886 prop=1 stamped=1 dbg=3 last=1055 epoch2=48450 sched_n=0
   way7 valid=1 rrpv=0 epoch=26279 dist=21715 prop=1 stamped=1 dbg=3 last=1132 epoch2=26279 sched_n=0
   -> victim=way5 reason=max-rrpv record by recency
[EVICT L3 pol=ECG:rrip_first curEpoch=42451 set_ways=8]
   way0 valid=1 rrpv=0 epoch=39386 dist=62470 prop=1 stamped=1 dbg=1 last=1017 epoch2=39386 sched_n=0
   way1 valid=1 rrpv=0 epoch=45515 dist=3064 prop=1 stamped=1 dbg=1 last=1140 epoch2=45515 sched_n=0
   way2 valid=1 rrpv=0 epoch=48254 dist=5803 prop=1 stamped=1 dbg=1 last=1033 epoch2=48254 sched_n=0
   way3 valid=1 rrpv=0 epoch=47798 dist=5347 prop=1 stamped=1 dbg=2 last=1038 epoch2=47798 sched_n=0
   way4 valid=1 rrpv=0 epoch=47798 dist=5347 prop=1 stamped=1 dbg=2 last=1044 epoch2=47798 sched_n=0
   way5 valid=1 rrpv=7 epoch=65339 dist=22888 prop=0 stamped=0 dbg=3 last=1163 epoch2=65339 sched_n=0   <== VICTIM
   way6 valid=1 rrpv=0 epoch=48450 dist=5999 prop=1 stamped=1 dbg=3 last=1055 epoch2=48450 sched_n=0
   way7 valid=1 rrpv=0 epoch=26279 dist=49363 prop=1 stamped=1 dbg=3 last=1132 epoch2=26279 sched_n=0
   -> victim=way5 reason=max-rrpv record by recency
[EVICT L3 pol=ECG:rrip_first curEpoch=53340 set_ways=8]
   way0 valid=1 rrpv=0 epoch=52623 dist=64818 prop=1 stamped=1 dbg=1 last=1129 epoch2=52623 sched_n=0
   way1 valid=1 rrpv=0 epoch=11737 dist=23932 prop=1 stamped=1 dbg=1 last=1118 epoch2=11737 sched_n=0
   way2 valid=1 rrpv=0 epoch=39581 dist=51776 prop=1 stamped=1 dbg=1 last=1034 epoch2=39581 sched_n=0
   way3 valid=1 rrpv=0 epoch=47798 dist=59993 prop=1 stamped=1 dbg=2 last=1039 epoch2=47798 sched_n=0
   way4 valid=1 rrpv=0 epoch=47732 dist=59927 prop=1 stamped=1 dbg=2 last=1046 epoch2=47732 sched_n=0
   way5 valid=1 rrpv=7 epoch=17867 dist=30062 prop=0 stamped=0 dbg=3 last=1137 epoch2=17867 sched_n=0   <== VICTIM
   way6 valid=1 rrpv=0 epoch=62796 dist=9456 prop=1 stamped=1 dbg=3 last=1143 epoch2=62796 sched_n=0
   way7 valid=1 rrpv=0 epoch=48319 dist=60514 prop=1 stamped=1 dbg=3 last=1062 epoch2=48319 sched_n=0
   -> victim=way5 reason=max-rrpv record by recency
