$ /proc/self/fd/3 --outdir=/tmp/proposal_o3_verifier_live/matrices/60_gem5_proposal_k2m_o3/kron_s12_k4/pr/gem5/gem5_pr_ECG_K2_LRU_STREAMSHIELD_L332kB /tmp/proposal_o3_verifier_live/matrices/60_gem5_proposal_k2m_o3/kron_s12_k4/pr/.gem5-config-0001734749-1785456547925924017/graph_se.py --binary /tmp/proposal_o3_verifier_live/matrices/60_gem5_proposal_k2m_o3/kron_s12_k4/pr/.gem5-runtime-0001734749-1785456547852564644/pr_riscv_m5ops.4886bf1e6501ccfb2ab8dba8828bd7d1a9a0aff000b142154e6587a67b740f93 --options '-g 12 -k 4 -o 5 -n 1 -i 1' --policy ECG --prefetcher none --prefetcher-level l2 --structure-prefetch-degree 0 --l1d-size 4kB --l2-size 8kB --l3-size 32kB --l3-ways 8 --cpu-type O3 --ecg-mode ECG_GRASP_POPT
Global frequency set at 1000000000000 ticks per second
warn: No dot file generated. Please install pydot to generate the dot file and pdf.
src/mem/dram_interface.cc:690: warn: DRAM device capacity (32768 Mbytes) does not match the address range assigned (4096 Mbytes)
src/arch/riscv/isa.cc:280: info: RVV enabled, VLEN = 256 bits, ELEN = 64 bits
src/base/statistics.hh:279: warn: One of the stats is a legacy stat. Legacy stat is a stat that does not belong to any statistics::Group. Legacy stat is deprecated.
src/base/remote_gdb.cc:418: warn: Sockets disabled, not accepting gdb connections
gem5 Simulator System.  https://www.gem5.org
gem5 is copyrighted software; use the --copyright option for details.

gem5 version 24.0.0.1
gem5 compiled Jul 30 2026 00:27:12
gem5 started Jul 30 2026 17:09:08
gem5 executing on ab-razer, pid 1739838
command line: /proc/self/fd/3 --outdir=/tmp/proposal_o3_verifier_live/matrices/60_gem5_proposal_k2m_o3/kron_s12_k4/pr/gem5/gem5_pr_ECG_K2_LRU_STREAMSHIELD_L332kB /tmp/proposal_o3_verifier_live/matrices/60_gem5_proposal_k2m_o3/kron_s12_k4/pr/.gem5-config-0001734749-1785456547925924017/graph_se.py --binary /tmp/proposal_o3_verifier_live/matrices/60_gem5_proposal_k2m_o3/kron_s12_k4/pr/.gem5-runtime-0001734749-1785456547852564644/pr_riscv_m5ops.4886bf1e6501ccfb2ab8dba8828bd7d1a9a0aff000b142154e6587a67b740f93 --options '-g 12 -k 4 -o 5 -n 1 -i 1' --policy ECG --prefetcher none --prefetcher-level l2 --structure-prefetch-degree 0 --l1d-size 4kB --l2-size 8kB --l3-size 32kB --l3-ways 8 --cpu-type O3 --ecg-mode ECG_GRASP_POPT

info: Standard input is not a terminal, disabling listeners.
Info: --graph-metadata not provided for ECG policy.
  C++ graph policies will use benchmark-written runtime sideband.
  Static Python metadata is only needed for pre-exported contexts.

Configuring gem5 SE simulation:
  Binary:     /tmp/proposal_o3_verifier_live/matrices/60_gem5_proposal_k2m_o3/kron_s12_k4/pr/.gem5-runtime-0001734749-1785456547852564644/pr_riscv_m5ops.4886bf1e6501ccfb2ab8dba8828bd7d1a9a0aff000b142154e6587a67b740f93
  Options:    -g 12 -k 4 -o 5 -n 1 -i 1
  CPU:        O3
  L3 Policy:  ECG (ECG_GRASP_POPT)
  Prefetcher: none (l2)

Starting simulation...
src/sim/simulate.cc:199: info: Entering event queue @ 0.  Starting simulation...
src/sim/syscall_emul.cc:85: warn: ignoring syscall set_robust_list(...)
      (further warnings will be suppressed)
src/sim/syscall_emul.hh:1075: warn: readlink() called on '/proc/self/exe' may yield unexpected results in various settings.
      Returning '/tmp/proposal_o3_verifier_live/matrices/60_gem5_proposal_k2m_o3/kron_s12_k4/pr/.gem5-runtime-0001734749-1785456547852564644/pr_riscv_m5ops.4886bf1e6501ccfb2ab8dba8828bd7d1a9a0aff000b142154e6587a67b740f93'
src/sim/mem_state.cc:448: info: Increasing stack size by one page.
src/sim/syscall_emul.cc:74: warn: ignoring syscall mprotect(...)
src/sim/mem_state.cc:448: info: Increasing stack size by one page.
src/sim/mem_state.cc:448: info: Increasing stack size by one page.
[graphctx] register region source=gem5 name=(unnamed) base=0x3da000 upper=0x3de000 hot_pct=15 grasp_region=1
[graphctx] register region source=gem5 name=(unnamed) base=0x376000 upper=0x37a000 hot_pct=15 grasp_region=1
[ECG-VARIANT-RECEIPT sim=gem5 requested=lru_only effective=6 dueling=0]
[ECG-STREAM-BYPASS sim=gem5 cache=system.l3cache addr=0x3c9000 vaddr=0x3b8000 size=4 source=request-flag allocate=0]
[ECG-K2-EXPECT sim=gem5 seq=0 dest=1 tier=1 epoch1=0 epoch2=0 width=4]
[ECG-K2-RECV sim=gem5 seq=0 dest=1 tier=1 epoch1=0 epoch2=0 width=4]
[ECG-K2-REQUEST sim=gem5 seq=0 request_seq=247324866 dest=1 tier=1 epoch1=0 epoch2=0 current=0 context=1]
[ECG-K2-EXPECT sim=gem5 seq=1 dest=2 tier=1 epoch1=0 epoch2=0 width=4]
[ECG-K2-RECV sim=gem5 seq=1 dest=2 tier=1 epoch1=0 epoch2=0 width=4]
[ECG-K2-REQUEST sim=gem5 seq=1 request_seq=247324880 dest=2 tier=1 epoch1=0 epoch2=0 current=0 context=1]
[ECG-K2-EXPECT sim=gem5 seq=2 dest=3 tier=1 epoch1=0 epoch2=0 width=4]
[ECG-K2-RECV sim=gem5 seq=2 dest=3 tier=1 epoch1=0 epoch2=0 width=4]
[ECG-K2-REQUEST sim=gem5 seq=2 request_seq=247324894 dest=3 tier=1 epoch1=0 epoch2=0 current=0 context=1]
[ECG-K2-EXPECT sim=gem5 seq=3 dest=4 tier=1 epoch1=0 epoch2=0 width=4]
[ECG-K2-RECV sim=gem5 seq=3 dest=4 tier=1 epoch1=0 epoch2=0 width=4]
[ECG-K2-REQUEST sim=gem5 seq=3 request_seq=247324908 dest=4 tier=1 epoch1=0 epoch2=0 current=0 context=1]
[ECG-K2-EXPECT sim=gem5 seq=4 dest=5 tier=1 epoch1=0 epoch2=0 width=4]
[ECG-K2-RECV sim=gem5 seq=4 dest=5 tier=1 epoch1=0 epoch2=0 width=4]
[ECG-K2-REQUEST sim=gem5 seq=4 request_seq=247324917 dest=5 tier=1 epoch1=0 epoch2=0 current=0 context=1]
[ECG-K2-EXPECT sim=gem5 seq=5 dest=6 tier=1 epoch1=0 epoch2=0 width=4]
[ECG-K2-RECV sim=gem5 seq=5 dest=6 tier=1 epoch1=0 epoch2=0 width=4]
[ECG-K2-REQUEST sim=gem5 seq=5 request_seq=247324931 dest=6 tier=1 epoch1=0 epoch2=0 current=0 context=1]
[ECG-K2-EXPECT sim=gem5 seq=6 dest=7 tier=1 epoch1=0 epoch2=0 width=4]
[ECG-K2-RECV sim=gem5 seq=6 dest=7 tier=1 epoch1=0 epoch2=0 width=4]
[ECG-K2-REQUEST sim=gem5 seq=6 request_seq=247324940 dest=7 tier=1 epoch1=0 epoch2=0 current=0 context=1]
[ECG-K2-EXPECT sim=gem5 seq=7 dest=8 tier=1 epoch1=0 epoch2=0 width=4]
[ECG-K2-RECV sim=gem5 seq=7 dest=8 tier=1 epoch1=0 epoch2=0 width=4]
[ECG-K2-REQUEST sim=gem5 seq=7 request_seq=247324949 dest=8 tier=1 epoch1=0 epoch2=0 current=0 context=1]
[ECG-K2-EXPECT sim=gem5 seq=8 dest=9 tier=1 epoch1=0 epoch2=0 width=4]
[ECG-K2-RECV sim=gem5 seq=8 dest=9 tier=1 epoch1=0 epoch2=0 width=4]
[ECG-K2-REQUEST sim=gem5 seq=8 request_seq=247324958 dest=9 tier=1 epoch1=0 epoch2=0 current=0 context=1]
[ECG-K2-EXPECT sim=gem5 seq=9 dest=10 tier=1 epoch1=0 epoch2=0 width=4]
[ECG-K2-RECV sim=gem5 seq=9 dest=10 tier=1 epoch1=0 epoch2=0 width=4]
[ECG-K2-REQUEST sim=gem5 seq=9 request_seq=247324967 dest=10 tier=1 epoch1=0 epoch2=0 current=0 context=1]
[ECG-K2-EXPECT sim=gem5 seq=10 dest=11 tier=1 epoch1=0 epoch2=0 width=4]
[ECG-K2-RECV sim=gem5 seq=10 dest=11 tier=1 epoch1=0 epoch2=0 width=4]
[ECG-K2-REQUEST sim=gem5 seq=10 request_seq=247324976 dest=11 tier=1 epoch1=0 epoch2=0 current=0 context=1]
[ECG-K2-ACCEPT sim=gem5 seq=10 request_seq=247324976 request_dest=11 fill_dest=1 source=request tier=1 epoch1=0 epoch2=0 current=0 context=1 property_elem_bytes=4]
[ECG-K2-EXPECT sim=gem5 seq=11 dest=12 tier=1 epoch1=0 epoch2=0 width=4]
[ECG-K2-RECV sim=gem5 seq=11 dest=12 tier=1 epoch1=0 epoch2=0 width=4]
[ECG-K2-REQUEST sim=gem5 seq=11 request_seq=247324985 dest=12 tier=1 epoch1=0 epoch2=0 current=0 context=1]
[ECG-K2-EXPECT sim=gem5 seq=12 dest=13 tier=1 epoch1=0 epoch2=0 width=4]
[ECG-K2-RECV sim=gem5 seq=12 dest=13 tier=1 epoch1=0 epoch2=0 width=4]
[ECG-K2-REQUEST sim=gem5 seq=12 request_seq=247324994 dest=13 tier=1 epoch1=0 epoch2=0 current=0 context=1]
[ECG-K2-EXPECT sim=gem5 seq=13 dest=14 tier=1 epoch1=0 epoch2=0 width=4]
[ECG-K2-RECV sim=gem5 seq=13 dest=14 tier=1 epoch1=0 epoch2=0 width=4]
[ECG-K2-REQUEST sim=gem5 seq=13 request_seq=247325003 dest=14 tier=1 epoch1=0 epoch2=0 current=0 context=1]
[ECG-K2-EXPECT sim=gem5 seq=14 dest=15 tier=1 epoch1=0 epoch2=0 width=4]
[ECG-K2-RECV sim=gem5 seq=14 dest=15 tier=1 epoch1=0 epoch2=0 width=4]
[ECG-K2-REQUEST sim=gem5 seq=14 request_seq=247325012 dest=15 tier=1 epoch1=0 epoch2=0 current=0 context=1]
[ECG-K2-EXPECT sim=gem5 seq=15 dest=16 tier=1 epoch1=0 epoch2=0 width=4]
[ECG-K2-RECV sim=gem5 seq=15 dest=16 tier=1 epoch1=0 epoch2=0 width=4]
[ECG-K2-REQUEST sim=gem5 seq=15 request_seq=247325021 dest=16 tier=1 epoch1=0 epoch2=0 current=0 context=1]
[ECG-STREAM-BYPASS sim=gem5 cache=system.l3cache addr=0x3c9040 vaddr=0x3b8040 size=4 source=request-flag allocate=0]
[ECG-K2-ACCEPT sim=gem5 seq=15 request_seq=247325021 request_dest=16 fill_dest=16 source=request tier=1 epoch1=0 epoch2=0 current=0 context=1 property_elem_bytes=4]
[ECG-K2-EXPECT sim=gem5 seq=16 dest=17 tier=1 epoch1=0 epoch2=0 width=4]
[ECG-K2-RECV sim=gem5 seq=16 dest=17 tier=1 epoch1=0 epoch2=0 width=4]
[ECG-K2-REQUEST sim=gem5 seq=16 request_seq=247325030 dest=17 tier=1 epoch1=0 epoch2=0 current=0 context=1]
[ECG-K2-EXPECT sim=gem5 seq=17 dest=18 tier=1 epoch1=0 epoch2=0 width=4]
[ECG-K2-RECV sim=gem5 seq=17 dest=18 tier=1 epoch1=0 epoch2=0 width=4]
[ECG-K2-REQUEST sim=gem5 seq=17 request_seq=247325039 dest=18 tier=1 epoch1=0 epoch2=0 current=0 context=1]
[ECG-K2-EXPECT sim=gem5 seq=18 dest=19 tier=1 epoch1=0 epoch2=0 width=4]
[ECG-K2-RECV sim=gem5 seq=18 dest=19 tier=1 epoch1=0 epoch2=0 width=4]
[ECG-K2-REQUEST sim=gem5 seq=18 request_seq=247325048 dest=19 tier=1 epoch1=0 epoch2=0 current=0 context=1]
[ECG-K2-EXPECT sim=gem5 seq=19 dest=20 tier=1 epoch1=0 epoch2=0 width=4]
[ECG-K2-RECV sim=gem5 seq=19 dest=20 tier=1 epoch1=0 epoch2=0 width=4]
[ECG-K2-REQUEST sim=gem5 seq=19 request_seq=247325057 dest=20 tier=1 epoch1=0 epoch2=0 current=0 context=1]
[ECG-K2-EXPECT sim=gem5 seq=20 dest=25 tier=1 epoch1=0 epoch2=0 width=4]
[ECG-K2-RECV sim=gem5 seq=20 dest=25 tier=1 epoch1=0 epoch2=0 width=4]
[ECG-K2-REQUEST sim=gem5 seq=20 request_seq=247325066 dest=25 tier=1 epoch1=0 epoch2=0 current=0 context=1]
[ECG-K2-EXPECT sim=gem5 seq=21 dest=26 tier=1 epoch1=0 epoch2=0 width=4]
[ECG-K2-RECV sim=gem5 seq=21 dest=26 tier=1 epoch1=0 epoch2=0 width=4]
[ECG-K2-REQUEST sim=gem5 seq=21 request_seq=247325075 dest=26 tier=1 epoch1=0 epoch2=0 current=0 context=1]
[ECG-K2-EXPECT sim=gem5 seq=22 dest=27 tier=1 epoch1=0 epoch2=0 width=4]
[ECG-K2-RECV sim=gem5 seq=22 dest=27 tier=1 epoch1=0 epoch2=0 width=4]
[ECG-K2-REQUEST sim=gem5 seq=22 request_seq=247325084 dest=27 tier=1 epoch1=0 epoch2=0 current=0 context=1]
[ECG-K2-EXPECT sim=gem5 seq=23 dest=28 tier=1 epoch1=0 epoch2=0 width=4]
[ECG-K2-RECV sim=gem5 seq=23 dest=28 tier=1 epoch1=0 epoch2=0 width=4]
[ECG-K2-REQUEST sim=gem5 seq=23 request_seq=247325093 dest=28 tier=1 epoch1=0 epoch2=0 current=0 context=1]
[ECG-K2-EXPECT sim=gem5 seq=24 dest=30 tier=1 epoch1=0 epoch2=0 width=4]
[ECG-K2-RECV sim=gem5 seq=24 dest=30 tier=1 epoch1=0 epoch2=0 width=4]
[ECG-K2-REQUEST sim=gem5 seq=24 request_seq=247325102 dest=30 tier=1 epoch1=0 epoch2=0 current=0 context=1]
[ECG-K2-EXPECT sim=gem5 seq=25 dest=32 tier=1 epoch1=0 epoch2=0 width=4]
[ECG-K2-RECV sim=gem5 seq=25 dest=32 tier=1 epoch1=0 epoch2=0 width=4]
[ECG-K2-REQUEST sim=gem5 seq=25 request_seq=247325111 dest=32 tier=1 epoch1=0 epoch2=0 current=0 context=1]
[ECG-K2-EXPECT sim=gem5 seq=26 dest=35 tier=1 epoch1=0 epoch2=0 width=4]
[ECG-K2-RECV sim=gem5 seq=26 dest=35 tier=1 epoch1=0 epoch2=0 width=4]
[ECG-K2-REQUEST sim=gem5 seq=26 request_seq=247325120 dest=35 tier=1 epoch1=0 epoch2=0 current=0 context=1]
[ECG-K2-EXPECT sim=gem5 seq=27 dest=36 tier=1 epoch1=0 epoch2=0 width=4]
[ECG-K2-RECV sim=gem5 seq=27 dest=36 tier=1 epoch1=0 epoch2=0 width=4]
[ECG-K2-REQUEST sim=gem5 seq=27 request_seq=247325129 dest=36 tier=1 epoch1=0 epoch2=0 current=0 context=1]
[ECG-K2-EXPECT sim=gem5 seq=28 dest=37 tier=1 epoch1=0 epoch2=0 width=4]
[ECG-K2-RECV sim=gem5 seq=28 dest=37 tier=1 epoch1=0 epoch2=0 width=4]
[ECG-K2-REQUEST sim=gem5 seq=28 request_seq=247325138 dest=37 tier=1 epoch1=0 epoch2=0 current=0 context=1]
[ECG-K2-EXPECT sim=gem5 seq=29 dest=40 tier=1 epoch1=0 epoch2=0 width=4]
[ECG-K2-RECV sim=gem5 seq=29 dest=40 tier=1 epoch1=0 epoch2=0 width=4]
[ECG-K2-REQUEST sim=gem5 seq=29 request_seq=247325147 dest=40 tier=1 epoch1=0 epoch2=0 current=0 context=1]
[ECG-K2-EXPECT sim=gem5 seq=30 dest=42 tier=1 epoch1=0 epoch2=0 width=4]
[ECG-K2-RECV sim=gem5 seq=30 dest=42 tier=1 epoch1=0 epoch2=0 width=4]
[ECG-K2-REQUEST sim=gem5 seq=30 request_seq=247325156 dest=42 tier=1 epoch1=0 epoch2=0 current=0 context=1]
[ECG-K2-EXPECT sim=gem5 seq=31 dest=46 tier=1 epoch1=0 epoch2=0 width=4]
[ECG-K2-RECV sim=gem5 seq=31 dest=46 tier=1 epoch1=0 epoch2=0 width=4]
[ECG-K2-REQUEST sim=gem5 seq=31 request_seq=247325165 dest=46 tier=1 epoch1=0 epoch2=0 current=0 context=1]
[ECG-STREAM-BYPASS sim=gem5 cache=system.l3cache addr=0x3c9080 vaddr=0x3b8080 size=4 source=request-flag allocate=0]
[ECG-K2-ACCEPT sim=gem5 seq=31 request_seq=247325165 request_dest=46 fill_dest=32 source=request tier=1 epoch1=0 epoch2=0 current=0 context=1 property_elem_bytes=4]
[ECG-K2-EXPECT sim=gem5 seq=32 dest=47 tier=1 epoch1=0 epoch2=0 width=4]
[ECG-K2-RECV sim=gem5 seq=32 dest=47 tier=1 epoch1=0 epoch2=0 width=4]
[ECG-K2-REQUEST sim=gem5 seq=32 request_seq=247325174 dest=47 tier=1 epoch1=0 epoch2=0 current=0 context=1]
[ECG-K2-EXPECT sim=gem5 seq=33 dest=48 tier=1 epoch1=0 epoch2=0 width=4]
[ECG-K2-RECV sim=gem5 seq=33 dest=48 tier=1 epoch1=0 epoch2=0 width=4]
[ECG-K2-REQUEST sim=gem5 seq=33 request_seq=247325183 dest=48 tier=1 epoch1=0 epoch2=0 current=0 context=1]
[ECG-K2-EXPECT sim=gem5 seq=34 dest=49 tier=1 epoch1=0 epoch2=0 width=4]
[ECG-K2-RECV sim=gem5 seq=34 dest=49 tier=1 epoch1=0 epoch2=0 width=4]
[ECG-K2-REQUEST sim=gem5 seq=34 request_seq=247325192 dest=49 tier=1 epoch1=0 epoch2=0 current=0 context=1]
[ECG-K2-EXPECT sim=gem5 seq=35 dest=50 tier=1 epoch1=0 epoch2=0 width=4]
[ECG-K2-RECV sim=gem5 seq=35 dest=50 tier=1 epoch1=0 epoch2=0 width=4]
[ECG-K2-REQUEST sim=gem5 seq=35 request_seq=247325201 dest=50 tier=1 epoch1=0 epoch2=0 current=0 context=1]
[ECG-K2-EXPECT sim=gem5 seq=36 dest=51 tier=1 epoch1=0 epoch2=0 width=4]
[ECG-K2-RECV sim=gem5 seq=36 dest=51 tier=1 epoch1=0 epoch2=0 width=4]
[ECG-K2-REQUEST sim=gem5 seq=36 request_seq=247325210 dest=51 tier=1 epoch1=0 epoch2=0 current=0 context=1]
[ECG-K2-EXPECT sim=gem5 seq=37 dest=52 tier=1 epoch1=0 epoch2=0 width=4]
[ECG-K2-RECV sim=gem5 seq=37 dest=52 tier=1 epoch1=0 epoch2=0 width=4]
[ECG-K2-REQUEST sim=gem5 seq=37 request_seq=247325219 dest=52 tier=1 epoch1=0 epoch2=0 current=0 context=1]
[ECG-K2-EXPECT sim=gem5 seq=38 dest=54 tier=1 epoch1=0 epoch2=0 width=4]
[ECG-K2-RECV sim=gem5 seq=38 dest=54 tier=1 epoch1=0 epoch2=0 width=4]
[ECG-K2-REQUEST sim=gem5 seq=38 request_seq=247325237 dest=54 tier=1 epoch1=0 epoch2=0 current=0 context=1]
[ECG-K2-EXPECT sim=gem5 seq=39 dest=53 tier=1 epoch1=0 epoch2=0 width=4]
[ECG-K2-RECV sim=gem5 seq=39 dest=53 tier=1 epoch1=0 epoch2=0 width=4]
[ECG-K2-REQUEST sim=gem5 seq=39 request_seq=247325228 dest=53 tier=1 epoch1=0 epoch2=0 current=0 context=1]
[ECG-K2-EXPECT sim=gem5 seq=40 dest=55 tier=1 epoch1=0 epoch2=0 width=4]
[ECG-K2-RECV sim=gem5 seq=40 dest=55 tier=1 epoch1=0 epoch2=0 width=4]
[ECG-K2-REQUEST sim=gem5 seq=40 request_seq=247325246 dest=55 tier=1 epoch1=0 epoch2=0 current=0 context=1]
[ECG-K2-EXPECT sim=gem5 seq=41 dest=56 tier=1 epoch1=0 epoch2=0 width=4]
[ECG-K2-RECV sim=gem5 seq=41 dest=56 tier=1 epoch1=0 epoch2=0 width=4]
[ECG-K2-REQUEST sim=gem5 seq=41 request_seq=247325255 dest=56 tier=1 epoch1=0 epoch2=0 current=0 context=1]
[ECG-K2-EXPECT sim=gem5 seq=42 dest=57 tier=1 epoch1=0 epoch2=0 width=4]
[ECG-K2-RECV sim=gem5 seq=42 dest=57 tier=1 epoch1=0 epoch2=0 width=4]
[ECG-K2-REQUEST sim=gem5 seq=42 request_seq=247325264 dest=57 tier=1 epoch1=0 epoch2=0 current=0 context=1]
[ECG-K2-EXPECT sim=gem5 seq=43 dest=58 tier=1 epoch1=0 epoch2=0 width=4]
[ECG-K2-RECV sim=gem5 seq=43 dest=58 tier=1 epoch1=0 epoch2=0 width=4]
[ECG-K2-REQUEST sim=gem5 seq=43 request_seq=247325273 dest=58 tier=1 epoch1=0 epoch2=0 current=0 context=1]
[ECG-K2-ACCEPT sim=gem5 seq=43 request_seq=247325273 request_dest=58 fill_dest=48 source=request tier=1 epoch1=0 epoch2=0 current=0 context=1 property_elem_bytes=4]
[ECG-K2-EXPECT sim=gem5 seq=44 dest=59 tier=1 epoch1=0 epoch2=0 width=4]
[ECG-K2-RECV sim=gem5 seq=44 dest=59 tier=1 epoch1=0 epoch2=0 width=4]
[ECG-K2-REQUEST sim=gem5 seq=44 request_seq=247325282 dest=59 tier=1 epoch1=0 epoch2=0 current=0 context=1]
[ECG-K2-EXPECT sim=gem5 seq=45 dest=60 tier=1 epoch1=0 epoch2=0 width=4]
[ECG-K2-RECV sim=gem5 seq=45 dest=60 tier=1 epoch1=0 epoch2=0 width=4]
[ECG-K2-REQUEST sim=gem5 seq=45 request_seq=247325291 dest=60 tier=1 epoch1=0 epoch2=0 current=0 context=1]
[ECG-K2-EXPECT sim=gem5 seq=46 dest=61 tier=1 epoch1=0 epoch2=0 width=4]
[ECG-K2-RECV sim=gem5 seq=46 dest=61 tier=1 epoch1=0 epoch2=0 width=4]
[ECG-K2-REQUEST sim=gem5 seq=46 request_seq=247325300 dest=61 tier=1 epoch1=0 epoch2=0 current=0 context=1]
[ECG-K2-EXPECT sim=gem5 seq=47 dest=62 tier=1 epoch1=0 epoch2=0 width=4]
[ECG-K2-RECV sim=gem5 seq=47 dest=62 tier=1 epoch1=0 epoch2=0 width=4]
[ECG-K2-REQUEST sim=gem5 seq=47 request_seq=247325309 dest=62 tier=1 epoch1=0 epoch2=0 current=0 context=1]
[ECG-STREAM-BYPASS sim=gem5 cache=system.l3cache addr=0x3c90c0 vaddr=0x3b80c0 size=4 source=request-flag allocate=0]
[ECG-K2-EXPECT sim=gem5 seq=48 dest=63 tier=1 epoch1=0 epoch2=0 width=4]
[ECG-K2-RECV sim=gem5 seq=48 dest=63 tier=1 epoch1=0 epoch2=0 width=4]
[ECG-K2-REQUEST sim=gem5 seq=48 request_seq=247325318 dest=63 tier=1 epoch1=0 epoch2=0 current=0 context=1]
[ECG-K2-EXPECT sim=gem5 seq=49 dest=64 tier=1 epoch1=0 epoch2=0 width=4]
[ECG-K2-RECV sim=gem5 seq=49 dest=64 tier=1 epoch1=0 epoch2=0 width=4]
[ECG-K2-REQUEST sim=gem5 seq=49 request_seq=247325327 dest=64 tier=1 epoch1=0 epoch2=0 current=0 context=1]
[ECG-K2-EXPECT sim=gem5 seq=50 dest=66 tier=1 epoch1=0 epoch2=0 width=4]
[ECG-K2-RECV sim=gem5 seq=50 dest=66 tier=1 epoch1=0 epoch2=0 width=4]
[ECG-K2-REQUEST sim=gem5 seq=50 request_seq=247325336 dest=66 tier=1 epoch1=0 epoch2=0 current=0 context=1]
[ECG-K2-EXPECT sim=gem5 seq=51 dest=67 tier=1 epoch1=0 epoch2=0 width=4]
[ECG-K2-RECV sim=gem5 seq=51 dest=67 tier=1 epoch1=0 epoch2=0 width=4]
[ECG-K2-REQUEST sim=gem5 seq=51 request_seq=247325345 dest=67 tier=1 epoch1=0 epoch2=0 current=0 context=1]
[ECG-K2-EXPECT sim=gem5 seq=52 dest=68 tier=1 epoch1=0 epoch2=0 width=4]
[ECG-K2-RECV sim=gem5 seq=52 dest=68 tier=1 epoch1=0 epoch2=0 width=4]
[ECG-K2-REQUEST sim=gem5 seq=52 request_seq=247325354 dest=68 tier=1 epoch1=0 epoch2=0 current=0 context=1]
[ECG-K2-EXPECT sim=gem5 seq=53 dest=69 tier=1 epoch1=0 epoch2=0 width=4]
[ECG-K2-RECV sim=gem5 seq=53 dest=69 tier=1 epoch1=0 epoch2=0 width=4]
[ECG-K2-REQUEST sim=gem5 seq=53 request_seq=247325363 dest=69 tier=1 epoch1=0 epoch2=0 current=0 context=1]
[ECG-K2-EXPECT sim=gem5 seq=54 dest=70 tier=1 epoch1=0 epoch2=0 width=4]
[ECG-K2-RECV sim=gem5 seq=54 dest=70 tier=1 epoch1=0 epoch2=0 width=4]
[ECG-K2-REQUEST sim=gem5 seq=54 request_seq=247325372 dest=70 tier=1 epoch1=0 epoch2=0 current=0 context=1]
[ECG-K2-EXPECT sim=gem5 seq=55 dest=71 tier=1 epoch1=0 epoch2=0 width=4]
[ECG-K2-RECV sim=gem5 seq=55 dest=71 tier=1 epoch1=0 epoch2=0 width=4]
[ECG-K2-REQUEST sim=gem5 seq=55 request_seq=247325381 dest=71 tier=1 epoch1=0 epoch2=0 current=0 context=1]
[ECG-K2-EXPECT sim=gem5 seq=56 dest=72 tier=1 epoch1=0 epoch2=0 width=4]
[ECG-K2-RECV sim=gem5 seq=56 dest=72 tier=1 epoch1=0 epoch2=0 width=4]
[ECG-K2-REQUEST sim=gem5 seq=56 request_seq=247325390 dest=72 tier=1 epoch1=0 epoch2=0 current=0 context=1]
[ECG-K2-EXPECT sim=gem5 seq=57 dest=73 tier=1 epoch1=0 epoch2=0 width=4]
[ECG-K2-RECV sim=gem5 seq=57 dest=73 tier=1 epoch1=0 epoch2=0 width=4]
[ECG-K2-REQUEST sim=gem5 seq=57 request_seq=247325399 dest=73 tier=1 epoch1=0 epoch2=0 current=0 context=1]
[ECG-K2-EXPECT sim=gem5 seq=58 dest=75 tier=1 epoch1=0 epoch2=0 width=4]
[ECG-K2-RECV sim=gem5 seq=58 dest=75 tier=1 epoch1=0 epoch2=0 width=4]
[ECG-K2-REQUEST sim=gem5 seq=58 request_seq=247325408 dest=75 tier=1 epoch1=0 epoch2=0 current=0 context=1]
[ECG-K2-EXPECT sim=gem5 seq=59 dest=76 tier=1 epoch1=0 epoch2=0 width=4]
[ECG-K2-RECV sim=gem5 seq=59 dest=76 tier=1 epoch1=0 epoch2=0 width=4]
[ECG-K2-REQUEST sim=gem5 seq=59 request_seq=247325417 dest=76 tier=1 epoch1=0 epoch2=0 current=0 context=1]
[ECG-K2-ACCEPT sim=gem5 seq=59 request_seq=247325417 request_dest=76 fill_dest=64 source=request tier=1 epoch1=0 epoch2=0 current=0 context=1 property_elem_bytes=4]
[ECG-K2-EXPECT sim=gem5 seq=60 dest=77 tier=1 epoch1=0 epoch2=0 width=4]
[ECG-K2-RECV sim=gem5 seq=60 dest=77 tier=1 epoch1=0 epoch2=0 width=4]
[ECG-K2-REQUEST sim=gem5 seq=60 request_seq=247325426 dest=77 tier=1 epoch1=0 epoch2=0 current=0 context=1]
[ECG-K2-EXPECT sim=gem5 seq=61 dest=78 tier=1 epoch1=0 epoch2=0 width=4]
[ECG-K2-RECV sim=gem5 seq=61 dest=78 tier=1 epoch1=0 epoch2=0 width=4]
[ECG-K2-REQUEST sim=gem5 seq=61 request_seq=247325435 dest=78 tier=1 epoch1=0 epoch2=0 current=0 context=1]
[ECG-K2-EXPECT sim=gem5 seq=62 dest=83 tier=1 epoch1=0 epoch2=0 width=4]
[ECG-K2-RECV sim=gem5 seq=62 dest=83 tier=1 epoch1=0 epoch2=0 width=4]
[ECG-K2-REQUEST sim=gem5 seq=62 request_seq=247325444 dest=83 tier=1 epoch1=0 epoch2=0 current=0 context=1]
[ECG-K2-EXPECT sim=gem5 seq=63 dest=84 tier=1 epoch1=0 epoch2=0 width=4]
[ECG-K2-RECV sim=gem5 seq=63 dest=84 tier=1 epoch1=0 epoch2=0 width=4]
[ECG-K2-REQUEST sim=gem5 seq=63 request_seq=247325453 dest=84 tier=1 epoch1=0 epoch2=0 current=0 context=1]
[ECG-STREAM-BYPASS sim=gem5 cache=system.l3cache addr=0x3c9100 vaddr=0x3b8100 size=4 source=request-flag allocate=0]
[ECG-K2-ACCEPT sim=gem5 seq=63 request_seq=247325453 request_dest=84 fill_dest=83 source=request tier=1 epoch1=0 epoch2=0 current=0 context=1 property_elem_bytes=4]
[ECG-K2-EXPECT sim=gem5 seq=64 dest=85 tier=1 epoch1=0 epoch2=0 width=4]
[ECG-K2-RECV sim=gem5 seq=64 dest=85 tier=1 epoch1=0 epoch2=0 width=4]
[ECG-K2-REQUEST sim=gem5 seq=64 request_seq=247325462 dest=85 tier=1 epoch1=0 epoch2=0 current=0 context=1]
[ECG-K2-EXPECT sim=gem5 seq=65 dest=94 tier=1 epoch1=0 epoch2=0 width=4]
[ECG-K2-RECV sim=gem5 seq=65 dest=94 tier=1 epoch1=0 epoch2=0 width=4]
[ECG-K2-REQUEST sim=gem5 seq=65 request_seq=247325471 dest=94 tier=1 epoch1=0 epoch2=0 current=0 context=1]
[ECG-K2-EXPECT sim=gem5 seq=66 dest=95 tier=1 epoch1=0 epoch2=0 width=4]
[ECG-K2-RECV sim=gem5 seq=66 dest=95 tier=1 epoch1=0 epoch2=0 width=4]
[ECG-K2-REQUEST sim=gem5 seq=66 request_seq=247325480 dest=95 tier=1 epoch1=0 epoch2=0 current=0 context=1]
[ECG-K2-EXPECT sim=gem5 seq=67 dest=97 tier=1 epoch1=0 epoch2=0 width=4]
[ECG-K2-RECV sim=gem5 seq=67 dest=97 tier=1 epoch1=0 epoch2=0 width=4]
[ECG-K2-REQUEST sim=gem5 seq=67 request_seq=247325489 dest=97 tier=1 epoch1=0 epoch2=0 current=0 context=1]
[ECG-K2-EXPECT sim=gem5 seq=68 dest=103 tier=1 epoch1=0 epoch2=0 width=4]
[ECG-K2-RECV sim=gem5 seq=68 dest=103 tier=1 epoch1=0 epoch2=0 width=4]
[ECG-K2-REQUEST sim=gem5 seq=68 request_seq=247325498 dest=103 tier=1 epoch1=0 epoch2=0 current=0 context=1]
[ECG-K2-EXPECT sim=gem5 seq=69 dest=108 tier=1 epoch1=0 epoch2=0 width=4]
[ECG-K2-RECV sim=gem5 seq=69 dest=108 tier=1 epoch1=0 epoch2=0 width=4]
[ECG-K2-REQUEST sim=gem5 seq=69 request_seq=247325507 dest=108 tier=1 epoch1=0 epoch2=0 current=0 context=1]
[ECG-K2-EXPECT sim=gem5 seq=70 dest=110 tier=1 epoch1=0 epoch2=0 width=4]
[ECG-K2-RECV sim=gem5 seq=70 dest=110 tier=1 epoch1=0 epoch2=0 width=4]
[ECG-K2-REQUEST sim=gem5 seq=70 request_seq=247325516 dest=110 tier=1 epoch1=0 epoch2=0 current=0 context=1]
[ECG-K2-EXPECT sim=gem5 seq=71 dest=111 tier=1 epoch1=0 epoch2=0 width=4]
[ECG-K2-RECV sim=gem5 seq=71 dest=111 tier=1 epoch1=0 epoch2=0 width=4]
[ECG-K2-REQUEST sim=gem5 seq=71 request_seq=247325525 dest=111 tier=1 epoch1=0 epoch2=0 current=0 context=1]
[ECG-K2-EXPECT sim=gem5 seq=72 dest=114 tier=1 epoch1=0 epoch2=0 width=4]
[ECG-K2-RECV sim=gem5 seq=72 dest=114 tier=1 epoch1=0 epoch2=0 width=4]
[ECG-K2-REQUEST sim=gem5 seq=72 request_seq=247325534 dest=114 tier=1 epoch1=0 epoch2=0 current=0 context=1]
[ECG-K2-EXPECT sim=gem5 seq=73 dest=115 tier=1 epoch1=0 epoch2=0 width=4]
[ECG-K2-RECV sim=gem5 seq=73 dest=115 tier=1 epoch1=0 epoch2=0 width=4]
[ECG-K2-REQUEST sim=gem5 seq=73 request_seq=247325543 dest=115 tier=1 epoch1=0 epoch2=0 current=0 context=1]
[ECG-K2-EXPECT sim=gem5 seq=74 dest=125 tier=1 epoch1=0 epoch2=0 width=4]
[ECG-K2-RECV sim=gem5 seq=74 dest=125 tier=1 epoch1=0 epoch2=0 width=4]
[ECG-K2-REQUEST sim=gem5 seq=74 request_seq=247325552 dest=125 tier=1 epoch1=0 epoch2=0 current=0 context=1]
[ECG-K2-EXPECT sim=gem5 seq=75 dest=130 tier=1 epoch1=0 epoch2=0 width=4]
[ECG-K2-RECV sim=gem5 seq=75 dest=130 tier=1 epoch1=0 epoch2=0 width=4]
[ECG-K2-REQUEST sim=gem5 seq=75 request_seq=247325561 dest=130 tier=1 epoch1=0 epoch2=0 current=0 context=1]
[ECG-K2-EXPECT sim=gem5 seq=76 dest=134 tier=1 epoch1=0 epoch2=0 width=4]
[ECG-K2-RECV sim=gem5 seq=76 dest=134 tier=1 epoch1=0 epoch2=0 width=4]
[ECG-K2-REQUEST sim=gem5 seq=76 request_seq=247325570 dest=134 tier=1 epoch1=0 epoch2=0 current=0 context=1]
[ECG-K2-EXPECT sim=gem5 seq=77 dest=135 tier=1 epoch1=0 epoch2=0 width=4]
[ECG-K2-RECV sim=gem5 seq=77 dest=135 tier=1 epoch1=0 epoch2=0 width=4]
[ECG-K2-REQUEST sim=gem5 seq=77 request_seq=247325579 dest=135 tier=1 epoch1=0 epoch2=0 current=0 context=1]
[ECG-K2-ACCEPT sim=gem5 seq=71 request_seq=247325525 request_dest=111 fill_dest=97 source=request tier=1 epoch1=0 epoch2=0 current=0 context=1 property_elem_bytes=4]
[ECG-K2-ACCEPT sim=gem5 seq=74 request_seq=247325552 request_dest=125 fill_dest=114 source=request tier=1 epoch1=0 epoch2=0 current=0 context=1 property_elem_bytes=4]
[ECG-K2-ACCEPT sim=gem5 seq=77 request_seq=247325579 request_dest=135 fill_dest=130 source=request tier=1 epoch1=0 epoch2=0 current=0 context=1 property_elem_bytes=4]
[ECG-K2-EXPECT sim=gem5 seq=78 dest=137 tier=1 epoch1=0 epoch2=0 width=4]
[ECG-K2-RECV sim=gem5 seq=78 dest=137 tier=1 epoch1=0 epoch2=0 width=4]
[ECG-K2-REQUEST sim=gem5 seq=78 request_seq=247325588 dest=137 tier=1 epoch1=0 epoch2=0 current=0 context=1]
[ECG-K2-EXPECT sim=gem5 seq=79 dest=138 tier=1 epoch1=0 epoch2=0 width=4]
[ECG-K2-RECV sim=gem5 seq=79 dest=138 tier=1 epoch1=0 epoch2=0 width=4]
[ECG-K2-REQUEST sim=gem5 seq=79 request_seq=247325597 dest=138 tier=1 epoch1=0 epoch2=0 current=0 context=1]
[ECG-STREAM-BYPASS sim=gem5 cache=system.l3cache addr=0x3c9140 vaddr=0x3b8140 size=4 source=request-flag allocate=0]
[ECG-K2-EXPECT sim=gem5 seq=80 dest=139 tier=1 epoch1=0 epoch2=0 width=4]
[ECG-K2-RECV sim=gem5 seq=80 dest=139 tier=1 epoch1=0 epoch2=0 width=4]
[ECG-K2-REQUEST sim=gem5 seq=80 request_seq=247325606 dest=139 tier=1 epoch1=0 epoch2=0 current=0 context=1]
[ECG-K2-EXPECT sim=gem5 seq=81 dest=141 tier=1 epoch1=0 epoch2=0 width=4]
[ECG-K2-RECV sim=gem5 seq=81 dest=141 tier=1 epoch1=0 epoch2=0 width=4]
[ECG-K2-REQUEST sim=gem5 seq=81 request_seq=247325615 dest=141 tier=1 epoch1=0 epoch2=0 current=0 context=1]
[ECG-K2-EXPECT sim=gem5 seq=82 dest=146 tier=1 epoch1=0 epoch2=0 width=4]
[ECG-K2-RECV sim=gem5 seq=82 dest=146 tier=1 epoch1=0 epoch2=0 width=4]
[ECG-K2-REQUEST sim=gem5 seq=82 request_seq=247325624 dest=146 tier=1 epoch1=0 epoch2=0 current=0 context=1]
[ECG-K2-EXPECT sim=gem5 seq=83 dest=148 tier=1 epoch1=0 epoch2=0 width=4]
[ECG-K2-RECV sim=gem5 seq=83 dest=148 tier=1 epoch1=0 epoch2=0 width=4]
[ECG-K2-REQUEST sim=gem5 seq=83 request_seq=247325633 dest=148 tier=1 epoch1=0 epoch2=0 current=0 context=1]
[ECG-K2-EXPECT sim=gem5 seq=84 dest=152 tier=1 epoch1=0 epoch2=0 width=4]
[ECG-K2-RECV sim=gem5 seq=84 dest=152 tier=1 epoch1=0 epoch2=0 width=4]
[ECG-K2-REQUEST sim=gem5 seq=84 request_seq=247325642 dest=152 tier=1 epoch1=0 epoch2=0 current=0 context=1]
[ECG-K2-EXPECT sim=gem5 seq=85 dest=153 tier=1 epoch1=0 epoch2=0 width=4]
[ECG-K2-RECV sim=gem5 seq=85 dest=153 tier=1 epoch1=0 epoch2=0 width=4]
[ECG-K2-REQUEST sim=gem5 seq=85 request_seq=247325651 dest=153 tier=1 epoch1=0 epoch2=0 current=0 context=1]
[ECG-K2-EXPECT sim=gem5 seq=86 dest=155 tier=1 epoch1=0 epoch2=0 width=4]
[ECG-K2-RECV sim=gem5 seq=86 dest=155 tier=1 epoch1=0 epoch2=0 width=4]
[ECG-K2-REQUEST sim=gem5 seq=86 request_seq=247325660 dest=155 tier=1 epoch1=0 epoch2=0 current=0 context=1]
[ECG-K2-EXPECT sim=gem5 seq=87 dest=158 tier=1 epoch1=0 epoch2=0 width=4]
[ECG-K2-RECV sim=gem5 seq=87 dest=158 tier=1 epoch1=0 epoch2=0 width=4]
[ECG-K2-REQUEST sim=gem5 seq=87 request_seq=247325669 dest=158 tier=1 epoch1=0 epoch2=0 current=0 context=1]
[ECG-K2-EXPECT sim=gem5 seq=88 dest=159 tier=1 epoch1=0 epoch2=0 width=4]
[ECG-K2-RECV sim=gem5 seq=88 dest=159 tier=1 epoch1=0 epoch2=0 width=4]
[ECG-K2-REQUEST sim=gem5 seq=88 request_seq=247325678 dest=159 tier=1 epoch1=0 epoch2=0 current=0 context=1]
[ECG-K2-EXPECT sim=gem5 seq=89 dest=162 tier=1 epoch1=0 epoch2=0 width=4]
[ECG-K2-RECV sim=gem5 seq=89 dest=162 tier=1 epoch1=0 epoch2=0 width=4]
[ECG-K2-REQUEST sim=gem5 seq=89 request_seq=247325687 dest=162 tier=1 epoch1=0 epoch2=0 current=0 context=1]
[ECG-K2-EXPECT sim=gem5 seq=90 dest=164 tier=1 epoch1=0 epoch2=0 width=4]
[ECG-K2-RECV sim=gem5 seq=90 dest=164 tier=1 epoch1=0 epoch2=0 width=4]
[ECG-K2-REQUEST sim=gem5 seq=90 request_seq=247325696 dest=164 tier=1 epoch1=0 epoch2=0 current=0 context=1]
[ECG-K2-EXPECT sim=gem5 seq=91 dest=165 tier=1 epoch1=0 epoch2=0 width=4]
[ECG-K2-RECV sim=gem5 seq=91 dest=165 tier=1 epoch1=0 epoch2=0 width=4]
[ECG-K2-REQUEST sim=gem5 seq=91 request_seq=247325705 dest=165 tier=1 epoch1=0 epoch2=0 current=0 context=1]
[ECG-K2-ACCEPT sim=gem5 seq=88 request_seq=247325678 request_dest=159 fill_dest=146 source=request tier=1 epoch1=0 epoch2=0 current=0 context=1 property_elem_bytes=4]
[ECG-K2-EXPECT sim=gem5 seq=92 dest=169 tier=1 epoch1=0 epoch2=0 width=4]
[ECG-K2-RECV sim=gem5 seq=92 dest=169 tier=1 epoch1=0 epoch2=0 width=4]
[ECG-K2-REQUEST sim=gem5 seq=92 request_seq=247325714 dest=169 tier=1 epoch1=0 epoch2=0 current=0 context=1]
[ECG-K2-EXPECT sim=gem5 seq=93 dest=171 tier=1 epoch1=0 epoch2=0 width=4]
[ECG-K2-RECV sim=gem5 seq=93 dest=171 tier=1 epoch1=0 epoch2=0 width=4]
[ECG-K2-REQUEST sim=gem5 seq=93 request_seq=247325723 dest=171 tier=1 epoch1=0 epoch2=0 current=0 context=1]
[ECG-K2-EXPECT sim=gem5 seq=94 dest=174 tier=1 epoch1=0 epoch2=0 width=4]
[ECG-K2-RECV sim=gem5 seq=94 dest=174 tier=1 epoch1=0 epoch2=0 width=4]
[ECG-K2-REQUEST sim=gem5 seq=94 request_seq=247325732 dest=174 tier=1 epoch1=0 epoch2=0 current=0 context=1]
[ECG-K2-EXPECT sim=gem5 seq=95 dest=175 tier=1 epoch1=0 epoch2=0 width=4]
[ECG-K2-RECV sim=gem5 seq=95 dest=175 tier=1 epoch1=0 epoch2=0 width=4]
[ECG-K2-REQUEST sim=gem5 seq=95 request_seq=247325741 dest=175 tier=1 epoch1=0 epoch2=0 current=0 context=1]
[ECG-STREAM-BYPASS sim=gem5 cache=system.l3cache addr=0x3c9180 vaddr=0x3b8180 size=4 source=request-flag allocate=0]
[ECG-K2-ACCEPT sim=gem5 seq=95 request_seq=247325741 request_dest=175 fill_dest=162 source=request tier=1 epoch1=0 epoch2=0 current=0 context=1 property_elem_bytes=4]
[ECG-K2-EXPECT sim=gem5 seq=96 dest=183 tier=1 epoch1=0 epoch2=0 width=4]
[ECG-K2-RECV sim=gem5 seq=96 dest=183 tier=1 epoch1=0 epoch2=0 width=4]
[ECG-K2-REQUEST sim=gem5 seq=96 request_seq=247325750 dest=183 tier=1 epoch1=0 epoch2=0 current=0 context=1]
[ECG-K2-EXPECT sim=gem5 seq=97 dest=185 tier=1 epoch1=0 epoch2=0 width=4]
[ECG-K2-RECV sim=gem5 seq=97 dest=185 tier=1 epoch1=0 epoch2=0 width=4]
[ECG-K2-REQUEST sim=gem5 seq=97 request_seq=247325759 dest=185 tier=1 epoch1=0 epoch2=0 current=0 context=1]
[ECG-K2-EXPECT sim=gem5 seq=98 dest=187 tier=1 epoch1=0 epoch2=0 width=4]
[ECG-K2-RECV sim=gem5 seq=98 dest=187 tier=1 epoch1=0 epoch2=0 width=4]
[ECG-K2-REQUEST sim=gem5 seq=98 request_seq=247325768 dest=187 tier=1 epoch1=0 epoch2=0 current=0 context=1]
[ECG-K2-EXPECT sim=gem5 seq=99 dest=188 tier=1 epoch1=0 epoch2=0 width=4]
[ECG-K2-RECV sim=gem5 seq=99 dest=188 tier=1 epoch1=0 epoch2=0 width=4]
[ECG-K2-REQUEST sim=gem5 seq=99 request_seq=247325777 dest=188 tier=1 epoch1=0 epoch2=0 current=0 context=1]
[ECG-K2-EXPECT sim=gem5 seq=100 dest=189 tier=1 epoch1=0 epoch2=0 width=4]
[ECG-K2-RECV sim=gem5 seq=100 dest=189 tier=1 epoch1=0 epoch2=0 width=4]
[ECG-K2-REQUEST sim=gem5 seq=100 request_seq=247325786 dest=189 tier=1 epoch1=0 epoch2=0 current=0 context=1]
[ECG-K2-EXPECT sim=gem5 seq=101 dest=191 tier=1 epoch1=0 epoch2=0 width=4]
[ECG-K2-RECV sim=gem5 seq=101 dest=191 tier=1 epoch1=0 epoch2=0 width=4]
[ECG-K2-REQUEST sim=gem5 seq=101 request_seq=247325795 dest=191 tier=1 epoch1=0 epoch2=0 current=0 context=1]
[ECG-K2-EXPECT sim=gem5 seq=102 dest=193 tier=1 epoch1=0 epoch2=0 width=4]
[ECG-K2-RECV sim=gem5 seq=102 dest=193 tier=1 epoch1=0 epoch2=0 width=4]
[ECG-K2-REQUEST sim=gem5 seq=102 request_seq=247325804 dest=193 tier=1 epoch1=0 epoch2=0 current=0 context=1]
[ECG-K2-EXPECT sim=gem5 seq=103 dest=194 tier=1 epoch1=0 epoch2=0 width=4]
[ECG-K2-RECV sim=gem5 seq=103 dest=194 tier=1 epoch1=0 epoch2=0 width=4]
[ECG-K2-REQUEST sim=gem5 seq=103 request_seq=247325813 dest=194 tier=1 epoch1=0 epoch2=0 current=0 context=1]
[ECG-K2-EXPECT sim=gem5 seq=104 dest=196 tier=1 epoch1=0 epoch2=0 width=4]
[ECG-K2-RECV sim=gem5 seq=104 dest=196 tier=1 epoch1=0 epoch2=0 width=4]
[ECG-K2-REQUEST sim=gem5 seq=104 request_seq=247325822 dest=196 tier=1 epoch1=0 epoch2=0 current=0 context=1]
[ECG-K2-EXPECT sim=gem5 seq=105 dest=197 tier=1 epoch1=0 epoch2=0 width=4]
[ECG-K2-RECV sim=gem5 seq=105 dest=197 tier=1 epoch1=0 epoch2=0 width=4]
[ECG-K2-REQUEST sim=gem5 seq=105 request_seq=247325831 dest=197 tier=1 epoch1=0 epoch2=0 current=0 context=1]
[ECG-K2-EXPECT sim=gem5 seq=106 dest=200 tier=1 epoch1=0 epoch2=0 width=4]
[ECG-K2-RECV sim=gem5 seq=106 dest=200 tier=1 epoch1=0 epoch2=0 width=4]
[ECG-K2-REQUEST sim=gem5 seq=106 request_seq=247325840 dest=200 tier=1 epoch1=0 epoch2=0 current=0 context=1]
[ECG-K2-ACCEPT sim=gem5 seq=101 request_seq=247325795 request_dest=191 fill_dest=183 source=request tier=1 epoch1=0 epoch2=0 current=0 context=1 property_elem_bytes=4]
[ECG-K2-ACCEPT sim=gem5 seq=106 request_seq=247325840 request_dest=200 fill_dest=193 source=request tier=1 epoch1=0 epoch2=0 current=0 context=1 property_elem_bytes=4]
[ECG-K2-EXPECT sim=gem5 seq=107 dest=204 tier=1 epoch1=0 epoch2=0 width=4]
[ECG-K2-RECV sim=gem5 seq=107 dest=204 tier=1 epoch1=0 epoch2=0 width=4]
[ECG-K2-REQUEST sim=gem5 seq=107 request_seq=247325849 dest=204 tier=1 epoch1=0 epoch2=0 current=0 context=1]
[ECG-K2-EXPECT sim=gem5 seq=108 dest=209 tier=1 epoch1=0 epoch2=0 width=4]
[ECG-K2-RECV sim=gem5 seq=108 dest=209 tier=1 epoch1=0 epoch2=0 width=4]
[ECG-K2-REQUEST sim=gem5 seq=108 request_seq=247325858 dest=209 tier=1 epoch1=0 epoch2=0 current=0 context=1]
[ECG-K2-EXPECT sim=gem5 seq=109 dest=210 tier=1 epoch1=0 epoch2=0 width=4]
[ECG-K2-RECV sim=gem5 seq=109 dest=210 tier=1 epoch1=0 epoch2=0 width=4]
[ECG-K2-REQUEST sim=gem5 seq=109 request_seq=247325867 dest=210 tier=1 epoch1=0 epoch2=0 current=0 context=1]
[ECG-K2-EXPECT sim=gem5 seq=110 dest=211 tier=1 epoch1=0 epoch2=0 width=4]
[ECG-K2-RECV sim=gem5 seq=110 dest=211 tier=1 epoch1=0 epoch2=0 width=4]
[ECG-K2-REQUEST sim=gem5 seq=110 request_seq=247325876 dest=211 tier=1 epoch1=0 epoch2=0 current=0 context=1]
[ECG-K2-EXPECT sim=gem5 seq=111 dest=212 tier=1 epoch1=0 epoch2=0 width=4]
[ECG-K2-RECV sim=gem5 seq=111 dest=212 tier=1 epoch1=0 epoch2=0 width=4]
[ECG-K2-REQUEST sim=gem5 seq=111 request_seq=247325885 dest=212 tier=1 epoch1=0 epoch2=0 current=0 context=1]
[ECG-STREAM-BYPASS sim=gem5 cache=system.l3cache addr=0x3c91c0 vaddr=0x3b81c0 size=4 source=request-flag allocate=0]
[ECG-K2-ACCEPT sim=gem5 seq=111 request_seq=247325885 request_dest=212 fill_dest=209 source=request tier=1 epoch1=0 epoch2=0 current=0 context=1 property_elem_bytes=4]
[ECG-K2-EXPECT sim=gem5 seq=112 dest=213 tier=1 epoch1=0 epoch2=0 width=4]
[ECG-K2-RECV sim=gem5 seq=112 dest=213 tier=1 epoch1=0 epoch2=0 width=4]
[ECG-K2-REQUEST sim=gem5 seq=112 request_seq=247325894 dest=213 tier=1 epoch1=0 epoch2=0 current=0 context=1]
[ECG-K2-EXPECT sim=gem5 seq=113 dest=214 tier=1 epoch1=0 epoch2=0 width=4]
[ECG-K2-RECV sim=gem5 seq=113 dest=214 tier=1 epoch1=0 epoch2=0 width=4]
[ECG-K2-REQUEST sim=gem5 seq=113 request_seq=247325903 dest=214 tier=1 epoch1=0 epoch2=0 current=0 context=1]
[ECG-K2-EXPECT sim=gem5 seq=114 dest=219 tier=1 epoch1=0 epoch2=0 width=4]
[ECG-K2-RECV sim=gem5 seq=114 dest=219 tier=1 epoch1=0 epoch2=0 width=4]
[ECG-K2-REQUEST sim=gem5 seq=114 request_seq=247325912 dest=219 tier=1 epoch1=0 epoch2=0 current=0 context=1]
[ECG-K2-EXPECT sim=gem5 seq=115 dest=223 tier=1 epoch1=0 epoch2=0 width=4]
[ECG-K2-RECV sim=gem5 seq=115 dest=223 tier=1 epoch1=0 epoch2=0 width=4]
[ECG-K2-REQUEST sim=gem5 seq=115 request_seq=247325921 dest=223 tier=1 epoch1=0 epoch2=0 current=0 context=1]
[ECG-K2-EXPECT sim=gem5 seq=116 dest=224 tier=1 epoch1=0 epoch2=0 width=4]
[ECG-K2-RECV sim=gem5 seq=116 dest=224 tier=1 epoch1=0 epoch2=0 width=4]
[ECG-K2-REQUEST sim=gem5 seq=116 request_seq=247325930 dest=224 tier=1 epoch1=0 epoch2=0 current=0 context=1]
[ECG-K2-EXPECT sim=gem5 seq=117 dest=225 tier=1 epoch1=0 epoch2=0 width=4]
[ECG-K2-RECV sim=gem5 seq=117 dest=225 tier=1 epoch1=0 epoch2=0 width=4]
[ECG-K2-REQUEST sim=gem5 seq=117 request_seq=247325939 dest=225 tier=1 epoch1=0 epoch2=0 current=0 context=1]
[ECG-K2-EXPECT sim=gem5 seq=118 dest=229 tier=1 epoch1=0 epoch2=0 width=4]
[ECG-K2-RECV sim=gem5 seq=118 dest=229 tier=1 epoch1=0 epoch2=0 width=4]
[ECG-K2-REQUEST sim=gem5 seq=118 request_seq=247325948 dest=229 tier=1 epoch1=0 epoch2=0 current=0 context=1]
[ECG-K2-EXPECT sim=gem5 seq=119 dest=232 tier=1 epoch1=0 epoch2=0 width=4]
[ECG-K2-RECV sim=gem5 seq=119 dest=232 tier=1 epoch1=0 epoch2=0 width=4]
[ECG-K2-REQUEST sim=gem5 seq=119 request_seq=247325957 dest=232 tier=1 epoch1=0 epoch2=0 current=0 context=1]
[ECG-K2-EXPECT sim=gem5 seq=120 dest=236 tier=1 epoch1=0 epoch2=0 width=4]
[ECG-K2-RECV sim=gem5 seq=120 dest=236 tier=1 epoch1=0 epoch2=0 width=4]
[ECG-K2-REQUEST sim=gem5 seq=120 request_seq=247325966 dest=236 tier=1 epoch1=0 epoch2=0 current=0 context=1]
[ECG-K2-EXPECT sim=gem5 seq=121 dest=237 tier=1 epoch1=0 epoch2=0 width=4]
[ECG-K2-RECV sim=gem5 seq=121 dest=237 tier=1 epoch1=0 epoch2=0 width=4]
[ECG-K2-REQUEST sim=gem5 seq=121 request_seq=247325975 dest=237 tier=1 epoch1=0 epoch2=0 current=0 context=1]
[ECG-K2-EXPECT sim=gem5 seq=122 dest=238 tier=1 epoch1=0 epoch2=0 width=4]
[ECG-K2-RECV sim=gem5 seq=122 dest=238 tier=1 epoch1=0 epoch2=0 width=4]
[ECG-K2-REQUEST sim=gem5 seq=122 request_seq=247325984 dest=238 tier=1 epoch1=0 epoch2=0 current=0 context=1]
[ECG-K2-EXPECT sim=gem5 seq=123 dest=244 tier=1 epoch1=0 epoch2=0 width=4]
[ECG-K2-RECV sim=gem5 seq=123 dest=244 tier=1 epoch1=0 epoch2=0 width=4]
[ECG-K2-REQUEST sim=gem5 seq=123 request_seq=247325993 dest=244 tier=1 epoch1=0 epoch2=0 current=0 context=1]
[ECG-K2-EXPECT sim=gem5 seq=124 dest=248 tier=1 epoch1=0 epoch2=0 width=4]
[ECG-K2-RECV sim=gem5 seq=124 dest=248 tier=1 epoch1=0 epoch2=0 width=4]
[ECG-K2-REQUEST sim=gem5 seq=124 request_seq=247326002 dest=248 tier=1 epoch1=0 epoch2=0 current=0 context=1]
[ECG-K2-EXPECT sim=gem5 seq=125 dest=249 tier=1 epoch1=0 epoch2=0 width=4]
[ECG-K2-RECV sim=gem5 seq=125 dest=249 tier=1 epoch1=0 epoch2=0 width=4]
[ECG-K2-REQUEST sim=gem5 seq=125 request_seq=247326011 dest=249 tier=1 epoch1=0 epoch2=0 current=0 context=1]
[ECG-K2-EXPECT sim=gem5 seq=126 dest=253 tier=1 epoch1=0 epoch2=0 width=4]
[ECG-K2-RECV sim=gem5 seq=126 dest=253 tier=1 epoch1=0 epoch2=0 width=4]
[ECG-K2-REQUEST sim=gem5 seq=126 request_seq=247326020 dest=253 tier=1 epoch1=0 epoch2=0 current=0 context=1]
[ECG-K2-ACCEPT sim=gem5 seq=122 request_seq=247325984 request_dest=238 fill_dest=224 source=request tier=1 epoch1=0 epoch2=0 current=0 context=1 property_elem_bytes=4]
[ECG-K2-EXPECT sim=gem5 seq=127 dest=260 tier=1 epoch1=0 epoch2=0 width=4]
[ECG-K2-RECV sim=gem5 seq=127 dest=260 tier=1 epoch1=0 epoch2=0 width=4]
[ECG-K2-REQUEST sim=gem5 seq=127 request_seq=247326029 dest=260 tier=1 epoch1=0 epoch2=0 current=0 context=1]
[ECG-STREAM-BYPASS sim=gem5 cache=system.l3cache addr=0x3c9200 vaddr=0x3b8200 size=4 source=request-flag allocate=0]
[ECG-K2-ACCEPT sim=gem5 seq=126 request_seq=247326020 request_dest=253 fill_dest=244 source=request tier=1 epoch1=0 epoch2=0 current=0 context=1 property_elem_bytes=4]
[ECG-K2-ACCEPT sim=gem5 seq=127 request_seq=247326029 request_dest=260 fill_dest=260 source=request tier=1 epoch1=0 epoch2=0 current=0 context=1 property_elem_bytes=4]
[ECG-K2-EXPECT sim=gem5 seq=128 dest=265 tier=1 epoch1=0 epoch2=0 width=4]
[ECG-K2-RECV sim=gem5 seq=128 dest=265 tier=1 epoch1=0 epoch2=0 width=4]
[ECG-K2-REQUEST sim=gem5 seq=128 request_seq=247326038 dest=265 tier=1 epoch1=0 epoch2=0 current=0 context=1]
[ECG-K2-EXPECT sim=gem5 seq=129 dest=268 tier=1 epoch1=0 epoch2=0 width=4]
[ECG-K2-RECV sim=gem5 seq=129 dest=268 tier=1 epoch1=0 epoch2=0 width=4]
[ECG-K2-REQUEST sim=gem5 seq=129 request_seq=247326047 dest=268 tier=1 epoch1=0 epoch2=0 current=0 context=1]
[ECG-K2-EXPECT sim=gem5 seq=130 dest=273 tier=1 epoch1=0 epoch2=0 width=4]
[ECG-K2-RECV sim=gem5 seq=130 dest=273 tier=1 epoch1=0 epoch2=0 width=4]
[ECG-K2-REQUEST sim=gem5 seq=130 request_seq=247326056 dest=273 tier=1 epoch1=0 epoch2=0 current=0 context=1]
[ECG-K2-EXPECT sim=gem5 seq=131 dest=277 tier=1 epoch1=0 epoch2=0 width=4]
[ECG-K2-RECV sim=gem5 seq=131 dest=277 tier=1 epoch1=0 epoch2=0 width=4]
[ECG-K2-REQUEST sim=gem5 seq=131 request_seq=247326065 dest=277 tier=1 epoch1=0 epoch2=0 current=0 context=1]
[ECG-K2-EXPECT sim=gem5 seq=132 dest=279 tier=1 epoch1=0 epoch2=0 width=4]
[ECG-K2-RECV sim=gem5 seq=132 dest=279 tier=1 epoch1=0 epoch2=0 width=4]
[ECG-K2-REQUEST sim=gem5 seq=132 request_seq=247326074 dest=279 tier=1 epoch1=0 epoch2=0 current=0 context=1]
[ECG-K2-EXPECT sim=gem5 seq=133 dest=280 tier=1 epoch1=0 epoch2=0 width=4]
[ECG-K2-RECV sim=gem5 seq=133 dest=280 tier=1 epoch1=0 epoch2=0 width=4]
[ECG-K2-REQUEST sim=gem5 seq=133 request_seq=247326083 dest=280 tier=1 epoch1=0 epoch2=0 current=0 context=1]
[ECG-K2-EXPECT sim=gem5 seq=134 dest=281 tier=1 epoch1=0 epoch2=0 width=4]
[ECG-K2-RECV sim=gem5 seq=134 dest=281 tier=1 epoch1=0 epoch2=0 width=4]
[ECG-K2-REQUEST sim=gem5 seq=134 request_seq=247326092 dest=281 tier=1 epoch1=0 epoch2=0 current=0 context=1]
[ECG-K2-EXPECT sim=gem5 seq=135 dest=282 tier=1 epoch1=0 epoch2=0 width=4]
[ECG-K2-RECV sim=gem5 seq=135 dest=282 tier=1 epoch1=0 epoch2=0 width=4]
[ECG-K2-REQUEST sim=gem5 seq=135 request_seq=247326101 dest=282 tier=1 epoch1=0 epoch2=0 current=0 context=1]
[ECG-K2-EXPECT sim=gem5 seq=136 dest=285 tier=1 epoch1=0 epoch2=0 width=4]
[ECG-K2-RECV sim=gem5 seq=136 dest=285 tier=1 epoch1=0 epoch2=0 width=4]
[ECG-K2-REQUEST sim=gem5 seq=136 request_seq=247326110 dest=285 tier=1 epoch1=0 epoch2=0 current=0 context=1]
[ECG-K2-EXPECT sim=gem5 seq=137 dest=303 tier=1 epoch1=0 epoch2=0 width=4]
[ECG-K2-RECV sim=gem5 seq=137 dest=303 tier=1 epoch1=0 epoch2=0 width=4]
[ECG-K2-REQUEST sim=gem5 seq=137 request_seq=247326119 dest=303 tier=1 epoch1=0 epoch2=0 current=0 context=1]
[ECG-K2-EXPECT sim=gem5 seq=138 dest=305 tier=1 epoch1=0 epoch2=0 width=4]
[ECG-K2-RECV sim=gem5 seq=138 dest=305 tier=1 epoch1=0 epoch2=0 width=4]
[ECG-K2-REQUEST sim=gem5 seq=138 request_seq=247326128 dest=305 tier=1 epoch1=0 epoch2=0 current=0 context=1]
[ECG-K2-ACCEPT sim=gem5 seq=137 request_seq=247326119 request_dest=303 fill_dest=303 source=request tier=1 epoch1=0 epoch2=0 current=0 context=1 property_elem_bytes=4]
[ECG-K2-EXPECT sim=gem5 seq=139 dest=307 tier=1 epoch1=0 epoch2=0 width=4]
[ECG-K2-RECV sim=gem5 seq=139 dest=307 tier=1 epoch1=0 epoch2=0 width=4]
[ECG-K2-REQUEST sim=gem5 seq=139 request_seq=247326137 dest=307 tier=1 epoch1=0 epoch2=0 current=0 context=1]
[ECG-K2-EXPECT sim=gem5 seq=140 dest=312 tier=1 epoch1=0 epoch2=0 width=4]
[ECG-K2-RECV sim=gem5 seq=140 dest=312 tier=1 epoch1=0 epoch2=0 width=4]
[ECG-K2-REQUEST sim=gem5 seq=140 request_seq=247326146 dest=312 tier=1 epoch1=0 epoch2=0 current=0 context=1]
[ECG-K2-ACCEPT sim=gem5 seq=136 request_seq=247326110 request_dest=285 fill_dest=273 source=request tier=1 epoch1=0 epoch2=0 current=0 context=1 property_elem_bytes=4]
[ECG-K2-ACCEPT sim=gem5 seq=140 request_seq=247326146 request_dest=312 fill_dest=305 source=request tier=1 epoch1=0 epoch2=0 current=0 context=1 property_elem_bytes=4]
[ECG-K2-EXPECT sim=gem5 seq=141 dest=315 tier=1 epoch1=0 epoch2=0 width=4]
[ECG-K2-RECV sim=gem5 seq=141 dest=315 tier=1 epoch1=0 epoch2=0 width=4]
[ECG-K2-REQUEST sim=gem5 seq=141 request_seq=247326155 dest=315 tier=1 epoch1=0 epoch2=0 current=0 context=1]
[ECG-K2-EXPECT sim=gem5 seq=142 dest=319 tier=1 epoch1=0 epoch2=0 width=4]
[ECG-K2-RECV sim=gem5 seq=142 dest=319 tier=1 epoch1=0 epoch2=0 width=4]
[ECG-K2-REQUEST sim=gem5 seq=142 request_seq=247326164 dest=319 tier=1 epoch1=0 epoch2=0 current=0 context=1]
[ECG-K2-EXPECT sim=gem5 seq=143 dest=324 tier=1 epoch1=0 epoch2=0 width=4]
[ECG-K2-RECV sim=gem5 seq=143 dest=324 tier=1 epoch1=0 epoch2=0 width=4]
[ECG-K2-REQUEST sim=gem5 seq=143 request_seq=247326173 dest=324 tier=1 epoch1=0 epoch2=0 current=0 context=1]
[ECG-STREAM-BYPASS sim=gem5 cache=system.l3cache addr=0x3c9240 vaddr=0x3b8240 size=4 source=request-flag allocate=0]
[ECG-K2-ACCEPT sim=gem5 seq=143 request_seq=247326173 request_dest=324 fill_dest=324 source=request tier=1 epoch1=0 epoch2=0 current=0 context=1 property_elem_bytes=4]
[ECG-K2-EXPECT sim=gem5 seq=144 dest=327 tier=1 epoch1=0 epoch2=0 width=4]
[ECG-K2-RECV sim=gem5 seq=144 dest=327 tier=1 epoch1=0 epoch2=0 width=4]
[ECG-K2-REQUEST sim=gem5 seq=144 request_seq=247326182 dest=327 tier=1 epoch1=0 epoch2=0 current=0 context=1]
[ECG-K2-EXPECT sim=gem5 seq=145 dest=331 tier=1 epoch1=0 epoch2=0 width=4]
[ECG-K2-RECV sim=gem5 seq=145 dest=331 tier=1 epoch1=0 epoch2=0 width=4]
[ECG-K2-REQUEST sim=gem5 seq=145 request_seq=247326191 dest=331 tier=1 epoch1=0 epoch2=0 current=0 context=1]
[ECG-K2-EXPECT sim=gem5 seq=146 dest=332 tier=1 epoch1=0 epoch2=0 width=4]
[ECG-K2-RECV sim=gem5 seq=146 dest=332 tier=1 epoch1=0 epoch2=0 width=4]
[ECG-K2-REQUEST sim=gem5 seq=146 request_seq=247326200 dest=332 tier=1 epoch1=0 epoch2=0 current=0 context=1]
[ECG-K2-EXPECT sim=gem5 seq=147 dest=343 tier=1 epoch1=0 epoch2=0 width=4]
[ECG-K2-RECV sim=gem5 seq=147 dest=343 tier=1 epoch1=0 epoch2=0 width=4]
[ECG-K2-REQUEST sim=gem5 seq=147 request_seq=247326209 dest=343 tier=1 epoch1=0 epoch2=0 current=0 context=1]
[ECG-K2-EXPECT sim=gem5 seq=148 dest=351 tier=1 epoch1=0 epoch2=0 width=4]
[ECG-K2-RECV sim=gem5 seq=148 dest=351 tier=1 epoch1=0 epoch2=0 width=4]
[ECG-K2-REQUEST sim=gem5 seq=148 request_seq=247326218 dest=351 tier=1 epoch1=0 epoch2=0 current=0 context=1]
[ECG-K2-EXPECT sim=gem5 seq=149 dest=352 tier=1 epoch1=0 epoch2=0 width=4]
[ECG-K2-RECV sim=gem5 seq=149 dest=352 tier=1 epoch1=0 epoch2=0 width=4]
[ECG-K2-REQUEST sim=gem5 seq=149 request_seq=247326227 dest=352 tier=1 epoch1=0 epoch2=0 current=0 context=1]
[ECG-K2-EXPECT sim=gem5 seq=150 dest=357 tier=1 epoch1=0 epoch2=0 width=4]
[ECG-K2-RECV sim=gem5 seq=150 dest=357 tier=1 epoch1=0 epoch2=0 width=4]
[ECG-K2-REQUEST sim=gem5 seq=150 request_seq=247326236 dest=357 tier=1 epoch1=0 epoch2=0 current=0 context=1]
[ECG-K2-EXPECT sim=gem5 seq=151 dest=362 tier=1 epoch1=0 epoch2=0 width=4]
[ECG-K2-RECV sim=gem5 seq=151 dest=362 tier=1 epoch1=0 epoch2=0 width=4]
[ECG-K2-REQUEST sim=gem5 seq=151 request_seq=247326245 dest=362 tier=1 epoch1=0 epoch2=0 current=0 context=1]
[ECG-K2-EXPECT sim=gem5 seq=152 dest=378 tier=1 epoch1=0 epoch2=0 width=4]
[ECG-K2-RECV sim=gem5 seq=152 dest=378 tier=1 epoch1=0 epoch2=0 width=4]
[ECG-K2-REQUEST sim=gem5 seq=152 request_seq=247326254 dest=378 tier=1 epoch1=0 epoch2=0 current=0 context=1]
[ECG-K2-EXPECT sim=gem5 seq=153 dest=389 tier=1 epoch1=0 epoch2=0 width=4]
[ECG-K2-RECV sim=gem5 seq=153 dest=389 tier=1 epoch1=0 epoch2=0 width=4]
[ECG-K2-REQUEST sim=gem5 seq=153 request_seq=247326263 dest=389 tier=1 epoch1=0 epoch2=0 current=0 context=1]
[ECG-K2-EXPECT sim=gem5 seq=154 dest=390 tier=1 epoch1=0 epoch2=0 width=4]
[ECG-K2-RECV sim=gem5 seq=154 dest=390 tier=1 epoch1=0 epoch2=0 width=4]
[ECG-K2-REQUEST sim=gem5 seq=154 request_seq=247326272 dest=390 tier=1 epoch1=0 epoch2=0 current=0 context=1]
[ECG-K2-ACCEPT sim=gem5 seq=153 request_seq=247326263 request_dest=389 fill_dest=389 source=request tier=1 epoch1=0 epoch2=0 current=0 context=1 property_elem_bytes=4]
[ECG-K2-EXPECT sim=gem5 seq=155 dest=390 tier=1 epoch1=0 epoch2=0 width=4]
[ECG-K2-RECV sim=gem5 seq=155 dest=390 tier=1 epoch1=0 epoch2=0 width=4]
[ECG-K2-EXPECT sim=gem5 seq=156 dest=391 tier=1 epoch1=0 epoch2=0 width=4]
[ECG-K2-RECV sim=gem5 seq=156 dest=391 tier=1 epoch1=0 epoch2=0 width=4]
[ECG-K2-REQUEST sim=gem5 seq=155 request_seq=247326281 dest=391 tier=1 epoch1=0 epoch2=0 current=0 context=1]
[ECG-K2-EXPECT sim=gem5 seq=157 dest=392 tier=1 epoch1=0 epoch2=0 width=4]
[ECG-K2-RECV sim=gem5 seq=157 dest=392 tier=1 epoch1=0 epoch2=0 width=4]
[ECG-K2-REQUEST sim=gem5 seq=156 request_seq=247326290 dest=392 tier=1 epoch1=0 epoch2=0 current=0 context=1]
[ECG-K2-EXPECT sim=gem5 seq=158 dest=394 tier=1 epoch1=0 epoch2=0 width=4]
[ECG-K2-RECV sim=gem5 seq=158 dest=394 tier=1 epoch1=0 epoch2=0 width=4]
[ECG-K2-REQUEST sim=gem5 seq=157 request_seq=247326299 dest=394 tier=1 epoch1=0 epoch2=0 current=0 context=1]
[ECG-K2-ACCEPT sim=gem5 seq=148 request_seq=247326218 request_dest=351 fill_dest=343 source=request tier=1 epoch1=0 epoch2=0 current=0 context=1 property_elem_bytes=4]
[ECG-K2-ACCEPT sim=gem5 seq=151 request_seq=247326245 request_dest=362 fill_dest=352 source=request tier=1 epoch1=0 epoch2=0 current=0 context=1 property_elem_bytes=4]
[ECG-K2-EXPECT sim=gem5 seq=159 dest=395 tier=1 epoch1=0 epoch2=0 width=4]
[ECG-K2-RECV sim=gem5 seq=159 dest=395 tier=1 epoch1=0 epoch2=0 width=4]
[ECG-K2-REQUEST sim=gem5 seq=158 request_seq=247326308 dest=395 tier=1 epoch1=0 epoch2=0 current=0 context=1]
[ECG-K2-EXPECT sim=gem5 seq=160 dest=400 tier=1 epoch1=0 epoch2=0 width=4]
[ECG-K2-RECV sim=gem5 seq=160 dest=400 tier=1 epoch1=0 epoch2=0 width=4]
[ECG-K2-REQUEST sim=gem5 seq=159 request_seq=247326317 dest=400 tier=1 epoch1=0 epoch2=0 current=0 context=1]
[ECG-STREAM-BYPASS sim=gem5 cache=system.l3cache addr=0x3c9280 vaddr=0x3b8280 size=4 source=request-flag allocate=0]
[ECG-K2-ACCEPT sim=gem5 seq=152 request_seq=247326254 request_dest=378 fill_dest=378 source=request tier=1 epoch1=0 epoch2=0 current=0 context=1 property_elem_bytes=4]
[ECG-K2-ACCEPT sim=gem5 seq=159 request_seq=247326317 request_dest=400 fill_dest=400 source=request tier=1 epoch1=0 epoch2=0 current=0 context=1 property_elem_bytes=4]
[ECG-K2-EXPECT sim=gem5 seq=161 dest=404 tier=1 epoch1=0 epoch2=0 width=4]
[ECG-K2-RECV sim=gem5 seq=161 dest=404 tier=1 epoch1=0 epoch2=0 width=4]
[ECG-K2-REQUEST sim=gem5 seq=160 request_seq=247326326 dest=404 tier=1 epoch1=0 epoch2=0 current=0 context=1]
[ECG-K2-EXPECT sim=gem5 seq=162 dest=407 tier=1 epoch1=0 epoch2=0 width=4]
[ECG-K2-RECV sim=gem5 seq=162 dest=407 tier=1 epoch1=0 epoch2=0 width=4]
[ECG-K2-REQUEST sim=gem5 seq=161 request_seq=247326335 dest=407 tier=1 epoch1=0 epoch2=0 current=0 context=1]
[ECG-K2-EXPECT sim=gem5 seq=163 dest=408 tier=1 epoch1=0 epoch2=0 width=4]
[ECG-K2-RECV sim=gem5 seq=163 dest=408 tier=1 epoch1=0 epoch2=0 width=4]
[ECG-K2-REQUEST sim=gem5 seq=162 request_seq=247326344 dest=408 tier=1 epoch1=0 epoch2=0 current=0 context=1]
[ECG-K2-EXPECT sim=gem5 seq=164 dest=410 tier=1 epoch1=0 epoch2=0 width=4]
[ECG-K2-RECV sim=gem5 seq=164 dest=410 tier=1 epoch1=0 epoch2=0 width=4]
[ECG-K2-REQUEST sim=gem5 seq=163 request_seq=247326353 dest=410 tier=1 epoch1=0 epoch2=0 current=0 context=1]
[ECG-K2-EXPECT sim=gem5 seq=165 dest=423 tier=1 epoch1=0 epoch2=0 width=4]
[ECG-K2-RECV sim=gem5 seq=165 dest=423 tier=1 epoch1=0 epoch2=0 width=4]
[ECG-K2-REQUEST sim=gem5 seq=164 request_seq=247326362 dest=423 tier=1 epoch1=0 epoch2=0 current=0 context=1]
[ECG-K2-EXPECT sim=gem5 seq=166 dest=425 tier=1 epoch1=0 epoch2=0 width=4]
[ECG-K2-RECV sim=gem5 seq=166 dest=425 tier=1 epoch1=0 epoch2=0 width=4]
[ECG-K2-REQUEST sim=gem5 seq=165 request_seq=247326371 dest=425 tier=1 epoch1=0 epoch2=0 current=0 context=1]
[ECG-K2-EXPECT sim=gem5 seq=167 dest=434 tier=1 epoch1=0 epoch2=0 width=4]
[ECG-K2-RECV sim=gem5 seq=167 dest=434 tier=1 epoch1=0 epoch2=0 width=4]
[ECG-K2-REQUEST sim=gem5 seq=166 request_seq=247326380 dest=434 tier=1 epoch1=0 epoch2=0 current=0 context=1]
[ECG-K2-EXPECT sim=gem5 seq=168 dest=436 tier=1 epoch1=0 epoch2=0 width=4]
[ECG-K2-RECV sim=gem5 seq=168 dest=436 tier=1 epoch1=0 epoch2=0 width=4]
[ECG-K2-REQUEST sim=gem5 seq=167 request_seq=247326389 dest=436 tier=1 epoch1=0 epoch2=0 current=0 context=1]
[ECG-K2-EXPECT sim=gem5 seq=169 dest=445 tier=1 epoch1=0 epoch2=0 width=4]
[ECG-K2-RECV sim=gem5 seq=169 dest=445 tier=1 epoch1=0 epoch2=0 width=4]
[ECG-K2-REQUEST sim=gem5 seq=168 request_seq=247326398 dest=445 tier=1 epoch1=0 epoch2=0 current=0 context=1]
[ECG-K2-EXPECT sim=gem5 seq=170 dest=446 tier=1 epoch1=0 epoch2=0 width=4]
[ECG-K2-RECV sim=gem5 seq=170 dest=446 tier=1 epoch1=0 epoch2=0 width=4]
[ECG-K2-REQUEST sim=gem5 seq=169 request_seq=247326407 dest=446 tier=1 epoch1=0 epoch2=0 current=0 context=1]
[ECG-K2-EXPECT sim=gem5 seq=171 dest=460 tier=1 epoch1=0 epoch2=0 width=4]
[ECG-K2-RECV sim=gem5 seq=171 dest=460 tier=1 epoch1=0 epoch2=0 width=4]
[ECG-K2-REQUEST sim=gem5 seq=170 request_seq=247326416 dest=460 tier=1 epoch1=0 epoch2=0 current=0 context=1]
[ECG-K2-EXPECT sim=gem5 seq=172 dest=461 tier=1 epoch1=0 epoch2=0 width=4]
[ECG-K2-RECV sim=gem5 seq=172 dest=461 tier=1 epoch1=0 epoch2=0 width=4]
[ECG-K2-REQUEST sim=gem5 seq=171 request_seq=247326425 dest=461 tier=1 epoch1=0 epoch2=0 current=0 context=1]
[ECG-K2-EXPECT sim=gem5 seq=173 dest=462 tier=1 epoch1=0 epoch2=0 width=4]
[ECG-K2-RECV sim=gem5 seq=173 dest=462 tier=1 epoch1=0 epoch2=0 width=4]
[ECG-K2-REQUEST sim=gem5 seq=172 request_seq=247326434 dest=462 tier=1 epoch1=0 epoch2=0 current=0 context=1]
[ECG-K2-EXPECT sim=gem5 seq=174 dest=474 tier=1 epoch1=0 epoch2=0 width=4]
[ECG-K2-RECV sim=gem5 seq=174 dest=474 tier=1 epoch1=0 epoch2=0 width=4]
[ECG-K2-REQUEST sim=gem5 seq=173 request_seq=247326443 dest=474 tier=1 epoch1=0 epoch2=0 current=0 context=1]
[ECG-K2-EXPECT sim=gem5 seq=175 dest=493 tier=1 epoch1=0 epoch2=0 width=4]
[ECG-K2-RECV sim=gem5 seq=175 dest=493 tier=1 epoch1=0 epoch2=0 width=4]
[ECG-K2-REQUEST sim=gem5 seq=174 request_seq=247326452 dest=493 tier=1 epoch1=0 epoch2=0 current=0 context=1]
[ECG-K2-ACCEPT sim=gem5 seq=172 request_seq=247326434 request_dest=462 fill_dest=460 source=request tier=1 epoch1=0 epoch2=0 current=0 context=1 property_elem_bytes=4]
[ECG-K2-ACCEPT sim=gem5 seq=173 request_seq=247326443 request_dest=474 fill_dest=474 source=request tier=1 epoch1=0 epoch2=0 current=0 context=1 property_elem_bytes=4]
[ECG-K2-EXPECT sim=gem5 seq=176 dest=493 tier=1 epoch1=0 epoch2=0 width=4]
[ECG-K2-RECV sim=gem5 seq=176 dest=493 tier=1 epoch1=0 epoch2=0 width=4]
[ECG-K2-ACCEPT sim=gem5 seq=174 request_seq=247326452 request_dest=493 fill_dest=493 source=request tier=1 epoch1=0 epoch2=0 current=0 context=1 property_elem_bytes=4]
[ECG-K2-ACCEPT sim=gem5 seq=165 request_seq=247326371 request_dest=425 fill_dest=423 source=request tier=1 epoch1=0 epoch2=0 current=0 context=1 property_elem_bytes=4]
[ECG-K2-ACCEPT sim=gem5 seq=169 request_seq=247326407 request_dest=446 fill_dest=434 source=request tier=1 epoch1=0 epoch2=0 current=0 context=1 property_elem_bytes=4]
[ECG-K2-EXPECT sim=gem5 seq=177 dest=495 tier=1 epoch1=0 epoch2=0 width=4]
[ECG-K2-RECV sim=gem5 seq=177 dest=495 tier=1 epoch1=0 epoch2=0 width=4]
[ECG-K2-REQUEST sim=gem5 seq=175 request_seq=247326461 dest=495 tier=1 epoch1=0 epoch2=0 current=0 context=1]
[ECG-STREAM-BYPASS sim=gem5 cache=system.l3cache addr=0x3c92c0 vaddr=0x3b82c0 size=4 source=request-flag allocate=0]
[ECG-K2-EXPECT sim=gem5 seq=178 dest=504 tier=1 epoch1=0 epoch2=0 width=4]
[ECG-K2-RECV sim=gem5 seq=178 dest=504 tier=1 epoch1=0 epoch2=0 width=4]
[ECG-K2-REQUEST sim=gem5 seq=176 request_seq=247326470 dest=504 tier=1 epoch1=0 epoch2=0 current=0 context=1]
[ECG-K2-EXPECT sim=gem5 seq=179 dest=509 tier=1 epoch1=0 epoch2=0 width=4]
[ECG-K2-RECV sim=gem5 seq=179 dest=509 tier=1 epoch1=0 epoch2=0 width=4]
[ECG-K2-REQUEST sim=gem5 seq=177 request_seq=247326479 dest=509 tier=1 epoch1=0 epoch2=0 current=0 context=1]
[ECG-K2-EXPECT sim=gem5 seq=180 dest=519 tier=1 epoch1=0 epoch2=0 width=4]
[ECG-K2-RECV sim=gem5 seq=180 dest=519 tier=1 epoch1=0 epoch2=0 width=4]
[ECG-K2-REQUEST sim=gem5 seq=178 request_seq=247326488 dest=519 tier=1 epoch1=0 epoch2=0 current=0 context=1]
[ECG-K2-EXPECT sim=gem5 seq=181 dest=525 tier=1 epoch1=0 epoch2=0 width=4]
[ECG-K2-RECV sim=gem5 seq=181 dest=525 tier=1 epoch1=0 epoch2=0 width=4]
[ECG-K2-REQUEST sim=gem5 seq=179 request_seq=247326497 dest=525 tier=1 epoch1=0 epoch2=0 current=0 context=1]
[ECG-K2-EXPECT sim=gem5 seq=182 dest=528 tier=1 epoch1=0 epoch2=0 width=4]
[ECG-K2-RECV sim=gem5 seq=182 dest=528 tier=1 epoch1=0 epoch2=0 width=4]
[ECG-K2-REQUEST sim=gem5 seq=180 request_seq=247326506 dest=528 tier=1 epoch1=0 epoch2=0 current=0 context=1]
[ECG-K2-EXPECT sim=gem5 seq=183 dest=540 tier=1 epoch1=0 epoch2=0 width=4]
[ECG-K2-RECV sim=gem5 seq=183 dest=540 tier=1 epoch1=0 epoch2=0 width=4]
[ECG-K2-REQUEST sim=gem5 seq=181 request_seq=247326515 dest=540 tier=1 epoch1=0 epoch2=0 current=0 context=1]
[ECG-K2-EXPECT sim=gem5 seq=184 dest=548 tier=1 epoch1=0 epoch2=0 width=4]
[ECG-K2-RECV sim=gem5 seq=184 dest=548 tier=1 epoch1=0 epoch2=0 width=4]
[ECG-K2-REQUEST sim=gem5 seq=182 request_seq=247326524 dest=548 tier=1 epoch1=0 epoch2=0 current=0 context=1]
[ECG-K2-EXPECT sim=gem5 seq=185 dest=550 tier=1 epoch1=0 epoch2=0 width=4]
[ECG-K2-RECV sim=gem5 seq=185 dest=550 tier=1 epoch1=0 epoch2=0 width=4]
[ECG-K2-REQUEST sim=gem5 seq=183 request_seq=247326533 dest=550 tier=1 epoch1=0 epoch2=0 current=0 context=1]
[ECG-K2-EXPECT sim=gem5 seq=186 dest=558 tier=1 epoch1=0 epoch2=0 width=4]
[ECG-K2-RECV sim=gem5 seq=186 dest=558 tier=1 epoch1=0 epoch2=0 width=4]
[ECG-K2-REQUEST sim=gem5 seq=184 request_seq=247326542 dest=558 tier=1 epoch1=0 epoch2=0 current=0 context=1]
[ECG-K2-EXPECT sim=gem5 seq=187 dest=561 tier=1 epoch1=0 epoch2=0 width=4]
[ECG-K2-RECV sim=gem5 seq=187 dest=561 tier=1 epoch1=0 epoch2=0 width=4]
[ECG-K2-REQUEST sim=gem5 seq=185 request_seq=247326551 dest=561 tier=1 epoch1=0 epoch2=0 current=0 context=1]
[ECG-K2-EXPECT sim=gem5 seq=188 dest=564 tier=1 epoch1=0 epoch2=0 width=4]
[ECG-K2-RECV sim=gem5 seq=188 dest=564 tier=1 epoch1=0 epoch2=0 width=4]
[ECG-K2-REQUEST sim=gem5 seq=186 request_seq=247326560 dest=564 tier=1 epoch1=0 epoch2=0 current=0 context=1]
[ECG-K2-ACCEPT sim=gem5 seq=177 request_seq=247326479 request_dest=509 fill_dest=504 source=request tier=1 epoch1=0 epoch2=0 current=0 context=1 property_elem_bytes=4]
[ECG-K2-ACCEPT sim=gem5 seq=179 request_seq=247326497 request_dest=525 fill_dest=519 source=request tier=1 epoch1=0 epoch2=0 current=0 context=1 property_elem_bytes=4]
[ECG-K2-ACCEPT sim=gem5 seq=181 request_seq=247326515 request_dest=540 fill_dest=528 source=request tier=1 epoch1=0 epoch2=0 current=0 context=1 property_elem_bytes=4]
[ECG-K2-ACCEPT sim=gem5 seq=182 request_seq=247326524 request_dest=548 fill_dest=548 source=request tier=1 epoch1=0 epoch2=0 current=0 context=1 property_elem_bytes=4]
[ECG-K2-EXPECT sim=gem5 seq=189 dest=550 tier=1 epoch1=0 epoch2=0 width=4]
[ECG-K2-RECV sim=gem5 seq=189 dest=550 tier=1 epoch1=0 epoch2=0 width=4]
[ECG-K2-EXPECT sim=gem5 seq=190 dest=558 tier=1 epoch1=0 epoch2=0 width=4]
[ECG-K2-RECV sim=gem5 seq=190 dest=558 tier=1 epoch1=0 epoch2=0 width=4]
[ECG-K2-EXPECT sim=gem5 seq=191 dest=561 tier=1 epoch1=0 epoch2=0 width=4]
[ECG-K2-RECV sim=gem5 seq=191 dest=561 tier=1 epoch1=0 epoch2=0 width=4]
[ECG-K2-EXPECT sim=gem5 seq=192 dest=564 tier=1 epoch1=0 epoch2=0 width=4]
[ECG-K2-RECV sim=gem5 seq=192 dest=564 tier=1 epoch1=0 epoch2=0 width=4]
[ECG-K2-EXPECT sim=gem5 seq=193 dest=564 tier=1 epoch1=0 epoch2=0 width=4]
[ECG-K2-RECV sim=gem5 seq=193 dest=564 tier=1 epoch1=0 epoch2=0 width=4]
[ECG-K2-EXPECT sim=gem5 seq=194 dest=566 tier=1 epoch1=0 epoch2=0 width=4]
[ECG-K2-RECV sim=gem5 seq=194 dest=566 tier=1 epoch1=0 epoch2=0 width=4]
[ECG-K2-REQUEST sim=gem5 seq=187 request_seq=247326569 dest=566 tier=1 epoch1=0 epoch2=0 current=0 context=1]
[ECG-K2-EXPECT sim=gem5 seq=195 dest=577 tier=1 epoch1=0 epoch2=0 width=4]
[ECG-K2-RECV sim=gem5 seq=195 dest=577 tier=1 epoch1=0 epoch2=0 width=4]
[ECG-K2-REQUEST sim=gem5 seq=188 request_seq=247326578 dest=577 tier=1 epoch1=0 epoch2=0 current=0 context=1]
[ECG-K2-EXPECT sim=gem5 seq=196 dest=581 tier=1 epoch1=0 epoch2=0 width=4]
[ECG-K2-RECV sim=gem5 seq=196 dest=581 tier=1 epoch1=0 epoch2=0 width=4]
[ECG-K2-REQUEST sim=gem5 seq=189 request_seq=247326587 dest=581 tier=1 epoch1=0 epoch2=0 current=0 context=1]
[ECG-K2-EXPECT sim=gem5 seq=197 dest=582 tier=1 epoch1=0 epoch2=0 width=4]
[ECG-K2-RECV sim=gem5 seq=197 dest=582 tier=1 epoch1=0 epoch2=0 width=4]
[ECG-K2-REQUEST sim=gem5 seq=190 request_seq=247326596 dest=582 tier=1 epoch1=0 epoch2=0 current=0 context=1]
[ECG-K2-EXPECT sim=gem5 seq=198 dest=592 tier=1 epoch1=0 epoch2=0 width=4]
[ECG-K2-RECV sim=gem5 seq=198 dest=592 tier=1 epoch1=0 epoch2=0 width=4]
[ECG-K2-REQUEST sim=gem5 seq=191 request_seq=247326605 dest=592 tier=1 epoch1=0 epoch2=0 current=0 context=1]
[ECG-STREAM-BYPASS sim=gem5 cache=system.l3cache addr=0x3c9300 vaddr=0x3b8300 size=4 source=request-flag allocate=0]
[ECG-K2-ACCEPT sim=gem5 seq=187 request_seq=247326569 request_dest=566 fill_dest=561 source=request tier=1 epoch1=0 epoch2=0 current=0 context=1 property_elem_bytes=4]
[ECG-K2-ACCEPT sim=gem5 seq=190 request_seq=247326596 request_dest=582 fill_dest=577 source=request tier=1 epoch1=0 epoch2=0 current=0 context=1 property_elem_bytes=4]
[ECG-K2-ACCEPT sim=gem5 seq=191 request_seq=247326605 request_dest=592 fill_dest=592 source=request tier=1 epoch1=0 epoch2=0 current=0 context=1 property_elem_bytes=4]
[ECG-K2-EXPECT sim=gem5 seq=199 dest=594 tier=1 epoch1=0 epoch2=0 width=4]
[ECG-K2-RECV sim=gem5 seq=199 dest=594 tier=1 epoch1=0 epoch2=0 width=4]
[ECG-K2-REQUEST sim=gem5 seq=192 request_seq=247326614 dest=594 tier=1 epoch1=0 epoch2=0 current=0 context=1]
[ECG-K2-EXPECT sim=gem5 seq=200 dest=596 tier=1 epoch1=0 epoch2=0 width=4]
[ECG-K2-RECV sim=gem5 seq=200 dest=596 tier=1 epoch1=0 epoch2=0 width=4]
[ECG-K2-REQUEST sim=gem5 seq=193 request_seq=247326623 dest=596 tier=1 epoch1=0 epoch2=0 current=0 context=1]
[ECG-K2-EXPECT sim=gem5 seq=201 dest=609 tier=1 epoch1=0 epoch2=0 width=4]
[ECG-K2-RECV sim=gem5 seq=201 dest=609 tier=1 epoch1=0 epoch2=0 width=4]
[ECG-K2-REQUEST sim=gem5 seq=194 request_seq=247326632 dest=609 tier=1 epoch1=0 epoch2=0 current=0 context=1]
[ECG-K2-EXPECT sim=gem5 seq=202 dest=617 tier=1 epoch1=0 epoch2=0 width=4]
[ECG-K2-RECV sim=gem5 seq=202 dest=617 tier=1 epoch1=0 epoch2=0 width=4]
[ECG-K2-REQUEST sim=gem5 seq=195 request_seq=247326641 dest=617 tier=1 epoch1=0 epoch2=0 current=0 context=1]
[ECG-K2-EXPECT sim=gem5 seq=203 dest=622 tier=1 epoch1=0 epoch2=0 width=4]
[ECG-K2-RECV sim=gem5 seq=203 dest=622 tier=1 epoch1=0 epoch2=0 width=4]
[ECG-K2-REQUEST sim=gem5 seq=196 request_seq=247326650 dest=622 tier=1 epoch1=0 epoch2=0 current=0 context=1]
[ECG-K2-EXPECT sim=gem5 seq=204 dest=649 tier=1 epoch1=0 epoch2=0 width=4]
[ECG-K2-RECV sim=gem5 seq=204 dest=649 tier=1 epoch1=0 epoch2=0 width=4]
[ECG-K2-REQUEST sim=gem5 seq=197 request_seq=247326659 dest=649 tier=1 epoch1=0 epoch2=0 current=0 context=1]
[ECG-K2-EXPECT sim=gem5 seq=205 dest=650 tier=1 epoch1=0 epoch2=0 width=4]
[ECG-K2-RECV sim=gem5 seq=205 dest=650 tier=1 epoch1=0 epoch2=0 width=4]
[ECG-K2-REQUEST sim=gem5 seq=198 request_seq=247326668 dest=650 tier=1 epoch1=0 epoch2=0 current=0 context=1]
[ECG-K2-EXPECT sim=gem5 seq=206 dest=653 tier=1 epoch1=0 epoch2=0 width=4]
[ECG-K2-RECV sim=gem5 seq=206 dest=653 tier=1 epoch1=0 epoch2=0 width=4]
[ECG-K2-REQUEST sim=gem5 seq=199 request_seq=247326677 dest=653 tier=1 epoch1=0 epoch2=0 current=0 context=1]
[ECG-K2-EXPECT sim=gem5 seq=207 dest=657 tier=1 epoch1=0 epoch2=0 width=4]
[ECG-K2-RECV sim=gem5 seq=207 dest=657 tier=1 epoch1=0 epoch2=0 width=4]
[ECG-K2-REQUEST sim=gem5 seq=200 request_seq=247326686 dest=657 tier=1 epoch1=0 epoch2=0 current=0 context=1]
[ECG-K2-EXPECT sim=gem5 seq=208 dest=659 tier=1 epoch1=0 epoch2=0 width=4]
[ECG-K2-RECV sim=gem5 seq=208 dest=659 tier=1 epoch1=0 epoch2=0 width=4]
[ECG-K2-REQUEST sim=gem5 seq=201 request_seq=247326695 dest=659 tier=1 epoch1=0 epoch2=0 current=0 context=1]
[ECG-K2-EXPECT sim=gem5 seq=209 dest=664 tier=1 epoch1=0 epoch2=0 width=4]
[ECG-K2-RECV sim=gem5 seq=209 dest=664 tier=1 epoch1=0 epoch2=0 width=4]
[ECG-K2-REQUEST sim=gem5 seq=202 request_seq=247326704 dest=664 tier=1 epoch1=0 epoch2=0 current=0 context=1]
[ECG-K2-EXPECT sim=gem5 seq=210 dest=671 tier=1 epoch1=0 epoch2=0 width=4]
[ECG-K2-RECV sim=gem5 seq=210 dest=671 tier=1 epoch1=0 epoch2=0 width=4]
[ECG-K2-REQUEST sim=gem5 seq=203 request_seq=247326713 dest=671 tier=1 epoch1=0 epoch2=0 current=0 context=1]
[ECG-K2-EXPECT sim=gem5 seq=211 dest=677 tier=1 epoch1=0 epoch2=0 width=4]
[ECG-K2-RECV sim=gem5 seq=211 dest=677 tier=1 epoch1=0 epoch2=0 width=4]
[ECG-K2-REQUEST sim=gem5 seq=204 request_seq=247326722 dest=677 tier=1 epoch1=0 epoch2=0 current=0 context=1]
[ECG-K2-ACCEPT sim=gem5 seq=196 request_seq=247326650 request_dest=622 fill_dest=609 source=request tier=1 epoch1=0 epoch2=0 current=0 context=1 property_elem_bytes=4]
[ECG-K2-ACCEPT sim=gem5 seq=199 request_seq=247326677 request_dest=653 fill_dest=649 source=request tier=1 epoch1=0 epoch2=0 current=0 context=1 property_elem_bytes=4]
[ECG-K2-ACCEPT sim=gem5 seq=203 request_seq=247326713 request_dest=671 fill_dest=657 source=request tier=1 epoch1=0 epoch2=0 current=0 context=1 property_elem_bytes=4]
[ECG-K2-ACCEPT sim=gem5 seq=204 request_seq=247326722 request_dest=677 fill_dest=677 source=request tier=1 epoch1=0 epoch2=0 current=0 context=1 property_elem_bytes=4]
[ECG-K2-EXPECT sim=gem5 seq=212 dest=679 tier=1 epoch1=0 epoch2=0 width=4]
[ECG-K2-RECV sim=gem5 seq=212 dest=679 tier=1 epoch1=0 epoch2=0 width=4]
[ECG-K2-REQUEST sim=gem5 seq=205 request_seq=247326731 dest=679 tier=1 epoch1=0 epoch2=0 current=0 context=1]
[ECG-K2-EXPECT sim=gem5 seq=213 dest=681 tier=1 epoch1=0 epoch2=0 width=4]
[ECG-K2-RECV sim=gem5 seq=213 dest=681 tier=1 epoch1=0 epoch2=0 width=4]
[ECG-K2-REQUEST sim=gem5 seq=206 request_seq=247326740 dest=681 tier=1 epoch1=0 epoch2=0 current=0 context=1]
[ECG-K2-EXPECT sim=gem5 seq=214 dest=683 tier=1 epoch1=0 epoch2=0 width=4]
[ECG-K2-RECV sim=gem5 seq=214 dest=683 tier=1 epoch1=0 epoch2=0 width=4]
[ECG-K2-REQUEST sim=gem5 seq=207 request_seq=247326749 dest=683 tier=1 epoch1=0 epoch2=0 current=0 context=1]
[ECG-STREAM-BYPASS sim=gem5 cache=system.l3cache addr=0x3c9340 vaddr=0x3b8340 size=4 source=request-flag allocate=0]
[ECG-K2-EXPECT sim=gem5 seq=215 dest=685 tier=1 epoch1=0 epoch2=0 width=4]
[ECG-K2-RECV sim=gem5 seq=215 dest=685 tier=1 epoch1=0 epoch2=0 width=4]
[ECG-K2-REQUEST sim=gem5 seq=208 request_seq=247326758 dest=685 tier=1 epoch1=0 epoch2=0 current=0 context=1]
[ECG-K2-EXPECT sim=gem5 seq=216 dest=686 tier=1 epoch1=0 epoch2=0 width=4]
[ECG-K2-RECV sim=gem5 seq=216 dest=686 tier=1 epoch1=0 epoch2=0 width=4]
[ECG-K2-REQUEST sim=gem5 seq=209 request_seq=247326767 dest=686 tier=1 epoch1=0 epoch2=0 current=0 context=1]
[ECG-K2-EXPECT sim=gem5 seq=217 dest=703 tier=1 epoch1=0 epoch2=0 width=4]
[ECG-K2-RECV sim=gem5 seq=217 dest=703 tier=1 epoch1=0 epoch2=0 width=4]
[ECG-K2-REQUEST sim=gem5 seq=210 request_seq=247326776 dest=703 tier=1 epoch1=0 epoch2=0 current=0 context=1]
[ECG-K2-EXPECT sim=gem5 seq=218 dest=709 tier=1 epoch1=0 epoch2=0 width=4]
[ECG-K2-RECV sim=gem5 seq=218 dest=709 tier=1 epoch1=0 epoch2=0 width=4]
[ECG-K2-REQUEST sim=gem5 seq=211 request_seq=247326785 dest=709 tier=1 epoch1=0 epoch2=0 current=0 context=1]
[ECG-K2-EXPECT sim=gem5 seq=219 dest=712 tier=1 epoch1=0 epoch2=0 width=4]
[ECG-K2-RECV sim=gem5 seq=219 dest=712 tier=1 epoch1=0 epoch2=0 width=4]
[ECG-K2-REQUEST sim=gem5 seq=212 request_seq=247326794 dest=712 tier=1 epoch1=0 epoch2=0 current=0 context=1]
[ECG-K2-EXPECT sim=gem5 seq=220 dest=750 tier=1 epoch1=0 epoch2=0 width=4]
[ECG-K2-RECV sim=gem5 seq=220 dest=750 tier=1 epoch1=0 epoch2=0 width=4]
[ECG-K2-REQUEST sim=gem5 seq=213 request_seq=247326803 dest=750 tier=1 epoch1=0 epoch2=0 current=0 context=1]
[ECG-K2-EXPECT sim=gem5 seq=221 dest=754 tier=1 epoch1=0 epoch2=0 width=4]
[ECG-K2-RECV sim=gem5 seq=221 dest=754 tier=1 epoch1=0 epoch2=0 width=4]
[ECG-K2-REQUEST sim=gem5 seq=214 request_seq=247326812 dest=754 tier=1 epoch1=0 epoch2=0 current=0 context=1]
[ECG-K2-EXPECT sim=gem5 seq=222 dest=760 tier=1 epoch1=0 epoch2=0 width=4]
[ECG-K2-RECV sim=gem5 seq=222 dest=760 tier=1 epoch1=0 epoch2=0 width=4]
[ECG-K2-REQUEST sim=gem5 seq=215 request_seq=247326821 dest=760 tier=1 epoch1=0 epoch2=0 current=0 context=1]
[ECG-K2-EXPECT sim=gem5 seq=223 dest=770 tier=1 epoch1=0 epoch2=0 width=4]
[ECG-K2-RECV sim=gem5 seq=223 dest=770 tier=1 epoch1=0 epoch2=0 width=4]
[ECG-K2-REQUEST sim=gem5 seq=216 request_seq=247326830 dest=770 tier=1 epoch1=0 epoch2=0 current=0 context=1]
[ECG-K2-EXPECT sim=gem5 seq=224 dest=779 tier=1 epoch1=0 epoch2=0 width=4]
[ECG-K2-RECV sim=gem5 seq=224 dest=779 tier=1 epoch1=0 epoch2=0 width=4]
[ECG-K2-REQUEST sim=gem5 seq=217 request_seq=247326839 dest=779 tier=1 epoch1=0 epoch2=0 current=0 context=1]
[ECG-K2-EXPECT sim=gem5 seq=225 dest=780 tier=1 epoch1=0 epoch2=0 width=4]
[ECG-K2-RECV sim=gem5 seq=225 dest=780 tier=1 epoch1=0 epoch2=0 width=4]
[ECG-K2-REQUEST sim=gem5 seq=218 request_seq=247326848 dest=780 tier=1 epoch1=0 epoch2=0 current=0 context=1]
[ECG-K2-ACCEPT sim=gem5 seq=210 request_seq=247326776 request_dest=703 fill_dest=703 source=request tier=1 epoch1=0 epoch2=0 current=0 context=1 property_elem_bytes=4]
[ECG-K2-EXPECT sim=gem5 seq=226 dest=760 tier=1 epoch1=0 epoch2=0 width=4]
[ECG-K2-RECV sim=gem5 seq=226 dest=760 tier=1 epoch1=0 epoch2=0 width=4]
[ECG-K2-EXPECT sim=gem5 seq=227 dest=770 tier=1 epoch1=0 epoch2=0 width=4]
[ECG-K2-RECV sim=gem5 seq=227 dest=770 tier=1 epoch1=0 epoch2=0 width=4]
[ECG-K2-EXPECT sim=gem5 seq=228 dest=779 tier=1 epoch1=0 epoch2=0 width=4]
[ECG-K2-RECV sim=gem5 seq=228 dest=779 tier=1 epoch1=0 epoch2=0 width=4]
[ECG-K2-EXPECT sim=gem5 seq=229 dest=780 tier=1 epoch1=0 epoch2=0 width=4]
[ECG-K2-RECV sim=gem5 seq=229 dest=780 tier=1 epoch1=0 epoch2=0 width=4]
[ECG-K2-ACCEPT sim=gem5 seq=212 request_seq=247326794 request_dest=712 fill_dest=709 source=request tier=1 epoch1=0 epoch2=0 current=0 context=1 property_elem_bytes=4]
[ECG-K2-ACCEPT sim=gem5 seq=213 request_seq=247326803 request_dest=750 fill_dest=750 source=request tier=1 epoch1=0 epoch2=0 current=0 context=1 property_elem_bytes=4]
[ECG-K2-ACCEPT sim=gem5 seq=215 request_seq=247326821 request_dest=760 fill_dest=754 source=request tier=1 epoch1=0 epoch2=0 current=0 context=1 property_elem_bytes=4]
[ECG-K2-EXPECT sim=gem5 seq=230 dest=779 tier=1 epoch1=0 epoch2=0 width=4]
[ECG-K2-RECV sim=gem5 seq=230 dest=779 tier=1 epoch1=0 epoch2=0 width=4]
[ECG-K2-EXPECT sim=gem5 seq=231 dest=780 tier=1 epoch1=0 epoch2=0 width=4]
[ECG-K2-RECV sim=gem5 seq=231 dest=780 tier=1 epoch1=0 epoch2=0 width=4]
[ECG-K2-EXPECT sim=gem5 seq=232 dest=786 tier=2 epoch1=0 epoch2=0 width=4]
[ECG-K2-RECV sim=gem5 seq=232 dest=786 tier=2 epoch1=0 epoch2=0 width=4]
[ECG-K2-REQUEST sim=gem5 seq=219 request_seq=247326857 dest=786 tier=2 epoch1=0 epoch2=0 current=0 context=1]
[ECG-K2-EXPECT sim=gem5 seq=233 dest=799 tier=2 epoch1=0 epoch2=0 width=4]
[ECG-K2-RECV sim=gem5 seq=233 dest=799 tier=2 epoch1=0 epoch2=0 width=4]
[ECG-K2-REQUEST sim=gem5 seq=220 request_seq=247326866 dest=799 tier=2 epoch1=0 epoch2=0 current=0 context=1]
[ECG-K2-EXPECT sim=gem5 seq=234 dest=825 tier=2 epoch1=0 epoch2=0 width=4]
[ECG-K2-RECV sim=gem5 seq=234 dest=825 tier=2 epoch1=0 epoch2=0 width=4]
[ECG-K2-REQUEST sim=gem5 seq=221 request_seq=247326875 dest=825 tier=2 epoch1=0 epoch2=0 current=0 context=1]
[ECG-K2-EXPECT sim=gem5 seq=235 dest=862 tier=2 epoch1=0 epoch2=0 width=4]
[ECG-K2-RECV sim=gem5 seq=235 dest=862 tier=2 epoch1=0 epoch2=0 width=4]
[ECG-K2-REQUEST sim=gem5 seq=222 request_seq=247326884 dest=862 tier=2 epoch1=0 epoch2=0 current=0 context=1]
[ECG-K2-EXPECT sim=gem5 seq=236 dest=799 tier=2 epoch1=0 epoch2=0 width=4]
[ECG-K2-RECV sim=gem5 seq=236 dest=799 tier=2 epoch1=0 epoch2=0 width=4]
[ECG-K2-EXPECT sim=gem5 seq=237 dest=825 tier=2 epoch1=0 epoch2=0 width=4]
[ECG-K2-RECV sim=gem5 seq=237 dest=825 tier=2 epoch1=0 epoch2=0 width=4]
[ECG-K2-EXPECT sim=gem5 seq=238 dest=799 tier=2 epoch1=0 epoch2=0 width=4]
[ECG-K2-RECV sim=gem5 seq=238 dest=799 tier=2 epoch1=0 epoch2=0 width=4]
[ECG-K2-EXPECT sim=gem5 seq=239 dest=825 tier=2 epoch1=0 epoch2=0 width=4]
[ECG-K2-RECV sim=gem5 seq=239 dest=825 tier=2 epoch1=0 epoch2=0 width=4]
[ECG-K2-ACCEPT sim=gem5 seq=218 request_seq=247326848 request_dest=780 fill_dest=770 source=request tier=1 epoch1=0 epoch2=0 current=0 context=1 property_elem_bytes=4]
[ECG-K2-ACCEPT sim=gem5 seq=220 request_seq=247326866 request_dest=799 fill_dest=786 source=request tier=2 epoch1=0 epoch2=0 current=0 context=1 property_elem_bytes=4]
[ECG-K2-ACCEPT sim=gem5 seq=222 request_seq=247326884 request_dest=862 fill_dest=862 source=request tier=2 epoch1=0 epoch2=0 current=0 context=1 property_elem_bytes=4]
[ECG-K2-ACCEPT sim=gem5 seq=221 request_seq=247326875 request_dest=825 fill_dest=825 source=request tier=2 epoch1=0 epoch2=0 current=0 context=1 property_elem_bytes=4]
[ECG-K2-EXPECT sim=gem5 seq=240 dest=865 tier=2 epoch1=0 epoch2=0 width=4]
[ECG-K2-RECV sim=gem5 seq=240 dest=865 tier=2 epoch1=0 epoch2=0 width=4]
[ECG-K2-REQUEST sim=gem5 seq=223 request_seq=247326893 dest=865 tier=2 epoch1=0 epoch2=0 current=0 context=1]
[ECG-K2-EXPECT sim=gem5 seq=241 dest=865 tier=2 epoch1=0 epoch2=0 width=4]
[ECG-K2-RECV sim=gem5 seq=241 dest=865 tier=2 epoch1=0 epoch2=0 width=4]
[ECG-STREAM-BYPASS sim=gem5 cache=system.l3cache addr=0x3c9380 vaddr=0x3b8380 size=4 source=request-flag allocate=0]
[ECG-K2-ACCEPT sim=gem5 seq=223 request_seq=247326893 request_dest=865 fill_dest=865 source=request tier=2 epoch1=0 epoch2=0 current=0 context=1 property_elem_bytes=4]
[ECG-K2-EXPECT sim=gem5 seq=242 dest=866 tier=2 epoch1=0 epoch2=0 width=4]
[ECG-K2-RECV sim=gem5 seq=242 dest=866 tier=2 epoch1=0 epoch2=0 width=4]
[ECG-K2-REQUEST sim=gem5 seq=224 request_seq=247326902 dest=866 tier=2 epoch1=0 epoch2=0 current=0 context=1]
[ECG-K2-EXPECT sim=gem5 seq=243 dest=877 tier=2 epoch1=0 epoch2=0 width=4]
[ECG-K2-RECV sim=gem5 seq=243 dest=877 tier=2 epoch1=0 epoch2=0 width=4]
[ECG-K2-REQUEST sim=gem5 seq=225 request_seq=247326911 dest=877 tier=2 epoch1=0 epoch2=0 current=0 context=1]
[ECG-K2-EXPECT sim=gem5 seq=244 dest=882 tier=2 epoch1=0 epoch2=0 width=4]
[ECG-K2-RECV sim=gem5 seq=244 dest=882 tier=2 epoch1=0 epoch2=0 width=4]
[ECG-K2-REQUEST sim=gem5 seq=226 request_seq=247326920 dest=882 tier=2 epoch1=0 epoch2=0 current=0 context=1]
[ECG-K2-EXPECT sim=gem5 seq=245 dest=965 tier=2 epoch1=0 epoch2=0 width=4]
[ECG-K2-RECV sim=gem5 seq=245 dest=965 tier=2 epoch1=0 epoch2=0 width=4]
[ECG-K2-REQUEST sim=gem5 seq=227 request_seq=247326929 dest=965 tier=2 epoch1=0 epoch2=0 current=0 context=1]
[ECG-K2-EXPECT sim=gem5 seq=246 dest=971 tier=2 epoch1=0 epoch2=0 width=4]
[ECG-K2-RECV sim=gem5 seq=246 dest=971 tier=2 epoch1=0 epoch2=0 width=4]
[ECG-K2-REQUEST sim=gem5 seq=228 request_seq=247326938 dest=971 tier=2 epoch1=0 epoch2=0 current=0 context=1]
[ECG-K2-EXPECT sim=gem5 seq=247 dest=977 tier=2 epoch1=0 epoch2=0 width=4]
[ECG-K2-RECV sim=gem5 seq=247 dest=977 tier=2 epoch1=0 epoch2=0 width=4]
[ECG-K2-REQUEST sim=gem5 seq=229 request_seq=247326947 dest=977 tier=2 epoch1=0 epoch2=0 current=0 context=1]
[ECG-K2-EXPECT sim=gem5 seq=248 dest=991 tier=2 epoch1=0 epoch2=0 width=4]
[ECG-K2-RECV sim=gem5 seq=248 dest=991 tier=2 epoch1=0 epoch2=0 width=4]
[ECG-K2-REQUEST sim=gem5 seq=230 request_seq=247326956 dest=991 tier=2 epoch1=0 epoch2=0 current=0 context=1]
[ECG-K2-EXPECT sim=gem5 seq=249 dest=1008 tier=2 epoch1=0 epoch2=0 width=4]
[ECG-K2-RECV sim=gem5 seq=249 dest=1008 tier=2 epoch1=0 epoch2=0 width=4]
[ECG-K2-REQUEST sim=gem5 seq=231 request_seq=247326965 dest=1008 tier=2 epoch1=0 epoch2=0 current=0 context=1]
[ECG-K2-EXPECT sim=gem5 seq=250 dest=1012 tier=2 epoch1=0 epoch2=0 width=4]
[ECG-K2-RECV sim=gem5 seq=250 dest=1012 tier=2 epoch1=0 epoch2=0 width=4]
[ECG-K2-REQUEST sim=gem5 seq=232 request_seq=247326974 dest=1012 tier=2 epoch1=0 epoch2=0 current=0 context=1]
[ECG-K2-EXPECT sim=gem5 seq=251 dest=1019 tier=2 epoch1=0 epoch2=0 width=4]
[ECG-K2-RECV sim=gem5 seq=251 dest=1019 tier=2 epoch1=0 epoch2=0 width=4]
[ECG-K2-REQUEST sim=gem5 seq=233 request_seq=247326983 dest=1019 tier=2 epoch1=0 epoch2=0 current=0 context=1]
[ECG-K2-ACCEPT sim=gem5 seq=226 request_seq=247326920 request_dest=882 fill_dest=882 source=request tier=2 epoch1=0 epoch2=0 current=0 context=1 property_elem_bytes=4]
[ECG-K2-ACCEPT sim=gem5 seq=228 request_seq=247326938 request_dest=971 fill_dest=965 source=request tier=2 epoch1=0 epoch2=0 current=0 context=1 property_elem_bytes=4]
[ECG-K2-ACCEPT sim=gem5 seq=230 request_seq=247326956 request_dest=991 fill_dest=977 source=request tier=2 epoch1=0 epoch2=0 current=0 context=1 property_elem_bytes=4]
[ECG-K2-ACCEPT sim=gem5 seq=231 request_seq=247326965 request_dest=1008 fill_dest=1008 source=request tier=2 epoch1=0 epoch2=0 current=0 context=1 property_elem_bytes=4]
[ECG-K2-EXPECT sim=gem5 seq=252 dest=1012 tier=2 epoch1=0 epoch2=0 width=4]
[ECG-K2-RECV sim=gem5 seq=252 dest=1012 tier=2 epoch1=0 epoch2=0 width=4]
[ECG-K2-EXPECT sim=gem5 seq=253 dest=1019 tier=2 epoch1=0 epoch2=0 width=4]
[ECG-K2-RECV sim=gem5 seq=253 dest=1019 tier=2 epoch1=0 epoch2=0 width=4]
[ECG-K2-EXPECT sim=gem5 seq=254 dest=1040 tier=2 epoch1=0 epoch2=0 width=4]
[ECG-K2-RECV sim=gem5 seq=254 dest=1040 tier=2 epoch1=0 epoch2=0 width=4]
[ECG-K2-REQUEST sim=gem5 seq=234 request_seq=247326992 dest=1040 tier=2 epoch1=0 epoch2=0 current=0 context=1]
[ECG-K2-EXPECT sim=gem5 seq=255 dest=1049 tier=2 epoch1=0 epoch2=0 width=4]
[ECG-K2-RECV sim=gem5 seq=255 dest=1049 tier=2 epoch1=0 epoch2=0 width=4]
[ECG-K2-REQUEST sim=gem5 seq=235 request_seq=247327001 dest=1049 tier=2 epoch1=0 epoch2=0 current=0 context=1]
[ECG-K2-EXPECT sim=gem5 seq=256 dest=1069 tier=2 epoch1=0 epoch2=0 width=4]
[ECG-K2-RECV sim=gem5 seq=256 dest=1069 tier=2 epoch1=0 epoch2=0 width=4]
[ECG-K2-REQUEST sim=gem5 seq=236 request_seq=247327010 dest=1069 tier=2 epoch1=0 epoch2=0 current=0 context=1]
[ECG-K2-EXPECT sim=gem5 seq=257 dest=1049 tier=2 epoch1=0 epoch2=0 width=4]
[ECG-K2-RECV sim=gem5 seq=257 dest=1049 tier=2 epoch1=0 epoch2=0 width=4]
[ECG-K2-EXPECT sim=gem5 seq=258 dest=1069 tier=2 epoch1=0 epoch2=0 width=4]
[ECG-K2-RECV sim=gem5 seq=258 dest=1069 tier=2 epoch1=0 epoch2=0 width=4]
[ECG-K2-EXPECT sim=gem5 seq=259 dest=1094 tier=2 epoch1=0 epoch2=0 width=4]
[ECG-K2-RECV sim=gem5 seq=259 dest=1094 tier=2 epoch1=0 epoch2=0 width=4]
[ECG-K2-REQUEST sim=gem5 seq=237 request_seq=247327019 dest=1094 tier=2 epoch1=0 epoch2=0 current=0 context=1]
[ECG-K2-EXPECT sim=gem5 seq=260 dest=1100 tier=2 epoch1=0 epoch2=0 width=4]
[ECG-K2-RECV sim=gem5 seq=260 dest=1100 tier=2 epoch1=0 epoch2=0 width=4]
[ECG-K2-REQUEST sim=gem5 seq=238 request_seq=247327028 dest=1100 tier=2 epoch1=0 epoch2=0 current=0 context=1]
[ECG-K2-EXPECT sim=gem5 seq=261 dest=1116 tier=2 epoch1=0 epoch2=0 width=4]
[ECG-K2-RECV sim=gem5 seq=261 dest=1116 tier=2 epoch1=0 epoch2=0 width=4]
[ECG-K2-REQUEST sim=gem5 seq=239 request_seq=247327037 dest=1116 tier=2 epoch1=0 epoch2=0 current=0 context=1]
[ECG-K2-EXPECT sim=gem5 seq=262 dest=1094 tier=2 epoch1=0 epoch2=0 width=4]
[ECG-K2-RECV sim=gem5 seq=262 dest=1094 tier=2 epoch1=0 epoch2=0 width=4]
[ECG-K2-EXPECT sim=gem5 seq=263 dest=1100 tier=2 epoch1=0 epoch2=0 width=4]
[ECG-K2-RECV sim=gem5 seq=263 dest=1100 tier=2 epoch1=0 epoch2=0 width=4]
[ECG-K2-EXPECT sim=gem5 seq=264 dest=1116 tier=2 epoch1=0 epoch2=0 width=4]
[ECG-K2-RECV sim=gem5 seq=264 dest=1116 tier=2 epoch1=0 epoch2=0 width=4]
[ECG-STREAM-BYPASS sim=gem5 cache=system.l3cache addr=0x3c93c0 vaddr=0x3b83c0 size=4 source=request-flag allocate=0]
[ECG-K2-ACCEPT sim=gem5 seq=235 request_seq=247327001 request_dest=1049 fill_dest=1040 source=request tier=2 epoch1=0 epoch2=0 current=0 context=1 property_elem_bytes=4]
[ECG-K2-EXPECT sim=gem5 seq=265 dest=1100 tier=2 epoch1=0 epoch2=0 width=4]
[ECG-K2-RECV sim=gem5 seq=265 dest=1100 tier=2 epoch1=0 epoch2=0 width=4]
[ECG-K2-EXPECT sim=gem5 seq=266 dest=1116 tier=2 epoch1=0 epoch2=0 width=4]
[ECG-K2-RECV sim=gem5 seq=266 dest=1116 tier=2 epoch1=0 epoch2=0 width=4]
[ECG-K2-ACCEPT sim=gem5 seq=236 request_seq=247327010 request_dest=1069 fill_dest=1069 source=request tier=2 epoch1=0 epoch2=0 current=0 context=1 property_elem_bytes=4]
[ECG-K2-ACCEPT sim=gem5 seq=238 request_seq=247327028 request_dest=1100 fill_dest=1094 source=request tier=2 epoch1=0 epoch2=0 current=0 context=1 property_elem_bytes=4]
[ECG-K2-EXPECT sim=gem5 seq=267 dest=1129 tier=2 epoch1=0 epoch2=0 width=4]
[ECG-K2-RECV sim=gem5 seq=267 dest=1129 tier=2 epoch1=0 epoch2=0 width=4]
[ECG-K2-REQUEST sim=gem5 seq=240 request_seq=247327046 dest=1129 tier=2 epoch1=0 epoch2=0 current=0 context=1]
[ECG-K2-EXPECT sim=gem5 seq=268 dest=1130 tier=2 epoch1=0 epoch2=0 width=4]
[ECG-K2-RECV sim=gem5 seq=268 dest=1130 tier=2 epoch1=0 epoch2=0 width=4]
[ECG-K2-REQUEST sim=gem5 seq=241 request_seq=247327055 dest=1130 tier=2 epoch1=0 epoch2=0 current=0 context=1]
[ECG-K2-EXPECT sim=gem5 seq=269 dest=1131 tier=2 epoch1=0 epoch2=0 width=4]
[ECG-K2-RECV sim=gem5 seq=269 dest=1131 tier=2 epoch1=0 epoch2=0 width=4]
[ECG-K2-REQUEST sim=gem5 seq=242 request_seq=247327064 dest=1131 tier=2 epoch1=0 epoch2=0 current=0 context=1]
[ECG-K2-EXPECT sim=gem5 seq=270 dest=1133 tier=2 epoch1=0 epoch2=0 width=4]
[ECG-K2-RECV sim=gem5 seq=270 dest=1133 tier=2 epoch1=0 epoch2=0 width=4]
[ECG-K2-REQUEST sim=gem5 seq=243 request_seq=247327073 dest=1133 tier=2 epoch1=0 epoch2=0 current=0 context=1]
[ECG-K2-EXPECT sim=gem5 seq=271 dest=1149 tier=2 epoch1=0 epoch2=0 width=4]
[ECG-K2-RECV sim=gem5 seq=271 dest=1149 tier=2 epoch1=0 epoch2=0 width=4]
[ECG-K2-REQUEST sim=gem5 seq=244 request_seq=247327082 dest=1149 tier=2 epoch1=0 epoch2=0 current=0 context=1]
[ECG-K2-EXPECT sim=gem5 seq=272 dest=1160 tier=2 epoch1=0 epoch2=0 width=4]
[ECG-K2-RECV sim=gem5 seq=272 dest=1160 tier=2 epoch1=0 epoch2=0 width=4]
[ECG-K2-REQUEST sim=gem5 seq=245 request_seq=247327091 dest=1160 tier=2 epoch1=0 epoch2=0 current=0 context=1]
[ECG-K2-EXPECT sim=gem5 seq=273 dest=1175 tier=2 epoch1=0 epoch2=0 width=4]
[ECG-K2-RECV sim=gem5 seq=273 dest=1175 tier=2 epoch1=0 epoch2=0 width=4]
[ECG-K2-REQUEST sim=gem5 seq=246 request_seq=247327100 dest=1175 tier=2 epoch1=0 epoch2=0 current=0 context=1]
[ECG-K2-EXPECT sim=gem5 seq=274 dest=1181 tier=2 epoch1=0 epoch2=0 width=4]
[ECG-K2-RECV sim=gem5 seq=274 dest=1181 tier=2 epoch1=0 epoch2=0 width=4]
[ECG-K2-REQUEST sim=gem5 seq=247 request_seq=247327109 dest=1181 tier=2 epoch1=0 epoch2=0 current=0 context=1]
[ECG-K2-EXPECT sim=gem5 seq=275 dest=1160 tier=2 epoch1=0 epoch2=0 width=4]
[ECG-K2-RECV sim=gem5 seq=275 dest=1160 tier=2 epoch1=0 epoch2=0 width=4]
[ECG-K2-EXPECT sim=gem5 seq=276 dest=1175 tier=2 epoch1=0 epoch2=0 width=4]
[ECG-K2-RECV sim=gem5 seq=276 dest=1175 tier=2 epoch1=0 epoch2=0 width=4]
[ECG-K2-ACCEPT sim=gem5 seq=247 request_seq=247327109 request_dest=1181 fill_dest=1181 source=request tier=2 epoch1=0 epoch2=0 current=0 context=1 property_elem_bytes=4]
[ECG-K2-ACCEPT sim=gem5 seq=239 request_seq=247327037 request_dest=1116 fill_dest=1116 source=request tier=2 epoch1=0 epoch2=0 current=0 context=1 property_elem_bytes=4]
[ECG-K2-EXPECT sim=gem5 seq=277 dest=1160 tier=2 epoch1=0 epoch2=0 width=4]
[ECG-K2-RECV sim=gem5 seq=277 dest=1160 tier=2 epoch1=0 epoch2=0 width=4]
[ECG-K2-EXPECT sim=gem5 seq=278 dest=1175 tier=2 epoch1=0 epoch2=0 width=4]
[ECG-K2-RECV sim=gem5 seq=278 dest=1175 tier=2 epoch1=0 epoch2=0 width=4]
[ECG-K2-EXPECT sim=gem5 seq=279 dest=1175 tier=2 epoch1=0 epoch2=0 width=4]
[ECG-K2-RECV sim=gem5 seq=279 dest=1175 tier=2 epoch1=0 epoch2=0 width=4]
[ECG-K2-EXPECT sim=gem5 seq=280 dest=1206 tier=2 epoch1=0 epoch2=0 width=4]
[ECG-K2-RECV sim=gem5 seq=280 dest=1206 tier=2 epoch1=0 epoch2=0 width=4]
[ECG-K2-REQUEST sim=gem5 seq=248 request_seq=247327118 dest=1206 tier=2 epoch1=0 epoch2=0 current=0 context=1]
[ECG-K2-EXPECT sim=gem5 seq=281 dest=1209 tier=2 epoch1=0 epoch2=0 width=4]
[ECG-K2-RECV sim=gem5 seq=281 dest=1209 tier=2 epoch1=0 epoch2=0 width=4]
[ECG-K2-REQUEST sim=gem5 seq=249 request_seq=247327127 dest=1209 tier=2 epoch1=0 epoch2=0 current=0 context=1]
[ECG-K2-ACCEPT sim=gem5 seq=243 request_seq=247327073 request_dest=1133 fill_dest=1129 source=request tier=2 epoch1=0 epoch2=0 current=0 context=1 property_elem_bytes=4]
[ECG-K2-ACCEPT sim=gem5 seq=244 request_seq=247327082 request_dest=1149 fill_dest=1149 source=request tier=2 epoch1=0 epoch2=0 current=0 context=1 property_elem_bytes=4]
[ECG-K2-EXPECT sim=gem5 seq=282 dest=1209 tier=2 epoch1=0 epoch2=0 width=4]
[ECG-K2-RECV sim=gem5 seq=282 dest=1209 tier=2 epoch1=0 epoch2=0 width=4]
[ECG-K2-EXPECT sim=gem5 seq=283 dest=1210 tier=2 epoch1=0 epoch2=0 width=4]
[ECG-K2-RECV sim=gem5 seq=283 dest=1210 tier=2 epoch1=0 epoch2=0 width=4]
[ECG-K2-REQUEST sim=gem5 seq=250 request_seq=247327136 dest=1210 tier=2 epoch1=0 epoch2=0 current=0 context=1]
[ECG-K2-EXPECT sim=gem5 seq=284 dest=1227 tier=2 epoch1=0 epoch2=0 width=4]
[ECG-K2-RECV sim=gem5 seq=284 dest=1227 tier=2 epoch1=0 epoch2=0 width=4]
[ECG-K2-REQUEST sim=gem5 seq=251 request_seq=247327145 dest=1227 tier=2 epoch1=0 epoch2=0 current=0 context=1]
[ECG-K2-EXPECT sim=gem5 seq=285 dest=1234 tier=2 epoch1=0 epoch2=0 width=4]
[ECG-K2-RECV sim=gem5 seq=285 dest=1234 tier=2 epoch1=0 epoch2=0 width=4]
[ECG-K2-REQUEST sim=gem5 seq=252 request_seq=247327154 dest=1234 tier=2 epoch1=0 epoch2=0 current=0 context=1]
[ECG-K2-ACCEPT sim=gem5 seq=245 request_seq=247327091 request_dest=1160 fill_dest=1160 source=request tier=2 epoch1=0 epoch2=0 current=0 context=1 property_elem_bytes=4]
[ECG-K2-EXPECT sim=gem5 seq=286 dest=1238 tier=2 epoch1=0 epoch2=0 width=4]
[ECG-K2-RECV sim=gem5 seq=286 dest=1238 tier=2 epoch1=0 epoch2=0 width=4]
[ECG-K2-REQUEST sim=gem5 seq=253 request_seq=247327163 dest=1238 tier=2 epoch1=0 epoch2=0 current=0 context=1]
[ECG-K2-EXPECT sim=gem5 seq=287 dest=1263 tier=3 epoch1=0 epoch2=0 width=4]
[ECG-K2-RECV sim=gem5 seq=287 dest=1263 tier=3 epoch1=0 epoch2=0 width=4]
[ECG-K2-REQUEST sim=gem5 seq=254 request_seq=247327172 dest=1263 tier=3 epoch1=0 epoch2=0 current=0 context=1]
[ECG-K2-ACCEPT sim=gem5 seq=250 request_seq=247327136 request_dest=1210 fill_dest=1206 source=request tier=2 epoch1=0 epoch2=0 current=0 context=1 property_elem_bytes=4]
[ECG-K2-EXPECT sim=gem5 seq=288 dest=1238 tier=2 epoch1=0 epoch2=0 width=4]
[ECG-K2-RECV sim=gem5 seq=288 dest=1238 tier=2 epoch1=0 epoch2=0 width=4]
[ECG-K2-EXPECT sim=gem5 seq=289 dest=1263 tier=3 epoch1=0 epoch2=0 width=4]
[ECG-K2-RECV sim=gem5 seq=289 dest=1263 tier=3 epoch1=0 epoch2=0 width=4]
[ECG-K2-EXPECT sim=gem5 seq=290 dest=1332 tier=3 epoch1=0 epoch2=0 width=4]
[ECG-K2-RECV sim=gem5 seq=290 dest=1332 tier=3 epoch1=0 epoch2=0 width=4]
[ECG-K2-REQUEST sim=gem5 seq=255 request_seq=247327181 dest=1332 tier=3 epoch1=0 epoch2=0 current=0 context=1]
[ECG-STREAM-BYPASS sim=gem5 cache=system.l3cache addr=0x3c9400 vaddr=0x3b8400 size=4 source=request-flag allocate=0]
[ECG-K2-ACCEPT sim=gem5 seq=254 request_seq=247327172 request_dest=1263 fill_dest=1263 source=request tier=3 epoch1=0 epoch2=0 current=0 context=1 property_elem_bytes=4]
[ECG-K2-ACCEPT sim=gem5 seq=251 request_seq=247327145 request_dest=1227 fill_dest=1227 source=request tier=2 epoch1=0 epoch2=0 current=0 context=1 property_elem_bytes=4]
[ECG-K2-ACCEPT sim=gem5 seq=253 request_seq=247327163 request_dest=1238 fill_dest=1234 source=request tier=2 epoch1=0 epoch2=0 current=0 context=1 property_elem_bytes=4]
[ECG-K2-EXPECT sim=gem5 seq=291 dest=1332 tier=3 epoch1=0 epoch2=0 width=4]
[ECG-K2-RECV sim=gem5 seq=291 dest=1332 tier=3 epoch1=0 epoch2=0 width=4]
[ECG-K2-ACCEPT sim=gem5 seq=255 request_seq=247327181 request_dest=1332 fill_dest=1332 source=request tier=3 epoch1=0 epoch2=0 current=0 context=1 property_elem_bytes=4]
[ECG-K2-EXPECT sim=gem5 seq=292 dest=1400 tier=3 epoch1=0 epoch2=0 width=4]
[ECG-K2-RECV sim=gem5 seq=292 dest=1400 tier=3 epoch1=0 epoch2=0 width=4]
[ECG-K2-REQUEST sim=gem5 seq=256 request_seq=247327190 dest=1400 tier=3 epoch1=0 epoch2=0 current=0 context=1]
[ECG-K2-EXPECT sim=gem5 seq=293 dest=1445 tier=3 epoch1=0 epoch2=0 width=4]
[ECG-K2-RECV sim=gem5 seq=293 dest=1445 tier=3 epoch1=0 epoch2=0 width=4]
[ECG-K2-REQUEST sim=gem5 seq=257 request_seq=247327199 dest=1445 tier=3 epoch1=0 epoch2=0 current=0 context=1]
[ECG-K2-EXPECT sim=gem5 seq=294 dest=1739 tier=3 epoch1=0 epoch2=0 width=4]
[ECG-K2-RECV sim=gem5 seq=294 dest=1739 tier=3 epoch1=0 epoch2=0 width=4]
[ECG-K2-REQUEST sim=gem5 seq=258 request_seq=247327208 dest=1739 tier=3 epoch1=0 epoch2=0 current=0 context=1]
[ECG-K2-EXPECT sim=gem5 seq=295 dest=1794 tier=3 epoch1=0 epoch2=0 width=4]
[ECG-K2-RECV sim=gem5 seq=295 dest=1794 tier=3 epoch1=0 epoch2=0 width=4]
[ECG-K2-REQUEST sim=gem5 seq=259 request_seq=247327217 dest=1794 tier=3 epoch1=0 epoch2=0 current=0 context=1]
[ECG-K2-EXPECT sim=gem5 seq=296 dest=1844 tier=3 epoch1=0 epoch2=0 width=4]
[ECG-K2-RECV sim=gem5 seq=296 dest=1844 tier=3 epoch1=0 epoch2=0 width=4]
[ECG-K2-REQUEST sim=gem5 seq=260 request_seq=247327226 dest=1844 tier=3 epoch1=0 epoch2=0 current=0 context=1]
[ECG-K2-EXPECT sim=gem5 seq=297 dest=1854 tier=3 epoch1=0 epoch2=0 width=4]
[ECG-K2-RECV sim=gem5 seq=297 dest=1854 tier=3 epoch1=0 epoch2=0 width=4]
[ECG-K2-REQUEST sim=gem5 seq=261 request_seq=247327235 dest=1854 tier=3 epoch1=0 epoch2=0 current=0 context=1]
[ECG-K2-EXPECT sim=gem5 seq=298 dest=1888 tier=3 epoch1=0 epoch2=2 width=4]
[ECG-K2-RECV sim=gem5 seq=298 dest=1888 tier=3 epoch1=0 epoch2=2 width=4]
[ECG-K2-REQUEST sim=gem5 seq=262 request_seq=247327244 dest=1888 tier=3 epoch1=0 epoch2=2 current=0 context=1]
[ECG-K2-EXPECT sim=gem5 seq=299 dest=1929 tier=3 epoch1=0 epoch2=0 width=4]
[ECG-K2-RECV sim=gem5 seq=299 dest=1929 tier=3 epoch1=0 epoch2=0 width=4]
[ECG-K2-REQUEST sim=gem5 seq=263 request_seq=247327253 dest=1929 tier=3 epoch1=0 epoch2=0 current=0 context=1]
[ECG-K2-EXPECT sim=gem5 seq=300 dest=2124 tier=3 epoch1=0 epoch2=0 width=4]
[ECG-K2-RECV sim=gem5 seq=300 dest=2124 tier=3 epoch1=0 epoch2=0 width=4]
[ECG-K2-REQUEST sim=gem5 seq=264 request_seq=247327262 dest=2124 tier=3 epoch1=0 epoch2=0 current=0 context=1]
[ECG-K2-EXPECT sim=gem5 seq=301 dest=2597 tier=3 epoch1=0 epoch2=0 width=4]
[ECG-K2-RECV sim=gem5 seq=301 dest=2597 tier=3 epoch1=0 epoch2=0 width=4]
[ECG-K2-REQUEST sim=gem5 seq=265 request_seq=247327271 dest=2597 tier=3 epoch1=0 epoch2=0 current=0 context=1]
[ECG-K2-EXPECT sim=gem5 seq=302 dest=2659 tier=3 epoch1=0 epoch2=0 width=4]
[ECG-K2-RECV sim=gem5 seq=302 dest=2659 tier=3 epoch1=0 epoch2=0 width=4]
[ECG-K2-REQUEST sim=gem5 seq=266 request_seq=247327280 dest=2659 tier=3 epoch1=0 epoch2=0 current=0 context=1]
[ECG-K2-ACCEPT sim=gem5 seq=256 request_seq=247327190 request_dest=1400 fill_dest=1400 source=request tier=3 epoch1=0 epoch2=0 current=0 context=1 property_elem_bytes=4]
[ECG-K2-EXPECT sim=gem5 seq=303 dest=1844 tier=3 epoch1=0 epoch2=0 width=4]
[ECG-K2-RECV sim=gem5 seq=303 dest=1844 tier=3 epoch1=0 epoch2=0 width=4]
[ECG-K2-EXPECT sim=gem5 seq=304 dest=1854 tier=3 epoch1=0 epoch2=0 width=4]
[ECG-K2-RECV sim=gem5 seq=304 dest=1854 tier=3 epoch1=0 epoch2=0 width=4]
[ECG-K2-EXPECT sim=gem5 seq=305 dest=1888 tier=3 epoch1=0 epoch2=2 width=4]
[ECG-K2-RECV sim=gem5 seq=305 dest=1888 tier=3 epoch1=0 epoch2=2 width=4]
[ECG-K2-EXPECT sim=gem5 seq=306 dest=1929 tier=3 epoch1=0 epoch2=0 width=4]
[ECG-K2-RECV sim=gem5 seq=306 dest=1929 tier=3 epoch1=0 epoch2=0 width=4]
[ECG-K2-EXPECT sim=gem5 seq=307 dest=2124 tier=3 epoch1=0 epoch2=0 width=4]
[ECG-K2-RECV sim=gem5 seq=307 dest=2124 tier=3 epoch1=0 epoch2=0 width=4]
[ECG-K2-EXPECT sim=gem5 seq=308 dest=2597 tier=3 epoch1=0 epoch2=0 width=4]
[ECG-K2-RECV sim=gem5 seq=308 dest=2597 tier=3 epoch1=0 epoch2=0 width=4]
[ECG-K2-EXPECT sim=gem5 seq=309 dest=2659 tier=3 epoch1=0 epoch2=0 width=4]
[ECG-K2-RECV sim=gem5 seq=309 dest=2659 tier=3 epoch1=0 epoch2=0 width=4]
[ECG-K2-ACCEPT sim=gem5 seq=257 request_seq=247327199 request_dest=1445 fill_dest=1445 source=request tier=3 epoch1=0 epoch2=0 current=0 context=1 property_elem_bytes=4]
[ECG-K2-ACCEPT sim=gem5 seq=258 request_seq=247327208 request_dest=1739 fill_dest=1739 source=request tier=3 epoch1=0 epoch2=0 current=0 context=1 property_elem_bytes=4]
[ECG-K2-ACCEPT sim=gem5 seq=259 request_seq=247327217 request_dest=1794 fill_dest=1794 source=request tier=3 epoch1=0 epoch2=0 current=0 context=1 property_elem_bytes=4]
[ECG-K2-EXPECT sim=gem5 seq=310 dest=1854 tier=3 epoch1=0 epoch2=0 width=4]
[ECG-K2-RECV sim=gem5 seq=310 dest=1854 tier=3 epoch1=0 epoch2=0 width=4]
[ECG-K2-EXPECT sim=gem5 seq=311 dest=1888 tier=3 epoch1=0 epoch2=2 width=4]
[ECG-K2-RECV sim=gem5 seq=311 dest=1888 tier=3 epoch1=0 epoch2=2 width=4]
[ECG-K2-EXPECT sim=gem5 seq=312 dest=1929 tier=3 epoch1=0 epoch2=0 width=4]
[ECG-K2-RECV sim=gem5 seq=312 dest=1929 tier=3 epoch1=0 epoch2=0 width=4]
[ECG-K2-EXPECT sim=gem5 seq=313 dest=2124 tier=3 epoch1=0 epoch2=0 width=4]
[ECG-K2-RECV sim=gem5 seq=313 dest=2124 tier=3 epoch1=0 epoch2=0 width=4]
[ECG-K2-EXPECT sim=gem5 seq=314 dest=2597 tier=3 epoch1=0 epoch2=0 width=4]
[ECG-K2-RECV sim=gem5 seq=314 dest=2597 tier=3 epoch1=0 epoch2=0 width=4]
[ECG-K2-EXPECT sim=gem5 seq=315 dest=2659 tier=3 epoch1=0 epoch2=0 width=4]
[ECG-K2-RECV sim=gem5 seq=315 dest=2659 tier=3 epoch1=0 epoch2=0 width=4]
[ECG-K2-EXPECT sim=gem5 seq=316 dest=1929 tier=3 epoch1=0 epoch2=0 width=4]
[ECG-K2-RECV sim=gem5 seq=316 dest=1929 tier=3 epoch1=0 epoch2=0 width=4]
[ECG-K2-EXPECT sim=gem5 seq=317 dest=2124 tier=3 epoch1=0 epoch2=0 width=4]
[ECG-K2-RECV sim=gem5 seq=317 dest=2124 tier=3 epoch1=0 epoch2=0 width=4]
[ECG-K2-EXPECT sim=gem5 seq=318 dest=2597 tier=3 epoch1=0 epoch2=0 width=4]
[ECG-K2-RECV sim=gem5 seq=318 dest=2597 tier=3 epoch1=0 epoch2=0 width=4]
[ECG-K2-EXPECT sim=gem5 seq=319 dest=2659 tier=3 epoch1=0 epoch2=0 width=4]
[ECG-K2-RECV sim=gem5 seq=319 dest=2659 tier=3 epoch1=0 epoch2=0 width=4]
[ECG-K2-EXPECT sim=gem5 seq=320 dest=2124 tier=3 epoch1=0 epoch2=0 width=4]
[ECG-K2-RECV sim=gem5 seq=320 dest=2124 tier=3 epoch1=0 epoch2=0 width=4]
[ECG-K2-EXPECT sim=gem5 seq=321 dest=2597 tier=3 epoch1=0 epoch2=0 width=4]
[ECG-K2-RECV sim=gem5 seq=321 dest=2597 tier=3 epoch1=0 epoch2=0 width=4]
[ECG-K2-EXPECT sim=gem5 seq=322 dest=2659 tier=3 epoch1=0 epoch2=0 width=4]
[ECG-K2-RECV sim=gem5 seq=322 dest=2659 tier=3 epoch1=0 epoch2=0 width=4]
[ECG-K2-ACCEPT sim=gem5 seq=261 request_seq=247327235 request_dest=1854 fill_dest=1844 source=request tier=3 epoch1=0 epoch2=0 current=0 context=1 property_elem_bytes=4]
[ECG-K2-EXPECT sim=gem5 seq=323 dest=2597 tier=3 epoch1=0 epoch2=0 width=4]
[ECG-K2-RECV sim=gem5 seq=323 dest=2597 tier=3 epoch1=0 epoch2=0 width=4]
[ECG-K2-EXPECT sim=gem5 seq=324 dest=2659 tier=3 epoch1=0 epoch2=0 width=4]
[ECG-K2-RECV sim=gem5 seq=324 dest=2659 tier=3 epoch1=0 epoch2=0 width=4]
[ECG-K2-ACCEPT sim=gem5 seq=265 request_seq=247327271 request_dest=2597 fill_dest=2597 source=request tier=3 epoch1=0 epoch2=0 current=0 context=1 property_elem_bytes=4]
[ECG-K2-EXPECT sim=gem5 seq=325 dest=2659 tier=3 epoch1=0 epoch2=0 width=4]
[ECG-K2-RECV sim=gem5 seq=325 dest=2659 tier=3 epoch1=0 epoch2=0 width=4]
[ECG-K2-ACCEPT sim=gem5 seq=262 request_seq=247327244 request_dest=1888 fill_dest=1888 source=request tier=3 epoch1=0 epoch2=2 current=0 context=1 property_elem_bytes=4]
[ECG-K2-ACCEPT sim=gem5 seq=263 request_seq=247327253 request_dest=1929 fill_dest=1929 source=request tier=3 epoch1=0 epoch2=0 current=0 context=1 property_elem_bytes=4]
[ECG-K2-ACCEPT sim=gem5 seq=266 request_seq=247327280 request_dest=2659 fill_dest=2659 source=request tier=3 epoch1=0 epoch2=0 current=0 context=1 property_elem_bytes=4]
[ECG-K2-EXPECT sim=gem5 seq=326 dest=2699 tier=3 epoch1=0 epoch2=0 width=4]
[ECG-K2-RECV sim=gem5 seq=326 dest=2699 tier=3 epoch1=0 epoch2=0 width=4]
[ECG-K2-REQUEST sim=gem5 seq=267 request_seq=247327289 dest=2699 tier=3 epoch1=0 epoch2=0 current=0 context=1]
[ECG-K2-EXPECT sim=gem5 seq=327 dest=3133 tier=3 epoch1=0 epoch2=0 width=4]
[ECG-K2-RECV sim=gem5 seq=327 dest=3133 tier=3 epoch1=0 epoch2=0 width=4]
[ECG-K2-REQUEST sim=gem5 seq=268 request_seq=247327298 dest=3133 tier=3 epoch1=0 epoch2=0 current=0 context=1]
[ECG-K2-EXPECT sim=gem5 seq=328 dest=3157 tier=3 epoch1=0 epoch2=0 width=4]
[ECG-K2-RECV sim=gem5 seq=328 dest=3157 tier=3 epoch1=0 epoch2=0 width=4]
[ECG-K2-REQUEST sim=gem5 seq=269 request_seq=247327307 dest=3157 tier=3 epoch1=0 epoch2=0 current=0 context=1]
[ECG-K2-EXPECT sim=gem5 seq=329 dest=3168 tier=3 epoch1=0 epoch2=0 width=4]
[ECG-K2-RECV sim=gem5 seq=329 dest=3168 tier=3 epoch1=0 epoch2=0 width=4]
[ECG-K2-REQUEST sim=gem5 seq=270 request_seq=247327316 dest=3168 tier=3 epoch1=0 epoch2=0 current=0 context=1]
[ECG-K2-EXPECT sim=gem5 seq=330 dest=3183 tier=3 epoch1=0 epoch2=0 width=4]
[ECG-K2-RECV sim=gem5 seq=330 dest=3183 tier=3 epoch1=0 epoch2=0 width=4]
[ECG-K2-REQUEST sim=gem5 seq=271 request_seq=247327325 dest=3183 tier=3 epoch1=0 epoch2=0 current=0 context=1]
[ECG-K2-EXPECT sim=gem5 seq=331 dest=2699 tier=3 epoch1=0 epoch2=0 width=4]
[ECG-K2-RECV sim=gem5 seq=331 dest=2699 tier=3 epoch1=0 epoch2=0 width=4]
[ECG-K2-EXPECT sim=gem5 seq=332 dest=3133 tier=3 epoch1=0 epoch2=0 width=4]
[ECG-K2-RECV sim=gem5 seq=332 dest=3133 tier=3 epoch1=0 epoch2=0 width=4]
[ECG-K2-EXPECT sim=gem5 seq=333 dest=3157 tier=3 epoch1=0 epoch2=0 width=4]
[ECG-K2-RECV sim=gem5 seq=333 dest=3157 tier=3 epoch1=0 epoch2=0 width=4]
[ECG-K2-EXPECT sim=gem5 seq=334 dest=3168 tier=3 epoch1=0 epoch2=0 width=4]
[ECG-K2-RECV sim=gem5 seq=334 dest=3168 tier=3 epoch1=0 epoch2=0 width=4]
[ECG-K2-EXPECT sim=gem5 seq=335 dest=3183 tier=3 epoch1=0 epoch2=0 width=4]
[ECG-K2-RECV sim=gem5 seq=335 dest=3183 tier=3 epoch1=0 epoch2=0 width=4]
[ECG-K2-EXPECT sim=gem5 seq=336 dest=3133 tier=3 epoch1=0 epoch2=0 width=4]
[ECG-K2-RECV sim=gem5 seq=336 dest=3133 tier=3 epoch1=0 epoch2=0 width=4]
[ECG-K2-EXPECT sim=gem5 seq=337 dest=3157 tier=3 epoch1=0 epoch2=0 width=4]
[ECG-K2-RECV sim=gem5 seq=337 dest=3157 tier=3 epoch1=0 epoch2=0 width=4]
[ECG-K2-EXPECT sim=gem5 seq=338 dest=3168 tier=3 epoch1=0 epoch2=0 width=4]
[ECG-K2-RECV sim=gem5 seq=338 dest=3168 tier=3 epoch1=0 epoch2=0 width=4]
[ECG-K2-EXPECT sim=gem5 seq=339 dest=3183 tier=3 epoch1=0 epoch2=0 width=4]
[ECG-K2-RECV sim=gem5 seq=339 dest=3183 tier=3 epoch1=0 epoch2=0 width=4]
[ECG-STREAM-BYPASS sim=gem5 cache=system.l3cache addr=0x3c9440 vaddr=0x3b8440 size=4 source=request-flag allocate=0]
[ECG-K2-ACCEPT sim=gem5 seq=264 request_seq=247327262 request_dest=2124 fill_dest=2124 source=request tier=3 epoch1=0 epoch2=0 current=0 context=1 property_elem_bytes=4]
[ECG-K2-ACCEPT sim=gem5 seq=267 request_seq=247327289 request_dest=2699 fill_dest=2699 source=request tier=3 epoch1=0 epoch2=0 current=0 context=1 property_elem_bytes=4]
[ECG-K2-ACCEPT sim=gem5 seq=268 request_seq=247327298 request_dest=3133 fill_dest=3133 source=request tier=3 epoch1=0 epoch2=0 current=0 context=1 property_elem_bytes=4]
[ECG-K2-EXPECT sim=gem5 seq=340 dest=3157 tier=3 epoch1=0 epoch2=0 width=4]
[ECG-K2-RECV sim=gem5 seq=340 dest=3157 tier=3 epoch1=0 epoch2=0 width=4]
[ECG-K2-EXPECT sim=gem5 seq=341 dest=3168 tier=3 epoch1=0 epoch2=0 width=4]
[ECG-K2-RECV sim=gem5 seq=341 dest=3168 tier=3 epoch1=0 epoch2=0 width=4]
[ECG-K2-EXPECT sim=gem5 seq=342 dest=3183 tier=3 epoch1=0 epoch2=0 width=4]
[ECG-K2-RECV sim=gem5 seq=342 dest=3183 tier=3 epoch1=0 epoch2=0 width=4]
[ECG-K2-EXPECT sim=gem5 seq=343 dest=3168 tier=3 epoch1=0 epoch2=0 width=4]
[ECG-K2-RECV sim=gem5 seq=343 dest=3168 tier=3 epoch1=0 epoch2=0 width=4]
[ECG-K2-EXPECT sim=gem5 seq=344 dest=3183 tier=3 epoch1=0 epoch2=0 width=4]
[ECG-K2-RECV sim=gem5 seq=344 dest=3183 tier=3 epoch1=0 epoch2=0 width=4]
[ECG-K2-EXPECT sim=gem5 seq=345 dest=3183 tier=3 epoch1=0 epoch2=0 width=4]
[ECG-K2-RECV sim=gem5 seq=345 dest=3183 tier=3 epoch1=0 epoch2=0 width=4]
[ECG-K2-ACCEPT sim=gem5 seq=269 request_seq=247327307 request_dest=3157 fill_dest=3157 source=request tier=3 epoch1=0 epoch2=0 current=0 context=1 property_elem_bytes=4]
[ECG-K2-ACCEPT sim=gem5 seq=271 request_seq=247327325 request_dest=3183 fill_dest=3168 source=request tier=3 epoch1=0 epoch2=0 current=0 context=1 property_elem_bytes=4]
[ECG-K2-EXPECT sim=gem5 seq=346 dest=3435 tier=3 epoch1=0 epoch2=0 width=4]
[ECG-K2-RECV sim=gem5 seq=346 dest=3435 tier=3 epoch1=0 epoch2=0 width=4]
[ECG-K2-REQUEST sim=gem5 seq=272 request_seq=247327334 dest=3435 tier=3 epoch1=0 epoch2=0 current=0 context=1]
[ECG-K2-EXPECT sim=gem5 seq=347 dest=3750 tier=3 epoch1=0 epoch2=0 width=4]
[ECG-K2-RECV sim=gem5 seq=347 dest=3750 tier=3 epoch1=0 epoch2=0 width=4]
[ECG-K2-REQUEST sim=gem5 seq=273 request_seq=247327352 dest=3750 tier=3 epoch1=0 epoch2=0 current=0 context=1]
[ECG-K2-EXPECT sim=gem5 seq=348 dest=3722 tier=3 epoch1=0 epoch2=0 width=4]
[ECG-K2-RECV sim=gem5 seq=348 dest=3722 tier=3 epoch1=0 epoch2=0 width=4]
[ECG-K2-REQUEST sim=gem5 seq=274 request_seq=247327343 dest=3722 tier=3 epoch1=0 epoch2=0 current=0 context=1]
[ECG-K2-EXPECT sim=gem5 seq=349 dest=3997 tier=3 epoch1=0 epoch2=0 width=4]
[ECG-K2-RECV sim=gem5 seq=349 dest=3997 tier=3 epoch1=0 epoch2=0 width=4]
[ECG-K2-REQUEST sim=gem5 seq=275 request_seq=247327361 dest=3997 tier=3 epoch1=0 epoch2=0 current=0 context=1]
[ECG-K2-EXPECT sim=gem5 seq=350 dest=4044 tier=3 epoch1=0 epoch2=0 width=4]
[ECG-K2-RECV sim=gem5 seq=350 dest=4044 tier=3 epoch1=0 epoch2=0 width=4]
[ECG-K2-REQUEST sim=gem5 seq=276 request_seq=247327370 dest=4044 tier=3 epoch1=0 epoch2=0 current=0 context=1]
[ECG-K2-ACCEPT sim=gem5 seq=272 request_seq=247327334 request_dest=3435 fill_dest=3435 source=request tier=3 epoch1=0 epoch2=0 current=0 context=1 property_elem_bytes=4]
[ECG-K2-EXPECT sim=gem5 seq=351 dest=3722 tier=3 epoch1=0 epoch2=0 width=4]
[ECG-K2-RECV sim=gem5 seq=351 dest=3722 tier=3 epoch1=0 epoch2=0 width=4]
[ECG-K2-EXPECT sim=gem5 seq=352 dest=3997 tier=3 epoch1=0 epoch2=0 width=4]
[ECG-K2-RECV sim=gem5 seq=352 dest=3997 tier=3 epoch1=0 epoch2=0 width=4]
[ECG-K2-EXPECT sim=gem5 seq=353 dest=4044 tier=3 epoch1=0 epoch2=0 width=4]
[ECG-K2-RECV sim=gem5 seq=353 dest=4044 tier=3 epoch1=0 epoch2=0 width=4]
[ECG-K2-ACCEPT sim=gem5 seq=274 request_seq=247327343 request_dest=3722 fill_dest=3722 source=request tier=3 epoch1=0 epoch2=0 current=0 context=1 property_elem_bytes=4]
[ECG-K2-EXPECT sim=gem5 seq=354 dest=3997 tier=3 epoch1=0 epoch2=0 width=4]
[ECG-K2-RECV sim=gem5 seq=354 dest=3997 tier=3 epoch1=0 epoch2=0 width=4]
[ECG-K2-EXPECT sim=gem5 seq=355 dest=4044 tier=3 epoch1=0 epoch2=0 width=4]
[ECG-K2-RECV sim=gem5 seq=355 dest=4044 tier=3 epoch1=0 epoch2=0 width=4]
[ECG-K2-ACCEPT sim=gem5 seq=275 request_seq=247327361 request_dest=3997 fill_dest=3997 source=request tier=3 epoch1=0 epoch2=0 current=0 context=1 property_elem_bytes=4]
[ECG-K2-ACCEPT sim=gem5 seq=273 request_seq=247327352 request_dest=3750 fill_dest=3750 source=request tier=3 epoch1=0 epoch2=0 current=0 context=1 property_elem_bytes=4]
[ECG-K2-EXPECT sim=gem5 seq=356 dest=4044 tier=3 epoch1=0 epoch2=0 width=4]
[ECG-K2-RECV sim=gem5 seq=356 dest=4044 tier=3 epoch1=0 epoch2=0 width=4]
[ECG-K2-ACCEPT sim=gem5 seq=276 request_seq=247327370 request_dest=4044 fill_dest=4044 source=request tier=3 epoch1=0 epoch2=0 current=0 context=1 property_elem_bytes=4]
[ECG-K2-EXPECT sim=gem5 seq=357 dest=0 tier=1 epoch1=0 epoch2=0 width=4]
[ECG-K2-RECV sim=gem5 seq=357 dest=0 tier=1 epoch1=0 epoch2=0 width=4]
[ECG-K2-REQUEST sim=gem5 seq=277 request_seq=247327936 dest=0 tier=1 epoch1=0 epoch2=0 current=0 context=1]
[ECG-K2-EXPECT sim=gem5 seq=358 dest=2 tier=1 epoch1=0 epoch2=0 width=4]
[ECG-K2-RECV sim=gem5 seq=358 dest=2 tier=1 epoch1=0 epoch2=0 width=4]
[ECG-K2-REQUEST sim=gem5 seq=278 request_seq=247328045 dest=2 tier=1 epoch1=0 epoch2=0 current=0 context=1]
[ECG-K2-EXPECT sim=gem5 seq=359 dest=3 tier=1 epoch1=0 epoch2=0 width=4]
[ECG-K2-RECV sim=gem5 seq=359 dest=3 tier=1 epoch1=0 epoch2=0 width=4]
[ECG-K2-REQUEST sim=gem5 seq=279 request_seq=247328054 dest=3 tier=1 epoch1=0 epoch2=0 current=0 context=1]
[ECG-K2-EXPECT sim=gem5 seq=360 dest=4 tier=1 epoch1=0 epoch2=0 width=4]
[ECG-K2-RECV sim=gem5 seq=360 dest=4 tier=1 epoch1=0 epoch2=0 width=4]
[ECG-K2-REQUEST sim=gem5 seq=280 request_seq=247328063 dest=4 tier=1 epoch1=0 epoch2=0 current=0 context=1]
[ECG-K2-EXPECT sim=gem5 seq=361 dest=5 tier=1 epoch1=0 epoch2=0 width=4]
[ECG-K2-RECV sim=gem5 seq=361 dest=5 tier=1 epoch1=0 epoch2=0 width=4]
[ECG-K2-REQUEST sim=gem5 seq=281 request_seq=247328072 dest=5 tier=1 epoch1=0 epoch2=0 current=0 context=1]
[ECG-K2-EXPECT sim=gem5 seq=362 dest=6 tier=1 epoch1=0 epoch2=0 width=4]
[ECG-K2-RECV sim=gem5 seq=362 dest=6 tier=1 epoch1=0 epoch2=0 width=4]
[ECG-K2-REQUEST sim=gem5 seq=282 request_seq=247328081 dest=6 tier=1 epoch1=0 epoch2=0 current=0 context=1]
[ECG-K2-EXPECT sim=gem5 seq=363 dest=7 tier=1 epoch1=0 epoch2=0 width=4]
[ECG-K2-RECV sim=gem5 seq=363 dest=7 tier=1 epoch1=0 epoch2=0 width=4]
[ECG-K2-REQUEST sim=gem5 seq=283 request_seq=247328090 dest=7 tier=1 epoch1=0 epoch2=0 current=0 context=1]
[ECG-K2-EXPECT sim=gem5 seq=364 dest=9 tier=1 epoch1=0 epoch2=0 width=4]
[ECG-K2-RECV sim=gem5 seq=364 dest=9 tier=1 epoch1=0 epoch2=0 width=4]
[ECG-K2-REQUEST sim=gem5 seq=284 request_seq=247328099 dest=9 tier=1 epoch1=0 epoch2=0 current=0 context=1]
[ECG-K2-EXPECT sim=gem5 seq=365 dest=11 tier=1 epoch1=0 epoch2=0 width=4]
[ECG-K2-RECV sim=gem5 seq=365 dest=11 tier=1 epoch1=0 epoch2=0 width=4]
[ECG-K2-REQUEST sim=gem5 seq=285 request_seq=247328108 dest=11 tier=1 epoch1=0 epoch2=0 current=0 context=1]
[ECG-K2-EXPECT sim=gem5 seq=366 dest=12 tier=1 epoch1=0 epoch2=0 width=4]
[ECG-K2-RECV sim=gem5 seq=366 dest=12 tier=1 epoch1=0 epoch2=0 width=4]
[ECG-K2-REQUEST sim=gem5 seq=286 request_seq=247328117 dest=12 tier=1 epoch1=0 epoch2=0 current=0 context=1]
[ECG-K2-EXPECT sim=gem5 seq=367 dest=13 tier=1 epoch1=0 epoch2=0 width=4]
[ECG-K2-RECV sim=gem5 seq=367 dest=13 tier=1 epoch1=0 epoch2=0 width=4]
[ECG-K2-REQUEST sim=gem5 seq=287 request_seq=247328126 dest=13 tier=1 epoch1=0 epoch2=0 current=0 context=1]
[ECG-STREAM-BYPASS sim=gem5 cache=system.l3cache addr=0x3c9480 vaddr=0x3b8480 size=4 source=request-flag allocate=0]
[ECG-K2-EXPECT sim=gem5 seq=368 dest=14 tier=1 epoch1=0 epoch2=0 width=4]
[ECG-K2-RECV sim=gem5 seq=368 dest=14 tier=1 epoch1=0 epoch2=0 width=4]
[ECG-K2-REQUEST sim=gem5 seq=288 request_seq=247328135 dest=14 tier=1 epoch1=0 epoch2=0 current=0 context=1]
[ECG-K2-EXPECT sim=gem5 seq=369 dest=15 tier=1 epoch1=0 epoch2=0 width=4]
[ECG-K2-RECV sim=gem5 seq=369 dest=15 tier=1 epoch1=0 epoch2=0 width=4]
[ECG-K2-REQUEST sim=gem5 seq=289 request_seq=247328144 dest=15 tier=1 epoch1=0 epoch2=0 current=0 context=1]
[ECG-K2-EXPECT sim=gem5 seq=370 dest=16 tier=1 epoch1=0 epoch2=0 width=4]
[ECG-K2-RECV sim=gem5 seq=370 dest=16 tier=1 epoch1=0 epoch2=0 width=4]
[ECG-K2-REQUEST sim=gem5 seq=290 request_seq=247328153 dest=16 tier=1 epoch1=0 epoch2=0 current=0 context=1]
[ECG-K2-EXPECT sim=gem5 seq=371 dest=17 tier=1 epoch1=0 epoch2=0 width=4]
[ECG-K2-RECV sim=gem5 seq=371 dest=17 tier=1 epoch1=0 epoch2=0 width=4]
[ECG-K2-REQUEST sim=gem5 seq=291 request_seq=247328162 dest=17 tier=1 epoch1=0 epoch2=0 current=0 context=1]
[ECG-K2-EXPECT sim=gem5 seq=372 dest=18 tier=1 epoch1=0 epoch2=0 width=4]
[ECG-K2-RECV sim=gem5 seq=372 dest=18 tier=1 epoch1=0 epoch2=0 width=4]
[ECG-K2-REQUEST sim=gem5 seq=292 request_seq=247328171 dest=18 tier=1 epoch1=0 epoch2=0 current=0 context=1]
[ECG-K2-EXPECT sim=gem5 seq=373 dest=21 tier=1 epoch1=0 epoch2=0 width=4]
[ECG-K2-RECV sim=gem5 seq=373 dest=21 tier=1 epoch1=0 epoch2=0 width=4]
[ECG-K2-REQUEST sim=gem5 seq=293 request_seq=247328180 dest=21 tier=1 epoch1=0 epoch2=0 current=0 context=1]
[ECG-K2-EXPECT sim=gem5 seq=374 dest=22 tier=1 epoch1=0 epoch2=0 width=4]
[ECG-K2-RECV sim=gem5 seq=374 dest=22 tier=1 epoch1=0 epoch2=0 width=4]
[ECG-K2-REQUEST sim=gem5 seq=294 request_seq=247328189 dest=22 tier=1 epoch1=0 epoch2=0 current=0 context=1]
[ECG-K2-EXPECT sim=gem5 seq=375 dest=23 tier=1 epoch1=0 epoch2=0 width=4]
[ECG-K2-RECV sim=gem5 seq=375 dest=23 tier=1 epoch1=0 epoch2=0 width=4]
[ECG-K2-REQUEST sim=gem5 seq=295 request_seq=247328198 dest=23 tier=1 epoch1=0 epoch2=0 current=0 context=1]
[ECG-K2-EXPECT sim=gem5 seq=376 dest=24 tier=1 epoch1=0 epoch2=0 width=4]
[ECG-K2-RECV sim=gem5 seq=376 dest=24 tier=1 epoch1=0 epoch2=0 width=4]
[ECG-K2-REQUEST sim=gem5 seq=296 request_seq=247328207 dest=24 tier=1 epoch1=0 epoch2=0 current=0 context=1]
[ECG-K2-EXPECT sim=gem5 seq=377 dest=27 tier=1 epoch1=0 epoch2=0 width=4]
[ECG-K2-RECV sim=gem5 seq=377 dest=27 tier=1 epoch1=0 epoch2=0 width=4]
[ECG-K2-REQUEST sim=gem5 seq=297 request_seq=247328216 dest=27 tier=1 epoch1=0 epoch2=0 current=0 context=1]
[ECG-K2-EXPECT sim=gem5 seq=378 dest=28 tier=1 epoch1=0 epoch2=0 width=4]
[ECG-K2-RECV sim=gem5 seq=378 dest=28 tier=1 epoch1=0 epoch2=0 width=4]
[ECG-K2-REQUEST sim=gem5 seq=298 request_seq=247328225 dest=28 tier=1 epoch1=0 epoch2=0 current=0 context=1]
[ECG-K2-EXPECT sim=gem5 seq=379 dest=29 tier=1 epoch1=0 epoch2=0 width=4]
[ECG-K2-RECV sim=gem5 seq=379 dest=29 tier=1 epoch1=0 epoch2=0 width=4]
[ECG-K2-REQUEST sim=gem5 seq=299 request_seq=247328234 dest=29 tier=1 epoch1=0 epoch2=0 current=0 context=1]
[ECG-K2-EXPECT sim=gem5 seq=380 dest=30 tier=1 epoch1=0 epoch2=0 width=4]
[ECG-K2-RECV sim=gem5 seq=380 dest=30 tier=1 epoch1=0 epoch2=0 width=4]
[ECG-K2-REQUEST sim=gem5 seq=300 request_seq=247328243 dest=30 tier=1 epoch1=0 epoch2=0 current=0 context=1]
[ECG-K2-EXPECT sim=gem5 seq=381 dest=32 tier=1 epoch1=0 epoch2=0 width=4]
[ECG-K2-RECV sim=gem5 seq=381 dest=32 tier=1 epoch1=0 epoch2=0 width=4]
[ECG-K2-REQUEST sim=gem5 seq=301 request_seq=247328252 dest=32 tier=1 epoch1=0 epoch2=0 current=0 context=1]
[ECG-K2-EXPECT sim=gem5 seq=382 dest=35 tier=1 epoch1=0 epoch2=0 width=4]
[ECG-K2-RECV sim=gem5 seq=382 dest=35 tier=1 epoch1=0 epoch2=0 width=4]
[ECG-K2-REQUEST sim=gem5 seq=302 request_seq=247328261 dest=35 tier=1 epoch1=0 epoch2=0 current=0 context=1]
[ECG-K2-EXPECT sim=gem5 seq=383 dest=36 tier=1 epoch1=0 epoch2=0 width=4]
[ECG-K2-RECV sim=gem5 seq=383 dest=36 tier=1 epoch1=0 epoch2=0 width=4]
[ECG-K2-REQUEST sim=gem5 seq=303 request_seq=247328270 dest=36 tier=1 epoch1=0 epoch2=0 current=0 context=1]
[ECG-K2-ACCEPT sim=gem5 seq=303 request_seq=247328270 request_dest=36 fill_dest=32 source=request tier=1 epoch1=0 epoch2=0 current=0 context=1 property_elem_bytes=4]
[ECG-STREAM-BYPASS sim=gem5 cache=system.l3cache addr=0x3c94c0 vaddr=0x3b84c0 size=4 source=request-flag allocate=0]
[ECG-K2-EXPECT sim=gem5 seq=384 dest=37 tier=1 epoch1=0 epoch2=0 width=4]
[ECG-K2-RECV sim=gem5 seq=384 dest=37 tier=1 epoch1=0 epoch2=0 width=4]
[ECG-K2-REQUEST sim=gem5 seq=304 request_seq=247328279 dest=37 tier=1 epoch1=0 epoch2=0 current=0 context=1]
[ECG-K2-EXPECT sim=gem5 seq=385 dest=38 tier=1 epoch1=0 epoch2=0 width=4]
[ECG-K2-RECV sim=gem5 seq=385 dest=38 tier=1 epoch1=0 epoch2=0 width=4]
[ECG-K2-REQUEST sim=gem5 seq=305 request_seq=247328288 dest=38 tier=1 epoch1=0 epoch2=0 current=0 context=1]
[ECG-K2-EXPECT sim=gem5 seq=386 dest=40 tier=1 epoch1=0 epoch2=0 width=4]
[ECG-K2-RECV sim=gem5 seq=386 dest=40 tier=1 epoch1=0 epoch2=0 width=4]
[ECG-K2-REQUEST sim=gem5 seq=306 request_seq=247328297 dest=40 tier=1 epoch1=0 epoch2=0 current=0 context=1]
[ECG-K2-EXPECT sim=gem5 seq=387 dest=41 tier=1 epoch1=0 epoch2=0 width=4]
[ECG-K2-RECV sim=gem5 seq=387 dest=41 tier=1 epoch1=0 epoch2=0 width=4]
[ECG-K2-REQUEST sim=gem5 seq=307 request_seq=247328306 dest=41 tier=1 epoch1=0 epoch2=0 current=0 context=1]
[ECG-K2-EXPECT sim=gem5 seq=388 dest=42 tier=1 epoch1=0 epoch2=0 width=4]
[ECG-K2-RECV sim=gem5 seq=388 dest=42 tier=1 epoch1=0 epoch2=0 width=4]
[ECG-K2-REQUEST sim=gem5 seq=308 request_seq=247328315 dest=42 tier=1 epoch1=0 epoch2=0 current=0 context=1]
[ECG-K2-EXPECT sim=gem5 seq=389 dest=43 tier=1 epoch1=0 epoch2=0 width=4]
[ECG-K2-RECV sim=gem5 seq=389 dest=43 tier=1 epoch1=0 epoch2=0 width=4]
[ECG-K2-REQUEST sim=gem5 seq=309 request_seq=247328324 dest=43 tier=1 epoch1=0 epoch2=0 current=0 context=1]
[ECG-K2-EXPECT sim=gem5 seq=390 dest=44 tier=1 epoch1=0 epoch2=0 width=4]
[ECG-K2-RECV sim=gem5 seq=390 dest=44 tier=1 epoch1=0 epoch2=0 width=4]
[ECG-K2-REQUEST sim=gem5 seq=310 request_seq=247328333 dest=44 tier=1 epoch1=0 epoch2=0 current=0 context=1]
[ECG-K2-EXPECT sim=gem5 seq=391 dest=45 tier=1 epoch1=0 epoch2=0 width=4]
[ECG-K2-RECV sim=gem5 seq=391 dest=45 tier=1 epoch1=0 epoch2=0 width=4]
[ECG-K2-REQUEST sim=gem5 seq=311 request_seq=247328342 dest=45 tier=1 epoch1=0 epoch2=0 current=0 context=1]
[ECG-K2-EXPECT sim=gem5 seq=392 dest=46 tier=1 epoch1=0 epoch2=0 width=4]
[ECG-K2-RECV sim=gem5 seq=392 dest=46 tier=1 epoch1=0 epoch2=0 width=4]
[ECG-K2-REQUEST sim=gem5 seq=312 request_seq=247328351 dest=46 tier=1 epoch1=0 epoch2=0 current=0 context=1]
[ECG-K2-EXPECT sim=gem5 seq=393 dest=47 tier=1 epoch1=0 epoch2=0 width=4]
[ECG-K2-RECV sim=gem5 seq=393 dest=47 tier=1 epoch1=0 epoch2=0 width=4]
[ECG-K2-REQUEST sim=gem5 seq=313 request_seq=247328360 dest=47 tier=1 epoch1=0 epoch2=0 current=0 context=1]
[ECG-K2-EXPECT sim=gem5 seq=394 dest=48 tier=1 epoch1=0 epoch2=0 width=4]
[ECG-K2-RECV sim=gem5 seq=394 dest=48 tier=1 epoch1=0 epoch2=0 width=4]
[ECG-K2-REQUEST sim=gem5 seq=314 request_seq=247328369 dest=48 tier=1 epoch1=0 epoch2=0 current=0 context=1]
[ECG-K2-EXPECT sim=gem5 seq=395 dest=49 tier=1 epoch1=0 epoch2=0 width=4]
[ECG-K2-RECV sim=gem5 seq=395 dest=49 tier=1 epoch1=0 epoch2=0 width=4]
[ECG-K2-REQUEST sim=gem5 seq=315 request_seq=247328378 dest=49 tier=1 epoch1=0 epoch2=0 current=0 context=1]
[ECG-K2-ACCEPT sim=gem5 seq=315 request_seq=247328378 request_dest=49 fill_dest=48 source=request tier=1 epoch1=0 epoch2=0 current=0 context=1 property_elem_bytes=4]
[ECG-K2-EXPECT sim=gem5 seq=396 dest=50 tier=1 epoch1=0 epoch2=0 width=4]
[ECG-K2-RECV sim=gem5 seq=396 dest=50 tier=1 epoch1=0 epoch2=0 width=4]
[ECG-K2-REQUEST sim=gem5 seq=316 request_seq=247328387 dest=50 tier=1 epoch1=0 epoch2=0 current=0 context=1]
[ECG-K2-EXPECT sim=gem5 seq=397 dest=52 tier=1 epoch1=0 epoch2=0 width=4]
[ECG-K2-RECV sim=gem5 seq=397 dest=52 tier=1 epoch1=0 epoch2=0 width=4]
[ECG-K2-REQUEST sim=gem5 seq=317 request_seq=247328396 dest=52 tier=1 epoch1=0 epoch2=0 current=0 context=1]
[ECG-K2-EXPECT sim=gem5 seq=398 dest=54 tier=1 epoch1=0 epoch2=0 width=4]
[ECG-K2-RECV sim=gem5 seq=398 dest=54 tier=1 epoch1=0 epoch2=0 width=4]
[ECG-K2-REQUEST sim=gem5 seq=318 request_seq=247328405 dest=54 tier=1 epoch1=0 epoch2=0 current=0 context=1]
[ECG-K2-EXPECT sim=gem5 seq=399 dest=55 tier=1 epoch1=0 epoch2=0 width=4]
[ECG-K2-RECV sim=gem5 seq=399 dest=55 tier=1 epoch1=0 epoch2=0 width=4]
[ECG-K2-REQUEST sim=gem5 seq=319 request_seq=247328414 dest=55 tier=1 epoch1=0 epoch2=0 current=0 context=1]
[ECG-STREAM-BYPASS sim=gem5 cache=system.l3cache addr=0x3c9500 vaddr=0x3b8500 size=4 source=request-flag allocate=0]
[ECG-K2-EXPECT sim=gem5 seq=400 dest=56 tier=1 epoch1=0 epoch2=0 width=4]
[ECG-K2-RECV sim=gem5 seq=400 dest=56 tier=1 epoch1=0 epoch2=0 width=4]
[ECG-K2-REQUEST sim=gem5 seq=320 request_seq=247328423 dest=56 tier=1 epoch1=0 epoch2=0 current=0 context=1]
[ECG-K2-EXPECT sim=gem5 seq=401 dest=58 tier=1 epoch1=0 epoch2=0 width=4]
[ECG-K2-RECV sim=gem5 seq=401 dest=58 tier=1 epoch1=0 epoch2=0 width=4]
[ECG-K2-REQUEST sim=gem5 seq=321 request_seq=247328432 dest=58 tier=1 epoch1=0 epoch2=0 current=0 context=1]
[ECG-K2-EXPECT sim=gem5 seq=402 dest=59 tier=1 epoch1=0 epoch2=0 width=4]
[ECG-K2-RECV sim=gem5 seq=402 dest=59 tier=1 epoch1=0 epoch2=0 width=4]
[ECG-K2-REQUEST sim=gem5 seq=322 request_seq=247328441 dest=59 tier=1 epoch1=0 epoch2=0 current=0 context=1]
[ECG-K2-EXPECT sim=gem5 seq=403 dest=61 tier=1 epoch1=0 epoch2=0 width=4]
[ECG-K2-RECV sim=gem5 seq=403 dest=61 tier=1 epoch1=0 epoch2=0 width=4]
[ECG-K2-REQUEST sim=gem5 seq=323 request_seq=247328450 dest=61 tier=1 epoch1=0 epoch2=0 current=0 context=1]
[ECG-K2-EXPECT sim=gem5 seq=404 dest=62 tier=1 epoch1=0 epoch2=0 width=4]
[ECG-K2-RECV sim=gem5 seq=404 dest=62 tier=1 epoch1=0 epoch2=0 width=4]
[ECG-K2-REQUEST sim=gem5 seq=324 request_seq=247328459 dest=62 tier=1 epoch1=0 epoch2=0 current=0 context=1]
[ECG-K2-EXPECT sim=gem5 seq=405 dest=63 tier=1 epoch1=0 epoch2=0 width=4]
[ECG-K2-RECV sim=gem5 seq=405 dest=63 tier=1 epoch1=0 epoch2=0 width=4]
[ECG-K2-REQUEST sim=gem5 seq=325 request_seq=247328468 dest=63 tier=1 epoch1=0 epoch2=0 current=0 context=1]
[ECG-K2-EXPECT sim=gem5 seq=406 dest=65 tier=1 epoch1=0 epoch2=0 width=4]
[ECG-K2-RECV sim=gem5 seq=406 dest=65 tier=1 epoch1=0 epoch2=0 width=4]
[ECG-K2-REQUEST sim=gem5 seq=326 request_seq=247328477 dest=65 tier=1 epoch1=0 epoch2=0 current=0 context=1]
[ECG-K2-EXPECT sim=gem5 seq=407 dest=67 tier=1 epoch1=0 epoch2=0 width=4]
[ECG-K2-RECV sim=gem5 seq=407 dest=67 tier=1 epoch1=0 epoch2=0 width=4]
[ECG-K2-REQUEST sim=gem5 seq=327 request_seq=247328486 dest=67 tier=1 epoch1=0 epoch2=0 current=0 context=1]
[ECG-K2-EXPECT sim=gem5 seq=408 dest=68 tier=1 epoch1=0 epoch2=0 width=4]
[ECG-K2-RECV sim=gem5 seq=408 dest=68 tier=1 epoch1=0 epoch2=0 width=4]
[ECG-K2-REQUEST sim=gem5 seq=328 request_seq=247328495 dest=68 tier=1 epoch1=0 epoch2=0 current=0 context=1]
[ECG-K2-EXPECT sim=gem5 seq=409 dest=71 tier=1 epoch1=0 epoch2=0 width=4]
[ECG-K2-RECV sim=gem5 seq=409 dest=71 tier=1 epoch1=0 epoch2=0 width=4]
[ECG-K2-REQUEST sim=gem5 seq=329 request_seq=247328504 dest=71 tier=1 epoch1=0 epoch2=0 current=0 context=1]
[ECG-K2-EXPECT sim=gem5 seq=410 dest=74 tier=1 epoch1=0 epoch2=0 width=4]
[ECG-K2-RECV sim=gem5 seq=410 dest=74 tier=1 epoch1=0 epoch2=0 width=4]
[ECG-K2-REQUEST sim=gem5 seq=330 request_seq=247328513 dest=74 tier=1 epoch1=0 epoch2=0 current=0 context=1]
[ECG-K2-EXPECT sim=gem5 seq=411 dest=75 tier=1 epoch1=0 epoch2=0 width=4]
[ECG-K2-RECV sim=gem5 seq=411 dest=75 tier=1 epoch1=0 epoch2=0 width=4]
[ECG-K2-REQUEST sim=gem5 seq=331 request_seq=247328522 dest=75 tier=1 epoch1=0 epoch2=0 current=0 context=1]
[ECG-K2-ACCEPT sim=gem5 seq=331 request_seq=247328522 request_dest=75 fill_dest=65 source=request tier=1 epoch1=0 epoch2=0 current=0 context=1 property_elem_bytes=4]
[ECG-K2-EXPECT sim=gem5 seq=412 dest=77 tier=1 epoch1=0 epoch2=0 width=4]
[ECG-K2-RECV sim=gem5 seq=412 dest=77 tier=1 epoch1=0 epoch2=0 width=4]
[ECG-K2-REQUEST sim=gem5 seq=332 request_seq=247328531 dest=77 tier=1 epoch1=0 epoch2=0 current=0 context=1]
[ECG-K2-EXPECT sim=gem5 seq=413 dest=78 tier=1 epoch1=0 epoch2=0 width=4]
[ECG-K2-RECV sim=gem5 seq=413 dest=78 tier=1 epoch1=0 epoch2=0 width=4]
[ECG-K2-REQUEST sim=gem5 seq=333 request_seq=247328540 dest=78 tier=1 epoch1=0 epoch2=0 current=0 context=1]
[ECG-K2-EXPECT sim=gem5 seq=414 dest=79 tier=1 epoch1=0 epoch2=0 width=4]
[ECG-K2-RECV sim=gem5 seq=414 dest=79 tier=1 epoch1=0 epoch2=0 width=4]
[ECG-K2-REQUEST sim=gem5 seq=334 request_seq=247328549 dest=79 tier=1 epoch1=0 epoch2=0 current=0 context=1]
[ECG-K2-EXPECT sim=gem5 seq=415 dest=81 tier=1 epoch1=0 epoch2=0 width=4]
[ECG-K2-RECV sim=gem5 seq=415 dest=81 tier=1 epoch1=0 epoch2=0 width=4]
[ECG-K2-REQUEST sim=gem5 seq=335 request_seq=247328558 dest=81 tier=1 epoch1=0 epoch2=0 current=0 context=1]
[ECG-STREAM-BYPASS sim=gem5 cache=system.l3cache addr=0x3c9540 vaddr=0x3b8540 size=4 source=request-flag allocate=0]
[ECG-K2-EXPECT sim=gem5 seq=416 dest=83 tier=1 epoch1=0 epoch2=0 width=4]
[ECG-K2-RECV sim=gem5 seq=416 dest=83 tier=1 epoch1=0 epoch2=0 width=4]
[ECG-K2-REQUEST sim=gem5 seq=336 request_seq=247328567 dest=83 tier=1 epoch1=0 epoch2=0 current=0 context=1]
[ECG-K2-EXPECT sim=gem5 seq=417 dest=84 tier=1 epoch1=0 epoch2=0 width=4]
[ECG-K2-RECV sim=gem5 seq=417 dest=84 tier=1 epoch1=0 epoch2=0 width=4]
[ECG-K2-REQUEST sim=gem5 seq=337 request_seq=247328576 dest=84 tier=1 epoch1=0 epoch2=0 current=0 context=1]
[ECG-K2-EXPECT sim=gem5 seq=418 dest=85 tier=1 epoch1=0 epoch2=0 width=4]
[ECG-K2-RECV sim=gem5 seq=418 dest=85 tier=1 epoch1=0 epoch2=0 width=4]
[ECG-K2-REQUEST sim=gem5 seq=338 request_seq=247328585 dest=85 tier=1 epoch1=0 epoch2=0 current=0 context=1]
[ECG-K2-EXPECT sim=gem5 seq=419 dest=87 tier=1 epoch1=0 epoch2=0 width=4]
[ECG-K2-RECV sim=gem5 seq=419 dest=87 tier=1 epoch1=0 epoch2=0 width=4]
[ECG-K2-REQUEST sim=gem5 seq=339 request_seq=247328594 dest=87 tier=1 epoch1=0 epoch2=0 current=0 context=1]
[ECG-K2-EXPECT sim=gem5 seq=420 dest=88 tier=1 epoch1=0 epoch2=0 width=4]
[ECG-K2-RECV sim=gem5 seq=420 dest=88 tier=1 epoch1=0 epoch2=0 width=4]
[ECG-K2-REQUEST sim=gem5 seq=340 request_seq=247328603 dest=88 tier=1 epoch1=0 epoch2=0 current=0 context=1]
[ECG-K2-EXPECT sim=gem5 seq=421 dest=89 tier=1 epoch1=0 epoch2=0 width=4]
[ECG-K2-RECV sim=gem5 seq=421 dest=89 tier=1 epoch1=0 epoch2=0 width=4]
[ECG-K2-REQUEST sim=gem5 seq=341 request_seq=247328612 dest=89 tier=1 epoch1=0 epoch2=0 current=0 context=1]
[ECG-K2-EXPECT sim=gem5 seq=422 dest=91 tier=1 epoch1=0 epoch2=0 width=4]
[ECG-K2-RECV sim=gem5 seq=422 dest=91 tier=1 epoch1=0 epoch2=0 width=4]
[ECG-K2-REQUEST sim=gem5 seq=342 request_seq=247328621 dest=91 tier=1 epoch1=0 epoch2=0 current=0 context=1]
[ECG-K2-EXPECT sim=gem5 seq=423 dest=98 tier=1 epoch1=0 epoch2=0 width=4]
[ECG-K2-RECV sim=gem5 seq=423 dest=98 tier=1 epoch1=0 epoch2=0 width=4]
[ECG-K2-REQUEST sim=gem5 seq=343 request_seq=247328630 dest=98 tier=1 epoch1=0 epoch2=0 current=0 context=1]
[ECG-K2-EXPECT sim=gem5 seq=424 dest=103 tier=1 epoch1=0 epoch2=0 width=4]
[ECG-K2-RECV sim=gem5 seq=424 dest=103 tier=1 epoch1=0 epoch2=0 width=4]
[ECG-K2-REQUEST sim=gem5 seq=344 request_seq=247328639 dest=103 tier=1 epoch1=0 epoch2=0 current=0 context=1]
[ECG-K2-EXPECT sim=gem5 seq=425 dest=105 tier=1 epoch1=0 epoch2=0 width=4]
[ECG-K2-RECV sim=gem5 seq=425 dest=105 tier=1 epoch1=0 epoch2=0 width=4]
[ECG-K2-REQUEST sim=gem5 seq=345 request_seq=247328648 dest=105 tier=1 epoch1=0 epoch2=0 current=0 context=1]
[ECG-K2-EXPECT sim=gem5 seq=426 dest=107 tier=1 epoch1=0 epoch2=0 width=4]
[ECG-K2-RECV sim=gem5 seq=426 dest=107 tier=1 epoch1=0 epoch2=0 width=4]
[ECG-K2-REQUEST sim=gem5 seq=346 request_seq=247328657 dest=107 tier=1 epoch1=0 epoch2=0 current=0 context=1]
[ECG-K2-EXPECT sim=gem5 seq=427 dest=109 tier=1 epoch1=0 epoch2=0 width=4]
[ECG-K2-RECV sim=gem5 seq=427 dest=109 tier=1 epoch1=0 epoch2=0 width=4]
[ECG-K2-REQUEST sim=gem5 seq=347 request_seq=247328666 dest=109 tier=1 epoch1=0 epoch2=0 current=0 context=1]
[ECG-K2-ACCEPT sim=gem5 seq=347 request_seq=247328666 request_dest=109 fill_dest=98 source=request tier=1 epoch1=0 epoch2=0 current=0 context=1 property_elem_bytes=4]
[ECG-K2-EXPECT sim=gem5 seq=428 dest=110 tier=1 epoch1=0 epoch2=0 width=4]
[ECG-K2-RECV sim=gem5 seq=428 dest=110 tier=1 epoch1=0 epoch2=0 width=4]
[ECG-K2-REQUEST sim=gem5 seq=348 request_seq=247328675 dest=110 tier=1 epoch1=0 epoch2=0 current=0 context=1]
[ECG-K2-EXPECT sim=gem5 seq=429 dest=111 tier=1 epoch1=0 epoch2=0 width=4]
[ECG-K2-RECV sim=gem5 seq=429 dest=111 tier=1 epoch1=0 epoch2=0 width=4]
[ECG-K2-REQUEST sim=gem5 seq=349 request_seq=247328684 dest=111 tier=1 epoch1=0 epoch2=0 current=0 context=1]
[ECG-K2-EXPECT sim=gem5 seq=430 dest=114 tier=1 epoch1=0 epoch2=0 width=4]
[ECG-K2-RECV sim=gem5 seq=430 dest=114 tier=1 epoch1=0 epoch2=0 width=4]
[ECG-K2-REQUEST sim=gem5 seq=350 request_seq=247328693 dest=114 tier=1 epoch1=0 epoch2=0 current=0 context=1]
[ECG-K2-EXPECT sim=gem5 seq=431 dest=118 tier=1 epoch1=0 epoch2=0 width=4]
[ECG-K2-RECV sim=gem5 seq=431 dest=118 tier=1 epoch1=0 epoch2=0 width=4]
[ECG-K2-REQUEST sim=gem5 seq=351 request_seq=247328702 dest=118 tier=1 epoch1=0 epoch2=0 current=0 context=1]
[ECG-STREAM-BYPASS sim=gem5 cache=system.l3cache addr=0x3c9580 vaddr=0x3b8580 size=4 source=request-flag allocate=0]
[ECG-K2-EXPECT sim=gem5 seq=432 dest=119 tier=1 epoch1=0 epoch2=0 width=4]
[ECG-K2-RECV sim=gem5 seq=432 dest=119 tier=1 epoch1=0 epoch2=0 width=4]
[ECG-K2-REQUEST sim=gem5 seq=352 request_seq=247328711 dest=119 tier=1 epoch1=0 epoch2=0 current=0 context=1]
[ECG-K2-EXPECT sim=gem5 seq=433 dest=120 tier=1 epoch1=0 epoch2=0 width=4]
[ECG-K2-RECV sim=gem5 seq=433 dest=120 tier=1 epoch1=0 epoch2=0 width=4]
[ECG-K2-REQUEST sim=gem5 seq=353 request_seq=247328720 dest=120 tier=1 epoch1=0 epoch2=0 current=0 context=1]
[ECG-K2-EXPECT sim=gem5 seq=434 dest=123 tier=1 epoch1=0 epoch2=0 width=4]
[ECG-K2-RECV sim=gem5 seq=434 dest=123 tier=1 epoch1=0 epoch2=0 width=4]
[ECG-K2-REQUEST sim=gem5 seq=354 request_seq=247328729 dest=123 tier=1 epoch1=0 epoch2=0 current=0 context=1]
[ECG-K2-EXPECT sim=gem5 seq=435 dest=124 tier=1 epoch1=0 epoch2=0 width=4]
[ECG-K2-RECV sim=gem5 seq=435 dest=124 tier=1 epoch1=0 epoch2=0 width=4]
[ECG-K2-REQUEST sim=gem5 seq=355 request_seq=247328738 dest=124 tier=1 epoch1=0 epoch2=0 current=0 context=1]
[ECG-K2-EXPECT sim=gem5 seq=436 dest=125 tier=1 epoch1=0 epoch2=0 width=4]
[ECG-K2-RECV sim=gem5 seq=436 dest=125 tier=1 epoch1=0 epoch2=0 width=4]
[ECG-K2-REQUEST sim=gem5 seq=356 request_seq=247328747 dest=125 tier=1 epoch1=0 epoch2=0 current=0 context=1]
[ECG-K2-EXPECT sim=gem5 seq=437 dest=126 tier=1 epoch1=0 epoch2=0 width=4]
[ECG-K2-RECV sim=gem5 seq=437 dest=126 tier=1 epoch1=0 epoch2=0 width=4]
[ECG-K2-REQUEST sim=gem5 seq=357 request_seq=247328756 dest=126 tier=1 epoch1=0 epoch2=0 current=0 context=1]
[ECG-K2-EXPECT sim=gem5 seq=438 dest=130 tier=1 epoch1=0 epoch2=0 width=4]
[ECG-K2-RECV sim=gem5 seq=438 dest=130 tier=1 epoch1=0 epoch2=0 width=4]
[ECG-K2-REQUEST sim=gem5 seq=358 request_seq=247328765 dest=130 tier=1 epoch1=0 epoch2=0 current=0 context=1]
[ECG-K2-EXPECT sim=gem5 seq=439 dest=131 tier=1 epoch1=0 epoch2=0 width=4]
[ECG-K2-RECV sim=gem5 seq=439 dest=131 tier=1 epoch1=0 epoch2=0 width=4]
[ECG-K2-REQUEST sim=gem5 seq=359 request_seq=247328774 dest=131 tier=1 epoch1=0 epoch2=0 current=0 context=1]
[ECG-K2-EXPECT sim=gem5 seq=440 dest=133 tier=1 epoch1=0 epoch2=0 width=4]
[ECG-K2-RECV sim=gem5 seq=440 dest=133 tier=1 epoch1=0 epoch2=0 width=4]
[ECG-K2-REQUEST sim=gem5 seq=360 request_seq=247328783 dest=133 tier=1 epoch1=0 epoch2=0 current=0 context=1]
[ECG-K2-EXPECT sim=gem5 seq=441 dest=139 tier=1 epoch1=0 epoch2=0 width=4]
[ECG-K2-RECV sim=gem5 seq=441 dest=139 tier=1 epoch1=0 epoch2=0 width=4]
[ECG-K2-REQUEST sim=gem5 seq=361 request_seq=247328792 dest=139 tier=1 epoch1=0 epoch2=0 current=0 context=1]
[ECG-K2-EXPECT sim=gem5 seq=442 dest=140 tier=1 epoch1=0 epoch2=0 width=4]
[ECG-K2-RECV sim=gem5 seq=442 dest=140 tier=1 epoch1=0 epoch2=0 width=4]
[ECG-K2-REQUEST sim=gem5 seq=362 request_seq=247328801 dest=140 tier=1 epoch1=0 epoch2=0 current=0 context=1]
[ECG-K2-EXPECT sim=gem5 seq=443 dest=146 tier=1 epoch1=0 epoch2=0 width=4]
[ECG-K2-RECV sim=gem5 seq=443 dest=146 tier=1 epoch1=0 epoch2=0 width=4]
[ECG-K2-REQUEST sim=gem5 seq=363 request_seq=247328810 dest=146 tier=1 epoch1=0 epoch2=0 current=0 context=1]
[ECG-K2-EXPECT sim=gem5 seq=444 dest=148 tier=1 epoch1=0 epoch2=0 width=4]
[ECG-K2-RECV sim=gem5 seq=444 dest=148 tier=1 epoch1=0 epoch2=0 width=4]
[ECG-K2-REQUEST sim=gem5 seq=364 request_seq=247328819 dest=148 tier=1 epoch1=0 epoch2=0 current=0 context=1]
[ECG-K2-EXPECT sim=gem5 seq=445 dest=154 tier=1 epoch1=0 epoch2=0 width=4]
[ECG-K2-RECV sim=gem5 seq=445 dest=154 tier=1 epoch1=0 epoch2=0 width=4]
[ECG-K2-REQUEST sim=gem5 seq=365 request_seq=247328828 dest=154 tier=1 epoch1=0 epoch2=0 current=0 context=1]
[ECG-K2-EXPECT sim=gem5 seq=446 dest=155 tier=1 epoch1=0 epoch2=0 width=4]
[ECG-K2-RECV sim=gem5 seq=446 dest=155 tier=1 epoch1=0 epoch2=0 width=4]
[ECG-K2-REQUEST sim=gem5 seq=366 request_seq=247328837 dest=155 tier=1 epoch1=0 epoch2=0 current=0 context=1]
[ECG-K2-EXPECT sim=gem5 seq=447 dest=158 tier=1 epoch1=0 epoch2=0 width=4]
[ECG-K2-RECV sim=gem5 seq=447 dest=158 tier=1 epoch1=0 epoch2=0 width=4]
[ECG-K2-REQUEST sim=gem5 seq=367 request_seq=247328846 dest=158 tier=1 epoch1=0 epoch2=0 current=0 context=1]
[ECG-STREAM-BYPASS sim=gem5 cache=system.l3cache addr=0x3c95c0 vaddr=0x3b85c0 size=4 source=request-flag allocate=0]
[ECG-K2-EXPECT sim=gem5 seq=448 dest=163 tier=1 epoch1=0 epoch2=0 width=4]
[ECG-K2-RECV sim=gem5 seq=448 dest=163 tier=1 epoch1=0 epoch2=0 width=4]
[ECG-K2-REQUEST sim=gem5 seq=368 request_seq=247328855 dest=163 tier=1 epoch1=0 epoch2=0 current=0 context=1]
[ECG-K2-EXPECT sim=gem5 seq=449 dest=165 tier=1 epoch1=0 epoch2=0 width=4]
[ECG-K2-RECV sim=gem5 seq=449 dest=165 tier=1 epoch1=0 epoch2=0 width=4]
[ECG-K2-REQUEST sim=gem5 seq=369 request_seq=247328864 dest=165 tier=1 epoch1=0 epoch2=0 current=0 context=1]
[ECG-K2-EXPECT sim=gem5 seq=450 dest=168 tier=1 epoch1=0 epoch2=0 width=4]
[ECG-K2-RECV sim=gem5 seq=450 dest=168 tier=1 epoch1=0 epoch2=0 width=4]
[ECG-K2-REQUEST sim=gem5 seq=370 request_seq=247328873 dest=168 tier=1 epoch1=0 epoch2=0 current=0 context=1]
[ECG-K2-EXPECT sim=gem5 seq=451 dest=176 tier=1 epoch1=0 epoch2=0 width=4]
[ECG-K2-RECV sim=gem5 seq=451 dest=176 tier=1 epoch1=0 epoch2=0 width=4]
[ECG-K2-REQUEST sim=gem5 seq=371 request_seq=247328882 dest=176 tier=1 epoch1=0 epoch2=0 current=0 context=1]
[ECG-K2-EXPECT sim=gem5 seq=452 dest=179 tier=1 epoch1=0 epoch2=0 width=4]
[ECG-K2-RECV sim=gem5 seq=452 dest=179 tier=1 epoch1=0 epoch2=0 width=4]
[ECG-K2-REQUEST sim=gem5 seq=372 request_seq=247328891 dest=179 tier=1 epoch1=0 epoch2=0 current=0 context=1]
[ECG-K2-EXPECT sim=gem5 seq=453 dest=181 tier=1 epoch1=0 epoch2=0 width=4]
[ECG-K2-RECV sim=gem5 seq=453 dest=181 tier=1 epoch1=0 epoch2=0 width=4]
[ECG-K2-REQUEST sim=gem5 seq=373 request_seq=247328900 dest=181 tier=1 epoch1=0 epoch2=0 current=0 context=1]
[ECG-K2-EXPECT sim=gem5 seq=454 dest=182 tier=1 epoch1=0 epoch2=0 width=4]
[ECG-K2-RECV sim=gem5 seq=454 dest=182 tier=1 epoch1=0 epoch2=0 width=4]
[ECG-K2-REQUEST sim=gem5 seq=374 request_seq=247328909 dest=182 tier=1 epoch1=0 epoch2=0 current=0 context=1]
[ECG-K2-EXPECT sim=gem5 seq=455 dest=183 tier=1 epoch1=0 epoch2=0 width=4]
[ECG-K2-RECV sim=gem5 seq=455 dest=183 tier=1 epoch1=0 epoch2=0 width=4]
[ECG-K2-REQUEST sim=gem5 seq=375 request_seq=247328918 dest=183 tier=1 epoch1=0 epoch2=0 current=0 context=1]
[ECG-K2-EXPECT sim=gem5 seq=456 dest=187 tier=1 epoch1=0 epoch2=0 width=4]
[ECG-K2-RECV sim=gem5 seq=456 dest=187 tier=1 epoch1=0 epoch2=0 width=4]
[ECG-K2-REQUEST sim=gem5 seq=376 request_seq=247328927 dest=187 tier=1 epoch1=0 epoch2=0 current=0 context=1]
[ECG-K2-EXPECT sim=gem5 seq=457 dest=193 tier=1 epoch1=0 epoch2=0 width=4]
[ECG-K2-RECV sim=gem5 seq=457 dest=193 tier=1 epoch1=0 epoch2=0 width=4]
[ECG-K2-REQUEST sim=gem5 seq=377 request_seq=247328936 dest=193 tier=1 epoch1=0 epoch2=0 current=0 context=1]
[ECG-K2-EXPECT sim=gem5 seq=458 dest=199 tier=1 epoch1=0 epoch2=0 width=4]
[ECG-K2-RECV sim=gem5 seq=458 dest=199 tier=1 epoch1=0 epoch2=0 width=4]
[ECG-K2-REQUEST sim=gem5 seq=378 request_seq=247328945 dest=199 tier=1 epoch1=0 epoch2=0 current=0 context=1]
[ECG-K2-EXPECT sim=gem5 seq=459 dest=203 tier=1 epoch1=0 epoch2=0 width=4]
[ECG-K2-RECV sim=gem5 seq=459 dest=203 tier=1 epoch1=0 epoch2=0 width=4]
[ECG-K2-REQUEST sim=gem5 seq=379 request_seq=247328954 dest=203 tier=1 epoch1=0 epoch2=0 current=0 context=1]
[ECG-K2-EXPECT sim=gem5 seq=460 dest=210 tier=1 epoch1=0 epoch2=0 width=4]
[ECG-K2-RECV sim=gem5 seq=460 dest=210 tier=1 epoch1=0 epoch2=0 width=4]
[ECG-K2-REQUEST sim=gem5 seq=380 request_seq=247328963 dest=210 tier=1 epoch1=0 epoch2=0 current=0 context=1]
[ECG-K2-EXPECT sim=gem5 seq=461 dest=211 tier=1 epoch1=0 epoch2=0 width=4]
[ECG-K2-RECV sim=gem5 seq=461 dest=211 tier=1 epoch1=0 epoch2=0 width=4]
[ECG-K2-REQUEST sim=gem5 seq=381 request_seq=247328972 dest=211 tier=1 epoch1=0 epoch2=0 current=0 context=1]
[ECG-K2-EXPECT sim=gem5 seq=462 dest=212 tier=1 epoch1=0 epoch2=0 width=4]
[ECG-K2-RECV sim=gem5 seq=462 dest=212 tier=1 epoch1=0 epoch2=0 width=4]
[ECG-K2-REQUEST sim=gem5 seq=382 request_seq=247328981 dest=212 tier=1 epoch1=0 epoch2=0 current=0 context=1]
[ECG-K2-EXPECT sim=gem5 seq=463 dest=213 tier=1 epoch1=0 epoch2=0 width=4]
[ECG-K2-RECV sim=gem5 seq=463 dest=213 tier=1 epoch1=0 epoch2=0 width=4]
[ECG-K2-REQUEST sim=gem5 seq=383 request_seq=247328990 dest=213 tier=1 epoch1=0 epoch2=0 current=0 context=1]
[ECG-STREAM-BYPASS sim=gem5 cache=system.l3cache addr=0x3c9600 vaddr=0x3b8600 size=4 source=request-flag allocate=0]
[ECG-K2-EXPECT sim=gem5 seq=464 dest=214 tier=1 epoch1=0 epoch2=0 width=4]
[ECG-K2-RECV sim=gem5 seq=464 dest=214 tier=1 epoch1=0 epoch2=0 width=4]
[ECG-K2-REQUEST sim=gem5 seq=384 request_seq=247328999 dest=214 tier=1 epoch1=0 epoch2=0 current=0 context=1]
[ECG-K2-EXPECT sim=gem5 seq=465 dest=215 tier=1 epoch1=0 epoch2=0 width=4]
[ECG-K2-RECV sim=gem5 seq=465 dest=215 tier=1 epoch1=0 epoch2=0 width=4]
[ECG-K2-REQUEST sim=gem5 seq=385 request_seq=247329008 dest=215 tier=1 epoch1=0 epoch2=0 current=0 context=1]
[ECG-K2-EXPECT sim=gem5 seq=466 dest=217 tier=1 epoch1=0 epoch2=0 width=4]
[ECG-K2-RECV sim=gem5 seq=466 dest=217 tier=1 epoch1=0 epoch2=0 width=4]
[ECG-K2-REQUEST sim=gem5 seq=386 request_seq=247329017 dest=217 tier=1 epoch1=0 epoch2=0 current=0 context=1]
[ECG-K2-EXPECT sim=gem5 seq=467 dest=219 tier=1 epoch1=0 epoch2=0 width=4]
[ECG-K2-RECV sim=gem5 seq=467 dest=219 tier=1 epoch1=0 epoch2=0 width=4]
[ECG-K2-REQUEST sim=gem5 seq=387 request_seq=247329026 dest=219 tier=1 epoch1=0 epoch2=0 current=0 context=1]
[ECG-K2-EXPECT sim=gem5 seq=468 dest=224 tier=1 epoch1=0 epoch2=0 width=4]
[ECG-K2-RECV sim=gem5 seq=468 dest=224 tier=1 epoch1=0 epoch2=0 width=4]
[ECG-K2-REQUEST sim=gem5 seq=388 request_seq=247329035 dest=224 tier=1 epoch1=0 epoch2=0 current=0 context=1]
[ECG-K2-EXPECT sim=gem5 seq=469 dest=226 tier=1 epoch1=0 epoch2=0 width=4]
[ECG-K2-RECV sim=gem5 seq=469 dest=226 tier=1 epoch1=0 epoch2=0 width=4]
[ECG-K2-REQUEST sim=gem5 seq=389 request_seq=247329044 dest=226 tier=1 epoch1=0 epoch2=0 current=0 context=1]
[ECG-K2-EXPECT sim=gem5 seq=470 dest=230 tier=1 epoch1=0 epoch2=0 width=4]
[ECG-K2-RECV sim=gem5 seq=470 dest=230 tier=1 epoch1=0 epoch2=0 width=4]
[ECG-K2-REQUEST sim=gem5 seq=390 request_seq=247329053 dest=230 tier=1 epoch1=0 epoch2=0 current=0 context=1]
[ECG-K2-EXPECT sim=gem5 seq=471 dest=231 tier=1 epoch1=0 epoch2=0 width=4]
[ECG-K2-RECV sim=gem5 seq=471 dest=231 tier=1 epoch1=0 epoch2=0 width=4]
[ECG-K2-REQUEST sim=gem5 seq=391 request_seq=247329062 dest=231 tier=1 epoch1=0 epoch2=0 current=0 context=1]
[ECG-K2-EXPECT sim=gem5 seq=472 dest=233 tier=1 epoch1=0 epoch2=0 width=4]
[ECG-K2-RECV sim=gem5 seq=472 dest=233 tier=1 epoch1=0 epoch2=0 width=4]
[ECG-K2-REQUEST sim=gem5 seq=392 request_seq=247329071 dest=233 tier=1 epoch1=0 epoch2=0 current=0 context=1]
[ECG-K2-EXPECT sim=gem5 seq=473 dest=234 tier=1 epoch1=0 epoch2=0 width=4]
[ECG-K2-RECV sim=gem5 seq=473 dest=234 tier=1 epoch1=0 epoch2=0 width=4]
[ECG-K2-REQUEST sim=gem5 seq=393 request_seq=247329080 dest=234 tier=1 epoch1=0 epoch2=0 current=0 context=1]
[ECG-K2-EXPECT sim=gem5 seq=474 dest=236 tier=1 epoch1=0 epoch2=0 width=4]
[ECG-K2-RECV sim=gem5 seq=474 dest=236 tier=1 epoch1=0 epoch2=0 width=4]
[ECG-K2-REQUEST sim=gem5 seq=394 request_seq=247329089 dest=236 tier=1 epoch1=0 epoch2=0 current=0 context=1]
[ECG-K2-EXPECT sim=gem5 seq=475 dest=238 tier=1 epoch1=0 epoch2=0 width=4]
[ECG-K2-RECV sim=gem5 seq=475 dest=238 tier=1 epoch1=0 epoch2=0 width=4]
[ECG-K2-REQUEST sim=gem5 seq=395 request_seq=247329098 dest=238 tier=1 epoch1=0 epoch2=0 current=0 context=1]
[ECG-K2-EXPECT sim=gem5 seq=476 dest=239 tier=1 epoch1=0 epoch2=0 width=4]
[ECG-K2-RECV sim=gem5 seq=476 dest=239 tier=1 epoch1=0 epoch2=0 width=4]
[ECG-K2-REQUEST sim=gem5 seq=396 request_seq=247329107 dest=239 tier=1 epoch1=0 epoch2=0 current=0 context=1]
[ECG-K2-EXPECT sim=gem5 seq=477 dest=240 tier=1 epoch1=0 epoch2=0 width=4]
[ECG-K2-RECV sim=gem5 seq=477 dest=240 tier=1 epoch1=0 epoch2=0 width=4]
[ECG-K2-REQUEST sim=gem5 seq=397 request_seq=247329116 dest=240 tier=1 epoch1=0 epoch2=0 current=0 context=1]
[ECG-K2-EXPECT sim=gem5 seq=478 dest=241 tier=1 epoch1=0 epoch2=0 width=4]
[ECG-K2-RECV sim=gem5 seq=478 dest=241 tier=1 epoch1=0 epoch2=0 width=4]
[ECG-K2-REQUEST sim=gem5 seq=398 request_seq=247329125 dest=241 tier=1 epoch1=0 epoch2=0 current=0 context=1]
[ECG-K2-EXPECT sim=gem5 seq=479 dest=244 tier=1 epoch1=0 epoch2=0 width=4]
[ECG-K2-RECV sim=gem5 seq=479 dest=244 tier=1 epoch1=0 epoch2=0 width=4]
[ECG-K2-REQUEST sim=gem5 seq=399 request_seq=247329134 dest=244 tier=1 epoch1=0 epoch2=0 current=0 context=1]
[ECG-STREAM-BYPASS sim=gem5 cache=system.l3cache addr=0x3c9640 vaddr=0x3b8640 size=4 source=request-flag allocate=0]
[ECG-K2-EXPECT sim=gem5 seq=480 dest=245 tier=1 epoch1=0 epoch2=0 width=4]
[ECG-K2-RECV sim=gem5 seq=480 dest=245 tier=1 epoch1=0 epoch2=0 width=4]
[ECG-K2-REQUEST sim=gem5 seq=400 request_seq=247329143 dest=245 tier=1 epoch1=0 epoch2=0 current=0 context=1]
[ECG-K2-EXPECT sim=gem5 seq=481 dest=246 tier=1 epoch1=0 epoch2=0 width=4]
[ECG-K2-RECV sim=gem5 seq=481 dest=246 tier=1 epoch1=0 epoch2=0 width=4]
[ECG-K2-REQUEST sim=gem5 seq=401 request_seq=247329152 dest=246 tier=1 epoch1=0 epoch2=0 current=0 context=1]
[ECG-K2-EXPECT sim=gem5 seq=482 dest=247 tier=1 epoch1=0 epoch2=0 width=4]
[ECG-K2-RECV sim=gem5 seq=482 dest=247 tier=1 epoch1=0 epoch2=0 width=4]
[ECG-K2-REQUEST sim=gem5 seq=402 request_seq=247329161 dest=247 tier=1 epoch1=0 epoch2=0 current=0 context=1]
[ECG-K2-EXPECT sim=gem5 seq=483 dest=248 tier=1 epoch1=0 epoch2=0 width=4]
[ECG-K2-RECV sim=gem5 seq=483 dest=248 tier=1 epoch1=0 epoch2=0 width=4]
[ECG-K2-REQUEST sim=gem5 seq=403 request_seq=247329170 dest=248 tier=1 epoch1=0 epoch2=0 current=0 context=1]
[ECG-K2-EXPECT sim=gem5 seq=484 dest=249 tier=1 epoch1=0 epoch2=0 width=4]
[ECG-K2-RECV sim=gem5 seq=484 dest=249 tier=1 epoch1=0 epoch2=0 width=4]
[ECG-K2-REQUEST sim=gem5 seq=404 request_seq=247329179 dest=249 tier=1 epoch1=0 epoch2=0 current=0 context=1]
[ECG-K2-EXPECT sim=gem5 seq=485 dest=251 tier=1 epoch1=0 epoch2=0 width=4]
[ECG-K2-RECV sim=gem5 seq=485 dest=251 tier=1 epoch1=0 epoch2=0 width=4]
[ECG-K2-REQUEST sim=gem5 seq=405 request_seq=247329188 dest=251 tier=1 epoch1=0 epoch2=0 current=0 context=1]
[ECG-K2-EXPECT sim=gem5 seq=486 dest=253 tier=1 epoch1=0 epoch2=0 width=4]
[ECG-K2-RECV sim=gem5 seq=486 dest=253 tier=1 epoch1=0 epoch2=0 width=4]
[ECG-K2-REQUEST sim=gem5 seq=406 request_seq=247329197 dest=253 tier=1 epoch1=0 epoch2=0 current=0 context=1]
[ECG-K2-EXPECT sim=gem5 seq=487 dest=256 tier=1 epoch1=0 epoch2=0 width=4]
[ECG-K2-RECV sim=gem5 seq=487 dest=256 tier=1 epoch1=0 epoch2=0 width=4]
[ECG-K2-REQUEST sim=gem5 seq=407 request_seq=247329206 dest=256 tier=1 epoch1=0 epoch2=0 current=0 context=1]
[ECG-K2-EXPECT sim=gem5 seq=488 dest=257 tier=1 epoch1=0 epoch2=0 width=4]
[ECG-K2-RECV sim=gem5 seq=488 dest=257 tier=1 epoch1=0 epoch2=0 width=4]
[ECG-K2-REQUEST sim=gem5 seq=408 request_seq=247329215 dest=257 tier=1 epoch1=0 epoch2=0 current=0 context=1]
[ECG-K2-EXPECT sim=gem5 seq=489 dest=259 tier=1 epoch1=0 epoch2=0 width=4]
[ECG-K2-RECV sim=gem5 seq=489 dest=259 tier=1 epoch1=0 epoch2=0 width=4]
[ECG-K2-REQUEST sim=gem5 seq=409 request_seq=247329224 dest=259 tier=1 epoch1=0 epoch2=0 current=0 context=1]
[ECG-K2-EXPECT sim=gem5 seq=490 dest=265 tier=1 epoch1=0 epoch2=0 width=4]
[ECG-K2-RECV sim=gem5 seq=490 dest=265 tier=1 epoch1=0 epoch2=0 width=4]
[ECG-K2-REQUEST sim=gem5 seq=410 request_seq=247329233 dest=265 tier=1 epoch1=0 epoch2=0 current=0 context=1]
[ECG-K2-EXPECT sim=gem5 seq=491 dest=266 tier=1 epoch1=0 epoch2=0 width=4]
[ECG-K2-RECV sim=gem5 seq=491 dest=266 tier=1 epoch1=0 epoch2=0 width=4]
[ECG-K2-REQUEST sim=gem5 seq=411 request_seq=247329242 dest=266 tier=1 epoch1=0 epoch2=0 current=0 context=1]
[ECG-K2-EXPECT sim=gem5 seq=492 dest=267 tier=1 epoch1=0 epoch2=0 width=4]
[ECG-K2-RECV sim=gem5 seq=492 dest=267 tier=1 epoch1=0 epoch2=0 width=4]
[ECG-K2-REQUEST sim=gem5 seq=412 request_seq=247329251 dest=267 tier=1 epoch1=0 epoch2=0 current=0 context=1]
[ECG-K2-EXPECT sim=gem5 seq=493 dest=270 tier=1 epoch1=0 epoch2=0 width=4]
[ECG-K2-RECV sim=gem5 seq=493 dest=270 tier=1 epoch1=0 epoch2=0 width=4]
[ECG-K2-REQUEST sim=gem5 seq=413 request_seq=247329260 dest=270 tier=1 epoch1=0 epoch2=0 current=0 context=1]
[ECG-K2-EXPECT sim=gem5 seq=494 dest=278 tier=1 epoch1=0 epoch2=0 width=4]
[ECG-K2-RECV sim=gem5 seq=494 dest=278 tier=1 epoch1=0 epoch2=0 width=4]
[ECG-K2-REQUEST sim=gem5 seq=414 request_seq=247329269 dest=278 tier=1 epoch1=0 epoch2=0 current=0 context=1]
[ECG-K2-EXPECT sim=gem5 seq=495 dest=279 tier=1 epoch1=0 epoch2=0 width=4]
[ECG-K2-RECV sim=gem5 seq=495 dest=279 tier=1 epoch1=0 epoch2=0 width=4]
[ECG-K2-REQUEST sim=gem5 seq=415 request_seq=247329278 dest=279 tier=1 epoch1=0 epoch2=0 current=0 context=1]
[ECG-STREAM-BYPASS sim=gem5 cache=system.l3cache addr=0x3c9680 vaddr=0x3b8680 size=4 source=request-flag allocate=0]
[ECG-K2-ACCEPT sim=gem5 seq=415 request_seq=247329278 request_dest=279 fill_dest=278 source=request tier=1 epoch1=0 epoch2=0 current=0 context=1 property_elem_bytes=4]
[ECG-K2-EXPECT sim=gem5 seq=496 dest=280 tier=1 epoch1=0 epoch2=0 width=4]
[ECG-K2-RECV sim=gem5 seq=496 dest=280 tier=1 epoch1=0 epoch2=0 width=4]
[ECG-K2-REQUEST sim=gem5 seq=416 request_seq=247329287 dest=280 tier=1 epoch1=0 epoch2=0 current=0 context=1]
[ECG-K2-EXPECT sim=gem5 seq=497 dest=284 tier=1 epoch1=0 epoch2=0 width=4]
[ECG-K2-RECV sim=gem5 seq=497 dest=284 tier=1 epoch1=0 epoch2=0 width=4]
[ECG-K2-REQUEST sim=gem5 seq=417 request_seq=247329296 dest=284 tier=1 epoch1=0 epoch2=0 current=0 context=1]
[ECG-K2-EXPECT sim=gem5 seq=498 dest=285 tier=1 epoch1=0 epoch2=0 width=4]
[ECG-K2-RECV sim=gem5 seq=498 dest=285 tier=1 epoch1=0 epoch2=0 width=4]
[ECG-K2-REQUEST sim=gem5 seq=418 request_seq=247329305 dest=285 tier=1 epoch1=0 epoch2=0 current=0 context=1]
[ECG-K2-EXPECT sim=gem5 seq=499 dest=287 tier=1 epoch1=0 epoch2=0 width=4]
[ECG-K2-RECV sim=gem5 seq=499 dest=287 tier=1 epoch1=0 epoch2=0 width=4]
[ECG-K2-REQUEST sim=gem5 seq=419 request_seq=247329314 dest=287 tier=1 epoch1=0 epoch2=0 current=0 context=1]
[ECG-K2-EXPECT sim=gem5 seq=500 dest=290 tier=1 epoch1=0 epoch2=0 width=4]
[ECG-K2-RECV sim=gem5 seq=500 dest=290 tier=1 epoch1=0 epoch2=0 width=4]
[ECG-K2-REQUEST sim=gem5 seq=420 request_seq=247329323 dest=290 tier=1 epoch1=0 epoch2=0 current=0 context=1]
[ECG-K2-EXPECT sim=gem5 seq=501 dest=291 tier=1 epoch1=0 epoch2=0 width=4]
[ECG-K2-RECV sim=gem5 seq=501 dest=291 tier=1 epoch1=0 epoch2=0 width=4]
[ECG-K2-REQUEST sim=gem5 seq=421 request_seq=247329332 dest=291 tier=1 epoch1=0 epoch2=0 current=0 context=1]
[ECG-K2-EXPECT sim=gem5 seq=502 dest=292 tier=1 epoch1=0 epoch2=0 width=4]
[ECG-K2-RECV sim=gem5 seq=502 dest=292 tier=1 epoch1=0 epoch2=0 width=4]
[ECG-K2-REQUEST sim=gem5 seq=422 request_seq=247329341 dest=292 tier=1 epoch1=0 epoch2=0 current=0 context=1]
[ECG-K2-EXPECT sim=gem5 seq=503 dest=296 tier=1 epoch1=0 epoch2=0 width=4]
[ECG-K2-RECV sim=gem5 seq=503 dest=296 tier=1 epoch1=0 epoch2=0 width=4]
[ECG-K2-REQUEST sim=gem5 seq=423 request_seq=247329350 dest=296 tier=1 epoch1=0 epoch2=0 current=0 context=1]
[ECG-K2-EXPECT sim=gem5 seq=504 dest=309 tier=1 epoch1=0 epoch2=0 width=4]
[ECG-K2-RECV sim=gem5 seq=504 dest=309 tier=1 epoch1=0 epoch2=0 width=4]
[ECG-K2-REQUEST sim=gem5 seq=424 request_seq=247329359 dest=309 tier=1 epoch1=0 epoch2=0 current=0 context=1]
[ECG-K2-EXPECT sim=gem5 seq=505 dest=320 tier=1 epoch1=0 epoch2=0 width=4]
[ECG-K2-RECV sim=gem5 seq=505 dest=320 tier=1 epoch1=0 epoch2=0 width=4]
[ECG-K2-REQUEST sim=gem5 seq=425 request_seq=247329368 dest=320 tier=1 epoch1=0 epoch2=0 current=0 context=1]
[ECG-K2-EXPECT sim=gem5 seq=506 dest=322 tier=1 epoch1=0 epoch2=0 width=4]
[ECG-K2-RECV sim=gem5 seq=506 dest=322 tier=1 epoch1=0 epoch2=0 width=4]
[ECG-K2-REQUEST sim=gem5 seq=426 request_seq=247329377 dest=322 tier=1 epoch1=0 epoch2=0 current=0 context=1]
[ECG-K2-EXPECT sim=gem5 seq=507 dest=324 tier=1 epoch1=0 epoch2=0 width=4]
[ECG-K2-RECV sim=gem5 seq=507 dest=324 tier=1 epoch1=0 epoch2=0 width=4]
[ECG-K2-REQUEST sim=gem5 seq=427 request_seq=247329386 dest=324 tier=1 epoch1=0 epoch2=0 current=0 context=1]
[ECG-K2-ACCEPT sim=gem5 seq=424 request_seq=247329359 request_dest=309 fill_dest=309 source=request tier=1 epoch1=0 epoch2=0 current=0 context=1 property_elem_bytes=4]
[ECG-K2-EXPECT sim=gem5 seq=508 dest=327 tier=1 epoch1=0 epoch2=0 width=4]
[ECG-K2-RECV sim=gem5 seq=508 dest=327 tier=1 epoch1=0 epoch2=0 width=4]
[ECG-K2-REQUEST sim=gem5 seq=428 request_seq=247329395 dest=327 tier=1 epoch1=0 epoch2=0 current=0 context=1]
[ECG-K2-EXPECT sim=gem5 seq=509 dest=331 tier=1 epoch1=0 epoch2=0 width=4]
[ECG-K2-RECV sim=gem5 seq=509 dest=331 tier=1 epoch1=0 epoch2=0 width=4]
[ECG-K2-REQUEST sim=gem5 seq=429 request_seq=247329404 dest=331 tier=1 epoch1=0 epoch2=0 current=0 context=1]
[ECG-K2-EXPECT sim=gem5 seq=510 dest=339 tier=1 epoch1=0 epoch2=0 width=4]
[ECG-K2-RECV sim=gem5 seq=510 dest=339 tier=1 epoch1=0 epoch2=0 width=4]
[ECG-K2-REQUEST sim=gem5 seq=430 request_seq=247329413 dest=339 tier=1 epoch1=0 epoch2=0 current=0 context=1]
[ECG-K2-EXPECT sim=gem5 seq=511 dest=341 tier=1 epoch1=0 epoch2=0 width=4]
[ECG-K2-RECV sim=gem5 seq=511 dest=341 tier=1 epoch1=0 epoch2=0 width=4]
[ECG-K2-REQUEST sim=gem5 seq=431 request_seq=247329422 dest=341 tier=1 epoch1=0 epoch2=0 current=0 context=1]
[ECG-STREAM-BYPASS sim=gem5 cache=system.l3cache addr=0x3c96c0 vaddr=0x3b86c0 size=4 source=request-flag allocate=0]
[ECG-K2-EXPECT sim=gem5 seq=512 dest=344 tier=1 epoch1=0 epoch2=0 width=4]
[ECG-K2-RECV sim=gem5 seq=512 dest=344 tier=1 epoch1=0 epoch2=0 width=4]
[ECG-K2-REQUEST sim=gem5 seq=432 request_seq=247329431 dest=344 tier=1 epoch1=0 epoch2=0 current=0 context=1]
[ECG-K2-EXPECT sim=gem5 seq=513 dest=346 tier=1 epoch1=0 epoch2=0 width=4]
[ECG-K2-RECV sim=gem5 seq=513 dest=346 tier=1 epoch1=0 epoch2=0 width=4]
[ECG-K2-REQUEST sim=gem5 seq=433 request_seq=247329440 dest=346 tier=1 epoch1=0 epoch2=0 current=0 context=1]
[ECG-K2-EXPECT sim=gem5 seq=514 dest=347 tier=1 epoch1=0 epoch2=0 width=4]
[ECG-K2-RECV sim=gem5 seq=514 dest=347 tier=1 epoch1=0 epoch2=0 width=4]
[ECG-K2-REQUEST sim=gem5 seq=434 request_seq=247329449 dest=347 tier=1 epoch1=0 epoch2=0 current=0 context=1]
[ECG-K2-EXPECT sim=gem5 seq=515 dest=348 tier=1 epoch1=0 epoch2=0 width=4]
[ECG-K2-RECV sim=gem5 seq=515 dest=348 tier=1 epoch1=0 epoch2=0 width=4]
[ECG-K2-REQUEST sim=gem5 seq=435 request_seq=247329458 dest=348 tier=1 epoch1=0 epoch2=0 current=0 context=1]
[ECG-K2-EXPECT sim=gem5 seq=516 dest=361 tier=1 epoch1=0 epoch2=0 width=4]
[ECG-K2-RECV sim=gem5 seq=516 dest=361 tier=1 epoch1=0 epoch2=0 width=4]
[ECG-K2-REQUEST sim=gem5 seq=436 request_seq=247329467 dest=361 tier=1 epoch1=0 epoch2=0 current=0 context=1]
[ECG-K2-EXPECT sim=gem5 seq=517 dest=364 tier=1 epoch1=0 epoch2=0 width=4]
[ECG-K2-RECV sim=gem5 seq=517 dest=364 tier=1 epoch1=0 epoch2=0 width=4]
[ECG-K2-REQUEST sim=gem5 seq=437 request_seq=247329476 dest=364 tier=1 epoch1=0 epoch2=0 current=0 context=1]
[ECG-K2-EXPECT sim=gem5 seq=518 dest=368 tier=1 epoch1=0 epoch2=0 width=4]
[ECG-K2-RECV sim=gem5 seq=518 dest=368 tier=1 epoch1=0 epoch2=0 width=4]
[ECG-K2-REQUEST sim=gem5 seq=438 request_seq=247329485 dest=368 tier=1 epoch1=0 epoch2=0 current=0 context=1]
[ECG-K2-EXPECT sim=gem5 seq=519 dest=370 tier=1 epoch1=0 epoch2=0 width=4]
[ECG-K2-RECV sim=gem5 seq=519 dest=370 tier=1 epoch1=0 epoch2=0 width=4]
[ECG-K2-REQUEST sim=gem5 seq=439 request_seq=247329494 dest=370 tier=1 epoch1=0 epoch2=0 current=0 context=1]
[ECG-K2-EXPECT sim=gem5 seq=520 dest=376 tier=1 epoch1=0 epoch2=0 width=4]
[ECG-K2-RECV sim=gem5 seq=520 dest=376 tier=1 epoch1=0 epoch2=0 width=4]
[ECG-K2-REQUEST sim=gem5 seq=440 request_seq=247329503 dest=376 tier=1 epoch1=0 epoch2=0 current=0 context=1]
[ECG-K2-EXPECT sim=gem5 seq=521 dest=388 tier=1 epoch1=0 epoch2=0 width=4]
[ECG-K2-RECV sim=gem5 seq=521 dest=388 tier=1 epoch1=0 epoch2=0 width=4]
[ECG-K2-REQUEST sim=gem5 seq=441 request_seq=247329512 dest=388 tier=1 epoch1=0 epoch2=0 current=0 context=1]
[ECG-K2-EXPECT sim=gem5 seq=522 dest=390 tier=1 epoch1=0 epoch2=0 width=4]
[ECG-K2-RECV sim=gem5 seq=522 dest=390 tier=1 epoch1=0 epoch2=0 width=4]
[ECG-K2-REQUEST sim=gem5 seq=442 request_seq=247329521 dest=390 tier=1 epoch1=0 epoch2=0 current=0 context=1]
[ECG-K2-EXPECT sim=gem5 seq=523 dest=404 tier=1 epoch1=0 epoch2=0 width=4]
[ECG-K2-RECV sim=gem5 seq=523 dest=404 tier=1 epoch1=0 epoch2=0 width=4]
[ECG-K2-REQUEST sim=gem5 seq=443 request_seq=247329530 dest=404 tier=1 epoch1=0 epoch2=0 current=0 context=1]
[ECG-K2-ACCEPT sim=gem5 seq=437 request_seq=247329476 request_dest=364 fill_dest=361 source=request tier=1 epoch1=0 epoch2=0 current=0 context=1 property_elem_bytes=4]
[ECG-K2-EXPECT sim=gem5 seq=524 dest=406 tier=1 epoch1=0 epoch2=0 width=4]
[ECG-K2-RECV sim=gem5 seq=524 dest=406 tier=1 epoch1=0 epoch2=0 width=4]
[ECG-K2-REQUEST sim=gem5 seq=444 request_seq=247329539 dest=406 tier=1 epoch1=0 epoch2=0 current=0 context=1]
[ECG-K2-EXPECT sim=gem5 seq=525 dest=408 tier=1 epoch1=0 epoch2=0 width=4]
[ECG-K2-RECV sim=gem5 seq=525 dest=408 tier=1 epoch1=0 epoch2=0 width=4]
[ECG-K2-REQUEST sim=gem5 seq=445 request_seq=247329548 dest=408 tier=1 epoch1=0 epoch2=0 current=0 context=1]
[ECG-K2-EXPECT sim=gem5 seq=526 dest=411 tier=1 epoch1=0 epoch2=0 width=4]
[ECG-K2-RECV sim=gem5 seq=526 dest=411 tier=1 epoch1=0 epoch2=0 width=4]
[ECG-K2-REQUEST sim=gem5 seq=446 request_seq=247329557 dest=411 tier=1 epoch1=0 epoch2=0 current=0 context=1]
[ECG-K2-EXPECT sim=gem5 seq=527 dest=419 tier=1 epoch1=0 epoch2=0 width=4]
[ECG-K2-RECV sim=gem5 seq=527 dest=419 tier=1 epoch1=0 epoch2=0 width=4]
[ECG-K2-REQUEST sim=gem5 seq=447 request_seq=247329566 dest=419 tier=1 epoch1=0 epoch2=0 current=0 context=1]
[ECG-STREAM-BYPASS sim=gem5 cache=system.l3cache addr=0x3c9700 vaddr=0x3b8700 size=4 source=request-flag allocate=0]
[ECG-K2-EXPECT sim=gem5 seq=528 dest=420 tier=1 epoch1=0 epoch2=0 width=4]
[ECG-K2-RECV sim=gem5 seq=528 dest=420 tier=1 epoch1=0 epoch2=0 width=4]
[ECG-K2-REQUEST sim=gem5 seq=448 request_seq=247329575 dest=420 tier=1 epoch1=0 epoch2=0 current=0 context=1]
[ECG-K2-EXPECT sim=gem5 seq=529 dest=426 tier=1 epoch1=0 epoch2=0 width=4]
[ECG-K2-RECV sim=gem5 seq=529 dest=426 tier=1 epoch1=0 epoch2=0 width=4]
[ECG-K2-REQUEST sim=gem5 seq=449 request_seq=247329584 dest=426 tier=1 epoch1=0 epoch2=0 current=0 context=1]
[ECG-K2-EXPECT sim=gem5 seq=530 dest=432 tier=1 epoch1=0 epoch2=0 width=4]
[ECG-K2-RECV sim=gem5 seq=530 dest=432 tier=1 epoch1=0 epoch2=0 width=4]
[ECG-K2-REQUEST sim=gem5 seq=450 request_seq=247329593 dest=432 tier=1 epoch1=0 epoch2=0 current=0 context=1]
[ECG-K2-EXPECT sim=gem5 seq=531 dest=433 tier=1 epoch1=0 epoch2=0 width=4]
[ECG-K2-RECV sim=gem5 seq=531 dest=433 tier=1 epoch1=0 epoch2=0 width=4]
[ECG-K2-REQUEST sim=gem5 seq=451 request_seq=247329602 dest=433 tier=1 epoch1=0 epoch2=0 current=0 context=1]
[ECG-K2-EXPECT sim=gem5 seq=532 dest=436 tier=1 epoch1=0 epoch2=0 width=4]
[ECG-K2-RECV sim=gem5 seq=532 dest=436 tier=1 epoch1=0 epoch2=0 width=4]
[ECG-K2-REQUEST sim=gem5 seq=452 request_seq=247329611 dest=436 tier=1 epoch1=0 epoch2=0 current=0 context=1]
[ECG-K2-EXPECT sim=gem5 seq=533 dest=437 tier=1 epoch1=0 epoch2=0 width=4]
[ECG-K2-RECV sim=gem5 seq=533 dest=437 tier=1 epoch1=0 epoch2=0 width=4]
[ECG-K2-REQUEST sim=gem5 seq=453 request_seq=247329620 dest=437 tier=1 epoch1=0 epoch2=0 current=0 context=1]
[ECG-K2-EXPECT sim=gem5 seq=534 dest=438 tier=1 epoch1=0 epoch2=0 width=4]
[ECG-K2-RECV sim=gem5 seq=534 dest=438 tier=1 epoch1=0 epoch2=0 width=4]
[ECG-K2-REQUEST sim=gem5 seq=454 request_seq=247329629 dest=438 tier=1 epoch1=0 epoch2=0 current=0 context=1]
[ECG-K2-EXPECT sim=gem5 seq=535 dest=449 tier=1 epoch1=0 epoch2=0 width=4]
[ECG-K2-RECV sim=gem5 seq=535 dest=449 tier=1 epoch1=0 epoch2=0 width=4]
[ECG-K2-REQUEST sim=gem5 seq=455 request_seq=247329638 dest=449 tier=1 epoch1=0 epoch2=0 current=0 context=1]
[ECG-K2-EXPECT sim=gem5 seq=536 dest=452 tier=1 epoch1=0 epoch2=0 width=4]
[ECG-K2-RECV sim=gem5 seq=536 dest=452 tier=1 epoch1=0 epoch2=0 width=4]
[ECG-K2-REQUEST sim=gem5 seq=456 request_seq=247329647 dest=452 tier=1 epoch1=0 epoch2=0 current=0 context=1]
[ECG-K2-EXPECT sim=gem5 seq=537 dest=457 tier=1 epoch1=0 epoch2=0 width=4]
[ECG-K2-RECV sim=gem5 seq=537 dest=457 tier=1 epoch1=0 epoch2=0 width=4]
[ECG-K2-REQUEST sim=gem5 seq=457 request_seq=247329656 dest=457 tier=1 epoch1=0 epoch2=0 current=0 context=1]
[ECG-K2-EXPECT sim=gem5 seq=538 dest=469 tier=1 epoch1=0 epoch2=0 width=4]
[ECG-K2-RECV sim=gem5 seq=538 dest=469 tier=1 epoch1=0 epoch2=0 width=4]
[ECG-K2-REQUEST sim=gem5 seq=458 request_seq=247329665 dest=469 tier=1 epoch1=0 epoch2=0 current=0 context=1]
[ECG-K2-EXPECT sim=gem5 seq=539 dest=472 tier=1 epoch1=0 epoch2=0 width=4]
[ECG-K2-RECV sim=gem5 seq=539 dest=472 tier=1 epoch1=0 epoch2=0 width=4]
[ECG-K2-REQUEST sim=gem5 seq=459 request_seq=247329674 dest=472 tier=1 epoch1=0 epoch2=0 current=0 context=1]
[ECG-K2-ACCEPT sim=gem5 seq=457 request_seq=247329656 request_dest=457 fill_dest=449 source=request tier=1 epoch1=0 epoch2=0 current=0 context=1 property_elem_bytes=4]
[ECG-K2-EXPECT sim=gem5 seq=540 dest=477 tier=1 epoch1=0 epoch2=0 width=4]
[ECG-K2-RECV sim=gem5 seq=540 dest=477 tier=1 epoch1=0 epoch2=0 width=4]
[ECG-K2-REQUEST sim=gem5 seq=460 request_seq=247329683 dest=477 tier=1 epoch1=0 epoch2=0 current=0 context=1]
[ECG-K2-EXPECT sim=gem5 seq=541 dest=484 tier=1 epoch1=0 epoch2=0 width=4]
[ECG-K2-RECV sim=gem5 seq=541 dest=484 tier=1 epoch1=0 epoch2=0 width=4]
[ECG-K2-REQUEST sim=gem5 seq=461 request_seq=247329692 dest=484 tier=1 epoch1=0 epoch2=0 current=0 context=1]
[ECG-K2-EXPECT sim=gem5 seq=542 dest=491 tier=1 epoch1=0 epoch2=0 width=4]
[ECG-K2-RECV sim=gem5 seq=542 dest=491 tier=1 epoch1=0 epoch2=0 width=4]
[ECG-K2-REQUEST sim=gem5 seq=462 request_seq=247329701 dest=491 tier=1 epoch1=0 epoch2=0 current=0 context=1]
[ECG-K2-EXPECT sim=gem5 seq=543 dest=495 tier=1 epoch1=0 epoch2=0 width=4]
[ECG-K2-RECV sim=gem5 seq=543 dest=495 tier=1 epoch1=0 epoch2=0 width=4]
[ECG-K2-REQUEST sim=gem5 seq=463 request_seq=247329710 dest=495 tier=1 epoch1=0 epoch2=0 current=0 context=1]
[ECG-STREAM-BYPASS sim=gem5 cache=system.l3cache addr=0x3c9740 vaddr=0x3b8740 size=4 source=request-flag allocate=0]
[ECG-K2-EXPECT sim=gem5 seq=544 dest=498 tier=1 epoch1=0 epoch2=0 width=4]
[ECG-K2-RECV sim=gem5 seq=544 dest=498 tier=1 epoch1=0 epoch2=0 width=4]
[ECG-K2-REQUEST sim=gem5 seq=464 request_seq=247329719 dest=498 tier=1 epoch1=0 epoch2=0 current=0 context=1]
[ECG-K2-EXPECT sim=gem5 seq=545 dest=509 tier=1 epoch1=0 epoch2=0 width=4]
[ECG-K2-RECV sim=gem5 seq=545 dest=509 tier=1 epoch1=0 epoch2=0 width=4]
[ECG-K2-REQUEST sim=gem5 seq=465 request_seq=247329728 dest=509 tier=1 epoch1=0 epoch2=0 current=0 context=1]
[ECG-K2-EXPECT sim=gem5 seq=546 dest=511 tier=1 epoch1=0 epoch2=0 width=4]
[ECG-K2-RECV sim=gem5 seq=546 dest=511 tier=1 epoch1=0 epoch2=0 width=4]
[ECG-K2-REQUEST sim=gem5 seq=466 request_seq=247329737 dest=511 tier=1 epoch1=0 epoch2=0 current=0 context=1]
[ECG-K2-EXPECT sim=gem5 seq=547 dest=527 tier=1 epoch1=0 epoch2=0 width=4]
[ECG-K2-RECV sim=gem5 seq=547 dest=527 tier=1 epoch1=0 epoch2=0 width=4]
[ECG-K2-REQUEST sim=gem5 seq=467 request_seq=247329746 dest=527 tier=1 epoch1=0 epoch2=0 current=0 context=1]
[ECG-K2-EXPECT sim=gem5 seq=548 dest=538 tier=1 epoch1=0 epoch2=0 width=4]
[ECG-K2-RECV sim=gem5 seq=548 dest=538 tier=1 epoch1=0 epoch2=0 width=4]
[ECG-K2-REQUEST sim=gem5 seq=468 request_seq=247329755 dest=538 tier=1 epoch1=0 epoch2=0 current=0 context=1]
[ECG-K2-EXPECT sim=gem5 seq=549 dest=541 tier=1 epoch1=0 epoch2=0 width=4]
[ECG-K2-RECV sim=gem5 seq=549 dest=541 tier=1 epoch1=0 epoch2=0 width=4]
[ECG-K2-REQUEST sim=gem5 seq=469 request_seq=247329764 dest=541 tier=1 epoch1=0 epoch2=0 current=0 context=1]
[ECG-K2-EXPECT sim=gem5 seq=550 dest=544 tier=1 epoch1=0 epoch2=0 width=4]
[ECG-K2-RECV sim=gem5 seq=550 dest=544 tier=1 epoch1=0 epoch2=0 width=4]
[ECG-K2-REQUEST sim=gem5 seq=470 request_seq=247329773 dest=544 tier=1 epoch1=0 epoch2=0 current=0 context=1]
[ECG-K2-EXPECT sim=gem5 seq=551 dest=560 tier=1 epoch1=0 epoch2=0 width=4]
[ECG-K2-RECV sim=gem5 seq=551 dest=560 tier=1 epoch1=0 epoch2=0 width=4]
[ECG-K2-REQUEST sim=gem5 seq=471 request_seq=247329782 dest=560 tier=1 epoch1=0 epoch2=0 current=0 context=1]
[ECG-K2-EXPECT sim=gem5 seq=552 dest=582 tier=1 epoch1=0 epoch2=0 width=4]
[ECG-K2-RECV sim=gem5 seq=552 dest=582 tier=1 epoch1=0 epoch2=0 width=4]
[ECG-K2-REQUEST sim=gem5 seq=472 request_seq=247329791 dest=582 tier=1 epoch1=0 epoch2=0 current=0 context=1]
[ECG-K2-EXPECT sim=gem5 seq=553 dest=584 tier=1 epoch1=0 epoch2=0 width=4]
[ECG-K2-RECV sim=gem5 seq=553 dest=584 tier=1 epoch1=0 epoch2=0 width=4]
[ECG-K2-REQUEST sim=gem5 seq=473 request_seq=247329800 dest=584 tier=1 epoch1=0 epoch2=0 current=0 context=1]
[ECG-K2-EXPECT sim=gem5 seq=554 dest=589 tier=1 epoch1=0 epoch2=0 width=4]
[ECG-K2-RECV sim=gem5 seq=554 dest=589 tier=1 epoch1=0 epoch2=0 width=4]
[ECG-K2-REQUEST sim=gem5 seq=474 request_seq=247329809 dest=589 tier=1 epoch1=0 epoch2=0 current=0 context=1]
[ECG-K2-ACCEPT sim=gem5 seq=469 request_seq=247329764 request_dest=541 fill_dest=538 source=request tier=1 epoch1=0 epoch2=0 current=0 context=1 property_elem_bytes=4]
[ECG-K2-EXPECT sim=gem5 seq=555 dest=560 tier=1 epoch1=0 epoch2=0 width=4]
[ECG-K2-RECV sim=gem5 seq=555 dest=560 tier=1 epoch1=0 epoch2=0 width=4]
[ECG-K2-EXPECT sim=gem5 seq=556 dest=582 tier=1 epoch1=0 epoch2=0 width=4]
[ECG-K2-RECV sim=gem5 seq=556 dest=582 tier=1 epoch1=0 epoch2=0 width=4]
[ECG-K2-EXPECT sim=gem5 seq=557 dest=584 tier=1 epoch1=0 epoch2=0 width=4]
[ECG-K2-RECV sim=gem5 seq=557 dest=584 tier=1 epoch1=0 epoch2=0 width=4]
[ECG-K2-EXPECT sim=gem5 seq=558 dest=589 tier=1 epoch1=0 epoch2=0 width=4]
[ECG-K2-RECV sim=gem5 seq=558 dest=589 tier=1 epoch1=0 epoch2=0 width=4]
[ECG-K2-ACCEPT sim=gem5 seq=470 request_seq=247329773 request_dest=544 fill_dest=544 source=request tier=1 epoch1=0 epoch2=0 current=0 context=1 property_elem_bytes=4]
[ECG-K2-EXPECT sim=gem5 seq=559 dest=582 tier=1 epoch1=0 epoch2=0 width=4]
[ECG-K2-RECV sim=gem5 seq=559 dest=582 tier=1 epoch1=0 epoch2=0 width=4]
[ECG-K2-EXPECT sim=gem5 seq=560 dest=584 tier=1 epoch1=0 epoch2=0 width=4]
[ECG-K2-RECV sim=gem5 seq=560 dest=584 tier=1 epoch1=0 epoch2=0 width=4]
[ECG-K2-EXPECT sim=gem5 seq=561 dest=589 tier=1 epoch1=0 epoch2=0 width=4]
[ECG-K2-RECV sim=gem5 seq=561 dest=589 tier=1 epoch1=0 epoch2=0 width=4]
[ECG-K2-ACCEPT sim=gem5 seq=471 request_seq=247329782 request_dest=560 fill_dest=560 source=request tier=1 epoch1=0 epoch2=0 current=0 context=1 property_elem_bytes=4]
[ECG-K2-EXPECT sim=gem5 seq=562 dest=584 tier=1 epoch1=0 epoch2=0 width=4]
[ECG-K2-RECV sim=gem5 seq=562 dest=584 tier=1 epoch1=0 epoch2=0 width=4]
[ECG-K2-EXPECT sim=gem5 seq=563 dest=589 tier=1 epoch1=0 epoch2=0 width=4]
[ECG-K2-RECV sim=gem5 seq=563 dest=589 tier=1 epoch1=0 epoch2=0 width=4]
[ECG-K2-EXPECT sim=gem5 seq=564 dest=594 tier=1 epoch1=0 epoch2=0 width=4]
[ECG-K2-RECV sim=gem5 seq=564 dest=594 tier=1 epoch1=0 epoch2=0 width=4]
[ECG-K2-REQUEST sim=gem5 seq=475 request_seq=247329818 dest=594 tier=1 epoch1=0 epoch2=0 current=0 context=1]
[ECG-K2-EXPECT sim=gem5 seq=565 dest=608 tier=1 epoch1=0 epoch2=0 width=4]
[ECG-K2-RECV sim=gem5 seq=565 dest=608 tier=1 epoch1=0 epoch2=0 width=4]
[ECG-K2-REQUEST sim=gem5 seq=476 request_seq=247329827 dest=608 tier=1 epoch1=0 epoch2=0 current=0 context=1]
[ECG-K2-EXPECT sim=gem5 seq=566 dest=610 tier=1 epoch1=0 epoch2=0 width=4]
[ECG-K2-RECV sim=gem5 seq=566 dest=610 tier=1 epoch1=0 epoch2=0 width=4]
[ECG-K2-REQUEST sim=gem5 seq=477 request_seq=247329836 dest=610 tier=1 epoch1=0 epoch2=0 current=0 context=1]
[ECG-K2-EXPECT sim=gem5 seq=567 dest=614 tier=1 epoch1=0 epoch2=0 width=4]
[ECG-K2-RECV sim=gem5 seq=567 dest=614 tier=1 epoch1=0 epoch2=0 width=4]
[ECG-K2-REQUEST sim=gem5 seq=478 request_seq=247329845 dest=614 tier=1 epoch1=0 epoch2=0 current=0 context=1]
[ECG-K2-EXPECT sim=gem5 seq=568 dest=608 tier=1 epoch1=0 epoch2=0 width=4]
[ECG-K2-RECV sim=gem5 seq=568 dest=608 tier=1 epoch1=0 epoch2=0 width=4]
[ECG-K2-EXPECT sim=gem5 seq=569 dest=610 tier=1 epoch1=0 epoch2=0 width=4]
[ECG-K2-RECV sim=gem5 seq=569 dest=610 tier=1 epoch1=0 epoch2=0 width=4]
[ECG-K2-EXPECT sim=gem5 seq=570 dest=614 tier=1 epoch1=0 epoch2=0 width=4]
[ECG-K2-RECV sim=gem5 seq=570 dest=614 tier=1 epoch1=0 epoch2=0 width=4]
[ECG-K2-EXPECT sim=gem5 seq=571 dest=610 tier=1 epoch1=0 epoch2=0 width=4]
[ECG-K2-RECV sim=gem5 seq=571 dest=610 tier=1 epoch1=0 epoch2=0 width=4]
[ECG-K2-EXPECT sim=gem5 seq=572 dest=614 tier=1 epoch1=0 epoch2=0 width=4]
[ECG-K2-RECV sim=gem5 seq=572 dest=614 tier=1 epoch1=0 epoch2=0 width=4]
[ECG-K2-EXPECT sim=gem5 seq=573 dest=642 tier=1 epoch1=0 epoch2=0 width=4]
[ECG-K2-RECV sim=gem5 seq=573 dest=642 tier=1 epoch1=0 epoch2=0 width=4]
[ECG-K2-REQUEST sim=gem5 seq=479 request_seq=247329854 dest=642 tier=1 epoch1=0 epoch2=0 current=0 context=1]
[ECG-STREAM-BYPASS sim=gem5 cache=system.l3cache addr=0x3c9780 vaddr=0x3b8780 size=4 source=request-flag allocate=0]
[ECG-K2-EXPECT sim=gem5 seq=574 dest=660 tier=1 epoch1=0 epoch2=0 width=4]
[ECG-K2-RECV sim=gem5 seq=574 dest=660 tier=1 epoch1=0 epoch2=0 width=4]
[ECG-K2-REQUEST sim=gem5 seq=480 request_seq=247329863 dest=660 tier=1 epoch1=0 epoch2=0 current=0 context=1]
[ECG-K2-EXPECT sim=gem5 seq=575 dest=676 tier=1 epoch1=0 epoch2=0 width=4]
[ECG-K2-RECV sim=gem5 seq=575 dest=676 tier=1 epoch1=0 epoch2=0 width=4]
[ECG-K2-REQUEST sim=gem5 seq=481 request_seq=247329872 dest=676 tier=1 epoch1=0 epoch2=0 current=0 context=1]
[ECG-K2-EXPECT sim=gem5 seq=576 dest=680 tier=1 epoch1=0 epoch2=0 width=4]
[ECG-K2-RECV sim=gem5 seq=576 dest=680 tier=1 epoch1=0 epoch2=0 width=4]
[ECG-K2-REQUEST sim=gem5 seq=482 request_seq=247329881 dest=680 tier=1 epoch1=0 epoch2=0 current=0 context=1]
[ECG-K2-EXPECT sim=gem5 seq=577 dest=688 tier=1 epoch1=0 epoch2=0 width=4]
[ECG-K2-RECV sim=gem5 seq=577 dest=688 tier=1 epoch1=0 epoch2=0 width=4]
[ECG-K2-REQUEST sim=gem5 seq=483 request_seq=247329890 dest=688 tier=1 epoch1=0 epoch2=0 current=0 context=1]
[ECG-K2-EXPECT sim=gem5 seq=578 dest=689 tier=1 epoch1=0 epoch2=0 width=4]
[ECG-K2-RECV sim=gem5 seq=578 dest=689 tier=1 epoch1=0 epoch2=0 width=4]
[ECG-K2-REQUEST sim=gem5 seq=484 request_seq=247329899 dest=689 tier=1 epoch1=0 epoch2=0 current=0 context=1]
[ECG-K2-EXPECT sim=gem5 seq=579 dest=705 tier=1 epoch1=0 epoch2=0 width=4]
[ECG-K2-RECV sim=gem5 seq=579 dest=705 tier=1 epoch1=0 epoch2=0 width=4]
[ECG-K2-REQUEST sim=gem5 seq=485 request_seq=247329908 dest=705 tier=1 epoch1=0 epoch2=0 current=0 context=1]
[ECG-K2-EXPECT sim=gem5 seq=580 dest=712 tier=1 epoch1=0 epoch2=0 width=4]
[ECG-K2-RECV sim=gem5 seq=580 dest=712 tier=1 epoch1=0 epoch2=0 width=4]
[ECG-K2-REQUEST sim=gem5 seq=486 request_seq=247329917 dest=712 tier=1 epoch1=0 epoch2=0 current=0 context=1]
[ECG-K2-EXPECT sim=gem5 seq=581 dest=727 tier=1 epoch1=0 epoch2=0 width=4]
[ECG-K2-RECV sim=gem5 seq=581 dest=727 tier=1 epoch1=0 epoch2=0 width=4]
[ECG-K2-REQUEST sim=gem5 seq=487 request_seq=247329926 dest=727 tier=1 epoch1=0 epoch2=0 current=0 context=1]
[ECG-K2-EXPECT sim=gem5 seq=582 dest=733 tier=1 epoch1=0 epoch2=0 width=4]
[ECG-K2-RECV sim=gem5 seq=582 dest=733 tier=1 epoch1=0 epoch2=0 width=4]
[ECG-K2-REQUEST sim=gem5 seq=488 request_seq=247329935 dest=733 tier=1 epoch1=0 epoch2=0 current=0 context=1]
[ECG-K2-EXPECT sim=gem5 seq=583 dest=739 tier=1 epoch1=0 epoch2=0 width=4]
[ECG-K2-RECV sim=gem5 seq=583 dest=739 tier=1 epoch1=0 epoch2=0 width=4]
[ECG-K2-REQUEST sim=gem5 seq=489 request_seq=247329944 dest=739 tier=1 epoch1=0 epoch2=0 current=0 context=1]
[ECG-K2-EXPECT sim=gem5 seq=584 dest=753 tier=1 epoch1=0 epoch2=0 width=4]
[ECG-K2-RECV sim=gem5 seq=584 dest=753 tier=1 epoch1=0 epoch2=0 width=4]
[ECG-K2-REQUEST sim=gem5 seq=490 request_seq=247329953 dest=753 tier=1 epoch1=0 epoch2=0 current=0 context=1]
[ECG-K2-EXPECT sim=gem5 seq=585 dest=712 tier=1 epoch1=0 epoch2=0 width=4]
[ECG-K2-RECV sim=gem5 seq=585 dest=712 tier=1 epoch1=0 epoch2=0 width=4]
[ECG-K2-EXPECT sim=gem5 seq=586 dest=727 tier=1 epoch1=0 epoch2=0 width=4]
[ECG-K2-RECV sim=gem5 seq=586 dest=727 tier=1 epoch1=0 epoch2=0 width=4]
[ECG-K2-EXPECT sim=gem5 seq=587 dest=733 tier=1 epoch1=0 epoch2=0 width=4]
[ECG-K2-RECV sim=gem5 seq=587 dest=733 tier=1 epoch1=0 epoch2=0 width=4]
[ECG-K2-EXPECT sim=gem5 seq=588 dest=739 tier=1 epoch1=0 epoch2=0 width=4]
[ECG-K2-RECV sim=gem5 seq=588 dest=739 tier=1 epoch1=0 epoch2=0 width=4]
[ECG-K2-ACCEPT sim=gem5 seq=486 request_seq=247329917 request_dest=712 fill_dest=705 source=request tier=1 epoch1=0 epoch2=0 current=0 context=1 property_elem_bytes=4]
[ECG-K2-EXPECT sim=gem5 seq=589 dest=753 tier=1 epoch1=0 epoch2=0 width=4]
[ECG-K2-RECV sim=gem5 seq=589 dest=753 tier=1 epoch1=0 epoch2=0 width=4]
[ECG-K2-EXPECT sim=gem5 seq=590 dest=733 tier=1 epoch1=0 epoch2=0 width=4]
[ECG-K2-RECV sim=gem5 seq=590 dest=733 tier=1 epoch1=0 epoch2=0 width=4]
[ECG-K2-EXPECT sim=gem5 seq=591 dest=739 tier=1 epoch1=0 epoch2=0 width=4]
[ECG-K2-RECV sim=gem5 seq=591 dest=739 tier=1 epoch1=0 epoch2=0 width=4]
[ECG-K2-EXPECT sim=gem5 seq=592 dest=753 tier=1 epoch1=0 epoch2=0 width=4]
[ECG-K2-RECV sim=gem5 seq=592 dest=753 tier=1 epoch1=0 epoch2=0 width=4]
[ECG-K2-EXPECT sim=gem5 seq=593 dest=753 tier=1 epoch1=0 epoch2=0 width=4]
[ECG-K2-RECV sim=gem5 seq=593 dest=753 tier=1 epoch1=0 epoch2=0 width=4]
[ECG-K2-EXPECT sim=gem5 seq=594 dest=756 tier=1 epoch1=0 epoch2=0 width=4]
[ECG-K2-RECV sim=gem5 seq=594 dest=756 tier=1 epoch1=0 epoch2=0 width=4]
[ECG-K2-REQUEST sim=gem5 seq=491 request_seq=247329962 dest=756 tier=1 epoch1=0 epoch2=0 current=0 context=1]
[ECG-K2-EXPECT sim=gem5 seq=595 dest=789 tier=2 epoch1=0 epoch2=0 width=4]
[ECG-K2-RECV sim=gem5 seq=595 dest=789 tier=2 epoch1=0 epoch2=0 width=4]
[ECG-K2-REQUEST sim=gem5 seq=492 request_seq=247329998 dest=789 tier=2 epoch1=0 epoch2=0 current=0 context=1]
[ECG-K2-EXPECT sim=gem5 seq=596 dest=760 tier=1 epoch1=0 epoch2=0 width=4]
[ECG-K2-RECV sim=gem5 seq=596 dest=760 tier=1 epoch1=0 epoch2=0 width=4]
[ECG-K2-REQUEST sim=gem5 seq=493 request_seq=247329971 dest=760 tier=1 epoch1=0 epoch2=0 current=0 context=1]
[ECG-K2-EXPECT sim=gem5 seq=597 dest=769 tier=1 epoch1=0 epoch2=0 width=4]
[ECG-K2-RECV sim=gem5 seq=597 dest=769 tier=1 epoch1=0 epoch2=0 width=4]
[ECG-K2-REQUEST sim=gem5 seq=494 request_seq=247329980 dest=769 tier=1 epoch1=0 epoch2=0 current=0 context=1]
[ECG-K2-EXPECT sim=gem5 seq=598 dest=775 tier=1 epoch1=0 epoch2=0 width=4]
[ECG-K2-RECV sim=gem5 seq=598 dest=775 tier=1 epoch1=0 epoch2=0 width=4]
[ECG-K2-REQUEST sim=gem5 seq=495 request_seq=247329989 dest=775 tier=1 epoch1=0 epoch2=0 current=0 context=1]
[ECG-STREAM-BYPASS sim=gem5 cache=system.l3cache addr=0x3c97c0 vaddr=0x3b87c0 size=4 source=request-flag allocate=0]
[ECG-K2-EXPECT sim=gem5 seq=599 dest=760 tier=1 epoch1=0 epoch2=0 width=4]
[ECG-K2-RECV sim=gem5 seq=599 dest=760 tier=1 epoch1=0 epoch2=0 width=4]
[ECG-K2-EXPECT sim=gem5 seq=600 dest=769 tier=1 epoch1=0 epoch2=0 width=4]
[ECG-K2-RECV sim=gem5 seq=600 dest=769 tier=1 epoch1=0 epoch2=0 width=4]
[ECG-K2-EXPECT sim=gem5 seq=601 dest=775 tier=1 epoch1=0 epoch2=0 width=4]
[ECG-K2-RECV sim=gem5 seq=601 dest=775 tier=1 epoch1=0 epoch2=0 width=4]
[ECG-K2-EXPECT sim=gem5 seq=602 dest=775 tier=1 epoch1=0 epoch2=0 width=4]
[ECG-K2-RECV sim=gem5 seq=602 dest=775 tier=1 epoch1=0 epoch2=0 width=4]
[ECG-K2-ACCEPT sim=gem5 seq=488 request_seq=247329935 request_dest=733 fill_dest=727 source=request tier=1 epoch1=0 epoch2=0 current=0 context=1 property_elem_bytes=4]
[ECG-K2-EXPECT sim=gem5 seq=603 dest=824 tier=2 epoch1=0 epoch2=0 width=4]
[ECG-K2-RECV sim=gem5 seq=603 dest=824 tier=2 epoch1=0 epoch2=0 width=4]
[ECG-K2-REQUEST sim=gem5 seq=496 request_seq=247330007 dest=824 tier=2 epoch1=0 epoch2=0 current=0 context=1]
[ECG-K2-EXPECT sim=gem5 seq=604 dest=831 tier=2 epoch1=0 epoch2=0 width=4]
[ECG-K2-RECV sim=gem5 seq=604 dest=831 tier=2 epoch1=0 epoch2=0 width=4]
[ECG-K2-REQUEST sim=gem5 seq=497 request_seq=247330016 dest=831 tier=2 epoch1=0 epoch2=0 current=0 context=1]
[ECG-K2-EXPECT sim=gem5 seq=605 dest=858 tier=2 epoch1=0 epoch2=0 width=4]
[ECG-K2-RECV sim=gem5 seq=605 dest=858 tier=2 epoch1=0 epoch2=0 width=4]
[ECG-K2-REQUEST sim=gem5 seq=498 request_seq=247330025 dest=858 tier=2 epoch1=0 epoch2=0 current=0 context=1]
[ECG-K2-EXPECT sim=gem5 seq=606 dest=865 tier=2 epoch1=0 epoch2=0 width=4]
[ECG-K2-RECV sim=gem5 seq=606 dest=865 tier=2 epoch1=0 epoch2=0 width=4]
[ECG-K2-REQUEST sim=gem5 seq=499 request_seq=247330034 dest=865 tier=2 epoch1=0 epoch2=0 current=0 context=1]
[ECG-K2-EXPECT sim=gem5 seq=607 dest=868 tier=2 epoch1=0 epoch2=0 width=4]
[ECG-K2-RECV sim=gem5 seq=607 dest=868 tier=2 epoch1=0 epoch2=0 width=4]
[ECG-K2-REQUEST sim=gem5 seq=500 request_seq=247330043 dest=868 tier=2 epoch1=0 epoch2=0 current=0 context=1]
[ECG-K2-EXPECT sim=gem5 seq=608 dest=878 tier=2 epoch1=0 epoch2=0 width=4]
[ECG-K2-RECV sim=gem5 seq=608 dest=878 tier=2 epoch1=0 epoch2=0 width=4]
[ECG-K2-REQUEST sim=gem5 seq=501 request_seq=247330052 dest=878 tier=2 epoch1=0 epoch2=0 current=0 context=1]
[ECG-K2-EXPECT sim=gem5 seq=609 dest=888 tier=2 epoch1=0 epoch2=0 width=4]
[ECG-K2-RECV sim=gem5 seq=609 dest=888 tier=2 epoch1=0 epoch2=0 width=4]
[ECG-K2-REQUEST sim=gem5 seq=502 request_seq=247330061 dest=888 tier=2 epoch1=0 epoch2=0 current=0 context=1]
[ECG-K2-EXPECT sim=gem5 seq=610 dest=891 tier=2 epoch1=0 epoch2=0 width=4]
[ECG-K2-RECV sim=gem5 seq=610 dest=891 tier=2 epoch1=0 epoch2=0 width=4]
[ECG-K2-REQUEST sim=gem5 seq=503 request_seq=247330070 dest=891 tier=2 epoch1=0 epoch2=0 current=0 context=1]
[ECG-K2-EXPECT sim=gem5 seq=611 dest=896 tier=2 epoch1=0 epoch2=0 width=4]
[ECG-K2-RECV sim=gem5 seq=611 dest=896 tier=2 epoch1=0 epoch2=0 width=4]
[ECG-K2-REQUEST sim=gem5 seq=504 request_seq=247330079 dest=896 tier=2 epoch1=0 epoch2=0 current=0 context=1]
[ECG-K2-EXPECT sim=gem5 seq=612 dest=948 tier=2 epoch1=0 epoch2=0 width=4]
[ECG-K2-RECV sim=gem5 seq=612 dest=948 tier=2 epoch1=0 epoch2=0 width=4]
[ECG-K2-REQUEST sim=gem5 seq=505 request_seq=247330088 dest=948 tier=2 epoch1=0 epoch2=0 current=0 context=1]
[ECG-K2-EXPECT sim=gem5 seq=613 dest=956 tier=2 epoch1=0 epoch2=0 width=4]
[ECG-K2-RECV sim=gem5 seq=613 dest=956 tier=2 epoch1=0 epoch2=0 width=4]
[ECG-K2-REQUEST sim=gem5 seq=506 request_seq=247330097 dest=956 tier=2 epoch1=0 epoch2=0 current=0 context=1]
[ECG-K2-ACCEPT sim=gem5 seq=497 request_seq=247330016 request_dest=831 fill_dest=824 source=request tier=2 epoch1=0 epoch2=0 current=0 context=1 property_elem_bytes=4]
[ECG-K2-ACCEPT sim=gem5 seq=498 request_seq=247330025 request_dest=858 fill_dest=858 source=request tier=2 epoch1=0 epoch2=0 current=0 context=1 property_elem_bytes=4]
[ECG-K2-EXPECT sim=gem5 seq=614 dest=891 tier=2 epoch1=0 epoch2=0 width=4]
[ECG-K2-RECV sim=gem5 seq=614 dest=891 tier=2 epoch1=0 epoch2=0 width=4]
[ECG-K2-EXPECT sim=gem5 seq=615 dest=896 tier=2 epoch1=0 epoch2=0 width=4]
[ECG-K2-RECV sim=gem5 seq=615 dest=896 tier=2 epoch1=0 epoch2=0 width=4]
[ECG-K2-EXPECT sim=gem5 seq=616 dest=948 tier=2 epoch1=0 epoch2=0 width=4]
[ECG-K2-RECV sim=gem5 seq=616 dest=948 tier=2 epoch1=0 epoch2=0 width=4]
[ECG-K2-EXPECT sim=gem5 seq=617 dest=956 tier=2 epoch1=0 epoch2=0 width=4]
[ECG-K2-RECV sim=gem5 seq=617 dest=956 tier=2 epoch1=0 epoch2=0 width=4]
[ECG-K2-EXPECT sim=gem5 seq=618 dest=948 tier=2 epoch1=0 epoch2=0 width=4]
[ECG-K2-RECV sim=gem5 seq=618 dest=948 tier=2 epoch1=0 epoch2=0 width=4]
[ECG-K2-EXPECT sim=gem5 seq=619 dest=956 tier=2 epoch1=0 epoch2=0 width=4]
[ECG-K2-RECV sim=gem5 seq=619 dest=956 tier=2 epoch1=0 epoch2=0 width=4]
[ECG-K2-EXPECT sim=gem5 seq=620 dest=956 tier=2 epoch1=0 epoch2=0 width=4]
[ECG-K2-RECV sim=gem5 seq=620 dest=956 tier=2 epoch1=0 epoch2=0 width=4]
[ECG-K2-EXPECT sim=gem5 seq=621 dest=960 tier=2 epoch1=0 epoch2=0 width=4]
[ECG-K2-RECV sim=gem5 seq=621 dest=960 tier=2 epoch1=0 epoch2=0 width=4]
[ECG-K2-REQUEST sim=gem5 seq=507 request_seq=247330106 dest=960 tier=2 epoch1=0 epoch2=0 current=0 context=1]
[ECG-K2-EXPECT sim=gem5 seq=622 dest=966 tier=2 epoch1=0 epoch2=0 width=4]
[ECG-K2-RECV sim=gem5 seq=622 dest=966 tier=2 epoch1=0 epoch2=0 width=4]
[ECG-K2-REQUEST sim=gem5 seq=508 request_seq=247330115 dest=966 tier=2 epoch1=0 epoch2=0 current=0 context=1]
[ECG-K2-EXPECT sim=gem5 seq=623 dest=990 tier=2 epoch1=0 epoch2=0 width=4]
[ECG-K2-RECV sim=gem5 seq=623 dest=990 tier=2 epoch1=0 epoch2=0 width=4]
[ECG-K2-REQUEST sim=gem5 seq=509 request_seq=247330124 dest=990 tier=2 epoch1=0 epoch2=0 current=0 context=1]
[ECG-K2-EXPECT sim=gem5 seq=624 dest=992 tier=2 epoch1=0 epoch2=0 width=4]
[ECG-K2-RECV sim=gem5 seq=624 dest=992 tier=2 epoch1=0 epoch2=0 width=4]
[ECG-K2-REQUEST sim=gem5 seq=510 request_seq=247330133 dest=992 tier=2 epoch1=0 epoch2=0 current=0 context=1]
[ECG-K2-EXPECT sim=gem5 seq=625 dest=996 tier=2 epoch1=0 epoch2=0 width=4]
[ECG-K2-RECV sim=gem5 seq=625 dest=996 tier=2 epoch1=0 epoch2=0 width=4]
[ECG-K2-REQUEST sim=gem5 seq=511 request_seq=247330142 dest=996 tier=2 epoch1=0 epoch2=0 current=0 context=1]
[ECG-K2-ACCEPT sim=gem5 seq=508 request_seq=247330115 request_dest=966 fill_dest=960 source=request tier=2 epoch1=0 epoch2=0 current=0 context=1 property_elem_bytes=4]
[ECG-STREAM-BYPASS sim=gem5 cache=system.l3cache addr=0x3c9800 vaddr=0x3b8800 size=4 source=request-flag allocate=0]
[ECG-K2-EXPECT sim=gem5 seq=626 dest=990 tier=2 epoch1=0 epoch2=0 width=4]
[ECG-K2-RECV sim=gem5 seq=626 dest=990 tier=2 epoch1=0 epoch2=0 width=4]
[ECG-K2-EXPECT sim=gem5 seq=627 dest=992 tier=2 epoch1=0 epoch2=0 width=4]
[ECG-K2-RECV sim=gem5 seq=627 dest=992 tier=2 epoch1=0 epoch2=0 width=4]
[ECG-K2-EXPECT sim=gem5 seq=628 dest=996 tier=2 epoch1=0 epoch2=0 width=4]
[ECG-K2-RECV sim=gem5 seq=628 dest=996 tier=2 epoch1=0 epoch2=0 width=4]
[ECG-K2-EXPECT sim=gem5 seq=629 dest=992 tier=2 epoch1=0 epoch2=0 width=4]
[ECG-K2-RECV sim=gem5 seq=629 dest=992 tier=2 epoch1=0 epoch2=0 width=4]
[ECG-K2-EXPECT sim=gem5 seq=630 dest=996 tier=2 epoch1=0 epoch2=0 width=4]
[ECG-K2-RECV sim=gem5 seq=630 dest=996 tier=2 epoch1=0 epoch2=0 width=4]
[ECG-K2-ACCEPT sim=gem5 seq=504 request_seq=247330079 request_dest=896 fill_dest=896 source=request tier=2 epoch1=0 epoch2=0 current=0 context=1 property_elem_bytes=4]
[ECG-K2-EXPECT sim=gem5 seq=631 dest=996 tier=2 epoch1=0 epoch2=0 width=4]
[ECG-K2-RECV sim=gem5 seq=631 dest=996 tier=2 epoch1=0 epoch2=0 width=4]
[ECG-K2-ACCEPT sim=gem5 seq=506 request_seq=247330097 request_dest=956 fill_dest=948 source=request tier=2 epoch1=0 epoch2=0 current=0 context=1 property_elem_bytes=4]
[ECG-K2-ACCEPT sim=gem5 seq=511 request_seq=247330142 request_dest=996 fill_dest=992 source=request tier=2 epoch1=0 epoch2=0 current=0 context=1 property_elem_bytes=4]
[ECG-K2-EXPECT sim=gem5 seq=632 dest=1003 tier=2 epoch1=0 epoch2=0 width=4]
[ECG-K2-RECV sim=gem5 seq=632 dest=1003 tier=2 epoch1=0 epoch2=0 width=4]
[ECG-K2-REQUEST sim=gem5 seq=512 request_seq=247330151 dest=1003 tier=2 epoch1=0 epoch2=0 current=0 context=1]
[ECG-K2-EXPECT sim=gem5 seq=633 dest=1006 tier=2 epoch1=0 epoch2=0 width=4]
[ECG-K2-RECV sim=gem5 seq=633 dest=1006 tier=2 epoch1=0 epoch2=0 width=4]
[ECG-K2-REQUEST sim=gem5 seq=513 request_seq=247330160 dest=1006 tier=2 epoch1=0 epoch2=0 current=0 context=1]
[ECG-K2-EXPECT sim=gem5 seq=634 dest=1019 tier=2 epoch1=0 epoch2=0 width=4]
[ECG-K2-RECV sim=gem5 seq=634 dest=1019 tier=2 epoch1=0 epoch2=0 width=4]
[ECG-K2-REQUEST sim=gem5 seq=514 request_seq=247330169 dest=1019 tier=2 epoch1=0 epoch2=0 current=0 context=1]
[ECG-K2-EXPECT sim=gem5 seq=635 dest=1040 tier=2 epoch1=0 epoch2=0 width=4]
[ECG-K2-RECV sim=gem5 seq=635 dest=1040 tier=2 epoch1=0 epoch2=0 width=4]
[ECG-K2-REQUEST sim=gem5 seq=515 request_seq=247330178 dest=1040 tier=2 epoch1=0 epoch2=0 current=0 context=1]
[ECG-K2-EXPECT sim=gem5 seq=636 dest=1091 tier=2 epoch1=0 epoch2=0 width=4]
[ECG-K2-RECV sim=gem5 seq=636 dest=1091 tier=2 epoch1=0 epoch2=0 width=4]
[ECG-K2-REQUEST sim=gem5 seq=516 request_seq=247330187 dest=1091 tier=2 epoch1=0 epoch2=0 current=0 context=1]
[ECG-K2-EXPECT sim=gem5 seq=637 dest=1104 tier=2 epoch1=0 epoch2=0 width=4]
[ECG-K2-RECV sim=gem5 seq=637 dest=1104 tier=2 epoch1=0 epoch2=0 width=4]
[ECG-K2-REQUEST sim=gem5 seq=517 request_seq=247330196 dest=1104 tier=2 epoch1=0 epoch2=0 current=0 context=1]
[ECG-K2-EXPECT sim=gem5 seq=638 dest=1116 tier=2 epoch1=0 epoch2=0 width=4]
[ECG-K2-RECV sim=gem5 seq=638 dest=1116 tier=2 epoch1=0 epoch2=0 width=4]
[ECG-K2-REQUEST sim=gem5 seq=518 request_seq=247330205 dest=1116 tier=2 epoch1=0 epoch2=0 current=0 context=1]
[ECG-K2-EXPECT sim=gem5 seq=639 dest=1132 tier=2 epoch1=0 epoch2=0 width=4]
[ECG-K2-RECV sim=gem5 seq=639 dest=1132 tier=2 epoch1=0 epoch2=0 width=4]
[ECG-K2-REQUEST sim=gem5 seq=519 request_seq=247330214 dest=1132 tier=2 epoch1=0 epoch2=0 current=0 context=1]
[ECG-K2-EXPECT sim=gem5 seq=640 dest=1104 tier=2 epoch1=0 epoch2=0 width=4]
[ECG-K2-RECV sim=gem5 seq=640 dest=1104 tier=2 epoch1=0 epoch2=0 width=4]
[ECG-K2-EXPECT sim=gem5 seq=641 dest=1116 tier=2 epoch1=0 epoch2=0 width=4]
[ECG-K2-RECV sim=gem5 seq=641 dest=1116 tier=2 epoch1=0 epoch2=0 width=4]
[ECG-K2-EXPECT sim=gem5 seq=642 dest=1132 tier=2 epoch1=0 epoch2=0 width=4]
[ECG-K2-RECV sim=gem5 seq=642 dest=1132 tier=2 epoch1=0 epoch2=0 width=4]
[ECG-K2-EXPECT sim=gem5 seq=643 dest=1116 tier=2 epoch1=0 epoch2=0 width=4]
[ECG-K2-RECV sim=gem5 seq=643 dest=1116 tier=2 epoch1=0 epoch2=0 width=4]
[ECG-K2-EXPECT sim=gem5 seq=644 dest=1132 tier=2 epoch1=0 epoch2=0 width=4]
[ECG-K2-RECV sim=gem5 seq=644 dest=1132 tier=2 epoch1=0 epoch2=0 width=4]
[ECG-K2-EXPECT sim=gem5 seq=645 dest=1139 tier=2 epoch1=0 epoch2=0 width=4]
[ECG-K2-RECV sim=gem5 seq=645 dest=1139 tier=2 epoch1=0 epoch2=0 width=4]
[ECG-K2-REQUEST sim=gem5 seq=520 request_seq=247330223 dest=1139 tier=2 epoch1=0 epoch2=0 current=0 context=1]
[ECG-K2-EXPECT sim=gem5 seq=646 dest=1143 tier=2 epoch1=0 epoch2=0 width=4]
[ECG-K2-RECV sim=gem5 seq=646 dest=1143 tier=2 epoch1=0 epoch2=0 width=4]
[ECG-K2-REQUEST sim=gem5 seq=521 request_seq=247330232 dest=1143 tier=2 epoch1=0 epoch2=0 current=0 context=1]
[ECG-K2-ACCEPT sim=gem5 seq=519 request_seq=247330214 request_dest=1132 fill_dest=1132 source=request tier=2 epoch1=0 epoch2=0 current=0 context=1 property_elem_bytes=4]
[ECG-K2-EXPECT sim=gem5 seq=647 dest=1198 tier=2 epoch1=0 epoch2=0 width=4]
[ECG-K2-RECV sim=gem5 seq=647 dest=1198 tier=2 epoch1=0 epoch2=0 width=4]
[ECG-K2-REQUEST sim=gem5 seq=522 request_seq=247330241 dest=1198 tier=2 epoch1=0 epoch2=0 current=0 context=1]
[ECG-K2-EXPECT sim=gem5 seq=648 dest=1205 tier=2 epoch1=0 epoch2=0 width=4]
[ECG-K2-RECV sim=gem5 seq=648 dest=1205 tier=2 epoch1=0 epoch2=0 width=4]
[ECG-K2-REQUEST sim=gem5 seq=523 request_seq=247330250 dest=1205 tier=2 epoch1=0 epoch2=0 current=0 context=1]
[ECG-K2-EXPECT sim=gem5 seq=649 dest=1213 tier=2 epoch1=0 epoch2=0 width=4]
[ECG-K2-RECV sim=gem5 seq=649 dest=1213 tier=2 epoch1=0 epoch2=0 width=4]
[ECG-K2-REQUEST sim=gem5 seq=524 request_seq=247330259 dest=1213 tier=2 epoch1=0 epoch2=0 current=0 context=1]
[ECG-K2-EXPECT sim=gem5 seq=650 dest=1214 tier=2 epoch1=0 epoch2=0 width=4]
[ECG-K2-RECV sim=gem5 seq=650 dest=1214 tier=2 epoch1=0 epoch2=0 width=4]
[ECG-K2-REQUEST sim=gem5 seq=525 request_seq=247330268 dest=1214 tier=2 epoch1=0 epoch2=0 current=0 context=1]
[ECG-K2-EXPECT sim=gem5 seq=651 dest=1213 tier=2 epoch1=0 epoch2=0 width=4]
[ECG-K2-RECV sim=gem5 seq=651 dest=1213 tier=2 epoch1=0 epoch2=0 width=4]
[ECG-K2-EXPECT sim=gem5 seq=652 dest=1214 tier=2 epoch1=0 epoch2=0 width=4]
[ECG-K2-RECV sim=gem5 seq=652 dest=1214 tier=2 epoch1=0 epoch2=0 width=4]
[ECG-K2-EXPECT sim=gem5 seq=653 dest=1215 tier=2 epoch1=0 epoch2=0 width=4]
[ECG-K2-RECV sim=gem5 seq=653 dest=1215 tier=2 epoch1=0 epoch2=0 width=4]
[ECG-K2-REQUEST sim=gem5 seq=526 request_seq=247330277 dest=1215 tier=2 epoch1=0 epoch2=0 current=0 context=1]
[ECG-K2-EXPECT sim=gem5 seq=654 dest=1231 tier=2 epoch1=0 epoch2=0 width=4]
[ECG-K2-RECV sim=gem5 seq=654 dest=1231 tier=2 epoch1=0 epoch2=0 width=4]
[ECG-K2-REQUEST sim=gem5 seq=527 request_seq=247330286 dest=1231 tier=2 epoch1=0 epoch2=0 current=0 context=1]
[ECG-STREAM-BYPASS sim=gem5 cache=system.l3cache addr=0x3c9840 vaddr=0x3b8840 size=4 source=request-flag allocate=0]
[ECG-K2-ACCEPT sim=gem5 seq=527 request_seq=247330286 request_dest=1231 fill_dest=1231 source=request tier=2 epoch1=0 epoch2=0 current=0 context=1 property_elem_bytes=4]
[ECG-K2-ACCEPT sim=gem5 seq=522 request_seq=247330241 request_dest=1198 fill_dest=1198 source=request tier=2 epoch1=0 epoch2=0 current=0 context=1 property_elem_bytes=4]
[ECG-K2-EXPECT sim=gem5 seq=655 dest=1350 tier=3 epoch1=0 epoch2=0 width=4]
[ECG-K2-RECV sim=gem5 seq=655 dest=1350 tier=3 epoch1=0 epoch2=0 width=4]
[ECG-K2-REQUEST sim=gem5 seq=528 request_seq=247330295 dest=1350 tier=3 epoch1=0 epoch2=0 current=0 context=1]
[ECG-K2-EXPECT sim=gem5 seq=656 dest=1411 tier=3 epoch1=0 epoch2=0 width=4]
[ECG-K2-RECV sim=gem5 seq=656 dest=1411 tier=3 epoch1=0 epoch2=0 width=4]
[ECG-K2-REQUEST sim=gem5 seq=529 request_seq=247330304 dest=1411 tier=3 epoch1=0 epoch2=0 current=0 context=1]
[ECG-K2-EXPECT sim=gem5 seq=657 dest=1623 tier=3 epoch1=0 epoch2=0 width=4]
[ECG-K2-RECV sim=gem5 seq=657 dest=1623 tier=3 epoch1=0 epoch2=0 width=4]
[ECG-K2-REQUEST sim=gem5 seq=530 request_seq=247330313 dest=1623 tier=3 epoch1=0 epoch2=0 current=0 context=1]
[ECG-K2-EXPECT sim=gem5 seq=658 dest=1753 tier=3 epoch1=0 epoch2=0 width=4]
[ECG-K2-RECV sim=gem5 seq=658 dest=1753 tier=3 epoch1=0 epoch2=0 width=4]
[ECG-K2-REQUEST sim=gem5 seq=531 request_seq=247330322 dest=1753 tier=3 epoch1=0 epoch2=0 current=0 context=1]
[ECG-K2-EXPECT sim=gem5 seq=659 dest=1797 tier=3 epoch1=0 epoch2=0 width=4]
[ECG-K2-RECV sim=gem5 seq=659 dest=1797 tier=3 epoch1=0 epoch2=0 width=4]
[ECG-K2-REQUEST sim=gem5 seq=532 request_seq=247330331 dest=1797 tier=3 epoch1=0 epoch2=0 current=0 context=1]
[ECG-K2-EXPECT sim=gem5 seq=660 dest=1868 tier=3 epoch1=0 epoch2=0 width=4]
[ECG-K2-RECV sim=gem5 seq=660 dest=1868 tier=3 epoch1=0 epoch2=0 width=4]
[ECG-K2-REQUEST sim=gem5 seq=533 request_seq=247330340 dest=1868 tier=3 epoch1=0 epoch2=0 current=0 context=1]
[ECG-K2-EXPECT sim=gem5 seq=661 dest=1931 tier=3 epoch1=0 epoch2=0 width=4]
[ECG-K2-RECV sim=gem5 seq=661 dest=1931 tier=3 epoch1=0 epoch2=0 width=4]
[ECG-K2-REQUEST sim=gem5 seq=534 request_seq=247330349 dest=1931 tier=3 epoch1=0 epoch2=0 current=0 context=1]
[ECG-K2-EXPECT sim=gem5 seq=662 dest=1965 tier=3 epoch1=0 epoch2=0 width=4]
[ECG-K2-RECV sim=gem5 seq=662 dest=1965 tier=3 epoch1=0 epoch2=0 width=4]
[ECG-K2-REQUEST sim=gem5 seq=535 request_seq=247330358 dest=1965 tier=3 epoch1=0 epoch2=0 current=0 context=1]
[ECG-K2-EXPECT sim=gem5 seq=663 dest=2187 tier=3 epoch1=0 epoch2=0 width=4]
[ECG-K2-RECV sim=gem5 seq=663 dest=2187 tier=3 epoch1=0 epoch2=0 width=4]
[ECG-K2-REQUEST sim=gem5 seq=536 request_seq=247330367 dest=2187 tier=3 epoch1=0 epoch2=0 current=0 context=1]
[ECG-K2-EXPECT sim=gem5 seq=664 dest=2238 tier=3 epoch1=0 epoch2=0 width=4]
[ECG-K2-RECV sim=gem5 seq=664 dest=2238 tier=3 epoch1=0 epoch2=0 width=4]
[ECG-K2-REQUEST sim=gem5 seq=537 request_seq=247330376 dest=2238 tier=3 epoch1=0 epoch2=0 current=0 context=1]
[ECG-K2-EXPECT sim=gem5 seq=665 dest=2389 tier=3 epoch1=0 epoch2=0 width=4]
[ECG-K2-RECV sim=gem5 seq=665 dest=2389 tier=3 epoch1=0 epoch2=0 width=4]
[ECG-K2-REQUEST sim=gem5 seq=538 request_seq=247330385 dest=2389 tier=3 epoch1=0 epoch2=0 current=0 context=1]
[ECG-K2-ACCEPT sim=gem5 seq=528 request_seq=247330295 request_dest=1350 fill_dest=1350 source=request tier=3 epoch1=0 epoch2=0 current=0 context=1 property_elem_bytes=4]
[ECG-K2-ACCEPT sim=gem5 seq=529 request_seq=247330304 request_dest=1411 fill_dest=1411 source=request tier=3 epoch1=0 epoch2=0 current=0 context=1 property_elem_bytes=4]
[ECG-K2-EXPECT sim=gem5 seq=666 dest=1797 tier=3 epoch1=0 epoch2=0 width=4]
[ECG-K2-RECV sim=gem5 seq=666 dest=1797 tier=3 epoch1=0 epoch2=0 width=4]
[ECG-K2-EXPECT sim=gem5 seq=667 dest=1868 tier=3 epoch1=0 epoch2=0 width=4]
[ECG-K2-RECV sim=gem5 seq=667 dest=1868 tier=3 epoch1=0 epoch2=0 width=4]
[ECG-K2-EXPECT sim=gem5 seq=668 dest=1931 tier=3 epoch1=0 epoch2=0 width=4]
[ECG-K2-RECV sim=gem5 seq=668 dest=1931 tier=3 epoch1=0 epoch2=0 width=4]
[ECG-K2-EXPECT sim=gem5 seq=669 dest=1965 tier=3 epoch1=0 epoch2=0 width=4]
[ECG-K2-RECV sim=gem5 seq=669 dest=1965 tier=3 epoch1=0 epoch2=0 width=4]
[ECG-K2-EXPECT sim=gem5 seq=670 dest=2187 tier=3 epoch1=0 epoch2=0 width=4]
[ECG-K2-RECV sim=gem5 seq=670 dest=2187 tier=3 epoch1=0 epoch2=0 width=4]
[ECG-K2-EXPECT sim=gem5 seq=671 dest=2238 tier=3 epoch1=0 epoch2=0 width=4]
[ECG-K2-RECV sim=gem5 seq=671 dest=2238 tier=3 epoch1=0 epoch2=0 width=4]
[ECG-K2-EXPECT sim=gem5 seq=672 dest=2389 tier=3 epoch1=0 epoch2=0 width=4]
[ECG-K2-RECV sim=gem5 seq=672 dest=2389 tier=3 epoch1=0 epoch2=0 width=4]
[ECG-K2-EXPECT sim=gem5 seq=673 dest=1868 tier=3 epoch1=0 epoch2=0 width=4]
[ECG-K2-RECV sim=gem5 seq=673 dest=1868 tier=3 epoch1=0 epoch2=0 width=4]
[ECG-K2-EXPECT sim=gem5 seq=674 dest=1931 tier=3 epoch1=0 epoch2=0 width=4]
[ECG-K2-RECV sim=gem5 seq=674 dest=1931 tier=3 epoch1=0 epoch2=0 width=4]
[ECG-K2-EXPECT sim=gem5 seq=675 dest=1965 tier=3 epoch1=0 epoch2=0 width=4]
[ECG-K2-RECV sim=gem5 seq=675 dest=1965 tier=3 epoch1=0 epoch2=0 width=4]
[ECG-K2-EXPECT sim=gem5 seq=676 dest=2187 tier=3 epoch1=0 epoch2=0 width=4]
[ECG-K2-RECV sim=gem5 seq=676 dest=2187 tier=3 epoch1=0 epoch2=0 width=4]
[ECG-K2-EXPECT sim=gem5 seq=677 dest=2238 tier=3 epoch1=0 epoch2=0 width=4]
[ECG-K2-RECV sim=gem5 seq=677 dest=2238 tier=3 epoch1=0 epoch2=0 width=4]
[ECG-K2-EXPECT sim=gem5 seq=678 dest=2389 tier=3 epoch1=0 epoch2=0 width=4]
[ECG-K2-RECV sim=gem5 seq=678 dest=2389 tier=3 epoch1=0 epoch2=0 width=4]
[ECG-K2-ACCEPT sim=gem5 seq=532 request_seq=247330331 request_dest=1797 fill_dest=1797 source=request tier=3 epoch1=0 epoch2=0 current=0 context=1 property_elem_bytes=4]
[ECG-K2-ACCEPT sim=gem5 seq=530 request_seq=247330313 request_dest=1623 fill_dest=1623 source=request tier=3 epoch1=0 epoch2=0 current=0 context=1 property_elem_bytes=4]
[ECG-K2-ACCEPT sim=gem5 seq=531 request_seq=247330322 request_dest=1753 fill_dest=1753 source=request tier=3 epoch1=0 epoch2=0 current=0 context=1 property_elem_bytes=4]
[ECG-K2-EXPECT sim=gem5 seq=679 dest=1931 tier=3 epoch1=0 epoch2=0 width=4]
[ECG-K2-RECV sim=gem5 seq=679 dest=1931 tier=3 epoch1=0 epoch2=0 width=4]
[ECG-K2-EXPECT sim=gem5 seq=680 dest=1965 tier=3 epoch1=0 epoch2=0 width=4]
[ECG-K2-RECV sim=gem5 seq=680 dest=1965 tier=3 epoch1=0 epoch2=0 width=4]
[ECG-K2-EXPECT sim=gem5 seq=681 dest=2187 tier=3 epoch1=0 epoch2=0 width=4]
[ECG-K2-RECV sim=gem5 seq=681 dest=2187 tier=3 epoch1=0 epoch2=0 width=4]
[ECG-K2-EXPECT sim=gem5 seq=682 dest=2238 tier=3 epoch1=0 epoch2=0 width=4]
[ECG-K2-RECV sim=gem5 seq=682 dest=2238 tier=3 epoch1=0 epoch2=0 width=4]
[ECG-K2-EXPECT sim=gem5 seq=683 dest=2389 tier=3 epoch1=0 epoch2=0 width=4]
[ECG-K2-RECV sim=gem5 seq=683 dest=2389 tier=3 epoch1=0 epoch2=0 width=4]
[ECG-K2-EXPECT sim=gem5 seq=684 dest=1965 tier=3 epoch1=0 epoch2=0 width=4]
[ECG-K2-RECV sim=gem5 seq=684 dest=1965 tier=3 epoch1=0 epoch2=0 width=4]
[ECG-K2-EXPECT sim=gem5 seq=685 dest=2187 tier=3 epoch1=0 epoch2=0 width=4]
[ECG-K2-RECV sim=gem5 seq=685 dest=2187 tier=3 epoch1=0 epoch2=0 width=4]
[ECG-K2-EXPECT sim=gem5 seq=686 dest=2238 tier=3 epoch1=0 epoch2=0 width=4]
[ECG-K2-RECV sim=gem5 seq=686 dest=2238 tier=3 epoch1=0 epoch2=0 width=4]
[ECG-K2-EXPECT sim=gem5 seq=687 dest=2389 tier=3 epoch1=0 epoch2=0 width=4]
[ECG-K2-RECV sim=gem5 seq=687 dest=2389 tier=3 epoch1=0 epoch2=0 width=4]
[ECG-K2-ACCEPT sim=gem5 seq=534 request_seq=247330349 request_dest=1931 fill_dest=1931 source=request tier=3 epoch1=0 epoch2=0 current=0 context=1 property_elem_bytes=4]
[ECG-K2-EXPECT sim=gem5 seq=688 dest=2187 tier=3 epoch1=0 epoch2=0 width=4]
[ECG-K2-RECV sim=gem5 seq=688 dest=2187 tier=3 epoch1=0 epoch2=0 width=4]
[ECG-K2-EXPECT sim=gem5 seq=689 dest=2238 tier=3 epoch1=0 epoch2=0 width=4]
[ECG-K2-RECV sim=gem5 seq=689 dest=2238 tier=3 epoch1=0 epoch2=0 width=4]
[ECG-K2-EXPECT sim=gem5 seq=690 dest=2389 tier=3 epoch1=0 epoch2=0 width=4]
[ECG-K2-RECV sim=gem5 seq=690 dest=2389 tier=3 epoch1=0 epoch2=0 width=4]
[ECG-K2-EXPECT sim=gem5 seq=691 dest=2238 tier=3 epoch1=0 epoch2=0 width=4]
[ECG-K2-RECV sim=gem5 seq=691 dest=2238 tier=3 epoch1=0 epoch2=0 width=4]
[ECG-K2-EXPECT sim=gem5 seq=692 dest=2389 tier=3 epoch1=0 epoch2=0 width=4]
[ECG-K2-RECV sim=gem5 seq=692 dest=2389 tier=3 epoch1=0 epoch2=0 width=4]
[ECG-K2-ACCEPT sim=gem5 seq=533 request_seq=247330340 request_dest=1868 fill_dest=1868 source=request tier=3 epoch1=0 epoch2=0 current=0 context=1 property_elem_bytes=4]
[ECG-K2-ACCEPT sim=gem5 seq=535 request_seq=247330358 request_dest=1965 fill_dest=1965 source=request tier=3 epoch1=0 epoch2=0 current=0 context=1 property_elem_bytes=4]
[ECG-K2-ACCEPT sim=gem5 seq=536 request_seq=247330367 request_dest=2187 fill_dest=2187 source=request tier=3 epoch1=0 epoch2=0 current=0 context=1 property_elem_bytes=4]
[ECG-K2-ACCEPT sim=gem5 seq=537 request_seq=247330376 request_dest=2238 fill_dest=2238 source=request tier=3 epoch1=0 epoch2=0 current=0 context=1 property_elem_bytes=4]
[ECG-K2-EXPECT sim=gem5 seq=693 dest=2389 tier=3 epoch1=0 epoch2=0 width=4]
[ECG-K2-RECV sim=gem5 seq=693 dest=2389 tier=3 epoch1=0 epoch2=0 width=4]
[ECG-K2-ACCEPT sim=gem5 seq=538 request_seq=247330385 request_dest=2389 fill_dest=2389 source=request tier=3 epoch1=0 epoch2=0 current=0 context=1 property_elem_bytes=4]
[ECG-K2-EXPECT sim=gem5 seq=694 dest=2507 tier=3 epoch1=0 epoch2=0 width=4]
[ECG-K2-RECV sim=gem5 seq=694 dest=2507 tier=3 epoch1=0 epoch2=0 width=4]
[ECG-K2-REQUEST sim=gem5 seq=539 request_seq=247330394 dest=2507 tier=3 epoch1=0 epoch2=0 current=0 context=1]
[ECG-K2-EXPECT sim=gem5 seq=695 dest=2663 tier=3 epoch1=0 epoch2=0 width=4]
[ECG-K2-RECV sim=gem5 seq=695 dest=2663 tier=3 epoch1=0 epoch2=0 width=4]
[ECG-K2-REQUEST sim=gem5 seq=540 request_seq=247330403 dest=2663 tier=3 epoch1=0 epoch2=0 current=0 context=1]
[ECG-K2-EXPECT sim=gem5 seq=696 dest=2724 tier=3 epoch1=0 epoch2=0 width=4]
[ECG-K2-RECV sim=gem5 seq=696 dest=2724 tier=3 epoch1=0 epoch2=0 width=4]
[ECG-K2-REQUEST sim=gem5 seq=541 request_seq=247330412 dest=2724 tier=3 epoch1=0 epoch2=0 current=0 context=1]
[ECG-K2-EXPECT sim=gem5 seq=697 dest=2953 tier=3 epoch1=0 epoch2=0 width=4]
[ECG-K2-RECV sim=gem5 seq=697 dest=2953 tier=3 epoch1=0 epoch2=0 width=4]
[ECG-K2-REQUEST sim=gem5 seq=542 request_seq=247330421 dest=2953 tier=3 epoch1=0 epoch2=0 current=0 context=1]
[ECG-K2-EXPECT sim=gem5 seq=698 dest=3009 tier=3 epoch1=0 epoch2=0 width=4]
[ECG-K2-RECV sim=gem5 seq=698 dest=3009 tier=3 epoch1=0 epoch2=0 width=4]
[ECG-K2-REQUEST sim=gem5 seq=543 request_seq=247330430 dest=3009 tier=3 epoch1=0 epoch2=0 current=0 context=1]
[ECG-STREAM-BYPASS sim=gem5 cache=system.l3cache addr=0x3c9880 vaddr=0x3b8880 size=4 source=request-flag allocate=0]
[ECG-K2-EXPECT sim=gem5 seq=699 dest=2663 tier=3 epoch1=0 epoch2=0 width=4]
[ECG-K2-RECV sim=gem5 seq=699 dest=2663 tier=3 epoch1=0 epoch2=0 width=4]
[ECG-K2-EXPECT sim=gem5 seq=700 dest=2724 tier=3 epoch1=0 epoch2=0 width=4]
[ECG-K2-RECV sim=gem5 seq=700 dest=2724 tier=3 epoch1=0 epoch2=0 width=4]
[ECG-K2-EXPECT sim=gem5 seq=701 dest=2953 tier=3 epoch1=0 epoch2=0 width=4]
[ECG-K2-RECV sim=gem5 seq=701 dest=2953 tier=3 epoch1=0 epoch2=0 width=4]
[ECG-K2-EXPECT sim=gem5 seq=702 dest=3009 tier=3 epoch1=0 epoch2=0 width=4]
[ECG-K2-RECV sim=gem5 seq=702 dest=3009 tier=3 epoch1=0 epoch2=0 width=4]
[ECG-K2-ACCEPT sim=gem5 seq=539 request_seq=247330394 request_dest=2507 fill_dest=2507 source=request tier=3 epoch1=0 epoch2=0 current=0 context=1 property_elem_bytes=4]
[ECG-K2-ACCEPT sim=gem5 seq=540 request_seq=247330403 request_dest=2663 fill_dest=2663 source=request tier=3 epoch1=0 epoch2=0 current=0 context=1 property_elem_bytes=4]
[ECG-K2-EXPECT sim=gem5 seq=703 dest=2724 tier=3 epoch1=0 epoch2=0 width=4]
[ECG-K2-RECV sim=gem5 seq=703 dest=2724 tier=3 epoch1=0 epoch2=0 width=4]
[ECG-K2-EXPECT sim=gem5 seq=704 dest=2953 tier=3 epoch1=0 epoch2=0 width=4]
[ECG-K2-RECV sim=gem5 seq=704 dest=2953 tier=3 epoch1=0 epoch2=0 width=4]
[ECG-K2-EXPECT sim=gem5 seq=705 dest=3009 tier=3 epoch1=0 epoch2=0 width=4]
[ECG-K2-RECV sim=gem5 seq=705 dest=3009 tier=3 epoch1=0 epoch2=0 width=4]
[ECG-K2-EXPECT sim=gem5 seq=706 dest=2953 tier=3 epoch1=0 epoch2=0 width=4]
[ECG-K2-RECV sim=gem5 seq=706 dest=2953 tier=3 epoch1=0 epoch2=0 width=4]
[ECG-K2-EXPECT sim=gem5 seq=707 dest=3009 tier=3 epoch1=0 epoch2=0 width=4]
[ECG-K2-RECV sim=gem5 seq=707 dest=3009 tier=3 epoch1=0 epoch2=0 width=4]
[ECG-K2-EXPECT sim=gem5 seq=708 dest=3009 tier=3 epoch1=0 epoch2=0 width=4]
[ECG-K2-RECV sim=gem5 seq=708 dest=3009 tier=3 epoch1=0 epoch2=0 width=4]
[ECG-K2-ACCEPT sim=gem5 seq=541 request_seq=247330412 request_dest=2724 fill_dest=2724 source=request tier=3 epoch1=0 epoch2=0 current=0 context=1 property_elem_bytes=4]
[ECG-K2-EXPECT sim=gem5 seq=709 dest=3016 tier=3 epoch1=0 epoch2=0 width=4]
[ECG-K2-RECV sim=gem5 seq=709 dest=3016 tier=3 epoch1=0 epoch2=0 width=4]
[ECG-K2-REQUEST sim=gem5 seq=544 request_seq=247330439 dest=3016 tier=3 epoch1=0 epoch2=0 current=0 context=1]
[ECG-K2-EXPECT sim=gem5 seq=710 dest=3043 tier=3 epoch1=0 epoch2=0 width=4]
[ECG-K2-RECV sim=gem5 seq=710 dest=3043 tier=3 epoch1=0 epoch2=0 width=4]
[ECG-K2-REQUEST sim=gem5 seq=545 request_seq=247330448 dest=3043 tier=3 epoch1=0 epoch2=0 current=0 context=1]
[ECG-K2-EXPECT sim=gem5 seq=711 dest=3095 tier=3 epoch1=0 epoch2=0 width=4]
[ECG-K2-RECV sim=gem5 seq=711 dest=3095 tier=3 epoch1=0 epoch2=0 width=4]
[ECG-K2-REQUEST sim=gem5 seq=546 request_seq=247330457 dest=3095 tier=3 epoch1=0 epoch2=0 current=0 context=1]
[ECG-K2-EXPECT sim=gem5 seq=712 dest=3276 tier=3 epoch1=0 epoch2=0 width=4]
[ECG-K2-RECV sim=gem5 seq=712 dest=3276 tier=3 epoch1=0 epoch2=0 width=4]
[ECG-K2-REQUEST sim=gem5 seq=547 request_seq=247330466 dest=3276 tier=3 epoch1=0 epoch2=0 current=0 context=1]
[ECG-K2-EXPECT sim=gem5 seq=713 dest=3385 tier=3 epoch1=0 epoch2=0 width=4]
[ECG-K2-RECV sim=gem5 seq=713 dest=3385 tier=3 epoch1=0 epoch2=0 width=4]
[ECG-K2-REQUEST sim=gem5 seq=548 request_seq=247330475 dest=3385 tier=3 epoch1=0 epoch2=0 current=0 context=1]
[ECG-K2-EXPECT sim=gem5 seq=714 dest=3595 tier=3 epoch1=0 epoch2=0 width=4]
[ECG-K2-RECV sim=gem5 seq=714 dest=3595 tier=3 epoch1=0 epoch2=0 width=4]
[ECG-K2-REQUEST sim=gem5 seq=549 request_seq=247330502 dest=3595 tier=3 epoch1=0 epoch2=0 current=0 context=1]
[ECG-K2-EXPECT sim=gem5 seq=715 dest=3405 tier=3 epoch1=0 epoch2=0 width=4]
[ECG-K2-RECV sim=gem5 seq=715 dest=3405 tier=3 epoch1=0 epoch2=0 width=4]
[ECG-K2-REQUEST sim=gem5 seq=550 request_seq=247330484 dest=3405 tier=3 epoch1=0 epoch2=0 current=0 context=1]
[ECG-K2-EXPECT sim=gem5 seq=716 dest=3440 tier=3 epoch1=0 epoch2=0 width=4]
[ECG-K2-RECV sim=gem5 seq=716 dest=3440 tier=3 epoch1=0 epoch2=0 width=4]
[ECG-K2-REQUEST sim=gem5 seq=551 request_seq=247330493 dest=3440 tier=3 epoch1=0 epoch2=0 current=0 context=1]
[ECG-K2-ACCEPT sim=gem5 seq=542 request_seq=247330421 request_dest=2953 fill_dest=2953 source=request tier=3 epoch1=0 epoch2=0 current=0 context=1 property_elem_bytes=4]
[ECG-K2-ACCEPT sim=gem5 seq=544 request_seq=247330439 request_dest=3016 fill_dest=3009 source=request tier=3 epoch1=0 epoch2=0 current=0 context=1 property_elem_bytes=4]
[ECG-K2-EXPECT sim=gem5 seq=717 dest=3095 tier=3 epoch1=0 epoch2=0 width=4]
[ECG-K2-RECV sim=gem5 seq=717 dest=3095 tier=3 epoch1=0 epoch2=0 width=4]
[ECG-K2-EXPECT sim=gem5 seq=718 dest=3276 tier=3 epoch1=0 epoch2=0 width=4]
[ECG-K2-RECV sim=gem5 seq=718 dest=3276 tier=3 epoch1=0 epoch2=0 width=4]
[ECG-K2-EXPECT sim=gem5 seq=719 dest=3385 tier=3 epoch1=0 epoch2=0 width=4]
[ECG-K2-RECV sim=gem5 seq=719 dest=3385 tier=3 epoch1=0 epoch2=0 width=4]
[ECG-K2-EXPECT sim=gem5 seq=720 dest=3405 tier=3 epoch1=0 epoch2=0 width=4]
[ECG-K2-RECV sim=gem5 seq=720 dest=3405 tier=3 epoch1=0 epoch2=0 width=4]
[ECG-K2-EXPECT sim=gem5 seq=721 dest=3440 tier=3 epoch1=0 epoch2=0 width=4]
[ECG-K2-RECV sim=gem5 seq=721 dest=3440 tier=3 epoch1=0 epoch2=0 width=4]
[ECG-K2-EXPECT sim=gem5 seq=722 dest=3595 tier=3 epoch1=0 epoch2=0 width=4]
[ECG-K2-RECV sim=gem5 seq=722 dest=3595 tier=3 epoch1=0 epoch2=0 width=4]
[ECG-K2-ACCEPT sim=gem5 seq=546 request_seq=247330457 request_dest=3095 fill_dest=3095 source=request tier=3 epoch1=0 epoch2=0 current=0 context=1 property_elem_bytes=4]
[ECG-K2-EXPECT sim=gem5 seq=723 dest=3276 tier=3 epoch1=0 epoch2=0 width=4]
[ECG-K2-RECV sim=gem5 seq=723 dest=3276 tier=3 epoch1=0 epoch2=0 width=4]
[ECG-K2-EXPECT sim=gem5 seq=724 dest=3385 tier=3 epoch1=0 epoch2=0 width=4]
[ECG-K2-RECV sim=gem5 seq=724 dest=3385 tier=3 epoch1=0 epoch2=0 width=4]
[ECG-K2-EXPECT sim=gem5 seq=725 dest=3405 tier=3 epoch1=0 epoch2=0 width=4]
[ECG-K2-RECV sim=gem5 seq=725 dest=3405 tier=3 epoch1=0 epoch2=0 width=4]
[ECG-K2-EXPECT sim=gem5 seq=726 dest=3440 tier=3 epoch1=0 epoch2=0 width=4]
[ECG-K2-RECV sim=gem5 seq=726 dest=3440 tier=3 epoch1=0 epoch2=0 width=4]
[ECG-K2-EXPECT sim=gem5 seq=727 dest=3595 tier=3 epoch1=0 epoch2=0 width=4]
[ECG-K2-RECV sim=gem5 seq=727 dest=3595 tier=3 epoch1=0 epoch2=0 width=4]
[ECG-K2-EXPECT sim=gem5 seq=728 dest=3385 tier=3 epoch1=0 epoch2=0 width=4]
[ECG-K2-RECV sim=gem5 seq=728 dest=3385 tier=3 epoch1=0 epoch2=0 width=4]
[ECG-K2-EXPECT sim=gem5 seq=729 dest=3405 tier=3 epoch1=0 epoch2=0 width=4]
[ECG-K2-RECV sim=gem5 seq=729 dest=3405 tier=3 epoch1=0 epoch2=0 width=4]
[ECG-K2-EXPECT sim=gem5 seq=730 dest=3440 tier=3 epoch1=0 epoch2=0 width=4]
[ECG-K2-RECV sim=gem5 seq=730 dest=3440 tier=3 epoch1=0 epoch2=0 width=4]
[ECG-K2-EXPECT sim=gem5 seq=731 dest=3595 tier=3 epoch1=0 epoch2=0 width=4]
[ECG-K2-RECV sim=gem5 seq=731 dest=3595 tier=3 epoch1=0 epoch2=0 width=4]
[ECG-K2-ACCEPT sim=gem5 seq=547 request_seq=247330466 request_dest=3276 fill_dest=3276 source=request tier=3 epoch1=0 epoch2=0 current=0 context=1 property_elem_bytes=4]
[ECG-K2-ACCEPT sim=gem5 seq=548 request_seq=247330475 request_dest=3385 fill_dest=3385 source=request tier=3 epoch1=0 epoch2=0 current=0 context=1 property_elem_bytes=4]
[ECG-K2-EXPECT sim=gem5 seq=732 dest=3405 tier=3 epoch1=0 epoch2=0 width=4]
[ECG-K2-RECV sim=gem5 seq=732 dest=3405 tier=3 epoch1=0 epoch2=0 width=4]
[ECG-K2-EXPECT sim=gem5 seq=733 dest=3440 tier=3 epoch1=0 epoch2=0 width=4]
[ECG-K2-RECV sim=gem5 seq=733 dest=3440 tier=3 epoch1=0 epoch2=0 width=4]
[ECG-K2-EXPECT sim=gem5 seq=734 dest=3595 tier=3 epoch1=0 epoch2=0 width=4]
[ECG-K2-RECV sim=gem5 seq=734 dest=3595 tier=3 epoch1=0 epoch2=0 width=4]
[ECG-K2-ACCEPT sim=gem5 seq=550 request_seq=247330484 request_dest=3405 fill_dest=3405 source=request tier=3 epoch1=0 epoch2=0 current=0 context=1 property_elem_bytes=4]
[ECG-K2-EXPECT sim=gem5 seq=735 dest=3440 tier=3 epoch1=0 epoch2=0 width=4]
[ECG-K2-RECV sim=gem5 seq=735 dest=3440 tier=3 epoch1=0 epoch2=0 width=4]
[ECG-K2-EXPECT sim=gem5 seq=736 dest=3595 tier=3 epoch1=0 epoch2=0 width=4]
[ECG-K2-RECV sim=gem5 seq=736 dest=3595 tier=3 epoch1=0 epoch2=0 width=4]
[ECG-K2-EXPECT sim=gem5 seq=737 dest=3595 tier=3 epoch1=0 epoch2=0 width=4]
[ECG-K2-RECV sim=gem5 seq=737 dest=3595 tier=3 epoch1=0 epoch2=0 width=4]
[ECG-K2-ACCEPT sim=gem5 seq=551 request_seq=247330493 request_dest=3440 fill_dest=3440 source=request tier=3 epoch1=0 epoch2=0 current=0 context=1 property_elem_bytes=4]
[ECG-K2-ACCEPT sim=gem5 seq=549 request_seq=247330502 request_dest=3595 fill_dest=3595 source=request tier=3 epoch1=0 epoch2=0 current=0 context=1 property_elem_bytes=4]
[ECG-K2-ACCEPT sim=gem5 seq=545 request_seq=247330448 request_dest=3043 fill_dest=3043 source=request tier=3 epoch1=0 epoch2=0 current=0 context=1 property_elem_bytes=4]
[ECG-K2-EXPECT sim=gem5 seq=738 dest=3643 tier=3 epoch1=0 epoch2=0 width=4]
[ECG-K2-RECV sim=gem5 seq=738 dest=3643 tier=3 epoch1=0 epoch2=0 width=4]
[ECG-K2-REQUEST sim=gem5 seq=552 request_seq=247330511 dest=3643 tier=3 epoch1=0 epoch2=0 current=0 context=1]
[ECG-K2-EXPECT sim=gem5 seq=739 dest=3737 tier=3 epoch1=0 epoch2=0 width=4]
[ECG-K2-RECV sim=gem5 seq=739 dest=3737 tier=3 epoch1=0 epoch2=0 width=4]
[ECG-K2-REQUEST sim=gem5 seq=553 request_seq=247330529 dest=3737 tier=3 epoch1=0 epoch2=0 current=0 context=1]
[ECG-K2-EXPECT sim=gem5 seq=740 dest=3692 tier=3 epoch1=0 epoch2=0 width=4]
[ECG-K2-RECV sim=gem5 seq=740 dest=3692 tier=3 epoch1=0 epoch2=0 width=4]
[ECG-K2-REQUEST sim=gem5 seq=554 request_seq=247330520 dest=3692 tier=3 epoch1=0 epoch2=0 current=0 context=1]
[ECG-K2-EXPECT sim=gem5 seq=741 dest=3763 tier=3 epoch1=0 epoch2=0 width=4]
[ECG-K2-RECV sim=gem5 seq=741 dest=3763 tier=3 epoch1=0 epoch2=0 width=4]
[ECG-K2-REQUEST sim=gem5 seq=555 request_seq=247330538 dest=3763 tier=3 epoch1=0 epoch2=0 current=0 context=1]
[ECG-K2-EXPECT sim=gem5 seq=742 dest=3692 tier=3 epoch1=0 epoch2=0 width=4]
[ECG-K2-RECV sim=gem5 seq=742 dest=3692 tier=3 epoch1=0 epoch2=0 width=4]
[ECG-K2-EXPECT sim=gem5 seq=743 dest=3737 tier=3 epoch1=0 epoch2=0 width=4]
[ECG-K2-RECV sim=gem5 seq=743 dest=3737 tier=3 epoch1=0 epoch2=0 width=4]
[ECG-K2-EXPECT sim=gem5 seq=744 dest=3763 tier=3 epoch1=0 epoch2=0 width=4]
[ECG-K2-RECV sim=gem5 seq=744 dest=3763 tier=3 epoch1=0 epoch2=0 width=4]
[ECG-K2-ACCEPT sim=gem5 seq=552 request_seq=247330511 request_dest=3643 fill_dest=3643 source=request tier=3 epoch1=0 epoch2=0 current=0 context=1 property_elem_bytes=4]
[ECG-K2-EXPECT sim=gem5 seq=745 dest=3737 tier=3 epoch1=0 epoch2=0 width=4]
[ECG-K2-RECV sim=gem5 seq=745 dest=3737 tier=3 epoch1=0 epoch2=0 width=4]
[ECG-K2-EXPECT sim=gem5 seq=746 dest=3763 tier=3 epoch1=0 epoch2=0 width=4]
[ECG-K2-RECV sim=gem5 seq=746 dest=3763 tier=3 epoch1=0 epoch2=0 width=4]
[ECG-K2-ACCEPT sim=gem5 seq=554 request_seq=247330520 request_dest=3692 fill_dest=3692 source=request tier=3 epoch1=0 epoch2=0 current=0 context=1 property_elem_bytes=4]
[ECG-K2-EXPECT sim=gem5 seq=747 dest=3763 tier=3 epoch1=0 epoch2=0 width=4]
[ECG-K2-RECV sim=gem5 seq=747 dest=3763 tier=3 epoch1=0 epoch2=0 width=4]
[ECG-K2-EXPECT sim=gem5 seq=748 dest=3943 tier=3 epoch1=0 epoch2=0 width=4]
[ECG-K2-RECV sim=gem5 seq=748 dest=3943 tier=3 epoch1=0 epoch2=0 width=4]
[ECG-K2-REQUEST sim=gem5 seq=556 request_seq=247330547 dest=3943 tier=3 epoch1=0 epoch2=0 current=0 context=1]
[ECG-K2-EXPECT sim=gem5 seq=749 dest=3986 tier=3 epoch1=0 epoch2=0 width=4]
[ECG-K2-RECV sim=gem5 seq=749 dest=3986 tier=3 epoch1=0 epoch2=0 width=4]
[ECG-K2-REQUEST sim=gem5 seq=557 request_seq=247330556 dest=3986 tier=3 epoch1=0 epoch2=0 current=0 context=1]
[ECG-K2-EXPECT sim=gem5 seq=750 dest=4000 tier=3 epoch1=0 epoch2=0 width=4]
[ECG-K2-RECV sim=gem5 seq=750 dest=4000 tier=3 epoch1=0 epoch2=0 width=4]
[ECG-K2-REQUEST sim=gem5 seq=558 request_seq=247330565 dest=4000 tier=3 epoch1=0 epoch2=0 current=0 context=1]
[ECG-K2-EXPECT sim=gem5 seq=751 dest=3943 tier=3 epoch1=0 epoch2=0 width=4]
[ECG-K2-RECV sim=gem5 seq=751 dest=3943 tier=3 epoch1=0 epoch2=0 width=4]
[ECG-K2-EXPECT sim=gem5 seq=752 dest=3986 tier=3 epoch1=0 epoch2=0 width=4]
[ECG-K2-RECV sim=gem5 seq=752 dest=3986 tier=3 epoch1=0 epoch2=0 width=4]
[ECG-K2-EXPECT sim=gem5 seq=753 dest=4000 tier=3 epoch1=0 epoch2=0 width=4]
[ECG-K2-RECV sim=gem5 seq=753 dest=4000 tier=3 epoch1=0 epoch2=0 width=4]
[ECG-K2-EXPECT sim=gem5 seq=754 dest=3986 tier=3 epoch1=0 epoch2=0 width=4]
[ECG-K2-RECV sim=gem5 seq=754 dest=3986 tier=3 epoch1=0 epoch2=0 width=4]
[ECG-K2-EXPECT sim=gem5 seq=755 dest=4000 tier=3 epoch1=0 epoch2=0 width=4]
[ECG-K2-RECV sim=gem5 seq=755 dest=4000 tier=3 epoch1=0 epoch2=0 width=4]
[ECG-K2-EXPECT sim=gem5 seq=756 dest=4000 tier=3 epoch1=0 epoch2=0 width=4]
[ECG-K2-RECV sim=gem5 seq=756 dest=4000 tier=3 epoch1=0 epoch2=0 width=4]
[ECG-K2-ACCEPT sim=gem5 seq=558 request_seq=247330565 request_dest=4000 fill_dest=4000 source=request tier=3 epoch1=0 epoch2=0 current=0 context=1 property_elem_bytes=4]
[ECG-K2-ACCEPT sim=gem5 seq=556 request_seq=247330547 request_dest=3943 fill_dest=3943 source=request tier=3 epoch1=0 epoch2=0 current=0 context=1 property_elem_bytes=4]
[ECG-K2-ACCEPT sim=gem5 seq=553 request_seq=247330529 request_dest=3737 fill_dest=3737 source=request tier=3 epoch1=0 epoch2=0 current=0 context=1 property_elem_bytes=4]
[ECG-K2-ACCEPT sim=gem5 seq=555 request_seq=247330538 request_dest=3763 fill_dest=3763 source=request tier=3 epoch1=0 epoch2=0 current=0 context=1 property_elem_bytes=4]
[ECG-K2-EXPECT sim=gem5 seq=757 dest=0 tier=1 epoch1=0 epoch2=0 width=4]
[ECG-K2-RECV sim=gem5 seq=757 dest=0 tier=1 epoch1=0 epoch2=0 width=4]
[ECG-K2-REQUEST sim=gem5 seq=559 request_seq=247330997 dest=0 tier=1 epoch1=0 epoch2=0 current=0 context=1]
[ECG-STREAM-BYPASS sim=gem5 cache=system.l3cache addr=0x3c98c0 vaddr=0x3b88c0 size=4 source=request-flag allocate=0]
[ECG-K2-EXPECT sim=gem5 seq=758 dest=1 tier=1 epoch1=0 epoch2=0 width=4]
[ECG-K2-RECV sim=gem5 seq=758 dest=1 tier=1 epoch1=0 epoch2=0 width=4]
[ECG-K2-REQUEST sim=gem5 seq=560 request_seq=247331102 dest=1 tier=1 epoch1=0 epoch2=0 current=0 context=1]
[ECG-K2-EXPECT sim=gem5 seq=759 dest=3 tier=1 epoch1=0 epoch2=0 width=4]
[ECG-K2-RECV sim=gem5 seq=759 dest=3 tier=1 epoch1=0 epoch2=0 width=4]
[ECG-K2-REQUEST sim=gem5 seq=561 request_seq=247331111 dest=3 tier=1 epoch1=0 epoch2=0 current=0 context=1]
[ECG-K2-EXPECT sim=gem5 seq=760 dest=4 tier=1 epoch1=0 epoch2=0 width=4]
[ECG-K2-RECV sim=gem5 seq=760 dest=4 tier=1 epoch1=0 epoch2=0 width=4]
[ECG-K2-REQUEST sim=gem5 seq=562 request_seq=247331120 dest=4 tier=1 epoch1=0 epoch2=0 current=0 context=1]
[ECG-K2-EXPECT sim=gem5 seq=761 dest=5 tier=1 epoch1=0 epoch2=0 width=4]
[ECG-K2-RECV sim=gem5 seq=761 dest=5 tier=1 epoch1=0 epoch2=0 width=4]
[ECG-K2-REQUEST sim=gem5 seq=563 request_seq=247331129 dest=5 tier=1 epoch1=0 epoch2=0 current=0 context=1]
[ECG-K2-EXPECT sim=gem5 seq=762 dest=6 tier=1 epoch1=0 epoch2=0 width=4]
[ECG-K2-RECV sim=gem5 seq=762 dest=6 tier=1 epoch1=0 epoch2=0 width=4]
[ECG-K2-REQUEST sim=gem5 seq=564 request_seq=247331138 dest=6 tier=1 epoch1=0 epoch2=0 current=0 context=1]
[ECG-K2-EXPECT sim=gem5 seq=763 dest=7 tier=1 epoch1=0 epoch2=0 width=4]
[ECG-K2-RECV sim=gem5 seq=763 dest=7 tier=1 epoch1=0 epoch2=0 width=4]
[ECG-K2-REQUEST sim=gem5 seq=565 request_seq=247331147 dest=7 tier=1 epoch1=0 epoch2=0 current=0 context=1]
[ECG-K2-EXPECT sim=gem5 seq=764 dest=8 tier=1 epoch1=0 epoch2=0 width=4]
[ECG-K2-RECV sim=gem5 seq=764 dest=8 tier=1 epoch1=0 epoch2=0 width=4]
[ECG-K2-REQUEST sim=gem5 seq=566 request_seq=247331156 dest=8 tier=1 epoch1=0 epoch2=0 current=0 context=1]
[ECG-K2-EXPECT sim=gem5 seq=765 dest=9 tier=1 epoch1=0 epoch2=0 width=4]
[ECG-K2-RECV sim=gem5 seq=765 dest=9 tier=1 epoch1=0 epoch2=0 width=4]
[ECG-K2-REQUEST sim=gem5 seq=567 request_seq=247331165 dest=9 tier=1 epoch1=0 epoch2=0 current=0 context=1]
[ECG-K2-EXPECT sim=gem5 seq=766 dest=10 tier=1 epoch1=0 epoch2=0 width=4]
[ECG-K2-RECV sim=gem5 seq=766 dest=10 tier=1 epoch1=0 epoch2=0 width=4]
[ECG-K2-REQUEST sim=gem5 seq=568 request_seq=247331174 dest=10 tier=1 epoch1=0 epoch2=0 current=0 context=1]
[ECG-K2-EXPECT sim=gem5 seq=767 dest=11 tier=1 epoch1=0 epoch2=0 width=4]
[ECG-K2-RECV sim=gem5 seq=767 dest=11 tier=1 epoch1=0 epoch2=0 width=4]
[ECG-K2-REQUEST sim=gem5 seq=569 request_seq=247331183 dest=11 tier=1 epoch1=0 epoch2=0 current=0 context=1]
[ECG-K2-EXPECT sim=gem5 seq=768 dest=12 tier=1 epoch1=0 epoch2=0 width=4]
[ECG-K2-RECV sim=gem5 seq=768 dest=12 tier=1 epoch1=0 epoch2=0 width=4]
[ECG-K2-REQUEST sim=gem5 seq=570 request_seq=247331192 dest=12 tier=1 epoch1=0 epoch2=0 current=0 context=1]
[ECG-K2-EXPECT sim=gem5 seq=769 dest=13 tier=1 epoch1=0 epoch2=0 width=4]
[ECG-K2-RECV sim=gem5 seq=769 dest=13 tier=1 epoch1=0 epoch2=0 width=4]
[ECG-K2-REQUEST sim=gem5 seq=571 request_seq=247331201 dest=13 tier=1 epoch1=0 epoch2=0 current=0 context=1]
[ECG-K2-EXPECT sim=gem5 seq=770 dest=14 tier=1 epoch1=0 epoch2=0 width=4]
[ECG-K2-RECV sim=gem5 seq=770 dest=14 tier=1 epoch1=0 epoch2=0 width=4]
[ECG-K2-REQUEST sim=gem5 seq=572 request_seq=247331210 dest=14 tier=1 epoch1=0 epoch2=0 current=0 context=1]
[ECG-K2-EXPECT sim=gem5 seq=771 dest=15 tier=1 epoch1=0 epoch2=0 width=4]
[ECG-K2-RECV sim=gem5 seq=771 dest=15 tier=1 epoch1=0 epoch2=0 width=4]
[ECG-K2-REQUEST sim=gem5 seq=573 request_seq=247331219 dest=15 tier=1 epoch1=0 epoch2=0 current=0 context=1]
[ECG-K2-EXPECT sim=gem5 seq=772 dest=16 tier=1 epoch1=0 epoch2=0 width=4]
[ECG-K2-RECV sim=gem5 seq=772 dest=16 tier=1 epoch1=0 epoch2=0 width=4]
[ECG-K2-REQUEST sim=gem5 seq=574 request_seq=247331228 dest=16 tier=1 epoch1=0 epoch2=0 current=0 context=1]
[ECG-K2-EXPECT sim=gem5 seq=773 dest=17 tier=1 epoch1=0 epoch2=0 width=4]
[ECG-K2-RECV sim=gem5 seq=773 dest=17 tier=1 epoch1=0 epoch2=0 width=4]
[ECG-K2-REQUEST sim=gem5 seq=575 request_seq=247331237 dest=17 tier=1 epoch1=0 epoch2=0 current=0 context=1]
[ECG-STREAM-BYPASS sim=gem5 cache=system.l3cache addr=0x3c9900 vaddr=0x3b8900 size=4 source=request-flag allocate=0]
[ECG-K2-EXPECT sim=gem5 seq=774 dest=18 tier=1 epoch1=0 epoch2=0 width=4]
[ECG-K2-RECV sim=gem5 seq=774 dest=18 tier=1 epoch1=0 epoch2=0 width=4]
[ECG-K2-REQUEST sim=gem5 seq=576 request_seq=247331246 dest=18 tier=1 epoch1=0 epoch2=0 current=0 context=1]
[ECG-K2-EXPECT sim=gem5 seq=775 dest=19 tier=1 epoch1=0 epoch2=0 width=4]
[ECG-K2-RECV sim=gem5 seq=775 dest=19 tier=1 epoch1=0 epoch2=0 width=4]
[ECG-K2-REQUEST sim=gem5 seq=577 request_seq=247331255 dest=19 tier=1 epoch1=0 epoch2=0 current=0 context=1]
[ECG-K2-EXPECT sim=gem5 seq=776 dest=20 tier=1 epoch1=0 epoch2=0 width=4]
[ECG-K2-RECV sim=gem5 seq=776 dest=20 tier=1 epoch1=0 epoch2=0 width=4]
[ECG-K2-REQUEST sim=gem5 seq=578 request_seq=247331264 dest=20 tier=1 epoch1=0 epoch2=0 current=0 context=1]
[ECG-K2-EXPECT sim=gem5 seq=777 dest=21 tier=1 epoch1=0 epoch2=0 width=4]
[ECG-K2-RECV sim=gem5 seq=777 dest=21 tier=1 epoch1=0 epoch2=0 width=4]
[ECG-K2-REQUEST sim=gem5 seq=579 request_seq=247331273 dest=21 tier=1 epoch1=0 epoch2=0 current=0 context=1]
[ECG-K2-EXPECT sim=gem5 seq=778 dest=22 tier=1 epoch1=0 epoch2=0 width=4]
[ECG-K2-RECV sim=gem5 seq=778 dest=22 tier=1 epoch1=0 epoch2=0 width=4]
[ECG-K2-REQUEST sim=gem5 seq=580 request_seq=247331282 dest=22 tier=1 epoch1=0 epoch2=0 current=0 context=1]
[ECG-K2-EXPECT sim=gem5 seq=779 dest=23 tier=1 epoch1=0 epoch2=0 width=4]
[ECG-K2-RECV sim=gem5 seq=779 dest=23 tier=1 epoch1=0 epoch2=0 width=4]
[ECG-K2-REQUEST sim=gem5 seq=581 request_seq=247331291 dest=23 tier=1 epoch1=0 epoch2=0 current=0 context=1]
[ECG-K2-EXPECT sim=gem5 seq=780 dest=24 tier=1 epoch1=0 epoch2=0 width=4]
[ECG-K2-RECV sim=gem5 seq=780 dest=24 tier=1 epoch1=0 epoch2=0 width=4]
[ECG-K2-REQUEST sim=gem5 seq=582 request_seq=247331300 dest=24 tier=1 epoch1=0 epoch2=0 current=0 context=1]
[ECG-K2-EXPECT sim=gem5 seq=781 dest=25 tier=1 epoch1=0 epoch2=0 width=4]
[ECG-K2-RECV sim=gem5 seq=781 dest=25 tier=1 epoch1=0 epoch2=0 width=4]
[ECG-K2-REQUEST sim=gem5 seq=583 request_seq=247331309 dest=25 tier=1 epoch1=0 epoch2=0 current=0 context=1]
[ECG-K2-EXPECT sim=gem5 seq=782 dest=26 tier=1 epoch1=0 epoch2=0 width=4]
[ECG-K2-RECV sim=gem5 seq=782 dest=26 tier=1 epoch1=0 epoch2=0 width=4]
[ECG-K2-REQUEST sim=gem5 seq=584 request_seq=247331318 dest=26 tier=1 epoch1=0 epoch2=0 current=0 context=1]
[ECG-K2-EXPECT sim=gem5 seq=783 dest=27 tier=1 epoch1=0 epoch2=0 width=4]
[ECG-K2-RECV sim=gem5 seq=783 dest=27 tier=1 epoch1=0 epoch2=0 width=4]
[ECG-K2-REQUEST sim=gem5 seq=585 request_seq=247331327 dest=27 tier=1 epoch1=0 epoch2=0 current=0 context=1]
[ECG-K2-EXPECT sim=gem5 seq=784 dest=28 tier=1 epoch1=0 epoch2=0 width=4]
[ECG-K2-RECV sim=gem5 seq=784 dest=28 tier=1 epoch1=0 epoch2=0 width=4]
[ECG-K2-REQUEST sim=gem5 seq=586 request_seq=247331336 dest=28 tier=1 epoch1=0 epoch2=0 current=0 context=1]
[ECG-K2-EXPECT sim=gem5 seq=785 dest=29 tier=1 epoch1=0 epoch2=0 width=4]
[ECG-K2-RECV sim=gem5 seq=785 dest=29 tier=1 epoch1=0 epoch2=0 width=4]
[ECG-K2-REQUEST sim=gem5 seq=587 request_seq=247331345 dest=29 tier=1 epoch1=0 epoch2=0 current=0 context=1]
[ECG-K2-EXPECT sim=gem5 seq=786 dest=30 tier=1 epoch1=0 epoch2=0 width=4]
[ECG-K2-RECV sim=gem5 seq=786 dest=30 tier=1 epoch1=0 epoch2=0 width=4]
[ECG-K2-REQUEST sim=gem5 seq=588 request_seq=247331354 dest=30 tier=1 epoch1=0 epoch2=0 current=0 context=1]
[ECG-K2-EXPECT sim=gem5 seq=787 dest=31 tier=1 epoch1=0 epoch2=0 width=4]
[ECG-K2-RECV sim=gem5 seq=787 dest=31 tier=1 epoch1=0 epoch2=0 width=4]
[ECG-K2-REQUEST sim=gem5 seq=589 request_seq=247331363 dest=31 tier=1 epoch1=0 epoch2=0 current=0 context=1]
[ECG-K2-EXPECT sim=gem5 seq=788 dest=32 tier=1 epoch1=0 epoch2=0 width=4]
[ECG-K2-RECV sim=gem5 seq=788 dest=32 tier=1 epoch1=0 epoch2=0 width=4]
[ECG-K2-REQUEST sim=gem5 seq=590 request_seq=247331372 dest=32 tier=1 epoch1=0 epoch2=0 current=0 context=1]
[ECG-K2-EXPECT sim=gem5 seq=789 dest=34 tier=1 epoch1=0 epoch2=0 width=4]
[ECG-K2-RECV sim=gem5 seq=789 dest=34 tier=1 epoch1=0 epoch2=0 width=4]
[ECG-K2-REQUEST sim=gem5 seq=591 request_seq=247331381 dest=34 tier=1 epoch1=0 epoch2=0 current=0 context=1]
[ECG-STREAM-BYPASS sim=gem5 cache=system.l3cache addr=0x3c9940 vaddr=0x3b8940 size=4 source=request-flag allocate=0]
[ECG-K2-EXPECT sim=gem5 seq=790 dest=35 tier=1 epoch1=0 epoch2=0 width=4]
[ECG-K2-RECV sim=gem5 seq=790 dest=35 tier=1 epoch1=0 epoch2=0 width=4]
[ECG-K2-REQUEST sim=gem5 seq=592 request_seq=247331390 dest=35 tier=1 epoch1=0 epoch2=0 current=0 context=1]
[ECG-K2-EXPECT sim=gem5 seq=791 dest=36 tier=1 epoch1=0 epoch2=0 width=4]
[ECG-K2-RECV sim=gem5 seq=791 dest=36 tier=1 epoch1=0 epoch2=0 width=4]
[ECG-K2-REQUEST sim=gem5 seq=593 request_seq=247331399 dest=36 tier=1 epoch1=0 epoch2=0 current=0 context=1]
[ECG-K2-EXPECT sim=gem5 seq=792 dest=37 tier=1 epoch1=0 epoch2=0 width=4]
[ECG-K2-RECV sim=gem5 seq=792 dest=37 tier=1 epoch1=0 epoch2=0 width=4]
[ECG-K2-REQUEST sim=gem5 seq=594 request_seq=247331408 dest=37 tier=1 epoch1=0 epoch2=0 current=0 context=1]
[ECG-K2-EXPECT sim=gem5 seq=793 dest=39 tier=1 epoch1=0 epoch2=0 width=4]
[ECG-K2-RECV sim=gem5 seq=793 dest=39 tier=1 epoch1=0 epoch2=0 width=4]
[ECG-K2-REQUEST sim=gem5 seq=595 request_seq=247331417 dest=39 tier=1 epoch1=0 epoch2=0 current=0 context=1]
[ECG-K2-EXPECT sim=gem5 seq=794 dest=40 tier=1 epoch1=0 epoch2=0 width=4]
[ECG-K2-RECV sim=gem5 seq=794 dest=40 tier=1 epoch1=0 epoch2=0 width=4]
[ECG-K2-REQUEST sim=gem5 seq=596 request_seq=247331426 dest=40 tier=1 epoch1=0 epoch2=0 current=0 context=1]
[ECG-K2-EXPECT sim=gem5 seq=795 dest=41 tier=1 epoch1=0 epoch2=0 width=4]
[ECG-K2-RECV sim=gem5 seq=795 dest=41 tier=1 epoch1=0 epoch2=0 width=4]
[ECG-K2-REQUEST sim=gem5 seq=597 request_seq=247331435 dest=41 tier=1 epoch1=0 epoch2=0 current=0 context=1]
[ECG-K2-EXPECT sim=gem5 seq=796 dest=43 tier=1 epoch1=0 epoch2=0 width=4]
[ECG-K2-RECV sim=gem5 seq=796 dest=43 tier=1 epoch1=0 epoch2=0 width=4]
[ECG-K2-REQUEST sim=gem5 seq=598 request_seq=247331444 dest=43 tier=1 epoch1=0 epoch2=0 current=0 context=1]
[ECG-K2-EXPECT sim=gem5 seq=797 dest=44 tier=1 epoch1=0 epoch2=0 width=4]
[ECG-K2-RECV sim=gem5 seq=797 dest=44 tier=1 epoch1=0 epoch2=0 width=4]
[ECG-K2-REQUEST sim=gem5 seq=599 request_seq=247331453 dest=44 tier=1 epoch1=0 epoch2=0 current=0 context=1]
[ECG-K2-EXPECT sim=gem5 seq=798 dest=46 tier=1 epoch1=0 epoch2=0 width=4]
[ECG-K2-RECV sim=gem5 seq=798 dest=46 tier=1 epoch1=0 epoch2=0 width=4]
[ECG-K2-REQUEST sim=gem5 seq=600 request_seq=247331462 dest=46 tier=1 epoch1=0 epoch2=0 current=0 context=1]
[ECG-K2-EXPECT sim=gem5 seq=799 dest=48 tier=1 epoch1=0 epoch2=0 width=4]
[ECG-K2-RECV sim=gem5 seq=799 dest=48 tier=1 epoch1=0 epoch2=0 width=4]
[ECG-K2-REQUEST sim=gem5 seq=601 request_seq=247331471 dest=48 tier=1 epoch1=0 epoch2=0 current=0 context=1]
[ECG-K2-EXPECT sim=gem5 seq=800 dest=50 tier=1 epoch1=0 epoch2=0 width=4]
[ECG-K2-RECV sim=gem5 seq=800 dest=50 tier=1 epoch1=0 epoch2=0 width=4]
[ECG-K2-REQUEST sim=gem5 seq=602 request_seq=247331480 dest=50 tier=1 epoch1=0 epoch2=0 current=0 context=1]
[ECG-K2-EXPECT sim=gem5 seq=801 dest=51 tier=1 epoch1=0 epoch2=0 width=4]
[ECG-K2-RECV sim=gem5 seq=801 dest=51 tier=1 epoch1=0 epoch2=0 width=4]
[ECG-K2-REQUEST sim=gem5 seq=603 request_seq=247331489 dest=51 tier=1 epoch1=0 epoch2=0 current=0 context=1]
[ECG-K2-EXPECT sim=gem5 seq=802 dest=54 tier=1 epoch1=0 epoch2=0 width=4]
[ECG-K2-RECV sim=gem5 seq=802 dest=54 tier=1 epoch1=0 epoch2=0 width=4]
[ECG-K2-REQUEST sim=gem5 seq=604 request_seq=247331498 dest=54 tier=1 epoch1=0 epoch2=0 current=0 context=1]
[ECG-K2-EXPECT sim=gem5 seq=803 dest=55 tier=1 epoch1=0 epoch2=0 width=4]
[ECG-K2-RECV sim=gem5 seq=803 dest=55 tier=1 epoch1=0 epoch2=0 width=4]
[ECG-K2-REQUEST sim=gem5 seq=605 request_seq=247331507 dest=55 tier=1 epoch1=0 epoch2=0 current=0 context=1]
[ECG-K2-EXPECT sim=gem5 seq=804 dest=56 tier=1 epoch1=0 epoch2=0 width=4]
[ECG-K2-RECV sim=gem5 seq=804 dest=56 tier=1 epoch1=0 epoch2=0 width=4]
[ECG-K2-REQUEST sim=gem5 seq=606 request_seq=247331516 dest=56 tier=1 epoch1=0 epoch2=0 current=0 context=1]
[ECG-K2-EXPECT sim=gem5 seq=805 dest=57 tier=1 epoch1=0 epoch2=0 width=4]
[ECG-K2-RECV sim=gem5 seq=805 dest=57 tier=1 epoch1=0 epoch2=0 width=4]
[ECG-K2-REQUEST sim=gem5 seq=607 request_seq=247331525 dest=57 tier=1 epoch1=0 epoch2=0 current=0 context=1]
[ECG-STREAM-BYPASS sim=gem5 cache=system.l3cache addr=0x3c9980 vaddr=0x3b8980 size=4 source=request-flag allocate=0]
[ECG-K2-EXPECT sim=gem5 seq=806 dest=58 tier=1 epoch1=0 epoch2=0 width=4]
[ECG-K2-RECV sim=gem5 seq=806 dest=58 tier=1 epoch1=0 epoch2=0 width=4]
[ECG-K2-REQUEST sim=gem5 seq=608 request_seq=247331534 dest=58 tier=1 epoch1=0 epoch2=0 current=0 context=1]
[ECG-K2-EXPECT sim=gem5 seq=807 dest=59 tier=1 epoch1=0 epoch2=0 width=4]
[ECG-K2-RECV sim=gem5 seq=807 dest=59 tier=1 epoch1=0 epoch2=0 width=4]
[ECG-K2-REQUEST sim=gem5 seq=609 request_seq=247331543 dest=59 tier=1 epoch1=0 epoch2=0 current=0 context=1]
[ECG-K2-EXPECT sim=gem5 seq=808 dest=60 tier=1 epoch1=0 epoch2=0 width=4]
[ECG-K2-RECV sim=gem5 seq=808 dest=60 tier=1 epoch1=0 epoch2=0 width=4]
[ECG-K2-REQUEST sim=gem5 seq=610 request_seq=247331552 dest=60 tier=1 epoch1=0 epoch2=0 current=0 context=1]
[ECG-K2-EXPECT sim=gem5 seq=809 dest=61 tier=1 epoch1=0 epoch2=0 width=4]
[ECG-K2-RECV sim=gem5 seq=809 dest=61 tier=1 epoch1=0 epoch2=0 width=4]
[ECG-K2-REQUEST sim=gem5 seq=611 request_seq=247331561 dest=61 tier=1 epoch1=0 epoch2=0 current=0 context=1]
[ECG-K2-EXPECT sim=gem5 seq=810 dest=62 tier=1 epoch1=0 epoch2=0 width=4]
[ECG-K2-RECV sim=gem5 seq=810 dest=62 tier=1 epoch1=0 epoch2=0 width=4]
[ECG-K2-REQUEST sim=gem5 seq=612 request_seq=247331570 dest=62 tier=1 epoch1=0 epoch2=0 current=0 context=1]
[ECG-K2-EXPECT sim=gem5 seq=811 dest=64 tier=1 epoch1=0 epoch2=0 width=4]
[ECG-K2-RECV sim=gem5 seq=811 dest=64 tier=1 epoch1=0 epoch2=0 width=4]
[ECG-K2-REQUEST sim=gem5 seq=613 request_seq=247331579 dest=64 tier=1 epoch1=0 epoch2=0 current=0 context=1]
[ECG-K2-EXPECT sim=gem5 seq=812 dest=65 tier=1 epoch1=0 epoch2=0 width=4]
[ECG-K2-RECV sim=gem5 seq=812 dest=65 tier=1 epoch1=0 epoch2=0 width=4]
[ECG-K2-REQUEST sim=gem5 seq=614 request_seq=247331588 dest=65 tier=1 epoch1=0 epoch2=0 current=0 context=1]
[ECG-K2-EXPECT sim=gem5 seq=813 dest=66 tier=1 epoch1=0 epoch2=0 width=4]
[ECG-K2-RECV sim=gem5 seq=813 dest=66 tier=1 epoch1=0 epoch2=0 width=4]
[ECG-K2-REQUEST sim=gem5 seq=615 request_seq=247331597 dest=66 tier=1 epoch1=0 epoch2=0 current=0 context=1]
[ECG-K2-EXPECT sim=gem5 seq=814 dest=68 tier=1 epoch1=0 epoch2=0 width=4]
[ECG-K2-RECV sim=gem5 seq=814 dest=68 tier=1 epoch1=0 epoch2=0 width=4]
[ECG-K2-REQUEST sim=gem5 seq=616 request_seq=247331606 dest=68 tier=1 epoch1=0 epoch2=0 current=0 context=1]
[ECG-K2-EXPECT sim=gem5 seq=815 dest=71 tier=1 epoch1=0 epoch2=0 width=4]
[ECG-K2-RECV sim=gem5 seq=815 dest=71 tier=1 epoch1=0 epoch2=0 width=4]
[ECG-K2-REQUEST sim=gem5 seq=617 request_seq=247331615 dest=71 tier=1 epoch1=0 epoch2=0 current=0 context=1]
[ECG-K2-EXPECT sim=gem5 seq=816 dest=74 tier=1 epoch1=0 epoch2=0 width=4]
[ECG-K2-RECV sim=gem5 seq=816 dest=74 tier=1 epoch1=0 epoch2=0 width=4]
[ECG-K2-REQUEST sim=gem5 seq=618 request_seq=247331624 dest=74 tier=1 epoch1=0 epoch2=0 current=0 context=1]
[ECG-K2-EXPECT sim=gem5 seq=817 dest=76 tier=1 epoch1=0 epoch2=0 width=4]
[ECG-K2-RECV sim=gem5 seq=817 dest=76 tier=1 epoch1=0 epoch2=0 width=4]
[ECG-K2-REQUEST sim=gem5 seq=619 request_seq=247331633 dest=76 tier=1 epoch1=0 epoch2=0 current=0 context=1]
[ECG-K2-ACCEPT sim=gem5 seq=619 request_seq=247331633 request_dest=76 fill_dest=64 source=request tier=1 epoch1=0 epoch2=0 current=0 context=1 property_elem_bytes=4]
[ECG-K2-EXPECT sim=gem5 seq=818 dest=78 tier=1 epoch1=0 epoch2=0 width=4]
[ECG-K2-RECV sim=gem5 seq=818 dest=78 tier=1 epoch1=0 epoch2=0 width=4]
[ECG-K2-REQUEST sim=gem5 seq=620 request_seq=247331642 dest=78 tier=1 epoch1=0 epoch2=0 current=0 context=1]
[ECG-K2-EXPECT sim=gem5 seq=819 dest=79 tier=1 epoch1=0 epoch2=0 width=4]
[ECG-K2-RECV sim=gem5 seq=819 dest=79 tier=1 epoch1=0 epoch2=0 width=4]
[ECG-K2-REQUEST sim=gem5 seq=621 request_seq=247331651 dest=79 tier=1 epoch1=0 epoch2=0 current=0 context=1]
[ECG-K2-EXPECT sim=gem5 seq=820 dest=82 tier=1 epoch1=0 epoch2=0 width=4]
[ECG-K2-RECV sim=gem5 seq=820 dest=82 tier=1 epoch1=0 epoch2=0 width=4]
[ECG-K2-REQUEST sim=gem5 seq=622 request_seq=247331660 dest=82 tier=1 epoch1=0 epoch2=0 current=0 context=1]
[ECG-K2-EXPECT sim=gem5 seq=821 dest=85 tier=1 epoch1=0 epoch2=0 width=4]
[ECG-K2-RECV sim=gem5 seq=821 dest=85 tier=1 epoch1=0 epoch2=0 width=4]
[ECG-K2-REQUEST sim=gem5 seq=623 request_seq=247331669 dest=85 tier=1 epoch1=0 epoch2=0 current=0 context=1]
[ECG-STREAM-BYPASS sim=gem5 cache=system.l3cache addr=0x3c99c0 vaddr=0x3b89c0 size=4 source=request-flag allocate=0]
[ECG-K2-EXPECT sim=gem5 seq=822 dest=87 tier=1 epoch1=0 epoch2=0 width=4]
[ECG-K2-RECV sim=gem5 seq=822 dest=87 tier=1 epoch1=0 epoch2=0 width=4]
[ECG-K2-REQUEST sim=gem5 seq=624 request_seq=247331678 dest=87 tier=1 epoch1=0 epoch2=0 current=0 context=1]
[ECG-K2-EXPECT sim=gem5 seq=823 dest=89 tier=1 epoch1=0 epoch2=0 width=4]
[ECG-K2-RECV sim=gem5 seq=823 dest=89 tier=1 epoch1=0 epoch2=0 width=4]
[ECG-K2-REQUEST sim=gem5 seq=625 request_seq=247331687 dest=89 tier=1 epoch1=0 epoch2=0 current=0 context=1]
[ECG-K2-EXPECT sim=gem5 seq=824 dest=90 tier=1 epoch1=0 epoch2=0 width=4]
[ECG-K2-RECV sim=gem5 seq=824 dest=90 tier=1 epoch1=0 epoch2=0 width=4]
[ECG-K2-REQUEST sim=gem5 seq=626 request_seq=247331696 dest=90 tier=1 epoch1=0 epoch2=0 current=0 context=1]
[ECG-K2-EXPECT sim=gem5 seq=825 dest=96 tier=1 epoch1=0 epoch2=0 width=4]
[ECG-K2-RECV sim=gem5 seq=825 dest=96 tier=1 epoch1=0 epoch2=0 width=4]
[ECG-K2-REQUEST sim=gem5 seq=627 request_seq=247331705 dest=96 tier=1 epoch1=0 epoch2=0 current=0 context=1]
[ECG-K2-EXPECT sim=gem5 seq=826 dest=107 tier=1 epoch1=0 epoch2=0 width=4]
[ECG-K2-RECV sim=gem5 seq=826 dest=107 tier=1 epoch1=0 epoch2=0 width=4]
[ECG-K2-REQUEST sim=gem5 seq=628 request_seq=247331714 dest=107 tier=1 epoch1=0 epoch2=0 current=0 context=1]
[ECG-K2-EXPECT sim=gem5 seq=827 dest=109 tier=1 epoch1=0 epoch2=0 width=4]
[ECG-K2-RECV sim=gem5 seq=827 dest=109 tier=1 epoch1=0 epoch2=0 width=4]
[ECG-K2-REQUEST sim=gem5 seq=629 request_seq=247331723 dest=109 tier=1 epoch1=0 epoch2=0 current=0 context=1]
[ECG-K2-EXPECT sim=gem5 seq=828 dest=112 tier=1 epoch1=0 epoch2=0 width=4]
[ECG-K2-RECV sim=gem5 seq=828 dest=112 tier=1 epoch1=0 epoch2=0 width=4]
[ECG-K2-REQUEST sim=gem5 seq=630 request_seq=247331732 dest=112 tier=1 epoch1=0 epoch2=0 current=0 context=1]
[ECG-K2-EXPECT sim=gem5 seq=829 dest=115 tier=1 epoch1=0 epoch2=0 width=4]
[ECG-K2-RECV sim=gem5 seq=829 dest=115 tier=1 epoch1=0 epoch2=0 width=4]
[ECG-K2-REQUEST sim=gem5 seq=631 request_seq=247331741 dest=115 tier=1 epoch1=0 epoch2=0 current=0 context=1]
[ECG-K2-EXPECT sim=gem5 seq=830 dest=117 tier=1 epoch1=0 epoch2=0 width=4]
[ECG-K2-RECV sim=gem5 seq=830 dest=117 tier=1 epoch1=0 epoch2=0 width=4]
[ECG-K2-REQUEST sim=gem5 seq=632 request_seq=247331750 dest=117 tier=1 epoch1=0 epoch2=0 current=0 context=1]
[ECG-K2-EXPECT sim=gem5 seq=831 dest=121 tier=1 epoch1=0 epoch2=0 width=4]
[ECG-K2-RECV sim=gem5 seq=831 dest=121 tier=1 epoch1=0 epoch2=0 width=4]
[ECG-K2-REQUEST sim=gem5 seq=633 request_seq=247331759 dest=121 tier=1 epoch1=0 epoch2=0 current=0 context=1]
[ECG-K2-EXPECT sim=gem5 seq=832 dest=122 tier=1 epoch1=0 epoch2=0 width=4]
[ECG-K2-RECV sim=gem5 seq=832 dest=122 tier=1 epoch1=0 epoch2=0 width=4]
[ECG-K2-REQUEST sim=gem5 seq=634 request_seq=247331768 dest=122 tier=1 epoch1=0 epoch2=0 current=0 context=1]
[ECG-K2-EXPECT sim=gem5 seq=833 dest=124 tier=1 epoch1=0 epoch2=0 width=4]
[ECG-K2-RECV sim=gem5 seq=833 dest=124 tier=1 epoch1=0 epoch2=0 width=4]
[ECG-K2-REQUEST sim=gem5 seq=635 request_seq=247331777 dest=124 tier=1 epoch1=0 epoch2=0 current=0 context=1]
[ECG-K2-ACCEPT sim=gem5 seq=629 request_seq=247331723 request_dest=109 fill_dest=96 source=request tier=1 epoch1=0 epoch2=0 current=0 context=1 property_elem_bytes=4]
[ECG-K2-EXPECT sim=gem5 seq=834 dest=125 tier=1 epoch1=0 epoch2=0 width=4]
[ECG-K2-RECV sim=gem5 seq=834 dest=125 tier=1 epoch1=0 epoch2=0 width=4]
[ECG-K2-REQUEST sim=gem5 seq=636 request_seq=247331786 dest=125 tier=1 epoch1=0 epoch2=0 current=0 context=1]
[ECG-K2-EXPECT sim=gem5 seq=835 dest=126 tier=1 epoch1=0 epoch2=0 width=4]
[ECG-K2-RECV sim=gem5 seq=835 dest=126 tier=1 epoch1=0 epoch2=0 width=4]
[ECG-K2-REQUEST sim=gem5 seq=637 request_seq=247331795 dest=126 tier=1 epoch1=0 epoch2=0 current=0 context=1]
[ECG-K2-EXPECT sim=gem5 seq=836 dest=127 tier=1 epoch1=0 epoch2=0 width=4]
[ECG-K2-RECV sim=gem5 seq=836 dest=127 tier=1 epoch1=0 epoch2=0 width=4]
[ECG-K2-REQUEST sim=gem5 seq=638 request_seq=247331804 dest=127 tier=1 epoch1=0 epoch2=0 current=0 context=1]
[ECG-K2-EXPECT sim=gem5 seq=837 dest=130 tier=1 epoch1=0 epoch2=0 width=4]
[ECG-K2-RECV sim=gem5 seq=837 dest=130 tier=1 epoch1=0 epoch2=0 width=4]
[ECG-K2-REQUEST sim=gem5 seq=639 request_seq=247331813 dest=130 tier=1 epoch1=0 epoch2=0 current=0 context=1]
[ECG-STREAM-BYPASS sim=gem5 cache=system.l3cache addr=0x3c9a00 vaddr=0x3b8a00 size=4 source=request-flag allocate=0]
[ECG-K2-ACCEPT sim=gem5 seq=639 request_seq=247331813 request_dest=130 fill_dest=130 source=request tier=1 epoch1=0 epoch2=0 current=0 context=1 property_elem_bytes=4]
[ECG-K2-EXPECT sim=gem5 seq=838 dest=131 tier=1 epoch1=0 epoch2=0 width=4]
[ECG-K2-RECV sim=gem5 seq=838 dest=131 tier=1 epoch1=0 epoch2=0 width=4]
[ECG-K2-REQUEST sim=gem5 seq=640 request_seq=247331822 dest=131 tier=1 epoch1=0 epoch2=0 current=0 context=1]
[ECG-K2-EXPECT sim=gem5 seq=839 dest=132 tier=1 epoch1=0 epoch2=0 width=4]
[ECG-K2-RECV sim=gem5 seq=839 dest=132 tier=1 epoch1=0 epoch2=0 width=4]
[ECG-K2-REQUEST sim=gem5 seq=641 request_seq=247331831 dest=132 tier=1 epoch1=0 epoch2=0 current=0 context=1]
[ECG-K2-EXPECT sim=gem5 seq=840 dest=133 tier=1 epoch1=0 epoch2=0 width=4]
[ECG-K2-RECV sim=gem5 seq=840 dest=133 tier=1 epoch1=0 epoch2=0 width=4]
[ECG-K2-REQUEST sim=gem5 seq=642 request_seq=247331840 dest=133 tier=1 epoch1=0 epoch2=0 current=0 context=1]
[ECG-K2-EXPECT sim=gem5 seq=841 dest=138 tier=1 epoch1=0 epoch2=0 width=4]
[ECG-K2-RECV sim=gem5 seq=841 dest=138 tier=1 epoch1=0 epoch2=0 width=4]
[ECG-K2-REQUEST sim=gem5 seq=643 request_seq=247331849 dest=138 tier=1 epoch1=0 epoch2=0 current=0 context=1]
[ECG-K2-EXPECT sim=gem5 seq=842 dest=141 tier=1 epoch1=0 epoch2=0 width=4]
[ECG-K2-RECV sim=gem5 seq=842 dest=141 tier=1 epoch1=0 epoch2=0 width=4]
[ECG-K2-REQUEST sim=gem5 seq=644 request_seq=247331858 dest=141 tier=1 epoch1=0 epoch2=0 current=0 context=1]
[ECG-K2-EXPECT sim=gem5 seq=843 dest=144 tier=1 epoch1=0 epoch2=0 width=4]
[ECG-K2-RECV sim=gem5 seq=843 dest=144 tier=1 epoch1=0 epoch2=0 width=4]
[ECG-K2-REQUEST sim=gem5 seq=645 request_seq=247331867 dest=144 tier=1 epoch1=0 epoch2=0 current=0 context=1]
[ECG-K2-EXPECT sim=gem5 seq=844 dest=146 tier=1 epoch1=0 epoch2=0 width=4]
[ECG-K2-RECV sim=gem5 seq=844 dest=146 tier=1 epoch1=0 epoch2=0 width=4]
[ECG-K2-REQUEST sim=gem5 seq=646 request_seq=247331876 dest=146 tier=1 epoch1=0 epoch2=0 current=0 context=1]
[ECG-K2-EXPECT sim=gem5 seq=845 dest=147 tier=1 epoch1=0 epoch2=0 width=4]
[ECG-K2-RECV sim=gem5 seq=845 dest=147 tier=1 epoch1=0 epoch2=0 width=4]
[ECG-K2-REQUEST sim=gem5 seq=647 request_seq=247331885 dest=147 tier=1 epoch1=0 epoch2=0 current=0 context=1]
[ECG-K2-EXPECT sim=gem5 seq=846 dest=149 tier=1 epoch1=0 epoch2=0 width=4]
[ECG-K2-RECV sim=gem5 seq=846 dest=149 tier=1 epoch1=0 epoch2=0 width=4]
[ECG-K2-REQUEST sim=gem5 seq=648 request_seq=247331894 dest=149 tier=1 epoch1=0 epoch2=0 current=0 context=1]
[ECG-K2-EXPECT sim=gem5 seq=847 dest=152 tier=1 epoch1=0 epoch2=0 width=4]
[ECG-K2-RECV sim=gem5 seq=847 dest=152 tier=1 epoch1=0 epoch2=0 width=4]
[ECG-K2-REQUEST sim=gem5 seq=649 request_seq=247331903 dest=152 tier=1 epoch1=0 epoch2=0 current=0 context=1]
[ECG-K2-EXPECT sim=gem5 seq=848 dest=153 tier=1 epoch1=0 epoch2=0 width=4]
[ECG-K2-RECV sim=gem5 seq=848 dest=153 tier=1 epoch1=0 epoch2=0 width=4]
[ECG-K2-REQUEST sim=gem5 seq=650 request_seq=247331912 dest=153 tier=1 epoch1=0 epoch2=0 current=0 context=1]
[ECG-K2-EXPECT sim=gem5 seq=849 dest=154 tier=1 epoch1=0 epoch2=0 width=4]
[ECG-K2-RECV sim=gem5 seq=849 dest=154 tier=1 epoch1=0 epoch2=0 width=4]
[ECG-K2-REQUEST sim=gem5 seq=651 request_seq=247331921 dest=154 tier=1 epoch1=0 epoch2=0 current=0 context=1]
[ECG-K2-EXPECT sim=gem5 seq=850 dest=155 tier=1 epoch1=0 epoch2=0 width=4]
[ECG-K2-RECV sim=gem5 seq=850 dest=155 tier=1 epoch1=0 epoch2=0 width=4]
[ECG-K2-REQUEST sim=gem5 seq=652 request_seq=247331930 dest=155 tier=1 epoch1=0 epoch2=0 current=0 context=1]
[ECG-K2-EXPECT sim=gem5 seq=851 dest=158 tier=1 epoch1=0 epoch2=0 width=4]
[ECG-K2-RECV sim=gem5 seq=851 dest=158 tier=1 epoch1=0 epoch2=0 width=4]
[ECG-K2-REQUEST sim=gem5 seq=653 request_seq=247331939 dest=158 tier=1 epoch1=0 epoch2=0 current=0 context=1]
[ECG-K2-EXPECT sim=gem5 seq=852 dest=160 tier=1 epoch1=0 epoch2=0 width=4]
[ECG-K2-RECV sim=gem5 seq=852 dest=160 tier=1 epoch1=0 epoch2=0 width=4]
[ECG-K2-REQUEST sim=gem5 seq=654 request_seq=247331948 dest=160 tier=1 epoch1=0 epoch2=0 current=0 context=1]
[ECG-K2-EXPECT sim=gem5 seq=853 dest=164 tier=1 epoch1=0 epoch2=0 width=4]
[ECG-K2-RECV sim=gem5 seq=853 dest=164 tier=1 epoch1=0 epoch2=0 width=4]
[ECG-K2-REQUEST sim=gem5 seq=655 request_seq=247331957 dest=164 tier=1 epoch1=0 epoch2=0 current=0 context=1]
[ECG-STREAM-BYPASS sim=gem5 cache=system.l3cache addr=0x3c9a40 vaddr=0x3b8a40 size=4 source=request-flag allocate=0]
[ECG-K2-EXPECT sim=gem5 seq=854 dest=171 tier=1 epoch1=0 epoch2=0 width=4]
[ECG-K2-RECV sim=gem5 seq=854 dest=171 tier=1 epoch1=0 epoch2=0 width=4]
[ECG-K2-REQUEST sim=gem5 seq=656 request_seq=247331966 dest=171 tier=1 epoch1=0 epoch2=0 current=0 context=1]
[ECG-K2-EXPECT sim=gem5 seq=855 dest=172 tier=1 epoch1=0 epoch2=0 width=4]
[ECG-K2-RECV sim=gem5 seq=855 dest=172 tier=1 epoch1=0 epoch2=0 width=4]
[ECG-K2-REQUEST sim=gem5 seq=657 request_seq=247331975 dest=172 tier=1 epoch1=0 epoch2=0 current=0 context=1]
[ECG-K2-EXPECT sim=gem5 seq=856 dest=175 tier=1 epoch1=0 epoch2=0 width=4]
[ECG-K2-RECV sim=gem5 seq=856 dest=175 tier=1 epoch1=0 epoch2=0 width=4]
[ECG-K2-REQUEST sim=gem5 seq=658 request_seq=247331984 dest=175 tier=1 epoch1=0 epoch2=0 current=0 context=1]
[ECG-K2-EXPECT sim=gem5 seq=857 dest=179 tier=1 epoch1=0 epoch2=0 width=4]
[ECG-K2-RECV sim=gem5 seq=857 dest=179 tier=1 epoch1=0 epoch2=0 width=4]
[ECG-K2-REQUEST sim=gem5 seq=659 request_seq=247331993 dest=179 tier=1 epoch1=0 epoch2=0 current=0 context=1]
[ECG-K2-EXPECT sim=gem5 seq=858 dest=181 tier=1 epoch1=0 epoch2=0 width=4]
[ECG-K2-RECV sim=gem5 seq=858 dest=181 tier=1 epoch1=0 epoch2=0 width=4]
[ECG-K2-REQUEST sim=gem5 seq=660 request_seq=247332002 dest=181 tier=1 epoch1=0 epoch2=0 current=0 context=1]
[ECG-K2-EXPECT sim=gem5 seq=859 dest=182 tier=1 epoch1=0 epoch2=0 width=4]
[ECG-K2-RECV sim=gem5 seq=859 dest=182 tier=1 epoch1=0 epoch2=0 width=4]
[ECG-K2-REQUEST sim=gem5 seq=661 request_seq=247332011 dest=182 tier=1 epoch1=0 epoch2=0 current=0 context=1]
[ECG-K2-EXPECT sim=gem5 seq=860 dest=184 tier=1 epoch1=0 epoch2=0 width=4]
[ECG-K2-RECV sim=gem5 seq=860 dest=184 tier=1 epoch1=0 epoch2=0 width=4]
[ECG-K2-REQUEST sim=gem5 seq=662 request_seq=247332020 dest=184 tier=1 epoch1=0 epoch2=0 current=0 context=1]
[ECG-K2-EXPECT sim=gem5 seq=861 dest=191 tier=1 epoch1=0 epoch2=0 width=4]
[ECG-K2-RECV sim=gem5 seq=861 dest=191 tier=1 epoch1=0 epoch2=0 width=4]
[ECG-K2-REQUEST sim=gem5 seq=663 request_seq=247332029 dest=191 tier=1 epoch1=0 epoch2=0 current=0 context=1]
[ECG-K2-EXPECT sim=gem5 seq=862 dest=192 tier=1 epoch1=0 epoch2=0 width=4]
[ECG-K2-RECV sim=gem5 seq=862 dest=192 tier=1 epoch1=0 epoch2=0 width=4]
[ECG-K2-REQUEST sim=gem5 seq=664 request_seq=247332038 dest=192 tier=1 epoch1=0 epoch2=0 current=0 context=1]
[ECG-K2-EXPECT sim=gem5 seq=863 dest=193 tier=1 epoch1=0 epoch2=0 width=4]
[ECG-K2-RECV sim=gem5 seq=863 dest=193 tier=1 epoch1=0 epoch2=0 width=4]
[ECG-K2-REQUEST sim=gem5 seq=665 request_seq=247332047 dest=193 tier=1 epoch1=0 epoch2=0 current=0 context=1]
[ECG-K2-EXPECT sim=gem5 seq=864 dest=196 tier=1 epoch1=0 epoch2=0 width=4]
[ECG-K2-RECV sim=gem5 seq=864 dest=196 tier=1 epoch1=0 epoch2=0 width=4]
[ECG-K2-REQUEST sim=gem5 seq=666 request_seq=247332056 dest=196 tier=1 epoch1=0 epoch2=0 current=0 context=1]
[ECG-K2-EXPECT sim=gem5 seq=865 dest=197 tier=1 epoch1=0 epoch2=0 width=4]
[ECG-K2-RECV sim=gem5 seq=865 dest=197 tier=1 epoch1=0 epoch2=0 width=4]
[ECG-K2-REQUEST sim=gem5 seq=667 request_seq=247332065 dest=197 tier=1 epoch1=0 epoch2=0 current=0 context=1]
[ECG-K2-ACCEPT sim=gem5 seq=667 request_seq=247332065 request_dest=197 fill_dest=192 source=request tier=1 epoch1=0 epoch2=0 current=0 context=1 property_elem_bytes=4]
[ECG-K2-EXPECT sim=gem5 seq=866 dest=198 tier=1 epoch1=0 epoch2=0 width=4]
[ECG-K2-RECV sim=gem5 seq=866 dest=198 tier=1 epoch1=0 epoch2=0 width=4]
[ECG-K2-REQUEST sim=gem5 seq=668 request_seq=247332074 dest=198 tier=1 epoch1=0 epoch2=0 current=0 context=1]
[ECG-K2-EXPECT sim=gem5 seq=867 dest=202 tier=1 epoch1=0 epoch2=0 width=4]
[ECG-K2-RECV sim=gem5 seq=867 dest=202 tier=1 epoch1=0 epoch2=0 width=4]
[ECG-K2-REQUEST sim=gem5 seq=669 request_seq=247332083 dest=202 tier=1 epoch1=0 epoch2=0 current=0 context=1]
[ECG-K2-EXPECT sim=gem5 seq=868 dest=204 tier=1 epoch1=0 epoch2=0 width=4]
[ECG-K2-RECV sim=gem5 seq=868 dest=204 tier=1 epoch1=0 epoch2=0 width=4]
[ECG-K2-REQUEST sim=gem5 seq=670 request_seq=247332092 dest=204 tier=1 epoch1=0 epoch2=0 current=0 context=1]
[ECG-K2-EXPECT sim=gem5 seq=869 dest=206 tier=1 epoch1=0 epoch2=0 width=4]
[ECG-K2-RECV sim=gem5 seq=869 dest=206 tier=1 epoch1=0 epoch2=0 width=4]
[ECG-K2-REQUEST sim=gem5 seq=671 request_seq=247332101 dest=206 tier=1 epoch1=0 epoch2=0 current=0 context=1]
[ECG-STREAM-BYPASS sim=gem5 cache=system.l3cache addr=0x3c9a80 vaddr=0x3b8a80 size=4 source=request-flag allocate=0]
[ECG-K2-EXPECT sim=gem5 seq=870 dest=207 tier=1 epoch1=0 epoch2=0 width=4]
[ECG-K2-RECV sim=gem5 seq=870 dest=207 tier=1 epoch1=0 epoch2=0 width=4]
[ECG-K2-REQUEST sim=gem5 seq=672 request_seq=247332110 dest=207 tier=1 epoch1=0 epoch2=0 current=0 context=1]
[ECG-K2-EXPECT sim=gem5 seq=871 dest=211 tier=1 epoch1=0 epoch2=0 width=4]
[ECG-K2-RECV sim=gem5 seq=871 dest=211 tier=1 epoch1=0 epoch2=0 width=4]
[ECG-K2-REQUEST sim=gem5 seq=673 request_seq=247332119 dest=211 tier=1 epoch1=0 epoch2=0 current=0 context=1]
[ECG-K2-EXPECT sim=gem5 seq=872 dest=212 tier=1 epoch1=0 epoch2=0 width=4]
[ECG-K2-RECV sim=gem5 seq=872 dest=212 tier=1 epoch1=0 epoch2=0 width=4]
[ECG-K2-REQUEST sim=gem5 seq=674 request_seq=247332128 dest=212 tier=1 epoch1=0 epoch2=0 current=0 context=1]
[ECG-K2-EXPECT sim=gem5 seq=873 dest=213 tier=1 epoch1=0 epoch2=0 width=4]
[ECG-K2-RECV sim=gem5 seq=873 dest=213 tier=1 epoch1=0 epoch2=0 width=4]
[ECG-K2-REQUEST sim=gem5 seq=675 request_seq=247332137 dest=213 tier=1 epoch1=0 epoch2=0 current=0 context=1]
[ECG-K2-EXPECT sim=gem5 seq=874 dest=217 tier=1 epoch1=0 epoch2=0 width=4]
[ECG-K2-RECV sim=gem5 seq=874 dest=217 tier=1 epoch1=0 epoch2=0 width=4]
[ECG-K2-REQUEST sim=gem5 seq=676 request_seq=247332146 dest=217 tier=1 epoch1=0 epoch2=0 current=0 context=1]
[ECG-K2-EXPECT sim=gem5 seq=875 dest=218 tier=1 epoch1=0 epoch2=0 width=4]
[ECG-K2-RECV sim=gem5 seq=875 dest=218 tier=1 epoch1=0 epoch2=0 width=4]
[ECG-K2-REQUEST sim=gem5 seq=677 request_seq=247332155 dest=218 tier=1 epoch1=0 epoch2=0 current=0 context=1]
[ECG-K2-EXPECT sim=gem5 seq=876 dest=221 tier=1 epoch1=0 epoch2=0 width=4]
[ECG-K2-RECV sim=gem5 seq=876 dest=221 tier=1 epoch1=0 epoch2=0 width=4]
[ECG-K2-REQUEST sim=gem5 seq=678 request_seq=247332164 dest=221 tier=1 epoch1=0 epoch2=0 current=0 context=1]
[ECG-K2-EXPECT sim=gem5 seq=877 dest=223 tier=1 epoch1=0 epoch2=0 width=4]
[ECG-K2-RECV sim=gem5 seq=877 dest=223 tier=1 epoch1=0 epoch2=0 width=4]
[ECG-K2-REQUEST sim=gem5 seq=679 request_seq=247332173 dest=223 tier=1 epoch1=0 epoch2=0 current=0 context=1]
[ECG-K2-EXPECT sim=gem5 seq=878 dest=224 tier=1 epoch1=0 epoch2=0 width=4]
[ECG-K2-RECV sim=gem5 seq=878 dest=224 tier=1 epoch1=0 epoch2=0 width=4]
[ECG-K2-REQUEST sim=gem5 seq=680 request_seq=247332182 dest=224 tier=1 epoch1=0 epoch2=0 current=0 context=1]
[ECG-K2-EXPECT sim=gem5 seq=879 dest=227 tier=1 epoch1=0 epoch2=0 width=4]
[ECG-K2-RECV sim=gem5 seq=879 dest=227 tier=1 epoch1=0 epoch2=0 width=4]
[ECG-K2-REQUEST sim=gem5 seq=681 request_seq=247332191 dest=227 tier=1 epoch1=0 epoch2=0 current=0 context=1]
[ECG-K2-EXPECT sim=gem5 seq=880 dest=230 tier=1 epoch1=0 epoch2=0 width=4]
[ECG-K2-RECV sim=gem5 seq=880 dest=230 tier=1 epoch1=0 epoch2=0 width=4]
[ECG-K2-REQUEST sim=gem5 seq=682 request_seq=247332200 dest=230 tier=1 epoch1=0 epoch2=0 current=0 context=1]
[ECG-K2-EXPECT sim=gem5 seq=881 dest=242 tier=1 epoch1=0 epoch2=0 width=4]
[ECG-K2-RECV sim=gem5 seq=881 dest=242 tier=1 epoch1=0 epoch2=0 width=4]
[ECG-K2-REQUEST sim=gem5 seq=683 request_seq=247332209 dest=242 tier=1 epoch1=0 epoch2=0 current=0 context=1]
[ECG-K2-EXPECT sim=gem5 seq=882 dest=245 tier=1 epoch1=0 epoch2=0 width=4]
[ECG-K2-RECV sim=gem5 seq=882 dest=245 tier=1 epoch1=0 epoch2=0 width=4]
[ECG-K2-REQUEST sim=gem5 seq=684 request_seq=247332218 dest=245 tier=1 epoch1=0 epoch2=0 current=0 context=1]
[ECG-K2-EXPECT sim=gem5 seq=883 dest=248 tier=1 epoch1=0 epoch2=0 width=4]
[ECG-K2-RECV sim=gem5 seq=883 dest=248 tier=1 epoch1=0 epoch2=0 width=4]
[ECG-K2-REQUEST sim=gem5 seq=685 request_seq=247332227 dest=248 tier=1 epoch1=0 epoch2=0 current=0 context=1]
[ECG-K2-EXPECT sim=gem5 seq=884 dest=250 tier=1 epoch1=0 epoch2=0 width=4]
[ECG-K2-RECV sim=gem5 seq=884 dest=250 tier=1 epoch1=0 epoch2=0 width=4]
[ECG-K2-REQUEST sim=gem5 seq=686 request_seq=247332236 dest=250 tier=1 epoch1=0 epoch2=0 current=0 context=1]
[ECG-K2-EXPECT sim=gem5 seq=885 dest=251 tier=1 epoch1=0 epoch2=0 width=4]
[ECG-K2-RECV sim=gem5 seq=885 dest=251 tier=1 epoch1=0 epoch2=0 width=4]
[ECG-K2-REQUEST sim=gem5 seq=687 request_seq=247332245 dest=251 tier=1 epoch1=0 epoch2=0 current=0 context=1]
[ECG-STREAM-BYPASS sim=gem5 cache=system.l3cache addr=0x3c9ac0 vaddr=0x3b8ac0 size=4 source=request-flag allocate=0]
[ECG-K2-EXPECT sim=gem5 seq=886 dest=253 tier=1 epoch1=0 epoch2=0 width=4]
[ECG-K2-RECV sim=gem5 seq=886 dest=253 tier=1 epoch1=0 epoch2=0 width=4]
[ECG-K2-REQUEST sim=gem5 seq=688 request_seq=247332254 dest=253 tier=1 epoch1=0 epoch2=0 current=0 context=1]
[ECG-K2-EXPECT sim=gem5 seq=887 dest=254 tier=1 epoch1=0 epoch2=0 width=4]
[ECG-K2-RECV sim=gem5 seq=887 dest=254 tier=1 epoch1=0 epoch2=0 width=4]
[ECG-K2-REQUEST sim=gem5 seq=689 request_seq=247332263 dest=254 tier=1 epoch1=0 epoch2=0 current=0 context=1]
[ECG-K2-EXPECT sim=gem5 seq=888 dest=256 tier=1 epoch1=0 epoch2=0 width=4]
[ECG-K2-RECV sim=gem5 seq=888 dest=256 tier=1 epoch1=0 epoch2=0 width=4]
[ECG-K2-REQUEST sim=gem5 seq=690 request_seq=247332272 dest=256 tier=1 epoch1=0 epoch2=0 current=0 context=1]
[ECG-K2-EXPECT sim=gem5 seq=889 dest=258 tier=1 epoch1=0 epoch2=0 width=4]
[ECG-K2-RECV sim=gem5 seq=889 dest=258 tier=1 epoch1=0 epoch2=0 width=4]
[ECG-K2-REQUEST sim=gem5 seq=691 request_seq=247332281 dest=258 tier=1 epoch1=0 epoch2=0 current=0 context=1]
[ECG-K2-EXPECT sim=gem5 seq=890 dest=261 tier=1 epoch1=0 epoch2=0 width=4]
[ECG-K2-RECV sim=gem5 seq=890 dest=261 tier=1 epoch1=0 epoch2=0 width=4]
[ECG-K2-REQUEST sim=gem5 seq=692 request_seq=247332290 dest=261 tier=1 epoch1=0 epoch2=0 current=0 context=1]
[ECG-K2-EXPECT sim=gem5 seq=891 dest=265 tier=1 epoch1=0 epoch2=0 width=4]
[ECG-K2-RECV sim=gem5 seq=891 dest=265 tier=1 epoch1=0 epoch2=0 width=4]
[ECG-K2-REQUEST sim=gem5 seq=693 request_seq=247332299 dest=265 tier=1 epoch1=0 epoch2=0 current=0 context=1]
[ECG-K2-EXPECT sim=gem5 seq=892 dest=266 tier=1 epoch1=0 epoch2=0 width=4]
[ECG-K2-RECV sim=gem5 seq=892 dest=266 tier=1 epoch1=0 epoch2=0 width=4]
[ECG-K2-REQUEST sim=gem5 seq=694 request_seq=247332308 dest=266 tier=1 epoch1=0 epoch2=0 current=0 context=1]
[ECG-K2-EXPECT sim=gem5 seq=893 dest=271 tier=1 epoch1=0 epoch2=0 width=4]
[ECG-K2-RECV sim=gem5 seq=893 dest=271 tier=1 epoch1=0 epoch2=0 width=4]
[ECG-K2-REQUEST sim=gem5 seq=695 request_seq=247332317 dest=271 tier=1 epoch1=0 epoch2=0 current=0 context=1]
[ECG-K2-EXPECT sim=gem5 seq=894 dest=279 tier=1 epoch1=0 epoch2=0 width=4]
[ECG-K2-RECV sim=gem5 seq=894 dest=279 tier=1 epoch1=0 epoch2=0 width=4]
[ECG-K2-REQUEST sim=gem5 seq=696 request_seq=247332326 dest=279 tier=1 epoch1=0 epoch2=0 current=0 context=1]
[ECG-K2-EXPECT sim=gem5 seq=895 dest=282 tier=1 epoch1=0 epoch2=0 width=4]
[ECG-K2-RECV sim=gem5 seq=895 dest=282 tier=1 epoch1=0 epoch2=0 width=4]
[ECG-K2-REQUEST sim=gem5 seq=697 request_seq=247332335 dest=282 tier=1 epoch1=0 epoch2=0 current=0 context=1]
[ECG-K2-EXPECT sim=gem5 seq=896 dest=283 tier=1 epoch1=0 epoch2=0 width=4]
[ECG-K2-RECV sim=gem5 seq=896 dest=283 tier=1 epoch1=0 epoch2=0 width=4]
[ECG-K2-REQUEST sim=gem5 seq=698 request_seq=247332344 dest=283 tier=1 epoch1=0 epoch2=0 current=0 context=1]
[ECG-K2-EXPECT sim=gem5 seq=897 dest=292 tier=1 epoch1=0 epoch2=0 width=4]
[ECG-K2-RECV sim=gem5 seq=897 dest=292 tier=1 epoch1=0 epoch2=0 width=4]
[ECG-K2-REQUEST sim=gem5 seq=699 request_seq=247332353 dest=292 tier=1 epoch1=0 epoch2=0 current=0 context=1]
[ECG-K2-ACCEPT sim=gem5 seq=695 request_seq=247332317 request_dest=271 fill_dest=256 source=request tier=1 epoch1=0 epoch2=0 current=0 context=1 property_elem_bytes=4]
[ECG-K2-ACCEPT sim=gem5 seq=698 request_seq=247332344 request_dest=283 fill_dest=279 source=request tier=1 epoch1=0 epoch2=0 current=0 context=1 property_elem_bytes=4]
[ECG-K2-EXPECT sim=gem5 seq=898 dest=297 tier=1 epoch1=0 epoch2=0 width=4]
[ECG-K2-RECV sim=gem5 seq=898 dest=297 tier=1 epoch1=0 epoch2=0 width=4]
[ECG-K2-REQUEST sim=gem5 seq=700 request_seq=247332362 dest=297 tier=1 epoch1=0 epoch2=0 current=0 context=1]
[ECG-K2-EXPECT sim=gem5 seq=899 dest=306 tier=1 epoch1=0 epoch2=0 width=4]
[ECG-K2-RECV sim=gem5 seq=899 dest=306 tier=1 epoch1=0 epoch2=0 width=4]
[ECG-K2-REQUEST sim=gem5 seq=701 request_seq=247332371 dest=306 tier=1 epoch1=0 epoch2=0 current=0 context=1]
[ECG-K2-EXPECT sim=gem5 seq=900 dest=309 tier=1 epoch1=0 epoch2=0 width=4]
[ECG-K2-RECV sim=gem5 seq=900 dest=309 tier=1 epoch1=0 epoch2=0 width=4]
[ECG-K2-REQUEST sim=gem5 seq=702 request_seq=247332380 dest=309 tier=1 epoch1=0 epoch2=0 current=0 context=1]
[ECG-K2-EXPECT sim=gem5 seq=901 dest=311 tier=1 epoch1=0 epoch2=0 width=4]
[ECG-K2-RECV sim=gem5 seq=901 dest=311 tier=1 epoch1=0 epoch2=0 width=4]
[ECG-K2-REQUEST sim=gem5 seq=703 request_seq=247332389 dest=311 tier=1 epoch1=0 epoch2=0 current=0 context=1]
[ECG-STREAM-BYPASS sim=gem5 cache=system.l3cache addr=0x3c9b00 vaddr=0x3b8b00 size=4 source=request-flag allocate=0]
[ECG-K2-EXPECT sim=gem5 seq=902 dest=319 tier=1 epoch1=0 epoch2=0 width=4]
[ECG-K2-RECV sim=gem5 seq=902 dest=319 tier=1 epoch1=0 epoch2=0 width=4]
[ECG-K2-REQUEST sim=gem5 seq=704 request_seq=247332398 dest=319 tier=1 epoch1=0 epoch2=0 current=0 context=1]
[ECG-K2-EXPECT sim=gem5 seq=903 dest=320 tier=1 epoch1=0 epoch2=0 width=4]
[ECG-K2-RECV sim=gem5 seq=903 dest=320 tier=1 epoch1=0 epoch2=0 width=4]
[ECG-K2-REQUEST sim=gem5 seq=705 request_seq=247332407 dest=320 tier=1 epoch1=0 epoch2=0 current=0 context=1]
[ECG-K2-EXPECT sim=gem5 seq=904 dest=325 tier=1 epoch1=0 epoch2=0 width=4]
[ECG-K2-RECV sim=gem5 seq=904 dest=325 tier=1 epoch1=0 epoch2=0 width=4]
[ECG-K2-REQUEST sim=gem5 seq=706 request_seq=247332416 dest=325 tier=1 epoch1=0 epoch2=0 current=0 context=1]
[ECG-K2-EXPECT sim=gem5 seq=905 dest=326 tier=1 epoch1=0 epoch2=0 width=4]
[ECG-K2-RECV sim=gem5 seq=905 dest=326 tier=1 epoch1=0 epoch2=0 width=4]
[ECG-K2-REQUEST sim=gem5 seq=707 request_seq=247332425 dest=326 tier=1 epoch1=0 epoch2=0 current=0 context=1]
[ECG-K2-EXPECT sim=gem5 seq=906 dest=330 tier=1 epoch1=0 epoch2=0 width=4]
[ECG-K2-RECV sim=gem5 seq=906 dest=330 tier=1 epoch1=0 epoch2=0 width=4]
[ECG-K2-REQUEST sim=gem5 seq=708 request_seq=247332434 dest=330 tier=1 epoch1=0 epoch2=0 current=0 context=1]
[ECG-K2-EXPECT sim=gem5 seq=907 dest=351 tier=1 epoch1=0 epoch2=0 width=4]
[ECG-K2-RECV sim=gem5 seq=907 dest=351 tier=1 epoch1=0 epoch2=0 width=4]
[ECG-K2-REQUEST sim=gem5 seq=709 request_seq=247332443 dest=351 tier=1 epoch1=0 epoch2=0 current=0 context=1]
[ECG-K2-EXPECT sim=gem5 seq=908 dest=363 tier=1 epoch1=0 epoch2=0 width=4]
[ECG-K2-RECV sim=gem5 seq=908 dest=363 tier=1 epoch1=0 epoch2=0 width=4]
[ECG-K2-REQUEST sim=gem5 seq=710 request_seq=247332452 dest=363 tier=1 epoch1=0 epoch2=0 current=0 context=1]
[ECG-K2-EXPECT sim=gem5 seq=909 dest=364 tier=1 epoch1=0 epoch2=0 width=4]
[ECG-K2-RECV sim=gem5 seq=909 dest=364 tier=1 epoch1=0 epoch2=0 width=4]
[ECG-K2-REQUEST sim=gem5 seq=711 request_seq=247332461 dest=364 tier=1 epoch1=0 epoch2=0 current=0 context=1]
[ECG-K2-EXPECT sim=gem5 seq=910 dest=366 tier=1 epoch1=0 epoch2=0 width=4]
[ECG-K2-RECV sim=gem5 seq=910 dest=366 tier=1 epoch1=0 epoch2=0 width=4]
[ECG-K2-REQUEST sim=gem5 seq=712 request_seq=247332470 dest=366 tier=1 epoch1=0 epoch2=0 current=0 context=1]
[ECG-K2-EXPECT sim=gem5 seq=911 dest=373 tier=1 epoch1=0 epoch2=0 width=4]
[ECG-K2-RECV sim=gem5 seq=911 dest=373 tier=1 epoch1=0 epoch2=0 width=4]
[ECG-K2-REQUEST sim=gem5 seq=713 request_seq=247332479 dest=373 tier=1 epoch1=0 epoch2=0 current=0 context=1]
[ECG-K2-EXPECT sim=gem5 seq=912 dest=374 tier=1 epoch1=0 epoch2=0 width=4]
[ECG-K2-RECV sim=gem5 seq=912 dest=374 tier=1 epoch1=0 epoch2=0 width=4]
[ECG-K2-REQUEST sim=gem5 seq=714 request_seq=247332488 dest=374 tier=1 epoch1=0 epoch2=0 current=0 context=1]
[ECG-K2-ACCEPT sim=gem5 seq=708 request_seq=247332434 request_dest=330 fill_dest=320 source=request tier=1 epoch1=0 epoch2=0 current=0 context=1 property_elem_bytes=4]
[ECG-K2-ACCEPT sim=gem5 seq=709 request_seq=247332443 request_dest=351 fill_dest=351 source=request tier=1 epoch1=0 epoch2=0 current=0 context=1 property_elem_bytes=4]
[ECG-K2-ACCEPT sim=gem5 seq=712 request_seq=247332470 request_dest=366 fill_dest=363 source=request tier=1 epoch1=0 epoch2=0 current=0 context=1 property_elem_bytes=4]
[ECG-K2-EXPECT sim=gem5 seq=913 dest=374 tier=1 epoch1=0 epoch2=0 width=4]
[ECG-K2-RECV sim=gem5 seq=913 dest=374 tier=1 epoch1=0 epoch2=0 width=4]
[ECG-K2-EXPECT sim=gem5 seq=914 dest=376 tier=1 epoch1=0 epoch2=0 width=4]
[ECG-K2-RECV sim=gem5 seq=914 dest=376 tier=1 epoch1=0 epoch2=0 width=4]
[ECG-K2-REQUEST sim=gem5 seq=715 request_seq=247332497 dest=376 tier=1 epoch1=0 epoch2=0 current=0 context=1]
[ECG-K2-EXPECT sim=gem5 seq=915 dest=381 tier=1 epoch1=0 epoch2=0 width=4]
[ECG-K2-RECV sim=gem5 seq=915 dest=381 tier=1 epoch1=0 epoch2=0 width=4]
[ECG-K2-REQUEST sim=gem5 seq=716 request_seq=247332506 dest=381 tier=1 epoch1=0 epoch2=0 current=0 context=1]
[ECG-K2-EXPECT sim=gem5 seq=916 dest=382 tier=1 epoch1=0 epoch2=0 width=4]
[ECG-K2-RECV sim=gem5 seq=916 dest=382 tier=1 epoch1=0 epoch2=0 width=4]
[ECG-K2-REQUEST sim=gem5 seq=717 request_seq=247332515 dest=382 tier=1 epoch1=0 epoch2=0 current=0 context=1]
[ECG-K2-EXPECT sim=gem5 seq=917 dest=385 tier=1 epoch1=0 epoch2=0 width=4]
[ECG-K2-RECV sim=gem5 seq=917 dest=385 tier=1 epoch1=0 epoch2=0 width=4]
[ECG-K2-REQUEST sim=gem5 seq=718 request_seq=247332524 dest=385 tier=1 epoch1=0 epoch2=0 current=0 context=1]
[ECG-K2-EXPECT sim=gem5 seq=918 dest=393 tier=1 epoch1=0 epoch2=0 width=4]
[ECG-K2-RECV sim=gem5 seq=918 dest=393 tier=1 epoch1=0 epoch2=0 width=4]
[ECG-K2-REQUEST sim=gem5 seq=719 request_seq=247332533 dest=393 tier=1 epoch1=0 epoch2=0 current=0 context=1]
[ECG-STREAM-BYPASS sim=gem5 cache=system.l3cache addr=0x3c9b40 vaddr=0x3b8b40 size=4 source=request-flag allocate=0]
[ECG-K2-ACCEPT sim=gem5 seq=719 request_seq=247332533 request_dest=393 fill_dest=385 source=request tier=1 epoch1=0 epoch2=0 current=0 context=1 property_elem_bytes=4]
[ECG-K2-EXPECT sim=gem5 seq=919 dest=413 tier=1 epoch1=0 epoch2=0 width=4]
[ECG-K2-RECV sim=gem5 seq=919 dest=413 tier=1 epoch1=0 epoch2=0 width=4]
[ECG-K2-REQUEST sim=gem5 seq=720 request_seq=247332542 dest=413 tier=1 epoch1=0 epoch2=0 current=0 context=1]
[ECG-K2-EXPECT sim=gem5 seq=920 dest=416 tier=1 epoch1=0 epoch2=0 width=4]
[ECG-K2-RECV sim=gem5 seq=920 dest=416 tier=1 epoch1=0 epoch2=0 width=4]
[ECG-K2-REQUEST sim=gem5 seq=721 request_seq=247332551 dest=416 tier=1 epoch1=0 epoch2=0 current=0 context=1]
[ECG-K2-EXPECT sim=gem5 seq=921 dest=419 tier=1 epoch1=0 epoch2=0 width=4]
[ECG-K2-RECV sim=gem5 seq=921 dest=419 tier=1 epoch1=0 epoch2=0 width=4]
[ECG-K2-REQUEST sim=gem5 seq=722 request_seq=247332560 dest=419 tier=1 epoch1=0 epoch2=0 current=0 context=1]
[ECG-K2-EXPECT sim=gem5 seq=922 dest=446 tier=1 epoch1=0 epoch2=0 width=4]
[ECG-K2-RECV sim=gem5 seq=922 dest=446 tier=1 epoch1=0 epoch2=0 width=4]
[ECG-K2-REQUEST sim=gem5 seq=723 request_seq=247332569 dest=446 tier=1 epoch1=0 epoch2=0 current=0 context=1]
[ECG-K2-EXPECT sim=gem5 seq=923 dest=463 tier=1 epoch1=0 epoch2=0 width=4]
[ECG-K2-RECV sim=gem5 seq=923 dest=463 tier=1 epoch1=0 epoch2=0 width=4]
[ECG-K2-REQUEST sim=gem5 seq=724 request_seq=247332578 dest=463 tier=1 epoch1=0 epoch2=0 current=0 context=1]
[ECG-K2-EXPECT sim=gem5 seq=924 dest=464 tier=1 epoch1=0 epoch2=0 width=4]
[ECG-K2-RECV sim=gem5 seq=924 dest=464 tier=1 epoch1=0 epoch2=0 width=4]
[ECG-K2-REQUEST sim=gem5 seq=725 request_seq=247332587 dest=464 tier=1 epoch1=0 epoch2=0 current=0 context=1]
[ECG-K2-EXPECT sim=gem5 seq=925 dest=465 tier=1 epoch1=0 epoch2=0 width=4]
[ECG-K2-RECV sim=gem5 seq=925 dest=465 tier=1 epoch1=0 epoch2=0 width=4]
[ECG-K2-REQUEST sim=gem5 seq=726 request_seq=247332596 dest=465 tier=1 epoch1=0 epoch2=0 current=0 context=1]
[ECG-K2-EXPECT sim=gem5 seq=926 dest=484 tier=1 epoch1=0 epoch2=0 width=4]
[ECG-K2-RECV sim=gem5 seq=926 dest=484 tier=1 epoch1=0 epoch2=0 width=4]
[ECG-K2-REQUEST sim=gem5 seq=727 request_seq=247332605 dest=484 tier=1 epoch1=0 epoch2=0 current=0 context=1]
[ECG-K2-EXPECT sim=gem5 seq=927 dest=489 tier=1 epoch1=0 epoch2=0 width=4]
[ECG-K2-RECV sim=gem5 seq=927 dest=489 tier=1 epoch1=0 epoch2=0 width=4]
[ECG-K2-REQUEST sim=gem5 seq=728 request_seq=247332614 dest=489 tier=1 epoch1=0 epoch2=0 current=0 context=1]
[ECG-K2-EXPECT sim=gem5 seq=928 dest=502 tier=1 epoch1=0 epoch2=0 width=4]
[ECG-K2-RECV sim=gem5 seq=928 dest=502 tier=1 epoch1=0 epoch2=0 width=4]
[ECG-K2-REQUEST sim=gem5 seq=729 request_seq=247332623 dest=502 tier=1 epoch1=0 epoch2=0 current=0 context=1]
[ECG-K2-EXPECT sim=gem5 seq=929 dest=511 tier=1 epoch1=0 epoch2=0 width=4]
[ECG-K2-RECV sim=gem5 seq=929 dest=511 tier=1 epoch1=0 epoch2=0 width=4]
[ECG-K2-REQUEST sim=gem5 seq=730 request_seq=247332632 dest=511 tier=1 epoch1=0 epoch2=0 current=0 context=1]
[ECG-K2-EXPECT sim=gem5 seq=930 dest=464 tier=1 epoch1=0 epoch2=0 width=4]
[ECG-K2-RECV sim=gem5 seq=930 dest=464 tier=1 epoch1=0 epoch2=0 width=4]
[ECG-K2-EXPECT sim=gem5 seq=931 dest=465 tier=1 epoch1=0 epoch2=0 width=4]
[ECG-K2-RECV sim=gem5 seq=931 dest=465 tier=1 epoch1=0 epoch2=0 width=4]
[ECG-K2-EXPECT sim=gem5 seq=932 dest=484 tier=1 epoch1=0 epoch2=0 width=4]
[ECG-K2-RECV sim=gem5 seq=932 dest=484 tier=1 epoch1=0 epoch2=0 width=4]
[ECG-K2-EXPECT sim=gem5 seq=933 dest=489 tier=1 epoch1=0 epoch2=0 width=4]
[ECG-K2-RECV sim=gem5 seq=933 dest=489 tier=1 epoch1=0 epoch2=0 width=4]
[ECG-K2-ACCEPT sim=gem5 seq=724 request_seq=247332578 request_dest=463 fill_dest=463 source=request tier=1 epoch1=0 epoch2=0 current=0 context=1 property_elem_bytes=4]
[ECG-K2-EXPECT sim=gem5 seq=934 dest=502 tier=1 epoch1=0 epoch2=0 width=4]
[ECG-K2-RECV sim=gem5 seq=934 dest=502 tier=1 epoch1=0 epoch2=0 width=4]
[ECG-K2-EXPECT sim=gem5 seq=935 dest=511 tier=1 epoch1=0 epoch2=0 width=4]
[ECG-K2-RECV sim=gem5 seq=935 dest=511 tier=1 epoch1=0 epoch2=0 width=4]
[ECG-K2-EXPECT sim=gem5 seq=936 dest=465 tier=1 epoch1=0 epoch2=0 width=4]
[ECG-K2-RECV sim=gem5 seq=936 dest=465 tier=1 epoch1=0 epoch2=0 width=4]
[ECG-K2-EXPECT sim=gem5 seq=937 dest=484 tier=1 epoch1=0 epoch2=0 width=4]
[ECG-K2-RECV sim=gem5 seq=937 dest=484 tier=1 epoch1=0 epoch2=0 width=4]
[ECG-K2-EXPECT sim=gem5 seq=938 dest=489 tier=1 epoch1=0 epoch2=0 width=4]
[ECG-K2-RECV sim=gem5 seq=938 dest=489 tier=1 epoch1=0 epoch2=0 width=4]
[ECG-K2-EXPECT sim=gem5 seq=939 dest=502 tier=1 epoch1=0 epoch2=0 width=4]
[ECG-K2-RECV sim=gem5 seq=939 dest=502 tier=1 epoch1=0 epoch2=0 width=4]
[ECG-K2-EXPECT sim=gem5 seq=940 dest=511 tier=1 epoch1=0 epoch2=0 width=4]
[ECG-K2-RECV sim=gem5 seq=940 dest=511 tier=1 epoch1=0 epoch2=0 width=4]
[ECG-K2-EXPECT sim=gem5 seq=941 dest=489 tier=1 epoch1=0 epoch2=0 width=4]
[ECG-K2-RECV sim=gem5 seq=941 dest=489 tier=1 epoch1=0 epoch2=0 width=4]
[ECG-K2-EXPECT sim=gem5 seq=942 dest=502 tier=1 epoch1=0 epoch2=0 width=4]
[ECG-K2-RECV sim=gem5 seq=942 dest=502 tier=1 epoch1=0 epoch2=0 width=4]
[ECG-K2-EXPECT sim=gem5 seq=943 dest=511 tier=1 epoch1=0 epoch2=0 width=4]
[ECG-K2-RECV sim=gem5 seq=943 dest=511 tier=1 epoch1=0 epoch2=0 width=4]
[ECG-K2-EXPECT sim=gem5 seq=944 dest=511 tier=1 epoch1=0 epoch2=0 width=4]
[ECG-K2-RECV sim=gem5 seq=944 dest=511 tier=1 epoch1=0 epoch2=0 width=4]
[ECG-K2-EXPECT sim=gem5 seq=945 dest=516 tier=1 epoch1=0 epoch2=0 width=4]
[ECG-K2-RECV sim=gem5 seq=945 dest=516 tier=1 epoch1=0 epoch2=0 width=4]
[ECG-K2-REQUEST sim=gem5 seq=731 request_seq=247332641 dest=516 tier=1 epoch1=0 epoch2=0 current=0 context=1]
[ECG-K2-EXPECT sim=gem5 seq=946 dest=521 tier=1 epoch1=0 epoch2=0 width=4]
[ECG-K2-RECV sim=gem5 seq=946 dest=521 tier=1 epoch1=0 epoch2=0 width=4]
[ECG-K2-REQUEST sim=gem5 seq=732 request_seq=247332650 dest=521 tier=1 epoch1=0 epoch2=0 current=0 context=1]
[ECG-K2-EXPECT sim=gem5 seq=947 dest=531 tier=1 epoch1=0 epoch2=0 width=4]
[ECG-K2-RECV sim=gem5 seq=947 dest=531 tier=1 epoch1=0 epoch2=0 width=4]
[ECG-K2-REQUEST sim=gem5 seq=733 request_seq=247332659 dest=531 tier=1 epoch1=0 epoch2=0 current=0 context=1]
[ECG-K2-EXPECT sim=gem5 seq=948 dest=533 tier=1 epoch1=0 epoch2=0 width=4]
[ECG-K2-RECV sim=gem5 seq=948 dest=533 tier=1 epoch1=0 epoch2=0 width=4]
[ECG-K2-REQUEST sim=gem5 seq=734 request_seq=247332668 dest=533 tier=1 epoch1=0 epoch2=0 current=0 context=1]
[ECG-K2-ACCEPT sim=gem5 seq=732 request_seq=247332650 request_dest=521 fill_dest=516 source=request tier=1 epoch1=0 epoch2=0 current=0 context=1 property_elem_bytes=4]
[ECG-K2-ACCEPT sim=gem5 seq=734 request_seq=247332668 request_dest=533 fill_dest=531 source=request tier=1 epoch1=0 epoch2=0 current=0 context=1 property_elem_bytes=4]
[ECG-K2-EXPECT sim=gem5 seq=949 dest=540 tier=1 epoch1=0 epoch2=0 width=4]
[ECG-K2-RECV sim=gem5 seq=949 dest=540 tier=1 epoch1=0 epoch2=0 width=4]
[ECG-K2-REQUEST sim=gem5 seq=735 request_seq=247332677 dest=540 tier=1 epoch1=0 epoch2=0 current=0 context=1]
[ECG-STREAM-BYPASS sim=gem5 cache=system.l3cache addr=0x3c9b80 vaddr=0x3b8b80 size=4 source=request-flag allocate=0]
[ECG-K2-EXPECT sim=gem5 seq=950 dest=571 tier=1 epoch1=0 epoch2=0 width=4]
[ECG-K2-RECV sim=gem5 seq=950 dest=571 tier=1 epoch1=0 epoch2=0 width=4]
[ECG-K2-REQUEST sim=gem5 seq=736 request_seq=247332686 dest=571 tier=1 epoch1=0 epoch2=0 current=0 context=1]
[ECG-K2-EXPECT sim=gem5 seq=951 dest=574 tier=1 epoch1=0 epoch2=0 width=4]
[ECG-K2-RECV sim=gem5 seq=951 dest=574 tier=1 epoch1=0 epoch2=0 width=4]
[ECG-K2-REQUEST sim=gem5 seq=737 request_seq=247332695 dest=574 tier=1 epoch1=0 epoch2=0 current=0 context=1]
[ECG-K2-EXPECT sim=gem5 seq=952 dest=588 tier=1 epoch1=0 epoch2=0 width=4]
[ECG-K2-RECV sim=gem5 seq=952 dest=588 tier=1 epoch1=0 epoch2=0 width=4]
[ECG-K2-REQUEST sim=gem5 seq=738 request_seq=247332704 dest=588 tier=1 epoch1=0 epoch2=0 current=0 context=1]
[ECG-K2-EXPECT sim=gem5 seq=953 dest=598 tier=1 epoch1=0 epoch2=0 width=4]
[ECG-K2-RECV sim=gem5 seq=953 dest=598 tier=1 epoch1=0 epoch2=0 width=4]
[ECG-K2-REQUEST sim=gem5 seq=739 request_seq=247332713 dest=598 tier=1 epoch1=0 epoch2=0 current=0 context=1]
[ECG-K2-EXPECT sim=gem5 seq=954 dest=599 tier=1 epoch1=0 epoch2=0 width=4]
[ECG-K2-RECV sim=gem5 seq=954 dest=599 tier=1 epoch1=0 epoch2=0 width=4]
[ECG-K2-REQUEST sim=gem5 seq=740 request_seq=247332722 dest=599 tier=1 epoch1=0 epoch2=0 current=0 context=1]
[ECG-K2-EXPECT sim=gem5 seq=955 dest=600 tier=1 epoch1=0 epoch2=0 width=4]
[ECG-K2-RECV sim=gem5 seq=955 dest=600 tier=1 epoch1=0 epoch2=0 width=4]
[ECG-K2-REQUEST sim=gem5 seq=741 request_seq=247332731 dest=600 tier=1 epoch1=0 epoch2=0 current=0 context=1]
[ECG-K2-EXPECT sim=gem5 seq=956 dest=619 tier=1 epoch1=0 epoch2=0 width=4]
[ECG-K2-RECV sim=gem5 seq=956 dest=619 tier=1 epoch1=0 epoch2=0 width=4]
[ECG-K2-REQUEST sim=gem5 seq=742 request_seq=247332740 dest=619 tier=1 epoch1=0 epoch2=0 current=0 context=1]
[ECG-K2-EXPECT sim=gem5 seq=957 dest=623 tier=1 epoch1=0 epoch2=0 width=4]
[ECG-K2-RECV sim=gem5 seq=957 dest=623 tier=1 epoch1=0 epoch2=0 width=4]
[ECG-K2-REQUEST sim=gem5 seq=743 request_seq=247332749 dest=623 tier=1 epoch1=0 epoch2=0 current=0 context=1]
[ECG-K2-EXPECT sim=gem5 seq=958 dest=637 tier=1 epoch1=0 epoch2=0 width=4]
[ECG-K2-RECV sim=gem5 seq=958 dest=637 tier=1 epoch1=0 epoch2=0 width=4]
[ECG-K2-REQUEST sim=gem5 seq=744 request_seq=247332758 dest=637 tier=1 epoch1=0 epoch2=0 current=0 context=1]
[ECG-K2-EXPECT sim=gem5 seq=959 dest=647 tier=1 epoch1=0 epoch2=0 width=4]
[ECG-K2-RECV sim=gem5 seq=959 dest=647 tier=1 epoch1=0 epoch2=0 width=4]
[ECG-K2-REQUEST sim=gem5 seq=745 request_seq=247332767 dest=647 tier=1 epoch1=0 epoch2=0 current=0 context=1]
[ECG-K2-EXPECT sim=gem5 seq=960 dest=649 tier=1 epoch1=0 epoch2=0 width=4]
[ECG-K2-RECV sim=gem5 seq=960 dest=649 tier=1 epoch1=0 epoch2=0 width=4]
[ECG-K2-REQUEST sim=gem5 seq=746 request_seq=247332776 dest=649 tier=1 epoch1=0 epoch2=0 current=0 context=1]
[ECG-K2-ACCEPT sim=gem5 seq=738 request_seq=247332704 request_dest=588 fill_dest=588 source=request tier=1 epoch1=0 epoch2=0 current=0 context=1 property_elem_bytes=4]
[ECG-K2-EXPECT sim=gem5 seq=961 dest=623 tier=1 epoch1=0 epoch2=0 width=4]
[ECG-K2-RECV sim=gem5 seq=961 dest=623 tier=1 epoch1=0 epoch2=0 width=4]
[ECG-K2-EXPECT sim=gem5 seq=962 dest=637 tier=1 epoch1=0 epoch2=0 width=4]
[ECG-K2-RECV sim=gem5 seq=962 dest=637 tier=1 epoch1=0 epoch2=0 width=4]
[ECG-K2-EXPECT sim=gem5 seq=963 dest=647 tier=1 epoch1=0 epoch2=0 width=4]
[ECG-K2-RECV sim=gem5 seq=963 dest=647 tier=1 epoch1=0 epoch2=0 width=4]
[ECG-K2-EXPECT sim=gem5 seq=964 dest=649 tier=1 epoch1=0 epoch2=0 width=4]
[ECG-K2-RECV sim=gem5 seq=964 dest=649 tier=1 epoch1=0 epoch2=0 width=4]
[ECG-K2-ACCEPT sim=gem5 seq=743 request_seq=247332749 request_dest=623 fill_dest=619 source=request tier=1 epoch1=0 epoch2=0 current=0 context=1 property_elem_bytes=4]
[ECG-K2-EXPECT sim=gem5 seq=965 dest=647 tier=1 epoch1=0 epoch2=0 width=4]
[ECG-K2-RECV sim=gem5 seq=965 dest=647 tier=1 epoch1=0 epoch2=0 width=4]
[ECG-K2-EXPECT sim=gem5 seq=966 dest=649 tier=1 epoch1=0 epoch2=0 width=4]
[ECG-K2-RECV sim=gem5 seq=966 dest=649 tier=1 epoch1=0 epoch2=0 width=4]
[ECG-K2-ACCEPT sim=gem5 seq=745 request_seq=247332767 request_dest=647 fill_dest=647 source=request tier=1 epoch1=0 epoch2=0 current=0 context=1 property_elem_bytes=4]
[ECG-K2-EXPECT sim=gem5 seq=967 dest=649 tier=1 epoch1=0 epoch2=0 width=4]
[ECG-K2-RECV sim=gem5 seq=967 dest=649 tier=1 epoch1=0 epoch2=0 width=4]
[ECG-K2-EXPECT sim=gem5 seq=968 dest=675 tier=1 epoch1=0 epoch2=0 width=4]
[ECG-K2-RECV sim=gem5 seq=968 dest=675 tier=1 epoch1=0 epoch2=0 width=4]
[ECG-K2-REQUEST sim=gem5 seq=747 request_seq=247332785 dest=675 tier=1 epoch1=0 epoch2=0 current=0 context=1]
[ECG-K2-EXPECT sim=gem5 seq=969 dest=680 tier=1 epoch1=0 epoch2=0 width=4]
[ECG-K2-RECV sim=gem5 seq=969 dest=680 tier=1 epoch1=0 epoch2=0 width=4]
[ECG-K2-REQUEST sim=gem5 seq=748 request_seq=247332794 dest=680 tier=1 epoch1=0 epoch2=0 current=0 context=1]
[ECG-K2-EXPECT sim=gem5 seq=970 dest=686 tier=1 epoch1=0 epoch2=0 width=4]
[ECG-K2-RECV sim=gem5 seq=970 dest=686 tier=1 epoch1=0 epoch2=0 width=4]
[ECG-K2-REQUEST sim=gem5 seq=749 request_seq=247332803 dest=686 tier=1 epoch1=0 epoch2=0 current=0 context=1]
[ECG-K2-EXPECT sim=gem5 seq=971 dest=688 tier=1 epoch1=0 epoch2=0 width=4]
[ECG-K2-RECV sim=gem5 seq=971 dest=688 tier=1 epoch1=0 epoch2=0 width=4]
[ECG-K2-REQUEST sim=gem5 seq=750 request_seq=247332812 dest=688 tier=1 epoch1=0 epoch2=0 current=0 context=1]
[ECG-K2-EXPECT sim=gem5 seq=972 dest=688 tier=1 epoch1=0 epoch2=0 width=4]
[ECG-K2-RECV sim=gem5 seq=972 dest=688 tier=1 epoch1=0 epoch2=0 width=4]
[ECG-K2-EXPECT sim=gem5 seq=973 dest=691 tier=1 epoch1=0 epoch2=0 width=4]
[ECG-K2-RECV sim=gem5 seq=973 dest=691 tier=1 epoch1=0 epoch2=0 width=4]
[ECG-K2-REQUEST sim=gem5 seq=751 request_seq=247332821 dest=691 tier=1 epoch1=0 epoch2=0 current=0 context=1]
[ECG-K2-EXPECT sim=gem5 seq=974 dest=691 tier=1 epoch1=0 epoch2=0 width=4]
[ECG-K2-RECV sim=gem5 seq=974 dest=691 tier=1 epoch1=0 epoch2=0 width=4]
[ECG-STREAM-BYPASS sim=gem5 cache=system.l3cache addr=0x3c9bc0 vaddr=0x3b8bc0 size=4 source=request-flag allocate=0]
[ECG-K2-ACCEPT sim=gem5 seq=744 request_seq=247332758 request_dest=637 fill_dest=637 source=request tier=1 epoch1=0 epoch2=0 current=0 context=1 property_elem_bytes=4]
[ECG-K2-EXPECT sim=gem5 seq=975 dest=692 tier=1 epoch1=0 epoch2=0 width=4]
[ECG-K2-RECV sim=gem5 seq=975 dest=692 tier=1 epoch1=0 epoch2=0 width=4]
[ECG-K2-REQUEST sim=gem5 seq=752 request_seq=247332830 dest=692 tier=1 epoch1=0 epoch2=0 current=0 context=1]
[ECG-K2-EXPECT sim=gem5 seq=976 dest=711 tier=1 epoch1=0 epoch2=0 width=4]
[ECG-K2-RECV sim=gem5 seq=976 dest=711 tier=1 epoch1=0 epoch2=0 width=4]
[ECG-K2-REQUEST sim=gem5 seq=753 request_seq=247332839 dest=711 tier=1 epoch1=0 epoch2=0 current=0 context=1]
[ECG-K2-EXPECT sim=gem5 seq=977 dest=717 tier=1 epoch1=0 epoch2=0 width=4]
[ECG-K2-RECV sim=gem5 seq=977 dest=717 tier=1 epoch1=0 epoch2=0 width=4]
[ECG-K2-REQUEST sim=gem5 seq=754 request_seq=247332848 dest=717 tier=1 epoch1=0 epoch2=0 current=0 context=1]
[ECG-K2-EXPECT sim=gem5 seq=978 dest=746 tier=1 epoch1=0 epoch2=0 width=4]
[ECG-K2-RECV sim=gem5 seq=978 dest=746 tier=1 epoch1=0 epoch2=0 width=4]
[ECG-K2-REQUEST sim=gem5 seq=755 request_seq=247332857 dest=746 tier=1 epoch1=0 epoch2=0 current=0 context=1]
[ECG-K2-EXPECT sim=gem5 seq=979 dest=749 tier=1 epoch1=0 epoch2=0 width=4]
[ECG-K2-RECV sim=gem5 seq=979 dest=749 tier=1 epoch1=0 epoch2=0 width=4]
[ECG-K2-REQUEST sim=gem5 seq=756 request_seq=247332866 dest=749 tier=1 epoch1=0 epoch2=0 current=0 context=1]
[ECG-K2-EXPECT sim=gem5 seq=980 dest=750 tier=1 epoch1=0 epoch2=0 width=4]
[ECG-K2-RECV sim=gem5 seq=980 dest=750 tier=1 epoch1=0 epoch2=0 width=4]
[ECG-K2-REQUEST sim=gem5 seq=757 request_seq=247332875 dest=750 tier=1 epoch1=0 epoch2=0 current=0 context=1]
[ECG-K2-EXPECT sim=gem5 seq=981 dest=754 tier=1 epoch1=0 epoch2=0 width=4]
[ECG-K2-RECV sim=gem5 seq=981 dest=754 tier=1 epoch1=0 epoch2=0 width=4]
[ECG-K2-REQUEST sim=gem5 seq=758 request_seq=247332884 dest=754 tier=1 epoch1=0 epoch2=0 current=0 context=1]
[ECG-K2-EXPECT sim=gem5 seq=982 dest=758 tier=1 epoch1=0 epoch2=0 width=4]
[ECG-K2-RECV sim=gem5 seq=982 dest=758 tier=1 epoch1=0 epoch2=0 width=4]
[ECG-K2-REQUEST sim=gem5 seq=759 request_seq=247332893 dest=758 tier=1 epoch1=0 epoch2=0 current=0 context=1]
[ECG-K2-EXPECT sim=gem5 seq=983 dest=764 tier=1 epoch1=0 epoch2=0 width=4]
[ECG-K2-RECV sim=gem5 seq=983 dest=764 tier=1 epoch1=0 epoch2=0 width=4]
[ECG-K2-REQUEST sim=gem5 seq=760 request_seq=247332902 dest=764 tier=1 epoch1=0 epoch2=0 current=0 context=1]
[ECG-K2-EXPECT sim=gem5 seq=984 dest=771 tier=1 epoch1=0 epoch2=0 width=4]
[ECG-K2-RECV sim=gem5 seq=984 dest=771 tier=1 epoch1=0 epoch2=0 width=4]
[ECG-K2-REQUEST sim=gem5 seq=761 request_seq=247332911 dest=771 tier=1 epoch1=0 epoch2=0 current=0 context=1]
[ECG-K2-EXPECT sim=gem5 seq=985 dest=773 tier=1 epoch1=0 epoch2=0 width=4]
[ECG-K2-RECV sim=gem5 seq=985 dest=773 tier=1 epoch1=0 epoch2=0 width=4]
[ECG-K2-REQUEST sim=gem5 seq=762 request_seq=247332920 dest=773 tier=1 epoch1=0 epoch2=0 current=0 context=1]
[ECG-K2-ACCEPT sim=gem5 seq=754 request_seq=247332848 request_dest=717 fill_dest=711 source=request tier=1 epoch1=0 epoch2=0 current=0 context=1 property_elem_bytes=4]
[ECG-K2-ACCEPT sim=gem5 seq=761 request_seq=247332911 request_dest=771 fill_dest=771 source=request tier=1 epoch1=0 epoch2=0 current=0 context=1 property_elem_bytes=4]
[ECG-K2-EXPECT sim=gem5 seq=986 dest=773 tier=1 epoch1=0 epoch2=0 width=4]
[ECG-K2-RECV sim=gem5 seq=986 dest=773 tier=1 epoch1=0 epoch2=0 width=4]
[ECG-K2-EXPECT sim=gem5 seq=987 dest=777 tier=1 epoch1=0 epoch2=0 width=4]
[ECG-K2-RECV sim=gem5 seq=987 dest=777 tier=1 epoch1=0 epoch2=0 width=4]
[ECG-K2-REQUEST sim=gem5 seq=763 request_seq=247332929 dest=777 tier=1 epoch1=0 epoch2=0 current=0 context=1]
[ECG-K2-EXPECT sim=gem5 seq=988 dest=780 tier=1 epoch1=0 epoch2=0 width=4]
[ECG-K2-RECV sim=gem5 seq=988 dest=780 tier=1 epoch1=0 epoch2=0 width=4]
[ECG-K2-REQUEST sim=gem5 seq=764 request_seq=247332938 dest=780 tier=1 epoch1=0 epoch2=0 current=0 context=1]
[ECG-K2-EXPECT sim=gem5 seq=989 dest=782 tier=1 epoch1=0 epoch2=0 width=4]
[ECG-K2-RECV sim=gem5 seq=989 dest=782 tier=1 epoch1=0 epoch2=0 width=4]
[ECG-K2-REQUEST sim=gem5 seq=765 request_seq=247332947 dest=782 tier=1 epoch1=0 epoch2=0 current=0 context=1]
[ECG-K2-EXPECT sim=gem5 seq=990 dest=785 tier=2 epoch1=0 epoch2=0 width=4]
[ECG-K2-RECV sim=gem5 seq=990 dest=785 tier=2 epoch1=0 epoch2=0 width=4]
[ECG-K2-REQUEST sim=gem5 seq=766 request_seq=247332956 dest=785 tier=2 epoch1=0 epoch2=0 current=0 context=1]
[ECG-K2-EXPECT sim=gem5 seq=991 dest=793 tier=2 epoch1=0 epoch2=0 width=4]
[ECG-K2-RECV sim=gem5 seq=991 dest=793 tier=2 epoch1=0 epoch2=0 width=4]
[ECG-K2-REQUEST sim=gem5 seq=767 request_seq=247332965 dest=793 tier=2 epoch1=0 epoch2=0 current=0 context=1]
[ECG-STREAM-BYPASS sim=gem5 cache=system.l3cache addr=0x3c9c00 vaddr=0x3b8c00 size=4 source=request-flag allocate=0]
[ECG-K2-EXPECT sim=gem5 seq=992 dest=819 tier=2 epoch1=0 epoch2=0 width=4]
[ECG-K2-RECV sim=gem5 seq=992 dest=819 tier=2 epoch1=0 epoch2=0 width=4]
[ECG-K2-REQUEST sim=gem5 seq=768 request_seq=247332974 dest=819 tier=2 epoch1=0 epoch2=0 current=0 context=1]
[ECG-K2-EXPECT sim=gem5 seq=993 dest=840 tier=2 epoch1=0 epoch2=0 width=4]
[ECG-K2-RECV sim=gem5 seq=993 dest=840 tier=2 epoch1=0 epoch2=0 width=4]
[ECG-K2-REQUEST sim=gem5 seq=769 request_seq=247332983 dest=840 tier=2 epoch1=0 epoch2=0 current=0 context=1]
[ECG-K2-EXPECT sim=gem5 seq=994 dest=845 tier=2 epoch1=0 epoch2=0 width=4]
[ECG-K2-RECV sim=gem5 seq=994 dest=845 tier=2 epoch1=0 epoch2=0 width=4]
[ECG-K2-REQUEST sim=gem5 seq=770 request_seq=247332992 dest=845 tier=2 epoch1=0 epoch2=0 current=0 context=1]
[ECG-K2-EXPECT sim=gem5 seq=995 dest=880 tier=2 epoch1=0 epoch2=0 width=4]
[ECG-K2-RECV sim=gem5 seq=995 dest=880 tier=2 epoch1=0 epoch2=0 width=4]
[ECG-K2-REQUEST sim=gem5 seq=771 request_seq=247333001 dest=880 tier=2 epoch1=0 epoch2=0 current=0 context=1]
[ECG-K2-EXPECT sim=gem5 seq=996 dest=886 tier=2 epoch1=0 epoch2=0 width=4]
[ECG-K2-RECV sim=gem5 seq=996 dest=886 tier=2 epoch1=0 epoch2=0 width=4]
[ECG-K2-REQUEST sim=gem5 seq=772 request_seq=247333010 dest=886 tier=2 epoch1=0 epoch2=0 current=0 context=1]
[ECG-K2-EXPECT sim=gem5 seq=997 dest=889 tier=2 epoch1=0 epoch2=0 width=4]
[ECG-K2-RECV sim=gem5 seq=997 dest=889 tier=2 epoch1=0 epoch2=0 width=4]
[ECG-K2-REQUEST sim=gem5 seq=773 request_seq=247333019 dest=889 tier=2 epoch1=0 epoch2=0 current=0 context=1]
[ECG-K2-EXPECT sim=gem5 seq=998 dest=927 tier=2 epoch1=0 epoch2=0 width=4]
[ECG-K2-RECV sim=gem5 seq=998 dest=927 tier=2 epoch1=0 epoch2=0 width=4]
[ECG-K2-REQUEST sim=gem5 seq=774 request_seq=247333028 dest=927 tier=2 epoch1=0 epoch2=0 current=0 context=1]
[ECG-K2-EXPECT sim=gem5 seq=999 dest=948 tier=2 epoch1=0 epoch2=0 width=4]
[ECG-K2-RECV sim=gem5 seq=999 dest=948 tier=2 epoch1=0 epoch2=0 width=4]
[ECG-K2-REQUEST sim=gem5 seq=775 request_seq=247333037 dest=948 tier=2 epoch1=0 epoch2=0 current=0 context=1]
[ECG-K2-EXPECT sim=gem5 seq=1000 dest=1003 tier=2 epoch1=0 epoch2=0 width=4]
[ECG-K2-RECV sim=gem5 seq=1000 dest=1003 tier=2 epoch1=0 epoch2=0 width=4]
[ECG-K2-REQUEST sim=gem5 seq=776 request_seq=247333046 dest=1003 tier=2 epoch1=0 epoch2=0 current=0 context=1]
[ECG-K2-EXPECT sim=gem5 seq=1001 dest=1005 tier=2 epoch1=0 epoch2=0 width=4]
[ECG-K2-RECV sim=gem5 seq=1001 dest=1005 tier=2 epoch1=0 epoch2=0 width=4]
[ECG-K2-REQUEST sim=gem5 seq=777 request_seq=247333055 dest=1005 tier=2 epoch1=0 epoch2=0 current=0 context=1]
[ECG-K2-EXPECT sim=gem5 seq=1002 dest=1033 tier=2 epoch1=0 epoch2=0 width=4]
[ECG-K2-RECV sim=gem5 seq=1002 dest=1033 tier=2 epoch1=0 epoch2=0 width=4]
[ECG-K2-REQUEST sim=gem5 seq=778 request_seq=247333064 dest=1033 tier=2 epoch1=0 epoch2=0 current=0 context=1]
[ECG-K2-ACCEPT sim=gem5 seq=768 request_seq=247332974 request_dest=819 fill_dest=819 source=request tier=2 epoch1=0 epoch2=0 current=0 context=1 property_elem_bytes=4]
[ECG-K2-EXPECT sim=gem5 seq=1003 dest=948 tier=2 epoch1=0 epoch2=0 width=4]
[ECG-K2-RECV sim=gem5 seq=1003 dest=948 tier=2 epoch1=0 epoch2=0 width=4]
[ECG-K2-EXPECT sim=gem5 seq=1004 dest=1003 tier=2 epoch1=0 epoch2=0 width=4]
[ECG-K2-RECV sim=gem5 seq=1004 dest=1003 tier=2 epoch1=0 epoch2=0 width=4]
[ECG-K2-EXPECT sim=gem5 seq=1005 dest=1005 tier=2 epoch1=0 epoch2=0 width=4]
[ECG-K2-RECV sim=gem5 seq=1005 dest=1005 tier=2 epoch1=0 epoch2=0 width=4]
[ECG-K2-EXPECT sim=gem5 seq=1006 dest=1033 tier=2 epoch1=0 epoch2=0 width=4]
[ECG-K2-RECV sim=gem5 seq=1006 dest=1033 tier=2 epoch1=0 epoch2=0 width=4]
[ECG-K2-EXPECT sim=gem5 seq=1007 dest=1003 tier=2 epoch1=0 epoch2=0 width=4]
[ECG-K2-RECV sim=gem5 seq=1007 dest=1003 tier=2 epoch1=0 epoch2=0 width=4]
[ECG-K2-EXPECT sim=gem5 seq=1008 dest=1005 tier=2 epoch1=0 epoch2=0 width=4]
[ECG-K2-RECV sim=gem5 seq=1008 dest=1005 tier=2 epoch1=0 epoch2=0 width=4]
[ECG-K2-EXPECT sim=gem5 seq=1009 dest=1033 tier=2 epoch1=0 epoch2=0 width=4]
[ECG-K2-RECV sim=gem5 seq=1009 dest=1033 tier=2 epoch1=0 epoch2=0 width=4]
[ECG-K2-EXPECT sim=gem5 seq=1010 dest=1005 tier=2 epoch1=0 epoch2=0 width=4]
[ECG-K2-RECV sim=gem5 seq=1010 dest=1005 tier=2 epoch1=0 epoch2=0 width=4]
[ECG-K2-EXPECT sim=gem5 seq=1011 dest=1033 tier=2 epoch1=0 epoch2=0 width=4]
[ECG-K2-RECV sim=gem5 seq=1011 dest=1033 tier=2 epoch1=0 epoch2=0 width=4]
[ECG-K2-EXPECT sim=gem5 seq=1012 dest=1075 tier=2 epoch1=0 epoch2=0 width=4]
[ECG-K2-RECV sim=gem5 seq=1012 dest=1075 tier=2 epoch1=0 epoch2=0 width=4]
[ECG-K2-REQUEST sim=gem5 seq=779 request_seq=247333073 dest=1075 tier=2 epoch1=0 epoch2=0 current=0 context=1]
[ECG-K2-ACCEPT sim=gem5 seq=770 request_seq=247332992 request_dest=845 fill_dest=840 source=request tier=2 epoch1=0 epoch2=0 current=0 context=1 property_elem_bytes=4]
[ECG-K2-ACCEPT sim=gem5 seq=779 request_seq=247333073 request_dest=1075 fill_dest=1075 source=request tier=2 epoch1=0 epoch2=0 current=0 context=1 property_elem_bytes=4]
[ECG-K2-ACCEPT sim=gem5 seq=774 request_seq=247333028 request_dest=927 fill_dest=927 source=request tier=2 epoch1=0 epoch2=0 current=0 context=1 property_elem_bytes=4]
[ECG-K2-EXPECT sim=gem5 seq=1013 dest=1083 tier=2 epoch1=0 epoch2=0 width=4]
[ECG-K2-RECV sim=gem5 seq=1013 dest=1083 tier=2 epoch1=0 epoch2=0 width=4]
[ECG-K2-REQUEST sim=gem5 seq=780 request_seq=247333082 dest=1083 tier=2 epoch1=0 epoch2=0 current=0 context=1]
[ECG-K2-ACCEPT sim=gem5 seq=778 request_seq=247333064 request_dest=1033 fill_dest=1033 source=request tier=2 epoch1=0 epoch2=0 current=0 context=1 property_elem_bytes=4]
[ECG-K2-EXPECT sim=gem5 seq=1014 dest=1089 tier=2 epoch1=0 epoch2=0 width=4]
[ECG-K2-RECV sim=gem5 seq=1014 dest=1089 tier=2 epoch1=0 epoch2=0 width=4]
[ECG-K2-REQUEST sim=gem5 seq=781 request_seq=247333091 dest=1089 tier=2 epoch1=0 epoch2=0 current=0 context=1]
[ECG-K2-EXPECT sim=gem5 seq=1015 dest=1127 tier=2 epoch1=0 epoch2=0 width=4]
[ECG-K2-RECV sim=gem5 seq=1015 dest=1127 tier=2 epoch1=0 epoch2=0 width=4]
[ECG-K2-REQUEST sim=gem5 seq=782 request_seq=247333100 dest=1127 tier=2 epoch1=0 epoch2=0 current=0 context=1]
[ECG-K2-EXPECT sim=gem5 seq=1016 dest=1135 tier=2 epoch1=0 epoch2=0 width=4]
[ECG-K2-RECV sim=gem5 seq=1016 dest=1135 tier=2 epoch1=0 epoch2=0 width=4]
[ECG-K2-REQUEST sim=gem5 seq=783 request_seq=247333109 dest=1135 tier=2 epoch1=0 epoch2=0 current=0 context=1]
[ECG-K2-ACCEPT sim=gem5 seq=781 request_seq=247333091 request_dest=1089 fill_dest=1089 source=request tier=2 epoch1=0 epoch2=0 current=0 context=1 property_elem_bytes=4]
[ECG-STREAM-BYPASS sim=gem5 cache=system.l3cache addr=0x3c9c40 vaddr=0x3b8c40 size=4 source=request-flag allocate=0]
[ECG-K2-EXPECT sim=gem5 seq=1017 dest=1135 tier=2 epoch1=0 epoch2=0 width=4]
[ECG-K2-RECV sim=gem5 seq=1017 dest=1135 tier=2 epoch1=0 epoch2=0 width=4]
[ECG-K2-EXPECT sim=gem5 seq=1018 dest=1138 tier=2 epoch1=0 epoch2=0 width=4]
[ECG-K2-RECV sim=gem5 seq=1018 dest=1138 tier=2 epoch1=0 epoch2=0 width=4]
[ECG-K2-REQUEST sim=gem5 seq=784 request_seq=247333118 dest=1138 tier=2 epoch1=0 epoch2=0 current=0 context=1]
[ECG-K2-EXPECT sim=gem5 seq=1019 dest=1152 tier=2 epoch1=0 epoch2=0 width=4]
[ECG-K2-RECV sim=gem5 seq=1019 dest=1152 tier=2 epoch1=0 epoch2=0 width=4]
[ECG-K2-REQUEST sim=gem5 seq=785 request_seq=247333127 dest=1152 tier=2 epoch1=0 epoch2=0 current=0 context=1]
[ECG-K2-EXPECT sim=gem5 seq=1020 dest=1174 tier=2 epoch1=0 epoch2=0 width=4]
[ECG-K2-RECV sim=gem5 seq=1020 dest=1174 tier=2 epoch1=0 epoch2=0 width=4]
[ECG-K2-REQUEST sim=gem5 seq=786 request_seq=247333136 dest=1174 tier=2 epoch1=0 epoch2=0 current=0 context=1]
[ECG-K2-EXPECT sim=gem5 seq=1021 dest=1184 tier=2 epoch1=0 epoch2=0 width=4]
[ECG-K2-RECV sim=gem5 seq=1021 dest=1184 tier=2 epoch1=0 epoch2=0 width=4]
[ECG-K2-REQUEST sim=gem5 seq=787 request_seq=247333145 dest=1184 tier=2 epoch1=0 epoch2=0 current=0 context=1]
[ECG-K2-EXPECT sim=gem5 seq=1022 dest=1195 tier=2 epoch1=0 epoch2=0 width=4]
[ECG-K2-RECV sim=gem5 seq=1022 dest=1195 tier=2 epoch1=0 epoch2=0 width=4]
[ECG-K2-REQUEST sim=gem5 seq=788 request_seq=247333154 dest=1195 tier=2 epoch1=0 epoch2=0 current=0 context=1]
[ECG-K2-EXPECT sim=gem5 seq=1023 dest=1198 tier=2 epoch1=0 epoch2=0 width=4]
[ECG-K2-RECV sim=gem5 seq=1023 dest=1198 tier=2 epoch1=0 epoch2=0 width=4]
[ECG-K2-REQUEST sim=gem5 seq=789 request_seq=247333163 dest=1198 tier=2 epoch1=0 epoch2=0 current=0 context=1]
[ECG-K2-EXPECT sim=gem5 seq=1024 dest=1209 tier=2 epoch1=0 epoch2=0 width=4]
[ECG-K2-RECV sim=gem5 seq=1024 dest=1209 tier=2 epoch1=0 epoch2=0 width=4]
[ECG-K2-REQUEST sim=gem5 seq=790 request_seq=247333172 dest=1209 tier=2 epoch1=0 epoch2=0 current=0 context=1]
[ECG-K2-EXPECT sim=gem5 seq=1025 dest=1226 tier=2 epoch1=0 epoch2=0 width=4]
[ECG-K2-RECV sim=gem5 seq=1025 dest=1226 tier=2 epoch1=0 epoch2=0 width=4]
[ECG-K2-REQUEST sim=gem5 seq=791 request_seq=247333181 dest=1226 tier=2 epoch1=0 epoch2=0 current=0 context=1]
[ECG-K2-EXPECT sim=gem5 seq=1026 dest=1236 tier=2 epoch1=0 epoch2=0 width=4]
[ECG-K2-RECV sim=gem5 seq=1026 dest=1236 tier=2 epoch1=0 epoch2=0 width=4]
[ECG-K2-REQUEST sim=gem5 seq=792 request_seq=247333190 dest=1236 tier=2 epoch1=0 epoch2=0 current=0 context=1]
[ECG-K2-EXPECT sim=gem5 seq=1027 dest=1245 tier=2 epoch1=0 epoch2=0 width=4]
[ECG-K2-RECV sim=gem5 seq=1027 dest=1245 tier=2 epoch1=0 epoch2=0 width=4]
[ECG-K2-REQUEST sim=gem5 seq=793 request_seq=247333199 dest=1245 tier=2 epoch1=0 epoch2=0 current=0 context=1]
[ECG-K2-EXPECT sim=gem5 seq=1028 dest=1371 tier=3 epoch1=0 epoch2=0 width=4]
[ECG-K2-RECV sim=gem5 seq=1028 dest=1371 tier=3 epoch1=0 epoch2=0 width=4]
[ECG-K2-REQUEST sim=gem5 seq=794 request_seq=247333208 dest=1371 tier=3 epoch1=0 epoch2=0 current=0 context=1]
[ECG-K2-ACCEPT sim=gem5 seq=785 request_seq=247333127 request_dest=1152 fill_dest=1152 source=request tier=2 epoch1=0 epoch2=0 current=0 context=1 property_elem_bytes=4]
[ECG-K2-ACCEPT sim=gem5 seq=786 request_seq=247333136 request_dest=1174 fill_dest=1174 source=request tier=2 epoch1=0 epoch2=0 current=0 context=1 property_elem_bytes=4]
[ECG-K2-EXPECT sim=gem5 seq=1029 dest=1195 tier=2 epoch1=0 epoch2=0 width=4]
[ECG-K2-RECV sim=gem5 seq=1029 dest=1195 tier=2 epoch1=0 epoch2=0 width=4]
[ECG-K2-EXPECT sim=gem5 seq=1030 dest=1198 tier=2 epoch1=0 epoch2=0 width=4]
[ECG-K2-RECV sim=gem5 seq=1030 dest=1198 tier=2 epoch1=0 epoch2=0 width=4]
[ECG-K2-EXPECT sim=gem5 seq=1031 dest=1209 tier=2 epoch1=0 epoch2=0 width=4]
[ECG-K2-RECV sim=gem5 seq=1031 dest=1209 tier=2 epoch1=0 epoch2=0 width=4]
[ECG-K2-EXPECT sim=gem5 seq=1032 dest=1226 tier=2 epoch1=0 epoch2=0 width=4]
[ECG-K2-RECV sim=gem5 seq=1032 dest=1226 tier=2 epoch1=0 epoch2=0 width=4]
[ECG-K2-EXPECT sim=gem5 seq=1033 dest=1236 tier=2 epoch1=0 epoch2=0 width=4]
[ECG-K2-RECV sim=gem5 seq=1033 dest=1236 tier=2 epoch1=0 epoch2=0 width=4]
[ECG-K2-EXPECT sim=gem5 seq=1034 dest=1245 tier=2 epoch1=0 epoch2=0 width=4]
[ECG-K2-RECV sim=gem5 seq=1034 dest=1245 tier=2 epoch1=0 epoch2=0 width=4]
[ECG-K2-EXPECT sim=gem5 seq=1035 dest=1371 tier=3 epoch1=0 epoch2=0 width=4]
[ECG-K2-RECV sim=gem5 seq=1035 dest=1371 tier=3 epoch1=0 epoch2=0 width=4]
[ECG-K2-EXPECT sim=gem5 seq=1036 dest=1226 tier=2 epoch1=0 epoch2=0 width=4]
[ECG-K2-RECV sim=gem5 seq=1036 dest=1226 tier=2 epoch1=0 epoch2=0 width=4]
[ECG-K2-EXPECT sim=gem5 seq=1037 dest=1236 tier=2 epoch1=0 epoch2=0 width=4]
[ECG-K2-RECV sim=gem5 seq=1037 dest=1236 tier=2 epoch1=0 epoch2=0 width=4]
[ECG-K2-EXPECT sim=gem5 seq=1038 dest=1245 tier=2 epoch1=0 epoch2=0 width=4]
[ECG-K2-RECV sim=gem5 seq=1038 dest=1245 tier=2 epoch1=0 epoch2=0 width=4]
[ECG-K2-EXPECT sim=gem5 seq=1039 dest=1371 tier=3 epoch1=0 epoch2=0 width=4]
[ECG-K2-RECV sim=gem5 seq=1039 dest=1371 tier=3 epoch1=0 epoch2=0 width=4]
[ECG-K2-EXPECT sim=gem5 seq=1040 dest=1236 tier=2 epoch1=0 epoch2=0 width=4]
[ECG-K2-RECV sim=gem5 seq=1040 dest=1236 tier=2 epoch1=0 epoch2=0 width=4]
[ECG-K2-EXPECT sim=gem5 seq=1041 dest=1245 tier=2 epoch1=0 epoch2=0 width=4]
[ECG-K2-RECV sim=gem5 seq=1041 dest=1245 tier=2 epoch1=0 epoch2=0 width=4]
[ECG-K2-EXPECT sim=gem5 seq=1042 dest=1371 tier=3 epoch1=0 epoch2=0 width=4]
[ECG-K2-RECV sim=gem5 seq=1042 dest=1371 tier=3 epoch1=0 epoch2=0 width=4]
[ECG-K2-ACCEPT sim=gem5 seq=791 request_seq=247333181 request_dest=1226 fill_dest=1226 source=request tier=2 epoch1=0 epoch2=0 current=0 context=1 property_elem_bytes=4]
[ECG-K2-ACCEPT sim=gem5 seq=792 request_seq=247333190 request_dest=1236 fill_dest=1236 source=request tier=2 epoch1=0 epoch2=0 current=0 context=1 property_elem_bytes=4]
[ECG-K2-EXPECT sim=gem5 seq=1043 dest=1245 tier=2 epoch1=0 epoch2=0 width=4]
[ECG-K2-RECV sim=gem5 seq=1043 dest=1245 tier=2 epoch1=0 epoch2=0 width=4]
[ECG-K2-EXPECT sim=gem5 seq=1044 dest=1371 tier=3 epoch1=0 epoch2=0 width=4]
[ECG-K2-RECV sim=gem5 seq=1044 dest=1371 tier=3 epoch1=0 epoch2=0 width=4]
[ECG-K2-EXPECT sim=gem5 seq=1045 dest=1388 tier=3 epoch1=0 epoch2=0 width=4]
[ECG-K2-RECV sim=gem5 seq=1045 dest=1388 tier=3 epoch1=0 epoch2=0 width=4]
[ECG-K2-REQUEST sim=gem5 seq=795 request_seq=247333217 dest=1388 tier=3 epoch1=0 epoch2=0 current=0 context=1]
[ECG-K2-EXPECT sim=gem5 seq=1046 dest=1414 tier=3 epoch1=0 epoch2=0 width=4]
[ECG-K2-RECV sim=gem5 seq=1046 dest=1414 tier=3 epoch1=0 epoch2=0 width=4]
[ECG-K2-REQUEST sim=gem5 seq=796 request_seq=247333226 dest=1414 tier=3 epoch1=0 epoch2=0 current=0 context=1]
[ECG-K2-EXPECT sim=gem5 seq=1047 dest=1414 tier=3 epoch1=0 epoch2=0 width=4]
[ECG-K2-RECV sim=gem5 seq=1047 dest=1414 tier=3 epoch1=0 epoch2=0 width=4]
[ECG-K2-ACCEPT sim=gem5 seq=796 request_seq=247333226 request_dest=1414 fill_dest=1414 source=request tier=3 epoch1=0 epoch2=0 current=0 context=1 property_elem_bytes=4]
[ECG-K2-EXPECT sim=gem5 seq=1048 dest=1421 tier=3 epoch1=0 epoch2=0 width=4]
[ECG-K2-RECV sim=gem5 seq=1048 dest=1421 tier=3 epoch1=0 epoch2=0 width=4]
[ECG-K2-REQUEST sim=gem5 seq=797 request_seq=247333235 dest=1421 tier=3 epoch1=0 epoch2=0 current=0 context=1]
[ECG-K2-EXPECT sim=gem5 seq=1049 dest=1523 tier=3 epoch1=0 epoch2=0 width=4]
[ECG-K2-RECV sim=gem5 seq=1049 dest=1523 tier=3 epoch1=0 epoch2=0 width=4]
[ECG-K2-REQUEST sim=gem5 seq=798 request_seq=247333244 dest=1523 tier=3 epoch1=0 epoch2=0 current=0 context=1]
[ECG-K2-EXPECT sim=gem5 seq=1050 dest=1533 tier=3 epoch1=0 epoch2=0 width=4]
[ECG-K2-RECV sim=gem5 seq=1050 dest=1533 tier=3 epoch1=0 epoch2=0 width=4]
[ECG-K2-REQUEST sim=gem5 seq=799 request_seq=247333253 dest=1533 tier=3 epoch1=0 epoch2=0 current=0 context=1]
[ECG-STREAM-BYPASS sim=gem5 cache=system.l3cache addr=0x3c9c80 vaddr=0x3b8c80 size=4 source=request-flag allocate=0]
[ECG-K2-ACCEPT sim=gem5 seq=794 request_seq=247333208 request_dest=1371 fill_dest=1371 source=request tier=3 epoch1=0 epoch2=0 current=0 context=1 property_elem_bytes=4]
[ECG-K2-EXPECT sim=gem5 seq=1051 dest=1421 tier=3 epoch1=0 epoch2=0 width=4]
[ECG-K2-RECV sim=gem5 seq=1051 dest=1421 tier=3 epoch1=0 epoch2=0 width=4]
[ECG-K2-EXPECT sim=gem5 seq=1052 dest=1523 tier=3 epoch1=0 epoch2=0 width=4]
[ECG-K2-RECV sim=gem5 seq=1052 dest=1523 tier=3 epoch1=0 epoch2=0 width=4]
[ECG-K2-EXPECT sim=gem5 seq=1053 dest=1533 tier=3 epoch1=0 epoch2=0 width=4]
[ECG-K2-RECV sim=gem5 seq=1053 dest=1533 tier=3 epoch1=0 epoch2=0 width=4]
[ECG-K2-EXPECT sim=gem5 seq=1054 dest=1533 tier=3 epoch1=0 epoch2=0 width=4]
[ECG-K2-RECV sim=gem5 seq=1054 dest=1533 tier=3 epoch1=0 epoch2=0 width=4]
[ECG-K2-ACCEPT sim=gem5 seq=795 request_seq=247333217 request_dest=1388 fill_dest=1388 source=request tier=3 epoch1=0 epoch2=0 current=0 context=1 property_elem_bytes=4]
[ECG-K2-ACCEPT sim=gem5 seq=799 request_seq=247333253 request_dest=1533 fill_dest=1523 source=request tier=3 epoch1=0 epoch2=0 current=0 context=1 property_elem_bytes=4]
[ECG-K2-EXPECT sim=gem5 seq=1055 dest=1631 tier=3 epoch1=0 epoch2=0 width=4]
[ECG-K2-RECV sim=gem5 seq=1055 dest=1631 tier=3 epoch1=0 epoch2=0 width=4]
[ECG-K2-REQUEST sim=gem5 seq=800 request_seq=247333262 dest=1631 tier=3 epoch1=0 epoch2=0 current=0 context=1]
[ECG-K2-EXPECT sim=gem5 seq=1056 dest=1653 tier=3 epoch1=0 epoch2=0 width=4]
[ECG-K2-RECV sim=gem5 seq=1056 dest=1653 tier=3 epoch1=0 epoch2=0 width=4]
[ECG-K2-REQUEST sim=gem5 seq=801 request_seq=247333271 dest=1653 tier=3 epoch1=0 epoch2=0 current=0 context=1]
[ECG-K2-EXPECT sim=gem5 seq=1057 dest=1703 tier=3 epoch1=0 epoch2=0 width=4]
[ECG-K2-RECV sim=gem5 seq=1057 dest=1703 tier=3 epoch1=0 epoch2=0 width=4]
[ECG-K2-REQUEST sim=gem5 seq=802 request_seq=247333280 dest=1703 tier=3 epoch1=0 epoch2=0 current=0 context=1]
[ECG-K2-EXPECT sim=gem5 seq=1058 dest=1745 tier=3 epoch1=0 epoch2=0 width=4]
[ECG-K2-RECV sim=gem5 seq=1058 dest=1745 tier=3 epoch1=0 epoch2=0 width=4]
[ECG-K2-REQUEST sim=gem5 seq=803 request_seq=247333289 dest=1745 tier=3 epoch1=0 epoch2=0 current=0 context=1]
[ECG-K2-EXPECT sim=gem5 seq=1059 dest=1798 tier=3 epoch1=0 epoch2=0 width=4]
[ECG-K2-RECV sim=gem5 seq=1059 dest=1798 tier=3 epoch1=0 epoch2=0 width=4]
[ECG-K2-REQUEST sim=gem5 seq=804 request_seq=247333298 dest=1798 tier=3 epoch1=0 epoch2=0 current=0 context=1]
[ECG-K2-EXPECT sim=gem5 seq=1060 dest=1860 tier=3 epoch1=0 epoch2=0 width=4]
[ECG-K2-RECV sim=gem5 seq=1060 dest=1860 tier=3 epoch1=0 epoch2=0 width=4]
[ECG-K2-REQUEST sim=gem5 seq=805 request_seq=247333307 dest=1860 tier=3 epoch1=0 epoch2=0 current=0 context=1]
[ECG-K2-EXPECT sim=gem5 seq=1061 dest=2052 tier=3 epoch1=0 epoch2=0 width=4]
[ECG-K2-RECV sim=gem5 seq=1061 dest=2052 tier=3 epoch1=0 epoch2=0 width=4]
[ECG-K2-REQUEST sim=gem5 seq=806 request_seq=247333316 dest=2052 tier=3 epoch1=0 epoch2=0 current=0 context=1]
[ECG-K2-EXPECT sim=gem5 seq=1062 dest=2085 tier=3 epoch1=0 epoch2=0 width=4]
[ECG-K2-RECV sim=gem5 seq=1062 dest=2085 tier=3 epoch1=0 epoch2=0 width=4]
[ECG-K2-REQUEST sim=gem5 seq=807 request_seq=247333325 dest=2085 tier=3 epoch1=0 epoch2=0 current=0 context=1]
[ECG-K2-EXPECT sim=gem5 seq=1063 dest=2280 tier=3 epoch1=0 epoch2=0 width=4]
[ECG-K2-RECV sim=gem5 seq=1063 dest=2280 tier=3 epoch1=0 epoch2=0 width=4]
[ECG-K2-REQUEST sim=gem5 seq=808 request_seq=247333334 dest=2280 tier=3 epoch1=0 epoch2=0 current=0 context=1]
[ECG-K2-EXPECT sim=gem5 seq=1064 dest=1745 tier=3 epoch1=0 epoch2=0 width=4]
[ECG-K2-RECV sim=gem5 seq=1064 dest=1745 tier=3 epoch1=0 epoch2=0 width=4]
[ECG-K2-EXPECT sim=gem5 seq=1065 dest=1798 tier=3 epoch1=0 epoch2=0 width=4]
[ECG-K2-RECV sim=gem5 seq=1065 dest=1798 tier=3 epoch1=0 epoch2=0 width=4]
[ECG-K2-EXPECT sim=gem5 seq=1066 dest=1860 tier=3 epoch1=0 epoch2=0 width=4]
[ECG-K2-RECV sim=gem5 seq=1066 dest=1860 tier=3 epoch1=0 epoch2=0 width=4]
[ECG-K2-EXPECT sim=gem5 seq=1067 dest=2052 tier=3 epoch1=0 epoch2=0 width=4]
[ECG-K2-RECV sim=gem5 seq=1067 dest=2052 tier=3 epoch1=0 epoch2=0 width=4]
[ECG-K2-EXPECT sim=gem5 seq=1068 dest=2085 tier=3 epoch1=0 epoch2=0 width=4]
[ECG-K2-RECV sim=gem5 seq=1068 dest=2085 tier=3 epoch1=0 epoch2=0 width=4]
[ECG-K2-EXPECT sim=gem5 seq=1069 dest=2280 tier=3 epoch1=0 epoch2=0 width=4]
[ECG-K2-RECV sim=gem5 seq=1069 dest=2280 tier=3 epoch1=0 epoch2=0 width=4]
[ECG-K2-EXPECT sim=gem5 seq=1070 dest=1798 tier=3 epoch1=0 epoch2=0 width=4]
[ECG-K2-RECV sim=gem5 seq=1070 dest=1798 tier=3 epoch1=0 epoch2=0 width=4]
[ECG-K2-EXPECT sim=gem5 seq=1071 dest=1860 tier=3 epoch1=0 epoch2=0 width=4]
[ECG-K2-RECV sim=gem5 seq=1071 dest=1860 tier=3 epoch1=0 epoch2=0 width=4]
[ECG-K2-EXPECT sim=gem5 seq=1072 dest=2052 tier=3 epoch1=0 epoch2=0 width=4]
[ECG-K2-RECV sim=gem5 seq=1072 dest=2052 tier=3 epoch1=0 epoch2=0 width=4]
[ECG-K2-EXPECT sim=gem5 seq=1073 dest=2085 tier=3 epoch1=0 epoch2=0 width=4]
[ECG-K2-RECV sim=gem5 seq=1073 dest=2085 tier=3 epoch1=0 epoch2=0 width=4]
[ECG-K2-EXPECT sim=gem5 seq=1074 dest=2280 tier=3 epoch1=0 epoch2=0 width=4]
[ECG-K2-RECV sim=gem5 seq=1074 dest=2280 tier=3 epoch1=0 epoch2=0 width=4]
[ECG-K2-ACCEPT sim=gem5 seq=803 request_seq=247333289 request_dest=1745 fill_dest=1745 source=request tier=3 epoch1=0 epoch2=0 current=0 context=1 property_elem_bytes=4]
[ECG-K2-ACCEPT sim=gem5 seq=804 request_seq=247333298 request_dest=1798 fill_dest=1798 source=request tier=3 epoch1=0 epoch2=0 current=0 context=1 property_elem_bytes=4]
[ECG-K2-EXPECT sim=gem5 seq=1075 dest=1860 tier=3 epoch1=0 epoch2=0 width=4]
[ECG-K2-RECV sim=gem5 seq=1075 dest=1860 tier=3 epoch1=0 epoch2=0 width=4]
[ECG-K2-EXPECT sim=gem5 seq=1076 dest=2052 tier=3 epoch1=0 epoch2=0 width=4]
[ECG-K2-RECV sim=gem5 seq=1076 dest=2052 tier=3 epoch1=0 epoch2=0 width=4]
[ECG-K2-EXPECT sim=gem5 seq=1077 dest=2085 tier=3 epoch1=0 epoch2=0 width=4]
[ECG-K2-RECV sim=gem5 seq=1077 dest=2085 tier=3 epoch1=0 epoch2=0 width=4]
[ECG-K2-EXPECT sim=gem5 seq=1078 dest=2280 tier=3 epoch1=0 epoch2=0 width=4]
[ECG-K2-RECV sim=gem5 seq=1078 dest=2280 tier=3 epoch1=0 epoch2=0 width=4]
[ECG-K2-EXPECT sim=gem5 seq=1079 dest=2052 tier=3 epoch1=0 epoch2=0 width=4]
[ECG-K2-RECV sim=gem5 seq=1079 dest=2052 tier=3 epoch1=0 epoch2=0 width=4]
[ECG-K2-EXPECT sim=gem5 seq=1080 dest=2085 tier=3 epoch1=0 epoch2=0 width=4]
[ECG-K2-RECV sim=gem5 seq=1080 dest=2085 tier=3 epoch1=0 epoch2=0 width=4]
[ECG-K2-EXPECT sim=gem5 seq=1081 dest=2280 tier=3 epoch1=0 epoch2=0 width=4]
[ECG-K2-RECV sim=gem5 seq=1081 dest=2280 tier=3 epoch1=0 epoch2=0 width=4]
[ECG-K2-EXPECT sim=gem5 seq=1082 dest=2509 tier=3 epoch1=0 epoch2=0 width=4]
[ECG-K2-RECV sim=gem5 seq=1082 dest=2509 tier=3 epoch1=0 epoch2=0 width=4]
[ECG-K2-REQUEST sim=gem5 seq=809 request_seq=247333361 dest=2509 tier=3 epoch1=0 epoch2=0 current=0 context=1]
[ECG-K2-ACCEPT sim=gem5 seq=805 request_seq=247333307 request_dest=1860 fill_dest=1860 source=request tier=3 epoch1=0 epoch2=0 current=0 context=1 property_elem_bytes=4]
[ECG-K2-EXPECT sim=gem5 seq=1083 dest=2085 tier=3 epoch1=0 epoch2=0 width=4]
[ECG-K2-RECV sim=gem5 seq=1083 dest=2085 tier=3 epoch1=0 epoch2=0 width=4]
[ECG-K2-EXPECT sim=gem5 seq=1084 dest=2280 tier=3 epoch1=0 epoch2=0 width=4]
[ECG-K2-RECV sim=gem5 seq=1084 dest=2280 tier=3 epoch1=0 epoch2=0 width=4]
[ECG-K2-EXPECT sim=gem5 seq=1085 dest=2509 tier=3 epoch1=0 epoch2=0 width=4]
[ECG-K2-RECV sim=gem5 seq=1085 dest=2509 tier=3 epoch1=0 epoch2=0 width=4]
[ECG-K2-ACCEPT sim=gem5 seq=801 request_seq=247333271 request_dest=1653 fill_dest=1653 source=request tier=3 epoch1=0 epoch2=0 current=0 context=1 property_elem_bytes=4]
[ECG-K2-ACCEPT sim=gem5 seq=802 request_seq=247333280 request_dest=1703 fill_dest=1703 source=request tier=3 epoch1=0 epoch2=0 current=0 context=1 property_elem_bytes=4]
[ECG-K2-ACCEPT sim=gem5 seq=806 request_seq=247333316 request_dest=2052 fill_dest=2052 source=request tier=3 epoch1=0 epoch2=0 current=0 context=1 property_elem_bytes=4]
[ECG-K2-ACCEPT sim=gem5 seq=807 request_seq=247333325 request_dest=2085 fill_dest=2085 source=request tier=3 epoch1=0 epoch2=0 current=0 context=1 property_elem_bytes=4]
[ECG-K2-EXPECT sim=gem5 seq=1086 dest=2280 tier=3 epoch1=0 epoch2=0 width=4]
[ECG-K2-RECV sim=gem5 seq=1086 dest=2280 tier=3 epoch1=0 epoch2=0 width=4]
[ECG-K2-EXPECT sim=gem5 seq=1087 dest=2509 tier=3 epoch1=0 epoch2=0 width=4]
[ECG-K2-RECV sim=gem5 seq=1087 dest=2509 tier=3 epoch1=0 epoch2=0 width=4]
[ECG-K2-EXPECT sim=gem5 seq=1088 dest=2509 tier=3 epoch1=0 epoch2=0 width=4]
[ECG-K2-RECV sim=gem5 seq=1088 dest=2509 tier=3 epoch1=0 epoch2=0 width=4]
[ECG-K2-EXPECT sim=gem5 seq=1089 dest=2464 tier=3 epoch1=0 epoch2=1 width=4]
[ECG-K2-RECV sim=gem5 seq=1089 dest=2464 tier=3 epoch1=0 epoch2=1 width=4]
[ECG-K2-REQUEST sim=gem5 seq=810 request_seq=247333343 dest=2464 tier=3 epoch1=0 epoch2=1 current=0 context=1]
[ECG-K2-EXPECT sim=gem5 seq=1090 dest=2489 tier=3 epoch1=0 epoch2=0 width=4]
[ECG-K2-RECV sim=gem5 seq=1090 dest=2489 tier=3 epoch1=0 epoch2=0 width=4]
[ECG-K2-REQUEST sim=gem5 seq=811 request_seq=247333352 dest=2489 tier=3 epoch1=0 epoch2=0 current=0 context=1]
[ECG-K2-ACCEPT sim=gem5 seq=809 request_seq=247333361 request_dest=2509 fill_dest=2509 source=request tier=3 epoch1=0 epoch2=0 current=0 context=1 property_elem_bytes=4]
[ECG-K2-EXPECT sim=gem5 seq=1091 dest=2489 tier=3 epoch1=0 epoch2=0 width=4]
[ECG-K2-RECV sim=gem5 seq=1091 dest=2489 tier=3 epoch1=0 epoch2=0 width=4]
[ECG-STREAM-BYPASS sim=gem5 cache=system.l3cache addr=0x3c9cc0 vaddr=0x3b8cc0 size=4 source=request-flag allocate=0]
[ECG-K2-EXPECT sim=gem5 seq=1092 dest=2489 tier=3 epoch1=0 epoch2=0 width=4]
[ECG-K2-RECV sim=gem5 seq=1092 dest=2489 tier=3 epoch1=0 epoch2=0 width=4]
[ECG-K2-ACCEPT sim=gem5 seq=811 request_seq=247333352 request_dest=2489 fill_dest=2489 source=request tier=3 epoch1=0 epoch2=0 current=0 context=1 property_elem_bytes=4]
[ECG-K2-EXPECT sim=gem5 seq=1093 dest=2693 tier=3 epoch1=0 epoch2=0 width=4]
[ECG-K2-RECV sim=gem5 seq=1093 dest=2693 tier=3 epoch1=0 epoch2=0 width=4]
[ECG-K2-REQUEST sim=gem5 seq=812 request_seq=247333370 dest=2693 tier=3 epoch1=0 epoch2=0 current=0 context=1]
[ECG-K2-EXPECT sim=gem5 seq=1094 dest=2958 tier=3 epoch1=0 epoch2=0 width=4]
[ECG-K2-RECV sim=gem5 seq=1094 dest=2958 tier=3 epoch1=0 epoch2=0 width=4]
[ECG-K2-REQUEST sim=gem5 seq=813 request_seq=247333379 dest=2958 tier=3 epoch1=0 epoch2=0 current=0 context=1]
[ECG-K2-EXPECT sim=gem5 seq=1095 dest=3125 tier=3 epoch1=0 epoch2=0 width=4]
[ECG-K2-RECV sim=gem5 seq=1095 dest=3125 tier=3 epoch1=0 epoch2=0 width=4]
[ECG-K2-REQUEST sim=gem5 seq=814 request_seq=247333388 dest=3125 tier=3 epoch1=0 epoch2=0 current=0 context=1]
[ECG-K2-EXPECT sim=gem5 seq=1096 dest=3179 tier=3 epoch1=0 epoch2=0 width=4]
[ECG-K2-RECV sim=gem5 seq=1096 dest=3179 tier=3 epoch1=0 epoch2=0 width=4]
[ECG-K2-REQUEST sim=gem5 seq=815 request_seq=247333397 dest=3179 tier=3 epoch1=0 epoch2=0 current=0 context=1]
[ECG-K2-ACCEPT sim=gem5 seq=808 request_seq=247333334 request_dest=2280 fill_dest=2280 source=request tier=3 epoch1=0 epoch2=0 current=0 context=1 property_elem_bytes=4]
[ECG-K2-ACCEPT sim=gem5 seq=812 request_seq=247333370 request_dest=2693 fill_dest=2693 source=request tier=3 epoch1=0 epoch2=0 current=0 context=1 property_elem_bytes=4]
[ECG-K2-ACCEPT sim=gem5 seq=810 request_seq=247333343 request_dest=2464 fill_dest=2464 source=request tier=3 epoch1=0 epoch2=1 current=0 context=1 property_elem_bytes=4]
[ECG-K2-EXPECT sim=gem5 seq=1097 dest=2958 tier=3 epoch1=0 epoch2=0 width=4]
[ECG-K2-RECV sim=gem5 seq=1097 dest=2958 tier=3 epoch1=0 epoch2=0 width=4]
[ECG-K2-EXPECT sim=gem5 seq=1098 dest=3125 tier=3 epoch1=0 epoch2=0 width=4]
[ECG-K2-RECV sim=gem5 seq=1098 dest=3125 tier=3 epoch1=0 epoch2=0 width=4]
[ECG-K2-EXPECT sim=gem5 seq=1099 dest=3179 tier=3 epoch1=0 epoch2=0 width=4]
[ECG-K2-RECV sim=gem5 seq=1099 dest=3179 tier=3 epoch1=0 epoch2=0 width=4]
[ECG-K2-EXPECT sim=gem5 seq=1100 dest=3125 tier=3 epoch1=0 epoch2=0 width=4]
[ECG-K2-RECV sim=gem5 seq=1100 dest=3125 tier=3 epoch1=0 epoch2=0 width=4]
[ECG-K2-EXPECT sim=gem5 seq=1101 dest=3179 tier=3 epoch1=0 epoch2=0 width=4]
[ECG-K2-RECV sim=gem5 seq=1101 dest=3179 tier=3 epoch1=0 epoch2=0 width=4]
[ECG-K2-ACCEPT sim=gem5 seq=813 request_seq=247333379 request_dest=2958 fill_dest=2958 source=request tier=3 epoch1=0 epoch2=0 current=0 context=1 property_elem_bytes=4]
[ECG-K2-EXPECT sim=gem5 seq=1102 dest=3179 tier=3 epoch1=0 epoch2=0 width=4]
[ECG-K2-RECV sim=gem5 seq=1102 dest=3179 tier=3 epoch1=0 epoch2=0 width=4]
[ECG-K2-ACCEPT sim=gem5 seq=814 request_seq=247333388 request_dest=3125 fill_dest=3125 source=request tier=3 epoch1=0 epoch2=0 current=0 context=1 property_elem_bytes=4]
[ECG-K2-ACCEPT sim=gem5 seq=815 request_seq=247333397 request_dest=3179 fill_dest=3179 source=request tier=3 epoch1=0 epoch2=0 current=0 context=1 property_elem_bytes=4]
[ECG-K2-EXPECT sim=gem5 seq=1103 dest=3183 tier=3 epoch1=0 epoch2=0 width=4]
[ECG-K2-RECV sim=gem5 seq=1103 dest=3183 tier=3 epoch1=0 epoch2=0 width=4]
[ECG-K2-REQUEST sim=gem5 seq=816 request_seq=247333406 dest=3183 tier=3 epoch1=0 epoch2=0 current=0 context=1]
[ECG-K2-EXPECT sim=gem5 seq=1104 dest=3516 tier=3 epoch1=0 epoch2=0 width=4]
[ECG-K2-RECV sim=gem5 seq=1104 dest=3516 tier=3 epoch1=0 epoch2=0 width=4]
[ECG-K2-REQUEST sim=gem5 seq=817 request_seq=247333415 dest=3516 tier=3 epoch1=0 epoch2=0 current=0 context=1]
[ECG-K2-EXPECT sim=gem5 seq=1105 dest=4036 tier=3 epoch1=0 epoch2=0 width=4]
[ECG-K2-RECV sim=gem5 seq=1105 dest=4036 tier=3 epoch1=0 epoch2=0 width=4]
[ECG-K2-REQUEST sim=gem5 seq=818 request_seq=247333424 dest=4036 tier=3 epoch1=0 epoch2=0 current=0 context=1]
[ECG-K2-EXPECT sim=gem5 seq=1106 dest=3183 tier=3 epoch1=0 epoch2=0 width=4]
[ECG-K2-RECV sim=gem5 seq=1106 dest=3183 tier=3 epoch1=0 epoch2=0 width=4]
[ECG-K2-EXPECT sim=gem5 seq=1107 dest=3516 tier=3 epoch1=0 epoch2=0 width=4]
[ECG-K2-RECV sim=gem5 seq=1107 dest=3516 tier=3 epoch1=0 epoch2=0 width=4]
[ECG-K2-EXPECT sim=gem5 seq=1108 dest=4036 tier=3 epoch1=0 epoch2=0 width=4]
[ECG-K2-RECV sim=gem5 seq=1108 dest=4036 tier=3 epoch1=0 epoch2=0 width=4]
[ECG-K2-EXPECT sim=gem5 seq=1109 dest=4036 tier=3 epoch1=0 epoch2=0 width=4]
[ECG-K2-RECV sim=gem5 seq=1109 dest=4036 tier=3 epoch1=0 epoch2=0 width=4]
[ECG-K2-ACCEPT sim=gem5 seq=817 request_seq=247333415 request_dest=3516 fill_dest=3516 source=request tier=3 epoch1=0 epoch2=0 current=0 context=1 property_elem_bytes=4]
[ECG-K2-EXPECT sim=gem5 seq=1110 dest=4064 tier=3 epoch1=0 epoch2=0 width=4]
[ECG-K2-RECV sim=gem5 seq=1110 dest=4064 tier=3 epoch1=0 epoch2=0 width=4]
[ECG-K2-REQUEST sim=gem5 seq=819 request_seq=247333433 dest=4064 tier=3 epoch1=0 epoch2=0 current=0 context=1]
[ECG-K2-ACCEPT sim=gem5 seq=818 request_seq=247333424 request_dest=4036 fill_dest=4036 source=request tier=3 epoch1=0 epoch2=0 current=0 context=1 property_elem_bytes=4]
[ECG-K2-EXPECT sim=gem5 seq=1111 dest=4064 tier=3 epoch1=0 epoch2=0 width=4]
[ECG-K2-RECV sim=gem5 seq=1111 dest=4064 tier=3 epoch1=0 epoch2=0 width=4]
[ECG-K2-ACCEPT sim=gem5 seq=819 request_seq=247333433 request_dest=4064 fill_dest=4064 source=request tier=3 epoch1=0 epoch2=0 current=0 context=1 property_elem_bytes=4]
[ECG-K2-EXPECT sim=gem5 seq=1112 dest=0 tier=1 epoch1=0 epoch2=0 width=4]
[ECG-K2-RECV sim=gem5 seq=1112 dest=0 tier=1 epoch1=0 epoch2=0 width=4]
[ECG-K2-REQUEST sim=gem5 seq=820 request_seq=247333624 dest=0 tier=1 epoch1=0 epoch2=0 current=0 context=1]
[ECG-K2-EXPECT sim=gem5 seq=1113 dest=1 tier=1 epoch1=0 epoch2=0 width=4]
[ECG-K2-RECV sim=gem5 seq=1113 dest=1 tier=1 epoch1=0 epoch2=0 width=4]
[ECG-K2-REQUEST sim=gem5 seq=821 request_seq=247333633 dest=1 tier=1 epoch1=0 epoch2=0 current=0 context=1]
[ECG-K2-EXPECT sim=gem5 seq=1114 dest=2 tier=1 epoch1=0 epoch2=0 width=4]
[ECG-K2-RECV sim=gem5 seq=1114 dest=2 tier=1 epoch1=0 epoch2=0 width=4]
[ECG-K2-REQUEST sim=gem5 seq=822 request_seq=247333642 dest=2 tier=1 epoch1=0 epoch2=0 current=0 context=1]
[ECG-K2-EXPECT sim=gem5 seq=1115 dest=4 tier=1 epoch1=0 epoch2=0 width=4]
[ECG-K2-RECV sim=gem5 seq=1115 dest=4 tier=1 epoch1=0 epoch2=0 width=4]
[ECG-K2-REQUEST sim=gem5 seq=823 request_seq=247333651 dest=4 tier=1 epoch1=0 epoch2=0 current=0 context=1]
[ECG-K2-EXPECT sim=gem5 seq=1116 dest=5 tier=1 epoch1=0 epoch2=0 width=4]
[ECG-K2-RECV sim=gem5 seq=1116 dest=5 tier=1 epoch1=0 epoch2=0 width=4]
[ECG-K2-REQUEST sim=gem5 seq=824 request_seq=247333660 dest=5 tier=1 epoch1=0 epoch2=0 current=0 context=1]
[ECG-K2-EXPECT sim=gem5 seq=1117 dest=6 tier=1 epoch1=0 epoch2=0 width=4]
[ECG-K2-RECV sim=gem5 seq=1117 dest=6 tier=1 epoch1=0 epoch2=0 width=4]
[ECG-K2-REQUEST sim=gem5 seq=825 request_seq=247333669 dest=6 tier=1 epoch1=0 epoch2=0 current=0 context=1]
[ECG-K2-EXPECT sim=gem5 seq=1118 dest=7 tier=1 epoch1=0 epoch2=0 width=4]
[ECG-K2-RECV sim=gem5 seq=1118 dest=7 tier=1 epoch1=0 epoch2=0 width=4]
[ECG-K2-REQUEST sim=gem5 seq=826 request_seq=247333678 dest=7 tier=1 epoch1=0 epoch2=0 current=0 context=1]
[ECG-K2-EXPECT sim=gem5 seq=1119 dest=8 tier=1 epoch1=0 epoch2=0 width=4]
[ECG-K2-RECV sim=gem5 seq=1119 dest=8 tier=1 epoch1=0 epoch2=0 width=4]
[ECG-K2-REQUEST sim=gem5 seq=827 request_seq=247333687 dest=8 tier=1 epoch1=0 epoch2=0 current=0 context=1]
[ECG-K2-EXPECT sim=gem5 seq=1120 dest=9 tier=1 epoch1=0 epoch2=0 width=4]
[ECG-K2-RECV sim=gem5 seq=1120 dest=9 tier=1 epoch1=0 epoch2=0 width=4]
[ECG-K2-REQUEST sim=gem5 seq=828 request_seq=247333696 dest=9 tier=1 epoch1=0 epoch2=0 current=0 context=1]
[ECG-K2-EXPECT sim=gem5 seq=1121 dest=10 tier=1 epoch1=0 epoch2=0 width=4]
[ECG-K2-RECV sim=gem5 seq=1121 dest=10 tier=1 epoch1=0 epoch2=0 width=4]
[ECG-K2-REQUEST sim=gem5 seq=829 request_seq=247333705 dest=10 tier=1 epoch1=0 epoch2=0 current=0 context=1]
[ECG-K2-EXPECT sim=gem5 seq=1122 dest=11 tier=1 epoch1=0 epoch2=0 width=4]
[ECG-K2-RECV sim=gem5 seq=1122 dest=11 tier=1 epoch1=0 epoch2=0 width=4]
[ECG-K2-REQUEST sim=gem5 seq=830 request_seq=247333714 dest=11 tier=1 epoch1=0 epoch2=0 current=0 context=1]
[ECG-K2-EXPECT sim=gem5 seq=1123 dest=12 tier=1 epoch1=0 epoch2=0 width=4]
[ECG-K2-RECV sim=gem5 seq=1123 dest=12 tier=1 epoch1=0 epoch2=0 width=4]
[ECG-K2-REQUEST sim=gem5 seq=831 request_seq=247333723 dest=12 tier=1 epoch1=0 epoch2=0 current=0 context=1]
[ECG-STREAM-BYPASS sim=gem5 cache=system.l3cache addr=0x3c9d00 vaddr=0x3b8d00 size=4 source=request-flag allocate=0]
[ECG-K2-EXPECT sim=gem5 seq=1124 dest=13 tier=1 epoch1=0 epoch2=0 width=4]
[ECG-K2-RECV sim=gem5 seq=1124 dest=13 tier=1 epoch1=0 epoch2=0 width=4]
[ECG-K2-REQUEST sim=gem5 seq=832 request_seq=247333732 dest=13 tier=1 epoch1=0 epoch2=0 current=0 context=1]
[ECG-K2-EXPECT sim=gem5 seq=1125 dest=14 tier=1 epoch1=0 epoch2=0 width=4]
[ECG-K2-RECV sim=gem5 seq=1125 dest=14 tier=1 epoch1=0 epoch2=0 width=4]
[ECG-K2-REQUEST sim=gem5 seq=833 request_seq=247333741 dest=14 tier=1 epoch1=0 epoch2=0 current=0 context=1]
[ECG-K2-EXPECT sim=gem5 seq=1126 dest=15 tier=1 epoch1=0 epoch2=0 width=4]
[ECG-K2-RECV sim=gem5 seq=1126 dest=15 tier=1 epoch1=0 epoch2=0 width=4]
[ECG-K2-REQUEST sim=gem5 seq=834 request_seq=247333750 dest=15 tier=1 epoch1=0 epoch2=0 current=0 context=1]
[ECG-K2-EXPECT sim=gem5 seq=1127 dest=19 tier=1 epoch1=0 epoch2=0 width=4]
[ECG-K2-RECV sim=gem5 seq=1127 dest=19 tier=1 epoch1=0 epoch2=0 width=4]
[ECG-K2-REQUEST sim=gem5 seq=835 request_seq=247333759 dest=19 tier=1 epoch1=0 epoch2=0 current=0 context=1]
[ECG-K2-EXPECT sim=gem5 seq=1128 dest=20 tier=1 epoch1=0 epoch2=0 width=4]
[ECG-K2-RECV sim=gem5 seq=1128 dest=20 tier=1 epoch1=0 epoch2=0 width=4]
[ECG-K2-REQUEST sim=gem5 seq=836 request_seq=247333768 dest=20 tier=1 epoch1=0 epoch2=0 current=0 context=1]
[ECG-K2-EXPECT sim=gem5 seq=1129 dest=21 tier=1 epoch1=0 epoch2=0 width=4]
[ECG-K2-RECV sim=gem5 seq=1129 dest=21 tier=1 epoch1=0 epoch2=0 width=4]
[ECG-K2-REQUEST sim=gem5 seq=837 request_seq=247333777 dest=21 tier=1 epoch1=0 epoch2=0 current=0 context=1]
[ECG-K2-EXPECT sim=gem5 seq=1130 dest=22 tier=1 epoch1=0 epoch2=0 width=4]
[ECG-K2-RECV sim=gem5 seq=1130 dest=22 tier=1 epoch1=0 epoch2=0 width=4]
[ECG-K2-REQUEST sim=gem5 seq=838 request_seq=247333786 dest=22 tier=1 epoch1=0 epoch2=0 current=0 context=1]
[ECG-K2-EXPECT sim=gem5 seq=1131 dest=23 tier=1 epoch1=0 epoch2=0 width=4]
[ECG-K2-RECV sim=gem5 seq=1131 dest=23 tier=1 epoch1=0 epoch2=0 width=4]
[ECG-K2-REQUEST sim=gem5 seq=839 request_seq=247333795 dest=23 tier=1 epoch1=0 epoch2=0 current=0 context=1]
[ECG-K2-EXPECT sim=gem5 seq=1132 dest=24 tier=1 epoch1=0 epoch2=0 width=4]
[ECG-K2-RECV sim=gem5 seq=1132 dest=24 tier=1 epoch1=0 epoch2=0 width=4]
[ECG-K2-REQUEST sim=gem5 seq=840 request_seq=247333804 dest=24 tier=1 epoch1=0 epoch2=0 current=0 context=1]
[ECG-K2-EXPECT sim=gem5 seq=1133 dest=25 tier=1 epoch1=0 epoch2=0 width=4]
[ECG-K2-RECV sim=gem5 seq=1133 dest=25 tier=1 epoch1=0 epoch2=0 width=4]
[ECG-K2-REQUEST sim=gem5 seq=841 request_seq=247333813 dest=25 tier=1 epoch1=0 epoch2=0 current=0 context=1]
[ECG-K2-EXPECT sim=gem5 seq=1134 dest=26 tier=1 epoch1=0 epoch2=0 width=4]
[ECG-K2-RECV sim=gem5 seq=1134 dest=26 tier=1 epoch1=0 epoch2=0 width=4]
[ECG-K2-REQUEST sim=gem5 seq=842 request_seq=247333822 dest=26 tier=1 epoch1=0 epoch2=0 current=0 context=1]
[ECG-K2-EXPECT sim=gem5 seq=1135 dest=27 tier=1 epoch1=0 epoch2=0 width=4]
[ECG-K2-RECV sim=gem5 seq=1135 dest=27 tier=1 epoch1=0 epoch2=0 width=4]
[ECG-K2-REQUEST sim=gem5 seq=843 request_seq=247333831 dest=27 tier=1 epoch1=0 epoch2=0 current=0 context=1]
[ECG-K2-ACCEPT sim=gem5 seq=843 request_seq=247333831 request_dest=27 fill_dest=19 source=request tier=1 epoch1=0 epoch2=0 current=0 context=1 property_elem_bytes=4]
[ECG-K2-EXPECT sim=gem5 seq=1136 dest=28 tier=1 epoch1=0 epoch2=0 width=4]
[ECG-K2-RECV sim=gem5 seq=1136 dest=28 tier=1 epoch1=0 epoch2=0 width=4]
[ECG-K2-REQUEST sim=gem5 seq=844 request_seq=247333840 dest=28 tier=1 epoch1=0 epoch2=0 current=0 context=1]
[ECG-K2-EXPECT sim=gem5 seq=1137 dest=29 tier=1 epoch1=0 epoch2=0 width=4]
[ECG-K2-RECV sim=gem5 seq=1137 dest=29 tier=1 epoch1=0 epoch2=0 width=4]
[ECG-K2-REQUEST sim=gem5 seq=845 request_seq=247333849 dest=29 tier=1 epoch1=0 epoch2=0 current=0 context=1]
[ECG-K2-EXPECT sim=gem5 seq=1138 dest=30 tier=1 epoch1=0 epoch2=0 width=4]
[ECG-K2-RECV sim=gem5 seq=1138 dest=30 tier=1 epoch1=0 epoch2=0 width=4]
[ECG-K2-REQUEST sim=gem5 seq=846 request_seq=247333858 dest=30 tier=1 epoch1=0 epoch2=0 current=0 context=1]
[ECG-K2-EXPECT sim=gem5 seq=1139 dest=31 tier=1 epoch1=0 epoch2=0 width=4]
[ECG-K2-RECV sim=gem5 seq=1139 dest=31 tier=1 epoch1=0 epoch2=0 width=4]
[ECG-K2-REQUEST sim=gem5 seq=847 request_seq=247333867 dest=31 tier=1 epoch1=0 epoch2=0 current=0 context=1]
[ECG-STREAM-BYPASS sim=gem5 cache=system.l3cache addr=0x3c9d40 vaddr=0x3b8d40 size=4 source=request-flag allocate=0]
[ECG-K2-EXPECT sim=gem5 seq=1140 dest=32 tier=1 epoch1=0 epoch2=0 width=4]
[ECG-K2-RECV sim=gem5 seq=1140 dest=32 tier=1 epoch1=0 epoch2=0 width=4]
[ECG-K2-REQUEST sim=gem5 seq=848 request_seq=247333876 dest=32 tier=1 epoch1=0 epoch2=0 current=0 context=1]
[ECG-K2-EXPECT sim=gem5 seq=1141 dest=33 tier=1 epoch1=0 epoch2=0 width=4]
[ECG-K2-RECV sim=gem5 seq=1141 dest=33 tier=1 epoch1=0 epoch2=0 width=4]
[ECG-K2-REQUEST sim=gem5 seq=849 request_seq=247333885 dest=33 tier=1 epoch1=0 epoch2=0 current=0 context=1]
[ECG-K2-EXPECT sim=gem5 seq=1142 dest=34 tier=1 epoch1=0 epoch2=0 width=4]
[ECG-K2-RECV sim=gem5 seq=1142 dest=34 tier=1 epoch1=0 epoch2=0 width=4]
[ECG-K2-REQUEST sim=gem5 seq=850 request_seq=247333894 dest=34 tier=1 epoch1=0 epoch2=0 current=0 context=1]
[ECG-K2-EXPECT sim=gem5 seq=1143 dest=35 tier=1 epoch1=0 epoch2=0 width=4]
[ECG-K2-RECV sim=gem5 seq=1143 dest=35 tier=1 epoch1=0 epoch2=0 width=4]
[ECG-K2-REQUEST sim=gem5 seq=851 request_seq=247333903 dest=35 tier=1 epoch1=0 epoch2=0 current=0 context=1]
[ECG-K2-EXPECT sim=gem5 seq=1144 dest=36 tier=1 epoch1=0 epoch2=0 width=4]
[ECG-K2-RECV sim=gem5 seq=1144 dest=36 tier=1 epoch1=0 epoch2=0 width=4]
[ECG-K2-REQUEST sim=gem5 seq=852 request_seq=247333912 dest=36 tier=1 epoch1=0 epoch2=0 current=0 context=1]
[ECG-K2-EXPECT sim=gem5 seq=1145 dest=37 tier=1 epoch1=0 epoch2=0 width=4]
[ECG-K2-RECV sim=gem5 seq=1145 dest=37 tier=1 epoch1=0 epoch2=0 width=4]
[ECG-K2-REQUEST sim=gem5 seq=853 request_seq=247333921 dest=37 tier=1 epoch1=0 epoch2=0 current=0 context=1]
[ECG-K2-EXPECT sim=gem5 seq=1146 dest=38 tier=1 epoch1=0 epoch2=0 width=4]
[ECG-K2-RECV sim=gem5 seq=1146 dest=38 tier=1 epoch1=0 epoch2=0 width=4]
[ECG-K2-REQUEST sim=gem5 seq=854 request_seq=247333930 dest=38 tier=1 epoch1=0 epoch2=0 current=0 context=1]
[ECG-K2-EXPECT sim=gem5 seq=1147 dest=41 tier=1 epoch1=0 epoch2=0 width=4]
[ECG-K2-RECV sim=gem5 seq=1147 dest=41 tier=1 epoch1=0 epoch2=0 width=4]
[ECG-K2-REQUEST sim=gem5 seq=855 request_seq=247333939 dest=41 tier=1 epoch1=0 epoch2=0 current=0 context=1]
[ECG-K2-EXPECT sim=gem5 seq=1148 dest=44 tier=1 epoch1=0 epoch2=0 width=4]
[ECG-K2-RECV sim=gem5 seq=1148 dest=44 tier=1 epoch1=0 epoch2=0 width=4]
[ECG-K2-REQUEST sim=gem5 seq=856 request_seq=247333948 dest=44 tier=1 epoch1=0 epoch2=0 current=0 context=1]
[ECG-K2-EXPECT sim=gem5 seq=1149 dest=45 tier=1 epoch1=0 epoch2=0 width=4]
[ECG-K2-RECV sim=gem5 seq=1149 dest=45 tier=1 epoch1=0 epoch2=0 width=4]
[ECG-K2-REQUEST sim=gem5 seq=857 request_seq=247333957 dest=45 tier=1 epoch1=0 epoch2=0 current=0 context=1]
[ECG-K2-EXPECT sim=gem5 seq=1150 dest=48 tier=1 epoch1=0 epoch2=0 width=4]
[ECG-K2-RECV sim=gem5 seq=1150 dest=48 tier=1 epoch1=0 epoch2=0 width=4]
[ECG-K2-REQUEST sim=gem5 seq=858 request_seq=247333966 dest=48 tier=1 epoch1=0 epoch2=0 current=0 context=1]
[ECG-K2-EXPECT sim=gem5 seq=1151 dest=49 tier=1 epoch1=0 epoch2=0 width=4]
[ECG-K2-RECV sim=gem5 seq=1151 dest=49 tier=1 epoch1=0 epoch2=0 width=4]
[ECG-K2-REQUEST sim=gem5 seq=859 request_seq=247333975 dest=49 tier=1 epoch1=0 epoch2=0 current=0 context=1]
[ECG-K2-EXPECT sim=gem5 seq=1152 dest=50 tier=1 epoch1=0 epoch2=0 width=4]
[ECG-K2-RECV sim=gem5 seq=1152 dest=50 tier=1 epoch1=0 epoch2=0 width=4]
[ECG-K2-REQUEST sim=gem5 seq=860 request_seq=247333984 dest=50 tier=1 epoch1=0 epoch2=0 current=0 context=1]
[ECG-K2-EXPECT sim=gem5 seq=1153 dest=51 tier=1 epoch1=0 epoch2=0 width=4]
[ECG-K2-RECV sim=gem5 seq=1153 dest=51 tier=1 epoch1=0 epoch2=0 width=4]
[ECG-K2-REQUEST sim=gem5 seq=861 request_seq=247333993 dest=51 tier=1 epoch1=0 epoch2=0 current=0 context=1]
[ECG-K2-EXPECT sim=gem5 seq=1154 dest=53 tier=1 epoch1=0 epoch2=0 width=4]
[ECG-K2-RECV sim=gem5 seq=1154 dest=53 tier=1 epoch1=0 epoch2=0 width=4]
[ECG-K2-REQUEST sim=gem5 seq=862 request_seq=247334002 dest=53 tier=1 epoch1=0 epoch2=0 current=0 context=1]
[ECG-K2-EXPECT sim=gem5 seq=1155 dest=54 tier=1 epoch1=0 epoch2=0 width=4]
[ECG-K2-RECV sim=gem5 seq=1155 dest=54 tier=1 epoch1=0 epoch2=0 width=4]
[ECG-K2-REQUEST sim=gem5 seq=863 request_seq=247334011 dest=54 tier=1 epoch1=0 epoch2=0 current=0 context=1]
[ECG-STREAM-BYPASS sim=gem5 cache=system.l3cache addr=0x3c9d80 vaddr=0x3b8d80 size=4 source=request-flag allocate=0]
[ECG-K2-EXPECT sim=gem5 seq=1156 dest=55 tier=1 epoch1=0 epoch2=0 width=4]
[ECG-K2-RECV sim=gem5 seq=1156 dest=55 tier=1 epoch1=0 epoch2=0 width=4]
[ECG-K2-REQUEST sim=gem5 seq=864 request_seq=247334020 dest=55 tier=1 epoch1=0 epoch2=0 current=0 context=1]
[ECG-K2-EXPECT sim=gem5 seq=1157 dest=56 tier=1 epoch1=0 epoch2=0 width=4]
[ECG-K2-RECV sim=gem5 seq=1157 dest=56 tier=1 epoch1=0 epoch2=0 width=4]
[ECG-K2-REQUEST sim=gem5 seq=865 request_seq=247334029 dest=56 tier=1 epoch1=0 epoch2=0 current=0 context=1]
[ECG-K2-EXPECT sim=gem5 seq=1158 dest=57 tier=1 epoch1=0 epoch2=0 width=4]
[ECG-K2-RECV sim=gem5 seq=1158 dest=57 tier=1 epoch1=0 epoch2=0 width=4]
[ECG-K2-REQUEST sim=gem5 seq=866 request_seq=247334038 dest=57 tier=1 epoch1=0 epoch2=0 current=0 context=1]
[ECG-K2-EXPECT sim=gem5 seq=1159 dest=58 tier=1 epoch1=0 epoch2=0 width=4]
[ECG-K2-RECV sim=gem5 seq=1159 dest=58 tier=1 epoch1=0 epoch2=0 width=4]
[ECG-K2-REQUEST sim=gem5 seq=867 request_seq=247334047 dest=58 tier=1 epoch1=0 epoch2=0 current=0 context=1]
[ECG-K2-EXPECT sim=gem5 seq=1160 dest=59 tier=1 epoch1=0 epoch2=0 width=4]
[ECG-K2-RECV sim=gem5 seq=1160 dest=59 tier=1 epoch1=0 epoch2=0 width=4]
[ECG-K2-REQUEST sim=gem5 seq=868 request_seq=247334056 dest=59 tier=1 epoch1=0 epoch2=0 current=0 context=1]
[ECG-K2-EXPECT sim=gem5 seq=1161 dest=60 tier=1 epoch1=0 epoch2=0 width=4]
[ECG-K2-RECV sim=gem5 seq=1161 dest=60 tier=1 epoch1=0 epoch2=0 width=4]
[ECG-K2-REQUEST sim=gem5 seq=869 request_seq=247334065 dest=60 tier=1 epoch1=0 epoch2=0 current=0 context=1]
[ECG-K2-EXPECT sim=gem5 seq=1162 dest=61 tier=1 epoch1=0 epoch2=0 width=4]
[ECG-K2-RECV sim=gem5 seq=1162 dest=61 tier=1 epoch1=0 epoch2=0 width=4]
[ECG-K2-REQUEST sim=gem5 seq=870 request_seq=247334074 dest=61 tier=1 epoch1=0 epoch2=0 current=0 context=1]
[ECG-K2-EXPECT sim=gem5 seq=1163 dest=62 tier=1 epoch1=0 epoch2=0 width=4]
[ECG-K2-RECV sim=gem5 seq=1163 dest=62 tier=1 epoch1=0 epoch2=0 width=4]
[ECG-K2-REQUEST sim=gem5 seq=871 request_seq=247334083 dest=62 tier=1 epoch1=0 epoch2=0 current=0 context=1]
[ECG-K2-EXPECT sim=gem5 seq=1164 dest=64 tier=1 epoch1=0 epoch2=0 width=4]
[ECG-K2-RECV sim=gem5 seq=1164 dest=64 tier=1 epoch1=0 epoch2=0 width=4]
[ECG-K2-REQUEST sim=gem5 seq=872 request_seq=247334092 dest=64 tier=1 epoch1=0 epoch2=0 current=0 context=1]
[ECG-K2-EXPECT sim=gem5 seq=1165 dest=65 tier=1 epoch1=0 epoch2=0 width=4]
[ECG-K2-RECV sim=gem5 seq=1165 dest=65 tier=1 epoch1=0 epoch2=0 width=4]
[ECG-K2-REQUEST sim=gem5 seq=873 request_seq=247334101 dest=65 tier=1 epoch1=0 epoch2=0 current=0 context=1]
[ECG-K2-EXPECT sim=gem5 seq=1166 dest=66 tier=1 epoch1=0 epoch2=0 width=4]
[ECG-K2-RECV sim=gem5 seq=1166 dest=66 tier=1 epoch1=0 epoch2=0 width=4]
[ECG-K2-REQUEST sim=gem5 seq=874 request_seq=247334110 dest=66 tier=1 epoch1=0 epoch2=0 current=0 context=1]
[ECG-K2-EXPECT sim=gem5 seq=1167 dest=67 tier=1 epoch1=0 epoch2=0 width=4]
[ECG-K2-RECV sim=gem5 seq=1167 dest=67 tier=1 epoch1=0 epoch2=0 width=4]
[ECG-K2-REQUEST sim=gem5 seq=875 request_seq=247334119 dest=67 tier=1 epoch1=0 epoch2=0 current=0 context=1]
[ECG-K2-EXPECT sim=gem5 seq=1168 dest=68 tier=1 epoch1=0 epoch2=0 width=4]
[ECG-K2-RECV sim=gem5 seq=1168 dest=68 tier=1 epoch1=0 epoch2=0 width=4]
[ECG-K2-REQUEST sim=gem5 seq=876 request_seq=247334128 dest=68 tier=1 epoch1=0 epoch2=0 current=0 context=1]
[ECG-K2-EXPECT sim=gem5 seq=1169 dest=69 tier=1 epoch1=0 epoch2=0 width=4]
[ECG-K2-RECV sim=gem5 seq=1169 dest=69 tier=1 epoch1=0 epoch2=0 width=4]
[ECG-K2-REQUEST sim=gem5 seq=877 request_seq=247334137 dest=69 tier=1 epoch1=0 epoch2=0 current=0 context=1]
[ECG-K2-EXPECT sim=gem5 seq=1170 dest=70 tier=1 epoch1=0 epoch2=0 width=4]
[ECG-K2-RECV sim=gem5 seq=1170 dest=70 tier=1 epoch1=0 epoch2=0 width=4]
[ECG-K2-REQUEST sim=gem5 seq=878 request_seq=247334146 dest=70 tier=1 epoch1=0 epoch2=0 current=0 context=1]
[ECG-K2-EXPECT sim=gem5 seq=1171 dest=71 tier=1 epoch1=0 epoch2=0 width=4]
[ECG-K2-RECV sim=gem5 seq=1171 dest=71 tier=1 epoch1=0 epoch2=0 width=4]
[ECG-K2-REQUEST sim=gem5 seq=879 request_seq=247334155 dest=71 tier=1 epoch1=0 epoch2=0 current=0 context=1]
[ECG-STREAM-BYPASS sim=gem5 cache=system.l3cache addr=0x3c9dc0 vaddr=0x3b8dc0 size=4 source=request-flag allocate=0]
[ECG-K2-EXPECT sim=gem5 seq=1172 dest=72 tier=1 epoch1=0 epoch2=0 width=4]
[ECG-K2-RECV sim=gem5 seq=1172 dest=72 tier=1 epoch1=0 epoch2=0 width=4]
[ECG-K2-REQUEST sim=gem5 seq=880 request_seq=247334164 dest=72 tier=1 epoch1=0 epoch2=0 current=0 context=1]
[ECG-K2-EXPECT sim=gem5 seq=1173 dest=74 tier=1 epoch1=0 epoch2=0 width=4]
[ECG-K2-RECV sim=gem5 seq=1173 dest=74 tier=1 epoch1=0 epoch2=0 width=4]
[ECG-K2-REQUEST sim=gem5 seq=881 request_seq=247334173 dest=74 tier=1 epoch1=0 epoch2=0 current=0 context=1]
[ECG-K2-EXPECT sim=gem5 seq=1174 dest=75 tier=1 epoch1=0 epoch2=0 width=4]
[ECG-K2-RECV sim=gem5 seq=1174 dest=75 tier=1 epoch1=0 epoch2=0 width=4]
[ECG-K2-REQUEST sim=gem5 seq=882 request_seq=247334182 dest=75 tier=1 epoch1=0 epoch2=0 current=0 context=1]
[ECG-K2-EXPECT sim=gem5 seq=1175 dest=76 tier=1 epoch1=0 epoch2=0 width=4]
[ECG-K2-RECV sim=gem5 seq=1175 dest=76 tier=1 epoch1=0 epoch2=0 width=4]
[ECG-K2-REQUEST sim=gem5 seq=883 request_seq=247334191 dest=76 tier=1 epoch1=0 epoch2=0 current=0 context=1]
[ECG-K2-EXPECT sim=gem5 seq=1176 dest=77 tier=1 epoch1=0 epoch2=0 width=4]
[ECG-K2-RECV sim=gem5 seq=1176 dest=77 tier=1 epoch1=0 epoch2=0 width=4]
[ECG-K2-REQUEST sim=gem5 seq=884 request_seq=247334200 dest=77 tier=1 epoch1=0 epoch2=0 current=0 context=1]
[ECG-K2-EXPECT sim=gem5 seq=1177 dest=78 tier=1 epoch1=0 epoch2=0 width=4]
[ECG-K2-RECV sim=gem5 seq=1177 dest=78 tier=1 epoch1=0 epoch2=0 width=4]
[ECG-K2-REQUEST sim=gem5 seq=885 request_seq=247334209 dest=78 tier=1 epoch1=0 epoch2=0 current=0 context=1]
[ECG-K2-EXPECT sim=gem5 seq=1178 dest=91 tier=1 epoch1=0 epoch2=0 width=4]
[ECG-K2-RECV sim=gem5 seq=1178 dest=91 tier=1 epoch1=0 epoch2=0 width=4]
[ECG-K2-REQUEST sim=gem5 seq=886 request_seq=247334218 dest=91 tier=1 epoch1=0 epoch2=0 current=0 context=1]
[ECG-K2-EXPECT sim=gem5 seq=1179 dest=93 tier=1 epoch1=0 epoch2=0 width=4]
[ECG-K2-RECV sim=gem5 seq=1179 dest=93 tier=1 epoch1=0 epoch2=0 width=4]
[ECG-K2-REQUEST sim=gem5 seq=887 request_seq=247334227 dest=93 tier=1 epoch1=0 epoch2=0 current=0 context=1]
[ECG-K2-EXPECT sim=gem5 seq=1180 dest=95 tier=1 epoch1=0 epoch2=0 width=4]
[ECG-K2-RECV sim=gem5 seq=1180 dest=95 tier=1 epoch1=0 epoch2=0 width=4]
[ECG-K2-REQUEST sim=gem5 seq=888 request_seq=247334236 dest=95 tier=1 epoch1=0 epoch2=0 current=0 context=1]
[ECG-K2-EXPECT sim=gem5 seq=1181 dest=105 tier=1 epoch1=0 epoch2=0 width=4]
[ECG-K2-RECV sim=gem5 seq=1181 dest=105 tier=1 epoch1=0 epoch2=0 width=4]
[ECG-K2-REQUEST sim=gem5 seq=889 request_seq=247334245 dest=105 tier=1 epoch1=0 epoch2=0 current=0 context=1]
[ECG-K2-EXPECT sim=gem5 seq=1182 dest=106 tier=1 epoch1=0 epoch2=0 width=4]
[ECG-K2-RECV sim=gem5 seq=1182 dest=106 tier=1 epoch1=0 epoch2=0 width=4]
[ECG-K2-REQUEST sim=gem5 seq=890 request_seq=247334254 dest=106 tier=1 epoch1=0 epoch2=0 current=0 context=1]
[ECG-K2-EXPECT sim=gem5 seq=1183 dest=113 tier=1 epoch1=0 epoch2=0 width=4]
[ECG-K2-RECV sim=gem5 seq=1183 dest=113 tier=1 epoch1=0 epoch2=0 width=4]
[ECG-K2-REQUEST sim=gem5 seq=891 request_seq=247334263 dest=113 tier=1 epoch1=0 epoch2=0 current=0 context=1]
[ECG-K2-EXPECT sim=gem5 seq=1184 dest=117 tier=1 epoch1=0 epoch2=0 width=4]
[ECG-K2-RECV sim=gem5 seq=1184 dest=117 tier=1 epoch1=0 epoch2=0 width=4]
[ECG-K2-REQUEST sim=gem5 seq=892 request_seq=247334272 dest=117 tier=1 epoch1=0 epoch2=0 current=0 context=1]
[ECG-K2-EXPECT sim=gem5 seq=1185 dest=123 tier=1 epoch1=0 epoch2=0 width=4]
[ECG-K2-RECV sim=gem5 seq=1185 dest=123 tier=1 epoch1=0 epoch2=0 width=4]
[ECG-K2-REQUEST sim=gem5 seq=893 request_seq=247334281 dest=123 tier=1 epoch1=0 epoch2=0 current=0 context=1]
[ECG-K2-EXPECT sim=gem5 seq=1186 dest=124 tier=1 epoch1=0 epoch2=0 width=4]
[ECG-K2-RECV sim=gem5 seq=1186 dest=124 tier=1 epoch1=0 epoch2=0 width=4]
[ECG-K2-REQUEST sim=gem5 seq=894 request_seq=247334290 dest=124 tier=1 epoch1=0 epoch2=0 current=0 context=1]
[ECG-K2-ACCEPT sim=gem5 seq=894 request_seq=247334290 request_dest=124 fill_dest=113 source=request tier=1 epoch1=0 epoch2=0 current=0 context=1 property_elem_bytes=4]
[ECG-K2-EXPECT sim=gem5 seq=1187 dest=125 tier=1 epoch1=0 epoch2=0 width=4]
[ECG-K2-RECV sim=gem5 seq=1187 dest=125 tier=1 epoch1=0 epoch2=0 width=4]
[ECG-K2-REQUEST sim=gem5 seq=895 request_seq=247334299 dest=125 tier=1 epoch1=0 epoch2=0 current=0 context=1]
[ECG-STREAM-BYPASS sim=gem5 cache=system.l3cache addr=0x3c9e00 vaddr=0x3b8e00 size=4 source=request-flag allocate=0]
[ECG-K2-EXPECT sim=gem5 seq=1188 dest=128 tier=1 epoch1=0 epoch2=0 width=4]
[ECG-K2-RECV sim=gem5 seq=1188 dest=128 tier=1 epoch1=0 epoch2=0 width=4]
[ECG-K2-REQUEST sim=gem5 seq=896 request_seq=247334308 dest=128 tier=1 epoch1=0 epoch2=0 current=0 context=1]
[ECG-K2-EXPECT sim=gem5 seq=1189 dest=135 tier=1 epoch1=0 epoch2=0 width=4]
[ECG-K2-RECV sim=gem5 seq=1189 dest=135 tier=1 epoch1=0 epoch2=0 width=4]
[ECG-K2-REQUEST sim=gem5 seq=897 request_seq=247334317 dest=135 tier=1 epoch1=0 epoch2=0 current=0 context=1]
[ECG-K2-EXPECT sim=gem5 seq=1190 dest=136 tier=1 epoch1=0 epoch2=0 width=4]
[ECG-K2-RECV sim=gem5 seq=1190 dest=136 tier=1 epoch1=0 epoch2=0 width=4]
[ECG-K2-REQUEST sim=gem5 seq=898 request_seq=247334326 dest=136 tier=1 epoch1=0 epoch2=0 current=0 context=1]
[ECG-K2-EXPECT sim=gem5 seq=1191 dest=137 tier=1 epoch1=0 epoch2=0 width=4]
[ECG-K2-RECV sim=gem5 seq=1191 dest=137 tier=1 epoch1=0 epoch2=0 width=4]
[ECG-K2-REQUEST sim=gem5 seq=899 request_seq=247334335 dest=137 tier=1 epoch1=0 epoch2=0 current=0 context=1]
[ECG-K2-EXPECT sim=gem5 seq=1192 dest=139 tier=1 epoch1=0 epoch2=0 width=4]
[ECG-K2-RECV sim=gem5 seq=1192 dest=139 tier=1 epoch1=0 epoch2=0 width=4]
[ECG-K2-REQUEST sim=gem5 seq=900 request_seq=247334344 dest=139 tier=1 epoch1=0 epoch2=0 current=0 context=1]
[ECG-K2-EXPECT sim=gem5 seq=1193 dest=145 tier=1 epoch1=0 epoch2=0 width=4]
[ECG-K2-RECV sim=gem5 seq=1193 dest=145 tier=1 epoch1=0 epoch2=0 width=4]
[ECG-K2-REQUEST sim=gem5 seq=901 request_seq=247334353 dest=145 tier=1 epoch1=0 epoch2=0 current=0 context=1]
[ECG-K2-EXPECT sim=gem5 seq=1194 dest=147 tier=1 epoch1=0 epoch2=0 width=4]
[ECG-K2-RECV sim=gem5 seq=1194 dest=147 tier=1 epoch1=0 epoch2=0 width=4]
[ECG-K2-REQUEST sim=gem5 seq=902 request_seq=247334362 dest=147 tier=1 epoch1=0 epoch2=0 current=0 context=1]
[ECG-K2-EXPECT sim=gem5 seq=1195 dest=152 tier=1 epoch1=0 epoch2=0 width=4]
[ECG-K2-RECV sim=gem5 seq=1195 dest=152 tier=1 epoch1=0 epoch2=0 width=4]
[ECG-K2-REQUEST sim=gem5 seq=903 request_seq=247334371 dest=152 tier=1 epoch1=0 epoch2=0 current=0 context=1]
[ECG-K2-EXPECT sim=gem5 seq=1196 dest=153 tier=1 epoch1=0 epoch2=0 width=4]
[ECG-K2-RECV sim=gem5 seq=1196 dest=153 tier=1 epoch1=0 epoch2=0 width=4]
[ECG-K2-REQUEST sim=gem5 seq=904 request_seq=247334380 dest=153 tier=1 epoch1=0 epoch2=0 current=0 context=1]
[ECG-K2-EXPECT sim=gem5 seq=1197 dest=154 tier=1 epoch1=0 epoch2=0 width=4]
[ECG-K2-RECV sim=gem5 seq=1197 dest=154 tier=1 epoch1=0 epoch2=0 width=4]
[ECG-K2-REQUEST sim=gem5 seq=905 request_seq=247334389 dest=154 tier=1 epoch1=0 epoch2=0 current=0 context=1]
[ECG-K2-EXPECT sim=gem5 seq=1198 dest=156 tier=1 epoch1=0 epoch2=0 width=4]
[ECG-K2-RECV sim=gem5 seq=1198 dest=156 tier=1 epoch1=0 epoch2=0 width=4]
[ECG-K2-REQUEST sim=gem5 seq=906 request_seq=247334398 dest=156 tier=1 epoch1=0 epoch2=0 current=0 context=1]
[ECG-K2-ACCEPT sim=gem5 seq=900 request_seq=247334344 request_dest=139 fill_dest=128 source=request tier=1 epoch1=0 epoch2=0 current=0 context=1 property_elem_bytes=4]
[ECG-K2-EXPECT sim=gem5 seq=1199 dest=157 tier=1 epoch1=0 epoch2=0 width=4]
[ECG-K2-RECV sim=gem5 seq=1199 dest=157 tier=1 epoch1=0 epoch2=0 width=4]
[ECG-K2-REQUEST sim=gem5 seq=907 request_seq=247334407 dest=157 tier=1 epoch1=0 epoch2=0 current=0 context=1]
[ECG-K2-EXPECT sim=gem5 seq=1200 dest=159 tier=1 epoch1=0 epoch2=0 width=4]
[ECG-K2-RECV sim=gem5 seq=1200 dest=159 tier=1 epoch1=0 epoch2=0 width=4]
[ECG-K2-REQUEST sim=gem5 seq=908 request_seq=247334416 dest=159 tier=1 epoch1=0 epoch2=0 current=0 context=1]
[ECG-K2-EXPECT sim=gem5 seq=1201 dest=160 tier=1 epoch1=0 epoch2=0 width=4]
[ECG-K2-RECV sim=gem5 seq=1201 dest=160 tier=1 epoch1=0 epoch2=0 width=4]
[ECG-K2-REQUEST sim=gem5 seq=909 request_seq=247334425 dest=160 tier=1 epoch1=0 epoch2=0 current=0 context=1]
[ECG-K2-EXPECT sim=gem5 seq=1202 dest=163 tier=1 epoch1=0 epoch2=0 width=4]
[ECG-K2-RECV sim=gem5 seq=1202 dest=163 tier=1 epoch1=0 epoch2=0 width=4]
[ECG-K2-REQUEST sim=gem5 seq=910 request_seq=247334434 dest=163 tier=1 epoch1=0 epoch2=0 current=0 context=1]
[ECG-K2-EXPECT sim=gem5 seq=1203 dest=166 tier=1 epoch1=0 epoch2=0 width=4]
[ECG-K2-RECV sim=gem5 seq=1203 dest=166 tier=1 epoch1=0 epoch2=0 width=4]
[ECG-K2-REQUEST sim=gem5 seq=911 request_seq=247334443 dest=166 tier=1 epoch1=0 epoch2=0 current=0 context=1]
[ECG-STREAM-BYPASS sim=gem5 cache=system.l3cache addr=0x3c9e40 vaddr=0x3b8e40 size=4 source=request-flag allocate=0]
[ECG-K2-ACCEPT sim=gem5 seq=911 request_seq=247334443 request_dest=166 fill_dest=160 source=request tier=1 epoch1=0 epoch2=0 current=0 context=1 property_elem_bytes=4]
[ECG-K2-EXPECT sim=gem5 seq=1204 dest=169 tier=1 epoch1=0 epoch2=0 width=4]
[ECG-K2-RECV sim=gem5 seq=1204 dest=169 tier=1 epoch1=0 epoch2=0 width=4]
[ECG-K2-REQUEST sim=gem5 seq=912 request_seq=247334452 dest=169 tier=1 epoch1=0 epoch2=0 current=0 context=1]
[ECG-K2-EXPECT sim=gem5 seq=1205 dest=173 tier=1 epoch1=0 epoch2=0 width=4]
[ECG-K2-RECV sim=gem5 seq=1205 dest=173 tier=1 epoch1=0 epoch2=0 width=4]
[ECG-K2-REQUEST sim=gem5 seq=913 request_seq=247334461 dest=173 tier=1 epoch1=0 epoch2=0 current=0 context=1]
[ECG-K2-EXPECT sim=gem5 seq=1206 dest=174 tier=1 epoch1=0 epoch2=0 width=4]
[ECG-K2-RECV sim=gem5 seq=1206 dest=174 tier=1 epoch1=0 epoch2=0 width=4]
[ECG-K2-REQUEST sim=gem5 seq=914 request_seq=247334470 dest=174 tier=1 epoch1=0 epoch2=0 current=0 context=1]
[ECG-K2-EXPECT sim=gem5 seq=1207 dest=178 tier=1 epoch1=0 epoch2=0 width=4]
[ECG-K2-RECV sim=gem5 seq=1207 dest=178 tier=1 epoch1=0 epoch2=0 width=4]
[ECG-K2-REQUEST sim=gem5 seq=915 request_seq=247334479 dest=178 tier=1 epoch1=0 epoch2=0 current=0 context=1]
[ECG-K2-EXPECT sim=gem5 seq=1208 dest=179 tier=1 epoch1=0 epoch2=0 width=4]
[ECG-K2-RECV sim=gem5 seq=1208 dest=179 tier=1 epoch1=0 epoch2=0 width=4]
[ECG-K2-REQUEST sim=gem5 seq=916 request_seq=247334488 dest=179 tier=1 epoch1=0 epoch2=0 current=0 context=1]
[ECG-K2-EXPECT sim=gem5 seq=1209 dest=180 tier=1 epoch1=0 epoch2=0 width=4]
[ECG-K2-RECV sim=gem5 seq=1209 dest=180 tier=1 epoch1=0 epoch2=0 width=4]
[ECG-K2-REQUEST sim=gem5 seq=917 request_seq=247334497 dest=180 tier=1 epoch1=0 epoch2=0 current=0 context=1]
[ECG-K2-EXPECT sim=gem5 seq=1210 dest=186 tier=1 epoch1=0 epoch2=0 width=4]
[ECG-K2-RECV sim=gem5 seq=1210 dest=186 tier=1 epoch1=0 epoch2=0 width=4]
[ECG-K2-REQUEST sim=gem5 seq=918 request_seq=247334506 dest=186 tier=1 epoch1=0 epoch2=0 current=0 context=1]
[ECG-K2-EXPECT sim=gem5 seq=1211 dest=188 tier=1 epoch1=0 epoch2=0 width=4]
[ECG-K2-RECV sim=gem5 seq=1211 dest=188 tier=1 epoch1=0 epoch2=0 width=4]
[ECG-K2-REQUEST sim=gem5 seq=919 request_seq=247334515 dest=188 tier=1 epoch1=0 epoch2=0 current=0 context=1]
[ECG-K2-EXPECT sim=gem5 seq=1212 dest=190 tier=1 epoch1=0 epoch2=0 width=4]
[ECG-K2-RECV sim=gem5 seq=1212 dest=190 tier=1 epoch1=0 epoch2=0 width=4]
[ECG-K2-REQUEST sim=gem5 seq=920 request_seq=247334524 dest=190 tier=1 epoch1=0 epoch2=0 current=0 context=1]
[ECG-K2-EXPECT sim=gem5 seq=1213 dest=191 tier=1 epoch1=0 epoch2=0 width=4]
[ECG-K2-RECV sim=gem5 seq=1213 dest=191 tier=1 epoch1=0 epoch2=0 width=4]
[ECG-K2-REQUEST sim=gem5 seq=921 request_seq=247334533 dest=191 tier=1 epoch1=0 epoch2=0 current=0 context=1]
[ECG-K2-EXPECT sim=gem5 seq=1214 dest=196 tier=1 epoch1=0 epoch2=0 width=4]
[ECG-K2-RECV sim=gem5 seq=1214 dest=196 tier=1 epoch1=0 epoch2=0 width=4]
[ECG-K2-REQUEST sim=gem5 seq=922 request_seq=247334542 dest=196 tier=1 epoch1=0 epoch2=0 current=0 context=1]
[ECG-K2-EXPECT sim=gem5 seq=1215 dest=197 tier=1 epoch1=0 epoch2=0 width=4]
[ECG-K2-RECV sim=gem5 seq=1215 dest=197 tier=1 epoch1=0 epoch2=0 width=4]
[ECG-K2-REQUEST sim=gem5 seq=923 request_seq=247334551 dest=197 tier=1 epoch1=0 epoch2=0 current=0 context=1]
[ECG-K2-EXPECT sim=gem5 seq=1216 dest=199 tier=1 epoch1=0 epoch2=0 width=4]
[ECG-K2-RECV sim=gem5 seq=1216 dest=199 tier=1 epoch1=0 epoch2=0 width=4]
[ECG-K2-REQUEST sim=gem5 seq=924 request_seq=247334560 dest=199 tier=1 epoch1=0 epoch2=0 current=0 context=1]
[ECG-K2-EXPECT sim=gem5 seq=1217 dest=200 tier=1 epoch1=0 epoch2=0 width=4]
[ECG-K2-RECV sim=gem5 seq=1217 dest=200 tier=1 epoch1=0 epoch2=0 width=4]
[ECG-K2-REQUEST sim=gem5 seq=925 request_seq=247334569 dest=200 tier=1 epoch1=0 epoch2=0 current=0 context=1]
[ECG-K2-EXPECT sim=gem5 seq=1218 dest=204 tier=1 epoch1=0 epoch2=0 width=4]
[ECG-K2-RECV sim=gem5 seq=1218 dest=204 tier=1 epoch1=0 epoch2=0 width=4]
[ECG-K2-REQUEST sim=gem5 seq=926 request_seq=247334578 dest=204 tier=1 epoch1=0 epoch2=0 current=0 context=1]
[ECG-K2-EXPECT sim=gem5 seq=1219 dest=209 tier=1 epoch1=0 epoch2=0 width=4]
[ECG-K2-RECV sim=gem5 seq=1219 dest=209 tier=1 epoch1=0 epoch2=0 width=4]
[ECG-K2-REQUEST sim=gem5 seq=927 request_seq=247334587 dest=209 tier=1 epoch1=0 epoch2=0 current=0 context=1]
[ECG-STREAM-BYPASS sim=gem5 cache=system.l3cache addr=0x3c9e80 vaddr=0x3b8e80 size=4 source=request-flag allocate=0]
[ECG-K2-EXPECT sim=gem5 seq=1220 dest=210 tier=1 epoch1=0 epoch2=0 width=4]
[ECG-K2-RECV sim=gem5 seq=1220 dest=210 tier=1 epoch1=0 epoch2=0 width=4]
[ECG-K2-REQUEST sim=gem5 seq=928 request_seq=247334596 dest=210 tier=1 epoch1=0 epoch2=0 current=0 context=1]
[ECG-K2-EXPECT sim=gem5 seq=1221 dest=211 tier=1 epoch1=0 epoch2=0 width=4]
[ECG-K2-RECV sim=gem5 seq=1221 dest=211 tier=1 epoch1=0 epoch2=0 width=4]
[ECG-K2-REQUEST sim=gem5 seq=929 request_seq=247334605 dest=211 tier=1 epoch1=0 epoch2=0 current=0 context=1]
[ECG-K2-EXPECT sim=gem5 seq=1222 dest=216 tier=1 epoch1=0 epoch2=0 width=4]
[ECG-K2-RECV sim=gem5 seq=1222 dest=216 tier=1 epoch1=0 epoch2=0 width=4]
[ECG-K2-REQUEST sim=gem5 seq=930 request_seq=247334614 dest=216 tier=1 epoch1=0 epoch2=0 current=0 context=1]
[ECG-K2-EXPECT sim=gem5 seq=1223 dest=219 tier=1 epoch1=0 epoch2=0 width=4]
[ECG-K2-RECV sim=gem5 seq=1223 dest=219 tier=1 epoch1=0 epoch2=0 width=4]
[ECG-K2-REQUEST sim=gem5 seq=931 request_seq=247334623 dest=219 tier=1 epoch1=0 epoch2=0 current=0 context=1]
[ECG-K2-EXPECT sim=gem5 seq=1224 dest=224 tier=1 epoch1=0 epoch2=0 width=4]
[ECG-K2-RECV sim=gem5 seq=1224 dest=224 tier=1 epoch1=0 epoch2=0 width=4]
[ECG-K2-REQUEST sim=gem5 seq=932 request_seq=247334632 dest=224 tier=1 epoch1=0 epoch2=0 current=0 context=1]
[ECG-K2-EXPECT sim=gem5 seq=1225 dest=226 tier=1 epoch1=0 epoch2=0 width=4]
[ECG-K2-RECV sim=gem5 seq=1225 dest=226 tier=1 epoch1=0 epoch2=0 width=4]
[ECG-K2-REQUEST sim=gem5 seq=933 request_seq=247334641 dest=226 tier=1 epoch1=0 epoch2=0 current=0 context=1]
[ECG-K2-EXPECT sim=gem5 seq=1226 dest=228 tier=1 epoch1=0 epoch2=0 width=4]
[ECG-K2-RECV sim=gem5 seq=1226 dest=228 tier=1 epoch1=0 epoch2=0 width=4]
[ECG-K2-REQUEST sim=gem5 seq=934 request_seq=247334650 dest=228 tier=1 epoch1=0 epoch2=0 current=0 context=1]
[ECG-K2-EXPECT sim=gem5 seq=1227 dest=231 tier=1 epoch1=0 epoch2=0 width=4]
[ECG-K2-RECV sim=gem5 seq=1227 dest=231 tier=1 epoch1=0 epoch2=0 width=4]
[ECG-K2-REQUEST sim=gem5 seq=935 request_seq=247334659 dest=231 tier=1 epoch1=0 epoch2=0 current=0 context=1]
[ECG-K2-EXPECT sim=gem5 seq=1228 dest=232 tier=1 epoch1=0 epoch2=0 width=4]
[ECG-K2-RECV sim=gem5 seq=1228 dest=232 tier=1 epoch1=0 epoch2=0 width=4]
[ECG-K2-REQUEST sim=gem5 seq=936 request_seq=247334668 dest=232 tier=1 epoch1=0 epoch2=0 current=0 context=1]
[ECG-K2-EXPECT sim=gem5 seq=1229 dest=233 tier=1 epoch1=0 epoch2=0 width=4]
[ECG-K2-RECV sim=gem5 seq=1229 dest=233 tier=1 epoch1=0 epoch2=0 width=4]
[ECG-K2-REQUEST sim=gem5 seq=937 request_seq=247334677 dest=233 tier=1 epoch1=0 epoch2=0 current=0 context=1]
[ECG-K2-EXPECT sim=gem5 seq=1230 dest=234 tier=1 epoch1=0 epoch2=0 width=4]
[ECG-K2-RECV sim=gem5 seq=1230 dest=234 tier=1 epoch1=0 epoch2=0 width=4]
[ECG-K2-REQUEST sim=gem5 seq=938 request_seq=247334686 dest=234 tier=1 epoch1=0 epoch2=0 current=0 context=1]
[ECG-K2-EXPECT sim=gem5 seq=1231 dest=235 tier=1 epoch1=0 epoch2=0 width=4]
[ECG-K2-RECV sim=gem5 seq=1231 dest=235 tier=1 epoch1=0 epoch2=0 width=4]
[ECG-K2-REQUEST sim=gem5 seq=939 request_seq=247334695 dest=235 tier=1 epoch1=0 epoch2=0 current=0 context=1]
[ECG-K2-EXPECT sim=gem5 seq=1232 dest=239 tier=1 epoch1=0 epoch2=0 width=4]
[ECG-K2-RECV sim=gem5 seq=1232 dest=239 tier=1 epoch1=0 epoch2=0 width=4]
[ECG-K2-REQUEST sim=gem5 seq=940 request_seq=247334704 dest=239 tier=1 epoch1=0 epoch2=0 current=0 context=1]
[ECG-K2-EXPECT sim=gem5 seq=1233 dest=247 tier=1 epoch1=0 epoch2=0 width=4]
[ECG-K2-RECV sim=gem5 seq=1233 dest=247 tier=1 epoch1=0 epoch2=0 width=4]
[ECG-K2-REQUEST sim=gem5 seq=941 request_seq=247334713 dest=247 tier=1 epoch1=0 epoch2=0 current=0 context=1]
[ECG-K2-EXPECT sim=gem5 seq=1234 dest=249 tier=1 epoch1=0 epoch2=0 width=4]
[ECG-K2-RECV sim=gem5 seq=1234 dest=249 tier=1 epoch1=0 epoch2=0 width=4]
[ECG-K2-REQUEST sim=gem5 seq=942 request_seq=247334722 dest=249 tier=1 epoch1=0 epoch2=0 current=0 context=1]
[ECG-K2-EXPECT sim=gem5 seq=1235 dest=250 tier=1 epoch1=0 epoch2=0 width=4]
[ECG-K2-RECV sim=gem5 seq=1235 dest=250 tier=1 epoch1=0 epoch2=0 width=4]
[ECG-K2-REQUEST sim=gem5 seq=943 request_seq=247334731 dest=250 tier=1 epoch1=0 epoch2=0 current=0 context=1]
[ECG-STREAM-BYPASS sim=gem5 cache=system.l3cache addr=0x3c9ec0 vaddr=0x3b8ec0 size=4 source=request-flag allocate=0]
[ECG-K2-EXPECT sim=gem5 seq=1236 dest=253 tier=1 epoch1=0 epoch2=0 width=4]
[ECG-K2-RECV sim=gem5 seq=1236 dest=253 tier=1 epoch1=0 epoch2=0 width=4]
[ECG-K2-REQUEST sim=gem5 seq=944 request_seq=247334740 dest=253 tier=1 epoch1=0 epoch2=0 current=0 context=1]
[ECG-K2-EXPECT sim=gem5 seq=1237 dest=255 tier=1 epoch1=0 epoch2=0 width=4]
[ECG-K2-RECV sim=gem5 seq=1237 dest=255 tier=1 epoch1=0 epoch2=0 width=4]
[ECG-K2-REQUEST sim=gem5 seq=945 request_seq=247334749 dest=255 tier=1 epoch1=0 epoch2=0 current=0 context=1]
[ECG-K2-EXPECT sim=gem5 seq=1238 dest=259 tier=1 epoch1=0 epoch2=0 width=4]
[ECG-K2-RECV sim=gem5 seq=1238 dest=259 tier=1 epoch1=0 epoch2=0 width=4]
[ECG-K2-REQUEST sim=gem5 seq=946 request_seq=247334758 dest=259 tier=1 epoch1=0 epoch2=0 current=0 context=1]
[ECG-K2-EXPECT sim=gem5 seq=1239 dest=262 tier=1 epoch1=0 epoch2=0 width=4]
[ECG-K2-RECV sim=gem5 seq=1239 dest=262 tier=1 epoch1=0 epoch2=0 width=4]
[ECG-K2-REQUEST sim=gem5 seq=947 request_seq=247334767 dest=262 tier=1 epoch1=0 epoch2=0 current=0 context=1]
[ECG-K2-EXPECT sim=gem5 seq=1240 dest=266 tier=1 epoch1=0 epoch2=0 width=4]
[ECG-K2-RECV sim=gem5 seq=1240 dest=266 tier=1 epoch1=0 epoch2=0 width=4]
[ECG-K2-REQUEST sim=gem5 seq=948 request_seq=247334776 dest=266 tier=1 epoch1=0 epoch2=0 current=0 context=1]
[ECG-K2-EXPECT sim=gem5 seq=1241 dest=268 tier=1 epoch1=0 epoch2=0 width=4]
[ECG-K2-RECV sim=gem5 seq=1241 dest=268 tier=1 epoch1=0 epoch2=0 width=4]
[ECG-K2-REQUEST sim=gem5 seq=949 request_seq=247334785 dest=268 tier=1 epoch1=0 epoch2=0 current=0 context=1]
[ECG-K2-EXPECT sim=gem5 seq=1242 dest=279 tier=1 epoch1=0 epoch2=0 width=4]
[ECG-K2-RECV sim=gem5 seq=1242 dest=279 tier=1 epoch1=0 epoch2=0 width=4]
[ECG-K2-REQUEST sim=gem5 seq=950 request_seq=247334794 dest=279 tier=1 epoch1=0 epoch2=0 current=0 context=1]
[ECG-K2-EXPECT sim=gem5 seq=1243 dest=281 tier=1 epoch1=0 epoch2=0 width=4]
[ECG-K2-RECV sim=gem5 seq=1243 dest=281 tier=1 epoch1=0 epoch2=0 width=4]
[ECG-K2-REQUEST sim=gem5 seq=951 request_seq=247334803 dest=281 tier=1 epoch1=0 epoch2=0 current=0 context=1]
[ECG-K2-EXPECT sim=gem5 seq=1244 dest=290 tier=1 epoch1=0 epoch2=0 width=4]
[ECG-K2-RECV sim=gem5 seq=1244 dest=290 tier=1 epoch1=0 epoch2=0 width=4]
[ECG-K2-REQUEST sim=gem5 seq=952 request_seq=247334812 dest=290 tier=1 epoch1=0 epoch2=0 current=0 context=1]
[ECG-K2-EXPECT sim=gem5 seq=1245 dest=298 tier=1 epoch1=0 epoch2=0 width=4]
[ECG-K2-RECV sim=gem5 seq=1245 dest=298 tier=1 epoch1=0 epoch2=0 width=4]
[ECG-K2-REQUEST sim=gem5 seq=953 request_seq=247334821 dest=298 tier=1 epoch1=0 epoch2=0 current=0 context=1]
[ECG-K2-EXPECT sim=gem5 seq=1246 dest=299 tier=1 epoch1=0 epoch2=0 width=4]
[ECG-K2-RECV sim=gem5 seq=1246 dest=299 tier=1 epoch1=0 epoch2=0 width=4]
[ECG-K2-REQUEST sim=gem5 seq=954 request_seq=247334830 dest=299 tier=1 epoch1=0 epoch2=0 current=0 context=1]
[ECG-K2-EXPECT sim=gem5 seq=1247 dest=308 tier=1 epoch1=0 epoch2=0 width=4]
[ECG-K2-RECV sim=gem5 seq=1247 dest=308 tier=1 epoch1=0 epoch2=0 width=4]
[ECG-K2-REQUEST sim=gem5 seq=955 request_seq=247334839 dest=308 tier=1 epoch1=0 epoch2=0 current=0 context=1]
[ECG-K2-ACCEPT sim=gem5 seq=949 request_seq=247334785 request_dest=268 fill_dest=259 source=request tier=1 epoch1=0 epoch2=0 current=0 context=1 property_elem_bytes=4]
[ECG-K2-ACCEPT sim=gem5 seq=955 request_seq=247334839 request_dest=308 fill_dest=308 source=request tier=1 epoch1=0 epoch2=0 current=0 context=1 property_elem_bytes=4]
[ECG-K2-EXPECT sim=gem5 seq=1248 dest=317 tier=1 epoch1=0 epoch2=0 width=4]
[ECG-K2-RECV sim=gem5 seq=1248 dest=317 tier=1 epoch1=0 epoch2=0 width=4]
[ECG-K2-REQUEST sim=gem5 seq=956 request_seq=247334848 dest=317 tier=1 epoch1=0 epoch2=0 current=0 context=1]
[ECG-K2-EXPECT sim=gem5 seq=1249 dest=318 tier=1 epoch1=0 epoch2=0 width=4]
[ECG-K2-RECV sim=gem5 seq=1249 dest=318 tier=1 epoch1=0 epoch2=0 width=4]
[ECG-K2-REQUEST sim=gem5 seq=957 request_seq=247334857 dest=318 tier=1 epoch1=0 epoch2=0 current=0 context=1]
[ECG-K2-EXPECT sim=gem5 seq=1250 dest=319 tier=1 epoch1=0 epoch2=0 width=4]
[ECG-K2-RECV sim=gem5 seq=1250 dest=319 tier=1 epoch1=0 epoch2=0 width=4]
[ECG-K2-REQUEST sim=gem5 seq=958 request_seq=247334866 dest=319 tier=1 epoch1=0 epoch2=0 current=0 context=1]
[ECG-K2-EXPECT sim=gem5 seq=1251 dest=323 tier=1 epoch1=0 epoch2=0 width=4]
[ECG-K2-RECV sim=gem5 seq=1251 dest=323 tier=1 epoch1=0 epoch2=0 width=4]
[ECG-K2-REQUEST sim=gem5 seq=959 request_seq=247334875 dest=323 tier=1 epoch1=0 epoch2=0 current=0 context=1]
[ECG-STREAM-BYPASS sim=gem5 cache=system.l3cache addr=0x3c9f00 vaddr=0x3b8f00 size=4 source=request-flag allocate=0]
[ECG-K2-ACCEPT sim=gem5 seq=959 request_seq=247334875 request_dest=323 fill_dest=323 source=request tier=1 epoch1=0 epoch2=0 current=0 context=1 property_elem_bytes=4]
[ECG-K2-EXPECT sim=gem5 seq=1252 dest=324 tier=1 epoch1=0 epoch2=0 width=4]
[ECG-K2-RECV sim=gem5 seq=1252 dest=324 tier=1 epoch1=0 epoch2=0 width=4]
[ECG-K2-REQUEST sim=gem5 seq=960 request_seq=247334884 dest=324 tier=1 epoch1=0 epoch2=0 current=0 context=1]
[ECG-K2-EXPECT sim=gem5 seq=1253 dest=327 tier=1 epoch1=0 epoch2=0 width=4]
[ECG-K2-RECV sim=gem5 seq=1253 dest=327 tier=1 epoch1=0 epoch2=0 width=4]
[ECG-K2-REQUEST sim=gem5 seq=961 request_seq=247334893 dest=327 tier=1 epoch1=0 epoch2=0 current=0 context=1]
[ECG-K2-EXPECT sim=gem5 seq=1254 dest=329 tier=1 epoch1=0 epoch2=0 width=4]
[ECG-K2-RECV sim=gem5 seq=1254 dest=329 tier=1 epoch1=0 epoch2=0 width=4]
[ECG-K2-REQUEST sim=gem5 seq=962 request_seq=247334902 dest=329 tier=1 epoch1=0 epoch2=0 current=0 context=1]
[ECG-K2-EXPECT sim=gem5 seq=1255 dest=330 tier=1 epoch1=0 epoch2=0 width=4]
[ECG-K2-RECV sim=gem5 seq=1255 dest=330 tier=1 epoch1=0 epoch2=0 width=4]
[ECG-K2-REQUEST sim=gem5 seq=963 request_seq=247334911 dest=330 tier=1 epoch1=0 epoch2=0 current=0 context=1]
[ECG-K2-EXPECT sim=gem5 seq=1256 dest=331 tier=1 epoch1=0 epoch2=0 width=4]
[ECG-K2-RECV sim=gem5 seq=1256 dest=331 tier=1 epoch1=0 epoch2=0 width=4]
[ECG-K2-REQUEST sim=gem5 seq=964 request_seq=247334920 dest=331 tier=1 epoch1=0 epoch2=0 current=0 context=1]
[ECG-K2-EXPECT sim=gem5 seq=1257 dest=332 tier=1 epoch1=0 epoch2=0 width=4]
[ECG-K2-RECV sim=gem5 seq=1257 dest=332 tier=1 epoch1=0 epoch2=0 width=4]
[ECG-K2-REQUEST sim=gem5 seq=965 request_seq=247334929 dest=332 tier=1 epoch1=0 epoch2=0 current=0 context=1]
[ECG-K2-EXPECT sim=gem5 seq=1258 dest=333 tier=1 epoch1=0 epoch2=0 width=4]
[ECG-K2-RECV sim=gem5 seq=1258 dest=333 tier=1 epoch1=0 epoch2=0 width=4]
[ECG-K2-REQUEST sim=gem5 seq=966 request_seq=247334938 dest=333 tier=1 epoch1=0 epoch2=0 current=0 context=1]
[ECG-K2-EXPECT sim=gem5 seq=1259 dest=342 tier=1 epoch1=0 epoch2=0 width=4]
[ECG-K2-RECV sim=gem5 seq=1259 dest=342 tier=1 epoch1=0 epoch2=0 width=4]
[ECG-K2-REQUEST sim=gem5 seq=967 request_seq=247334947 dest=342 tier=1 epoch1=0 epoch2=0 current=0 context=1]
[ECG-K2-EXPECT sim=gem5 seq=1260 dest=344 tier=1 epoch1=0 epoch2=0 width=4]
[ECG-K2-RECV sim=gem5 seq=1260 dest=344 tier=1 epoch1=0 epoch2=0 width=4]
[ECG-K2-REQUEST sim=gem5 seq=968 request_seq=247334956 dest=344 tier=1 epoch1=0 epoch2=0 current=0 context=1]
[ECG-K2-EXPECT sim=gem5 seq=1261 dest=351 tier=1 epoch1=0 epoch2=0 width=4]
[ECG-K2-RECV sim=gem5 seq=1261 dest=351 tier=1 epoch1=0 epoch2=0 width=4]
[ECG-K2-REQUEST sim=gem5 seq=969 request_seq=247334965 dest=351 tier=1 epoch1=0 epoch2=0 current=0 context=1]
[ECG-K2-EXPECT sim=gem5 seq=1262 dest=353 tier=1 epoch1=0 epoch2=0 width=4]
[ECG-K2-RECV sim=gem5 seq=1262 dest=353 tier=1 epoch1=0 epoch2=0 width=4]
[ECG-K2-REQUEST sim=gem5 seq=970 request_seq=247334974 dest=353 tier=1 epoch1=0 epoch2=0 current=0 context=1]
[ECG-K2-EXPECT sim=gem5 seq=1263 dest=368 tier=1 epoch1=0 epoch2=0 width=4]
[ECG-K2-RECV sim=gem5 seq=1263 dest=368 tier=1 epoch1=0 epoch2=0 width=4]
[ECG-K2-REQUEST sim=gem5 seq=971 request_seq=247334983 dest=368 tier=1 epoch1=0 epoch2=0 current=0 context=1]
[ECG-K2-EXPECT sim=gem5 seq=1264 dest=370 tier=1 epoch1=0 epoch2=0 width=4]
[ECG-K2-RECV sim=gem5 seq=1264 dest=370 tier=1 epoch1=0 epoch2=0 width=4]
[ECG-K2-REQUEST sim=gem5 seq=972 request_seq=247334992 dest=370 tier=1 epoch1=0 epoch2=0 current=0 context=1]
[ECG-K2-EXPECT sim=gem5 seq=1265 dest=377 tier=1 epoch1=0 epoch2=0 width=4]
[ECG-K2-RECV sim=gem5 seq=1265 dest=377 tier=1 epoch1=0 epoch2=0 width=4]
[ECG-K2-REQUEST sim=gem5 seq=973 request_seq=247335001 dest=377 tier=1 epoch1=0 epoch2=0 current=0 context=1]
[ECG-K2-EXPECT sim=gem5 seq=1266 dest=382 tier=1 epoch1=0 epoch2=0 width=4]
[ECG-K2-RECV sim=gem5 seq=1266 dest=382 tier=1 epoch1=0 epoch2=0 width=4]
[ECG-K2-REQUEST sim=gem5 seq=974 request_seq=247335010 dest=382 tier=1 epoch1=0 epoch2=0 current=0 context=1]
[ECG-K2-EXPECT sim=gem5 seq=1267 dest=383 tier=1 epoch1=0 epoch2=0 width=4]
[ECG-K2-RECV sim=gem5 seq=1267 dest=383 tier=1 epoch1=0 epoch2=0 width=4]
[ECG-K2-REQUEST sim=gem5 seq=975 request_seq=247335019 dest=383 tier=1 epoch1=0 epoch2=0 current=0 context=1]
[ECG-STREAM-BYPASS sim=gem5 cache=system.l3cache addr=0x3c9f40 vaddr=0x3b8f40 size=4 source=request-flag allocate=0]
[ECG-K2-EXPECT sim=gem5 seq=1268 dest=384 tier=1 epoch1=0 epoch2=0 width=4]
[ECG-K2-RECV sim=gem5 seq=1268 dest=384 tier=1 epoch1=0 epoch2=0 width=4]
[ECG-K2-REQUEST sim=gem5 seq=976 request_seq=247335028 dest=384 tier=1 epoch1=0 epoch2=0 current=0 context=1]
[ECG-K2-EXPECT sim=gem5 seq=1269 dest=394 tier=1 epoch1=0 epoch2=0 width=4]
[ECG-K2-RECV sim=gem5 seq=1269 dest=394 tier=1 epoch1=0 epoch2=0 width=4]
[ECG-K2-REQUEST sim=gem5 seq=977 request_seq=247335037 dest=394 tier=1 epoch1=0 epoch2=0 current=0 context=1]
[ECG-K2-EXPECT sim=gem5 seq=1270 dest=412 tier=1 epoch1=0 epoch2=0 width=4]
[ECG-K2-RECV sim=gem5 seq=1270 dest=412 tier=1 epoch1=0 epoch2=0 width=4]
[ECG-K2-REQUEST sim=gem5 seq=978 request_seq=247335046 dest=412 tier=1 epoch1=0 epoch2=0 current=0 context=1]
[ECG-K2-EXPECT sim=gem5 seq=1271 dest=422 tier=1 epoch1=0 epoch2=0 width=4]
[ECG-K2-RECV sim=gem5 seq=1271 dest=422 tier=1 epoch1=0 epoch2=0 width=4]
[ECG-K2-REQUEST sim=gem5 seq=979 request_seq=247335055 dest=422 tier=1 epoch1=0 epoch2=0 current=0 context=1]
[ECG-K2-EXPECT sim=gem5 seq=1272 dest=429 tier=1 epoch1=0 epoch2=0 width=4]
[ECG-K2-RECV sim=gem5 seq=1272 dest=429 tier=1 epoch1=0 epoch2=0 width=4]
[ECG-K2-REQUEST sim=gem5 seq=980 request_seq=247335064 dest=429 tier=1 epoch1=0 epoch2=0 current=0 context=1]
[ECG-K2-EXPECT sim=gem5 seq=1273 dest=454 tier=1 epoch1=0 epoch2=0 width=4]
[ECG-K2-RECV sim=gem5 seq=1273 dest=454 tier=1 epoch1=0 epoch2=0 width=4]
[ECG-K2-REQUEST sim=gem5 seq=981 request_seq=247335073 dest=454 tier=1 epoch1=0 epoch2=0 current=0 context=1]
[ECG-K2-EXPECT sim=gem5 seq=1274 dest=455 tier=1 epoch1=0 epoch2=0 width=4]
[ECG-K2-RECV sim=gem5 seq=1274 dest=455 tier=1 epoch1=0 epoch2=0 width=4]
[ECG-K2-REQUEST sim=gem5 seq=982 request_seq=247335082 dest=455 tier=1 epoch1=0 epoch2=0 current=0 context=1]
[ECG-K2-EXPECT sim=gem5 seq=1275 dest=462 tier=1 epoch1=0 epoch2=0 width=4]
[ECG-K2-RECV sim=gem5 seq=1275 dest=462 tier=1 epoch1=0 epoch2=0 width=4]
[ECG-K2-REQUEST sim=gem5 seq=983 request_seq=247335091 dest=462 tier=1 epoch1=0 epoch2=0 current=0 context=1]
[ECG-K2-EXPECT sim=gem5 seq=1276 dest=470 tier=1 epoch1=0 epoch2=0 width=4]
[ECG-K2-RECV sim=gem5 seq=1276 dest=470 tier=1 epoch1=0 epoch2=0 width=4]
[ECG-K2-REQUEST sim=gem5 seq=984 request_seq=247335100 dest=470 tier=1 epoch1=0 epoch2=0 current=0 context=1]
[ECG-K2-EXPECT sim=gem5 seq=1277 dest=471 tier=1 epoch1=0 epoch2=0 width=4]
[ECG-K2-RECV sim=gem5 seq=1277 dest=471 tier=1 epoch1=0 epoch2=0 width=4]
[ECG-K2-REQUEST sim=gem5 seq=985 request_seq=247335109 dest=471 tier=1 epoch1=0 epoch2=0 current=0 context=1]
[ECG-K2-EXPECT sim=gem5 seq=1278 dest=473 tier=1 epoch1=0 epoch2=0 width=4]
[ECG-K2-RECV sim=gem5 seq=1278 dest=473 tier=1 epoch1=0 epoch2=0 width=4]
[ECG-K2-REQUEST sim=gem5 seq=986 request_seq=247335118 dest=473 tier=1 epoch1=0 epoch2=0 current=0 context=1]
[ECG-K2-ACCEPT sim=gem5 seq=977 request_seq=247335037 request_dest=394 fill_dest=384 source=request tier=1 epoch1=0 epoch2=0 current=0 context=1 property_elem_bytes=4]
[ECG-K2-EXPECT sim=gem5 seq=1279 dest=455 tier=1 epoch1=0 epoch2=0 width=4]
[ECG-K2-RECV sim=gem5 seq=1279 dest=455 tier=1 epoch1=0 epoch2=0 width=4]
[ECG-K2-EXPECT sim=gem5 seq=1280 dest=462 tier=1 epoch1=0 epoch2=0 width=4]
[ECG-K2-RECV sim=gem5 seq=1280 dest=462 tier=1 epoch1=0 epoch2=0 width=4]
[ECG-K2-EXPECT sim=gem5 seq=1281 dest=470 tier=1 epoch1=0 epoch2=0 width=4]
[ECG-K2-RECV sim=gem5 seq=1281 dest=470 tier=1 epoch1=0 epoch2=0 width=4]
[ECG-K2-EXPECT sim=gem5 seq=1282 dest=471 tier=1 epoch1=0 epoch2=0 width=4]
[ECG-K2-RECV sim=gem5 seq=1282 dest=471 tier=1 epoch1=0 epoch2=0 width=4]
[ECG-K2-EXPECT sim=gem5 seq=1283 dest=473 tier=1 epoch1=0 epoch2=0 width=4]
[ECG-K2-RECV sim=gem5 seq=1283 dest=473 tier=1 epoch1=0 epoch2=0 width=4]
[ECG-K2-EXPECT sim=gem5 seq=1284 dest=471 tier=1 epoch1=0 epoch2=0 width=4]
[ECG-K2-RECV sim=gem5 seq=1284 dest=471 tier=1 epoch1=0 epoch2=0 width=4]
[ECG-K2-EXPECT sim=gem5 seq=1285 dest=473 tier=1 epoch1=0 epoch2=0 width=4]
[ECG-K2-RECV sim=gem5 seq=1285 dest=473 tier=1 epoch1=0 epoch2=0 width=4]
[ECG-K2-EXPECT sim=gem5 seq=1286 dest=479 tier=1 epoch1=0 epoch2=0 width=4]
[ECG-K2-RECV sim=gem5 seq=1286 dest=479 tier=1 epoch1=0 epoch2=0 width=4]
[ECG-K2-REQUEST sim=gem5 seq=987 request_seq=247335127 dest=479 tier=1 epoch1=0 epoch2=0 current=0 context=1]
[ECG-K2-EXPECT sim=gem5 seq=1287 dest=483 tier=1 epoch1=0 epoch2=0 width=4]
[ECG-K2-RECV sim=gem5 seq=1287 dest=483 tier=1 epoch1=0 epoch2=0 width=4]
[ECG-K2-REQUEST sim=gem5 seq=988 request_seq=247335136 dest=483 tier=1 epoch1=0 epoch2=0 current=0 context=1]
[ECG-K2-EXPECT sim=gem5 seq=1288 dest=509 tier=1 epoch1=0 epoch2=0 width=4]
[ECG-K2-RECV sim=gem5 seq=1288 dest=509 tier=1 epoch1=0 epoch2=0 width=4]
[ECG-K2-REQUEST sim=gem5 seq=989 request_seq=247335145 dest=509 tier=1 epoch1=0 epoch2=0 current=0 context=1]
[ECG-K2-EXPECT sim=gem5 seq=1289 dest=510 tier=1 epoch1=0 epoch2=0 width=4]
[ECG-K2-RECV sim=gem5 seq=1289 dest=510 tier=1 epoch1=0 epoch2=0 width=4]
[ECG-K2-REQUEST sim=gem5 seq=990 request_seq=247335154 dest=510 tier=1 epoch1=0 epoch2=0 current=0 context=1]
[ECG-K2-EXPECT sim=gem5 seq=1290 dest=540 tier=1 epoch1=0 epoch2=0 width=4]
[ECG-K2-RECV sim=gem5 seq=1290 dest=540 tier=1 epoch1=0 epoch2=0 width=4]
[ECG-K2-REQUEST sim=gem5 seq=991 request_seq=247335163 dest=540 tier=1 epoch1=0 epoch2=0 current=0 context=1]
[ECG-STREAM-BYPASS sim=gem5 cache=system.l3cache addr=0x3c9f80 vaddr=0x3b8f80 size=4 source=request-flag allocate=0]
[ECG-K2-EXPECT sim=gem5 seq=1291 dest=550 tier=1 epoch1=0 epoch2=0 width=4]
[ECG-K2-RECV sim=gem5 seq=1291 dest=550 tier=1 epoch1=0 epoch2=0 width=4]
[ECG-K2-REQUEST sim=gem5 seq=992 request_seq=247335172 dest=550 tier=1 epoch1=0 epoch2=0 current=0 context=1]
[ECG-K2-EXPECT sim=gem5 seq=1292 dest=553 tier=1 epoch1=0 epoch2=0 width=4]
[ECG-K2-RECV sim=gem5 seq=1292 dest=553 tier=1 epoch1=0 epoch2=0 width=4]
[ECG-K2-REQUEST sim=gem5 seq=993 request_seq=247335181 dest=553 tier=1 epoch1=0 epoch2=0 current=0 context=1]
[ECG-K2-EXPECT sim=gem5 seq=1293 dest=566 tier=1 epoch1=0 epoch2=0 width=4]
[ECG-K2-RECV sim=gem5 seq=1293 dest=566 tier=1 epoch1=0 epoch2=0 width=4]
[ECG-K2-REQUEST sim=gem5 seq=994 request_seq=247335190 dest=566 tier=1 epoch1=0 epoch2=0 current=0 context=1]
[ECG-K2-EXPECT sim=gem5 seq=1294 dest=567 tier=1 epoch1=0 epoch2=0 width=4]
[ECG-K2-RECV sim=gem5 seq=1294 dest=567 tier=1 epoch1=0 epoch2=0 width=4]
[ECG-K2-REQUEST sim=gem5 seq=995 request_seq=247335199 dest=567 tier=1 epoch1=0 epoch2=0 current=0 context=1]
[ECG-K2-EXPECT sim=gem5 seq=1295 dest=582 tier=1 epoch1=0 epoch2=0 width=4]
[ECG-K2-RECV sim=gem5 seq=1295 dest=582 tier=1 epoch1=0 epoch2=0 width=4]
[ECG-K2-REQUEST sim=gem5 seq=996 request_seq=247335208 dest=582 tier=1 epoch1=0 epoch2=0 current=0 context=1]
[ECG-K2-EXPECT sim=gem5 seq=1296 dest=588 tier=1 epoch1=0 epoch2=0 width=4]
[ECG-K2-RECV sim=gem5 seq=1296 dest=588 tier=1 epoch1=0 epoch2=0 width=4]
[ECG-K2-REQUEST sim=gem5 seq=997 request_seq=247335217 dest=588 tier=1 epoch1=0 epoch2=0 current=0 context=1]
[ECG-K2-EXPECT sim=gem5 seq=1297 dest=590 tier=1 epoch1=0 epoch2=0 width=4]
[ECG-K2-RECV sim=gem5 seq=1297 dest=590 tier=1 epoch1=0 epoch2=0 width=4]
[ECG-K2-REQUEST sim=gem5 seq=998 request_seq=247335226 dest=590 tier=1 epoch1=0 epoch2=0 current=0 context=1]
[ECG-K2-EXPECT sim=gem5 seq=1298 dest=608 tier=1 epoch1=0 epoch2=0 width=4]
[ECG-K2-RECV sim=gem5 seq=1298 dest=608 tier=1 epoch1=0 epoch2=0 width=4]
[ECG-K2-REQUEST sim=gem5 seq=999 request_seq=247335235 dest=608 tier=1 epoch1=0 epoch2=0 current=0 context=1]
[ECG-K2-EXPECT sim=gem5 seq=1299 dest=615 tier=1 epoch1=0 epoch2=0 width=4]
[ECG-K2-RECV sim=gem5 seq=1299 dest=615 tier=1 epoch1=0 epoch2=0 width=4]
[ECG-K2-REQUEST sim=gem5 seq=1000 request_seq=247335244 dest=615 tier=1 epoch1=0 epoch2=0 current=0 context=1]
[ECG-K2-EXPECT sim=gem5 seq=1300 dest=617 tier=1 epoch1=0 epoch2=0 width=4]
[ECG-K2-RECV sim=gem5 seq=1300 dest=617 tier=1 epoch1=0 epoch2=0 width=4]
[ECG-K2-REQUEST sim=gem5 seq=1001 request_seq=247335253 dest=617 tier=1 epoch1=0 epoch2=0 current=0 context=1]
[ECG-K2-EXPECT sim=gem5 seq=1301 dest=622 tier=1 epoch1=0 epoch2=0 width=4]
[ECG-K2-RECV sim=gem5 seq=1301 dest=622 tier=1 epoch1=0 epoch2=0 width=4]
[ECG-K2-REQUEST sim=gem5 seq=1002 request_seq=247335262 dest=622 tier=1 epoch1=0 epoch2=0 current=0 context=1]
[ECG-K2-EXPECT sim=gem5 seq=1302 dest=615 tier=1 epoch1=0 epoch2=0 width=4]
[ECG-K2-RECV sim=gem5 seq=1302 dest=615 tier=1 epoch1=0 epoch2=0 width=4]
[ECG-K2-EXPECT sim=gem5 seq=1303 dest=617 tier=1 epoch1=0 epoch2=0 width=4]
[ECG-K2-RECV sim=gem5 seq=1303 dest=617 tier=1 epoch1=0 epoch2=0 width=4]
[ECG-K2-EXPECT sim=gem5 seq=1304 dest=622 tier=1 epoch1=0 epoch2=0 width=4]
[ECG-K2-RECV sim=gem5 seq=1304 dest=622 tier=1 epoch1=0 epoch2=0 width=4]
[ECG-K2-EXPECT sim=gem5 seq=1305 dest=627 tier=1 epoch1=0 epoch2=0 width=4]
[ECG-K2-RECV sim=gem5 seq=1305 dest=627 tier=1 epoch1=0 epoch2=0 width=4]
[ECG-K2-REQUEST sim=gem5 seq=1003 request_seq=247335271 dest=627 tier=1 epoch1=0 epoch2=0 current=0 context=1]
[ECG-K2-EXPECT sim=gem5 seq=1306 dest=632 tier=1 epoch1=0 epoch2=0 width=4]
[ECG-K2-RECV sim=gem5 seq=1306 dest=632 tier=1 epoch1=0 epoch2=0 width=4]
[ECG-K2-REQUEST sim=gem5 seq=1004 request_seq=247335280 dest=632 tier=1 epoch1=0 epoch2=0 current=0 context=1]
[ECG-K2-EXPECT sim=gem5 seq=1307 dest=637 tier=1 epoch1=0 epoch2=0 width=4]
[ECG-K2-RECV sim=gem5 seq=1307 dest=637 tier=1 epoch1=0 epoch2=0 width=4]
[ECG-K2-REQUEST sim=gem5 seq=1005 request_seq=247335289 dest=637 tier=1 epoch1=0 epoch2=0 current=0 context=1]
[ECG-K2-EXPECT sim=gem5 seq=1308 dest=641 tier=1 epoch1=0 epoch2=0 width=4]
[ECG-K2-RECV sim=gem5 seq=1308 dest=641 tier=1 epoch1=0 epoch2=0 width=4]
[ECG-K2-REQUEST sim=gem5 seq=1006 request_seq=247335298 dest=641 tier=1 epoch1=0 epoch2=0 current=0 context=1]
[ECG-K2-EXPECT sim=gem5 seq=1309 dest=650 tier=1 epoch1=0 epoch2=0 width=4]
[ECG-K2-RECV sim=gem5 seq=1309 dest=650 tier=1 epoch1=0 epoch2=0 width=4]
[ECG-K2-REQUEST sim=gem5 seq=1007 request_seq=247335307 dest=650 tier=1 epoch1=0 epoch2=0 current=0 context=1]
[ECG-STREAM-BYPASS sim=gem5 cache=system.l3cache addr=0x3c9fc0 vaddr=0x3b8fc0 size=4 source=request-flag allocate=0]
[ECG-K2-ACCEPT sim=gem5 seq=1007 request_seq=247335307 request_dest=650 fill_dest=641 source=request tier=1 epoch1=0 epoch2=0 current=0 context=1 property_elem_bytes=4]
[ECG-K2-EXPECT sim=gem5 seq=1310 dest=674 tier=1 epoch1=0 epoch2=0 width=4]
[ECG-K2-RECV sim=gem5 seq=1310 dest=674 tier=1 epoch1=0 epoch2=0 width=4]
[ECG-K2-REQUEST sim=gem5 seq=1008 request_seq=247335316 dest=674 tier=1 epoch1=0 epoch2=0 current=0 context=1]
[ECG-K2-EXPECT sim=gem5 seq=1311 dest=677 tier=1 epoch1=0 epoch2=0 width=4]
[ECG-K2-RECV sim=gem5 seq=1311 dest=677 tier=1 epoch1=0 epoch2=0 width=4]
[ECG-K2-REQUEST sim=gem5 seq=1009 request_seq=247335325 dest=677 tier=1 epoch1=0 epoch2=0 current=0 context=1]
[ECG-K2-EXPECT sim=gem5 seq=1312 dest=693 tier=1 epoch1=0 epoch2=0 width=4]
[ECG-K2-RECV sim=gem5 seq=1312 dest=693 tier=1 epoch1=0 epoch2=0 width=4]
[ECG-K2-REQUEST sim=gem5 seq=1010 request_seq=247335334 dest=693 tier=1 epoch1=0 epoch2=0 current=0 context=1]
[ECG-K2-EXPECT sim=gem5 seq=1313 dest=697 tier=1 epoch1=0 epoch2=0 width=4]
[ECG-K2-RECV sim=gem5 seq=1313 dest=697 tier=1 epoch1=0 epoch2=0 width=4]
[ECG-K2-REQUEST sim=gem5 seq=1011 request_seq=247335343 dest=697 tier=1 epoch1=0 epoch2=0 current=0 context=1]
[ECG-K2-EXPECT sim=gem5 seq=1314 dest=703 tier=1 epoch1=0 epoch2=0 width=4]
[ECG-K2-RECV sim=gem5 seq=1314 dest=703 tier=1 epoch1=0 epoch2=0 width=4]
[ECG-K2-REQUEST sim=gem5 seq=1012 request_seq=247335352 dest=703 tier=1 epoch1=0 epoch2=0 current=0 context=1]
[ECG-K2-EXPECT sim=gem5 seq=1315 dest=705 tier=1 epoch1=0 epoch2=0 width=4]
[ECG-K2-RECV sim=gem5 seq=1315 dest=705 tier=1 epoch1=0 epoch2=0 width=4]
[ECG-K2-REQUEST sim=gem5 seq=1013 request_seq=247335361 dest=705 tier=1 epoch1=0 epoch2=0 current=0 context=1]
[ECG-K2-EXPECT sim=gem5 seq=1316 dest=712 tier=1 epoch1=0 epoch2=0 width=4]
[ECG-K2-RECV sim=gem5 seq=1316 dest=712 tier=1 epoch1=0 epoch2=0 width=4]
[ECG-K2-REQUEST sim=gem5 seq=1014 request_seq=247335370 dest=712 tier=1 epoch1=0 epoch2=0 current=0 context=1]
[ECG-K2-EXPECT sim=gem5 seq=1317 dest=713 tier=1 epoch1=0 epoch2=0 width=4]
[ECG-K2-RECV sim=gem5 seq=1317 dest=713 tier=1 epoch1=0 epoch2=0 width=4]
[ECG-K2-REQUEST sim=gem5 seq=1015 request_seq=247335379 dest=713 tier=1 epoch1=0 epoch2=0 current=0 context=1]
[ECG-K2-EXPECT sim=gem5 seq=1318 dest=727 tier=1 epoch1=0 epoch2=0 width=4]
[ECG-K2-RECV sim=gem5 seq=1318 dest=727 tier=1 epoch1=0 epoch2=0 width=4]
[ECG-K2-REQUEST sim=gem5 seq=1016 request_seq=247335388 dest=727 tier=1 epoch1=0 epoch2=0 current=0 context=1]
[ECG-K2-EXPECT sim=gem5 seq=1319 dest=744 tier=1 epoch1=0 epoch2=0 width=4]
[ECG-K2-RECV sim=gem5 seq=1319 dest=744 tier=1 epoch1=0 epoch2=0 width=4]
[ECG-K2-REQUEST sim=gem5 seq=1017 request_seq=247335397 dest=744 tier=1 epoch1=0 epoch2=0 current=0 context=1]
[ECG-K2-EXPECT sim=gem5 seq=1320 dest=753 tier=1 epoch1=0 epoch2=0 width=4]
[ECG-K2-RECV sim=gem5 seq=1320 dest=753 tier=1 epoch1=0 epoch2=0 width=4]
[ECG-K2-REQUEST sim=gem5 seq=1018 request_seq=247335406 dest=753 tier=1 epoch1=0 epoch2=0 current=0 context=1]
[ECG-K2-EXPECT sim=gem5 seq=1321 dest=744 tier=1 epoch1=0 epoch2=0 width=4]
[ECG-K2-RECV sim=gem5 seq=1321 dest=744 tier=1 epoch1=0 epoch2=0 width=4]
[ECG-K2-EXPECT sim=gem5 seq=1322 dest=753 tier=1 epoch1=0 epoch2=0 width=4]
[ECG-K2-RECV sim=gem5 seq=1322 dest=753 tier=1 epoch1=0 epoch2=0 width=4]
[ECG-K2-ACCEPT sim=gem5 seq=1016 request_seq=247335388 request_dest=727 fill_dest=727 source=request tier=1 epoch1=0 epoch2=0 current=0 context=1 property_elem_bytes=4]
[ECG-K2-EXPECT sim=gem5 seq=1323 dest=753 tier=1 epoch1=0 epoch2=0 width=4]
[ECG-K2-RECV sim=gem5 seq=1323 dest=753 tier=1 epoch1=0 epoch2=0 width=4]
[ECG-K2-EXPECT sim=gem5 seq=1324 dest=754 tier=1 epoch1=0 epoch2=0 width=4]
[ECG-K2-RECV sim=gem5 seq=1324 dest=754 tier=1 epoch1=0 epoch2=0 width=4]
[ECG-K2-REQUEST sim=gem5 seq=1019 request_seq=247335415 dest=754 tier=1 epoch1=0 epoch2=0 current=0 context=1]
[ECG-K2-EXPECT sim=gem5 seq=1325 dest=758 tier=1 epoch1=0 epoch2=0 width=4]
[ECG-K2-RECV sim=gem5 seq=1325 dest=758 tier=1 epoch1=0 epoch2=0 width=4]
[ECG-K2-REQUEST sim=gem5 seq=1020 request_seq=247335424 dest=758 tier=1 epoch1=0 epoch2=0 current=0 context=1]
[ECG-K2-EXPECT sim=gem5 seq=1326 dest=762 tier=1 epoch1=0 epoch2=0 width=4]
[ECG-K2-RECV sim=gem5 seq=1326 dest=762 tier=1 epoch1=0 epoch2=0 width=4]
[ECG-K2-REQUEST sim=gem5 seq=1021 request_seq=247335433 dest=762 tier=1 epoch1=0 epoch2=0 current=0 context=1]
[ECG-K2-EXPECT sim=gem5 seq=1327 dest=768 tier=1 epoch1=0 epoch2=0 width=4]
[ECG-K2-RECV sim=gem5 seq=1327 dest=768 tier=1 epoch1=0 epoch2=0 width=4]
[ECG-K2-REQUEST sim=gem5 seq=1022 request_seq=247335442 dest=768 tier=1 epoch1=0 epoch2=0 current=0 context=1]
[ECG-K2-EXPECT sim=gem5 seq=1328 dest=770 tier=1 epoch1=0 epoch2=0 width=4]
[ECG-K2-RECV sim=gem5 seq=1328 dest=770 tier=1 epoch1=0 epoch2=0 width=4]
[ECG-K2-REQUEST sim=gem5 seq=1023 request_seq=247335451 dest=770 tier=1 epoch1=0 epoch2=0 current=0 context=1]
[ECG-STREAM-BYPASS sim=gem5 cache=system.l3cache addr=0x3ca000 vaddr=0x3b9000 size=4 source=request-flag allocate=0]
[ECG-K2-ACCEPT sim=gem5 seq=1023 request_seq=247335451 request_dest=770 fill_dest=768 source=request tier=1 epoch1=0 epoch2=0 current=0 context=1 property_elem_bytes=4]
[ECG-K2-EXPECT sim=gem5 seq=1329 dest=771 tier=1 epoch1=0 epoch2=0 width=4]
[ECG-K2-RECV sim=gem5 seq=1329 dest=771 tier=1 epoch1=0 epoch2=0 width=4]
[ECG-K2-REQUEST sim=gem5 seq=1024 request_seq=247335460 dest=771 tier=1 epoch1=0 epoch2=0 current=0 context=1]
[ECG-K2-EXPECT sim=gem5 seq=1330 dest=777 tier=1 epoch1=0 epoch2=0 width=4]
[ECG-K2-RECV sim=gem5 seq=1330 dest=777 tier=1 epoch1=0 epoch2=0 width=4]
[ECG-K2-REQUEST sim=gem5 seq=1025 request_seq=247335469 dest=777 tier=1 epoch1=0 epoch2=0 current=0 context=1]
[ECG-K2-EXPECT sim=gem5 seq=1331 dest=781 tier=1 epoch1=0 epoch2=0 width=4]
[ECG-K2-RECV sim=gem5 seq=1331 dest=781 tier=1 epoch1=0 epoch2=0 width=4]
[ECG-K2-REQUEST sim=gem5 seq=1026 request_seq=247335478 dest=781 tier=1 epoch1=0 epoch2=0 current=0 context=1]
[ECG-K2-EXPECT sim=gem5 seq=1332 dest=789 tier=2 epoch1=0 epoch2=0 width=4]
[ECG-K2-RECV sim=gem5 seq=1332 dest=789 tier=2 epoch1=0 epoch2=0 width=4]
[ECG-K2-REQUEST sim=gem5 seq=1027 request_seq=247335487 dest=789 tier=2 epoch1=0 epoch2=0 current=0 context=1]
[ECG-K2-EXPECT sim=gem5 seq=1333 dest=794 tier=2 epoch1=0 epoch2=0 width=4]
[ECG-K2-RECV sim=gem5 seq=1333 dest=794 tier=2 epoch1=0 epoch2=0 width=4]
[ECG-K2-REQUEST sim=gem5 seq=1028 request_seq=247335496 dest=794 tier=2 epoch1=0 epoch2=0 current=0 context=1]
[ECG-K2-EXPECT sim=gem5 seq=1334 dest=826 tier=2 epoch1=0 epoch2=0 width=4]
[ECG-K2-RECV sim=gem5 seq=1334 dest=826 tier=2 epoch1=0 epoch2=0 width=4]
[ECG-K2-REQUEST sim=gem5 seq=1029 request_seq=247335505 dest=826 tier=2 epoch1=0 epoch2=0 current=0 context=1]
[ECG-K2-EXPECT sim=gem5 seq=1335 dest=828 tier=2 epoch1=0 epoch2=0 width=4]
[ECG-K2-RECV sim=gem5 seq=1335 dest=828 tier=2 epoch1=0 epoch2=0 width=4]
[ECG-K2-REQUEST sim=gem5 seq=1030 request_seq=247335514 dest=828 tier=2 epoch1=0 epoch2=0 current=0 context=1]
[ECG-K2-EXPECT sim=gem5 seq=1336 dest=846 tier=2 epoch1=0 epoch2=0 width=4]
[ECG-K2-RECV sim=gem5 seq=1336 dest=846 tier=2 epoch1=0 epoch2=0 width=4]
[ECG-K2-REQUEST sim=gem5 seq=1031 request_seq=247335523 dest=846 tier=2 epoch1=0 epoch2=0 current=0 context=1]
[ECG-K2-EXPECT sim=gem5 seq=1337 dest=847 tier=2 epoch1=0 epoch2=0 width=4]
[ECG-K2-RECV sim=gem5 seq=1337 dest=847 tier=2 epoch1=0 epoch2=0 width=4]
[ECG-K2-REQUEST sim=gem5 seq=1032 request_seq=247335532 dest=847 tier=2 epoch1=0 epoch2=0 current=0 context=1]
[ECG-K2-EXPECT sim=gem5 seq=1338 dest=852 tier=2 epoch1=0 epoch2=0 width=4]
[ECG-K2-RECV sim=gem5 seq=1338 dest=852 tier=2 epoch1=0 epoch2=0 width=4]
[ECG-K2-REQUEST sim=gem5 seq=1033 request_seq=247335541 dest=852 tier=2 epoch1=0 epoch2=0 current=0 context=1]
[ECG-K2-EXPECT sim=gem5 seq=1339 dest=861 tier=2 epoch1=0 epoch2=0 width=4]
[ECG-K2-RECV sim=gem5 seq=1339 dest=861 tier=2 epoch1=0 epoch2=0 width=4]
[ECG-K2-REQUEST sim=gem5 seq=1034 request_seq=247335550 dest=861 tier=2 epoch1=0 epoch2=0 current=0 context=1]
[ECG-K2-ACCEPT sim=gem5 seq=1033 request_seq=247335541 request_dest=852 fill_dest=852 source=request tier=2 epoch1=0 epoch2=0 current=0 context=1 property_elem_bytes=4]
[ECG-K2-EXPECT sim=gem5 seq=1340 dest=861 tier=2 epoch1=0 epoch2=0 width=4]
[ECG-K2-RECV sim=gem5 seq=1340 dest=861 tier=2 epoch1=0 epoch2=0 width=4]
[ECG-K2-EXPECT sim=gem5 seq=1341 dest=875 tier=2 epoch1=0 epoch2=0 width=4]
[ECG-K2-RECV sim=gem5 seq=1341 dest=875 tier=2 epoch1=0 epoch2=0 width=4]
[ECG-K2-REQUEST sim=gem5 seq=1035 request_seq=247335559 dest=875 tier=2 epoch1=0 epoch2=0 current=0 context=1]
[ECG-K2-EXPECT sim=gem5 seq=1342 dest=883 tier=2 epoch1=0 epoch2=0 width=4]
[ECG-K2-RECV sim=gem5 seq=1342 dest=883 tier=2 epoch1=0 epoch2=0 width=4]
[ECG-K2-REQUEST sim=gem5 seq=1036 request_seq=247335568 dest=883 tier=2 epoch1=0 epoch2=0 current=0 context=1]
[ECG-K2-EXPECT sim=gem5 seq=1343 dest=910 tier=2 epoch1=0 epoch2=0 width=4]
[ECG-K2-RECV sim=gem5 seq=1343 dest=910 tier=2 epoch1=0 epoch2=0 width=4]
[ECG-K2-REQUEST sim=gem5 seq=1037 request_seq=247335577 dest=910 tier=2 epoch1=0 epoch2=0 current=0 context=1]
[ECG-K2-EXPECT sim=gem5 seq=1344 dest=1019 tier=2 epoch1=0 epoch2=0 width=4]
[ECG-K2-RECV sim=gem5 seq=1344 dest=1019 tier=2 epoch1=0 epoch2=0 width=4]
[ECG-K2-REQUEST sim=gem5 seq=1038 request_seq=247335586 dest=1019 tier=2 epoch1=0 epoch2=0 current=0 context=1]
[ECG-K2-ACCEPT sim=gem5 seq=1035 request_seq=247335559 request_dest=875 fill_dest=875 source=request tier=2 epoch1=0 epoch2=0 current=0 context=1 property_elem_bytes=4]
[ECG-K2-ACCEPT sim=gem5 seq=1036 request_seq=247335568 request_dest=883 fill_dest=883 source=request tier=2 epoch1=0 epoch2=0 current=0 context=1 property_elem_bytes=4]
[ECG-K2-ACCEPT sim=gem5 seq=1037 request_seq=247335577 request_dest=910 fill_dest=910 source=request tier=2 epoch1=0 epoch2=0 current=0 context=1 property_elem_bytes=4]
[ECG-K2-EXPECT sim=gem5 seq=1345 dest=1019 tier=2 epoch1=0 epoch2=0 width=4]
[ECG-K2-RECV sim=gem5 seq=1345 dest=1019 tier=2 epoch1=0 epoch2=0 width=4]
[ECG-K2-EXPECT sim=gem5 seq=1346 dest=1022 tier=2 epoch1=0 epoch2=0 width=4]
[ECG-K2-RECV sim=gem5 seq=1346 dest=1022 tier=2 epoch1=0 epoch2=0 width=4]
[ECG-K2-REQUEST sim=gem5 seq=1039 request_seq=247335595 dest=1022 tier=2 epoch1=0 epoch2=0 current=0 context=1]
[ECG-STREAM-BYPASS sim=gem5 cache=system.l3cache addr=0x3ca040 vaddr=0x3b9040 size=4 source=request-flag allocate=0]
[ECG-K2-EXPECT sim=gem5 seq=1347 dest=1031 tier=2 epoch1=0 epoch2=0 width=4]
[ECG-K2-RECV sim=gem5 seq=1347 dest=1031 tier=2 epoch1=0 epoch2=0 width=4]
[ECG-K2-REQUEST sim=gem5 seq=1040 request_seq=247335604 dest=1031 tier=2 epoch1=0 epoch2=0 current=0 context=1]
[ECG-K2-EXPECT sim=gem5 seq=1348 dest=1032 tier=2 epoch1=0 epoch2=0 width=4]
[ECG-K2-RECV sim=gem5 seq=1348 dest=1032 tier=2 epoch1=0 epoch2=0 width=4]
[ECG-K2-REQUEST sim=gem5 seq=1041 request_seq=247335613 dest=1032 tier=2 epoch1=0 epoch2=0 current=0 context=1]
[ECG-K2-EXPECT sim=gem5 seq=1349 dest=1048 tier=2 epoch1=0 epoch2=0 width=4]
[ECG-K2-RECV sim=gem5 seq=1349 dest=1048 tier=2 epoch1=0 epoch2=0 width=4]
[ECG-K2-REQUEST sim=gem5 seq=1042 request_seq=247335622 dest=1048 tier=2 epoch1=0 epoch2=0 current=0 context=1]
[ECG-K2-EXPECT sim=gem5 seq=1350 dest=1060 tier=2 epoch1=0 epoch2=0 width=4]
[ECG-K2-RECV sim=gem5 seq=1350 dest=1060 tier=2 epoch1=0 epoch2=0 width=4]
[ECG-K2-REQUEST sim=gem5 seq=1043 request_seq=247335631 dest=1060 tier=2 epoch1=0 epoch2=0 current=0 context=1]
[ECG-K2-EXPECT sim=gem5 seq=1351 dest=1072 tier=2 epoch1=0 epoch2=0 width=4]
[ECG-K2-RECV sim=gem5 seq=1351 dest=1072 tier=2 epoch1=0 epoch2=0 width=4]
[ECG-K2-REQUEST sim=gem5 seq=1044 request_seq=247335640 dest=1072 tier=2 epoch1=0 epoch2=0 current=0 context=1]
[ECG-K2-EXPECT sim=gem5 seq=1352 dest=1088 tier=2 epoch1=0 epoch2=0 width=4]
[ECG-K2-RECV sim=gem5 seq=1352 dest=1088 tier=2 epoch1=0 epoch2=0 width=4]
[ECG-K2-REQUEST sim=gem5 seq=1045 request_seq=247335649 dest=1088 tier=2 epoch1=0 epoch2=0 current=0 context=1]
[ECG-K2-EXPECT sim=gem5 seq=1353 dest=1096 tier=2 epoch1=0 epoch2=0 width=4]
[ECG-K2-RECV sim=gem5 seq=1353 dest=1096 tier=2 epoch1=0 epoch2=0 width=4]
[ECG-K2-REQUEST sim=gem5 seq=1046 request_seq=247335658 dest=1096 tier=2 epoch1=0 epoch2=0 current=0 context=1]
[ECG-K2-EXPECT sim=gem5 seq=1354 dest=1109 tier=2 epoch1=0 epoch2=0 width=4]
[ECG-K2-RECV sim=gem5 seq=1354 dest=1109 tier=2 epoch1=0 epoch2=0 width=4]
[ECG-K2-REQUEST sim=gem5 seq=1047 request_seq=247335667 dest=1109 tier=2 epoch1=0 epoch2=0 current=0 context=1]
[ECG-K2-EXPECT sim=gem5 seq=1355 dest=1175 tier=2 epoch1=0 epoch2=0 width=4]
[ECG-K2-RECV sim=gem5 seq=1355 dest=1175 tier=2 epoch1=0 epoch2=0 width=4]
[ECG-K2-REQUEST sim=gem5 seq=1048 request_seq=247335676 dest=1175 tier=2 epoch1=0 epoch2=0 current=0 context=1]
[ECG-K2-EXPECT sim=gem5 seq=1356 dest=1178 tier=2 epoch1=0 epoch2=0 width=4]
[ECG-K2-RECV sim=gem5 seq=1356 dest=1178 tier=2 epoch1=0 epoch2=0 width=4]
[ECG-K2-REQUEST sim=gem5 seq=1049 request_seq=247335685 dest=1178 tier=2 epoch1=0 epoch2=0 current=0 context=1]
[ECG-K2-EXPECT sim=gem5 seq=1357 dest=1185 tier=2 epoch1=0 epoch2=0 width=4]
[ECG-K2-RECV sim=gem5 seq=1357 dest=1185 tier=2 epoch1=0 epoch2=0 width=4]
[ECG-K2-REQUEST sim=gem5 seq=1050 request_seq=247335694 dest=1185 tier=2 epoch1=0 epoch2=0 current=0 context=1]
[ECG-K2-ACCEPT sim=gem5 seq=1041 request_seq=247335613 request_dest=1032 fill_dest=1031 source=request tier=2 epoch1=0 epoch2=0 current=0 context=1 property_elem_bytes=4]
[ECG-K2-ACCEPT sim=gem5 seq=1042 request_seq=247335622 request_dest=1048 fill_dest=1048 source=request tier=2 epoch1=0 epoch2=0 current=0 context=1 property_elem_bytes=4]
[ECG-K2-ACCEPT sim=gem5 seq=1043 request_seq=247335631 request_dest=1060 fill_dest=1060 source=request tier=2 epoch1=0 epoch2=0 current=0 context=1 property_elem_bytes=4]
[ECG-K2-EXPECT sim=gem5 seq=1358 dest=1088 tier=2 epoch1=0 epoch2=0 width=4]
[ECG-K2-RECV sim=gem5 seq=1358 dest=1088 tier=2 epoch1=0 epoch2=0 width=4]
[ECG-K2-EXPECT sim=gem5 seq=1359 dest=1096 tier=2 epoch1=0 epoch2=0 width=4]
[ECG-K2-RECV sim=gem5 seq=1359 dest=1096 tier=2 epoch1=0 epoch2=0 width=4]
[ECG-K2-EXPECT sim=gem5 seq=1360 dest=1109 tier=2 epoch1=0 epoch2=0 width=4]
[ECG-K2-RECV sim=gem5 seq=1360 dest=1109 tier=2 epoch1=0 epoch2=0 width=4]
[ECG-K2-EXPECT sim=gem5 seq=1361 dest=1175 tier=2 epoch1=0 epoch2=0 width=4]
[ECG-K2-RECV sim=gem5 seq=1361 dest=1175 tier=2 epoch1=0 epoch2=0 width=4]
[ECG-K2-EXPECT sim=gem5 seq=1362 dest=1178 tier=2 epoch1=0 epoch2=0 width=4]
[ECG-K2-RECV sim=gem5 seq=1362 dest=1178 tier=2 epoch1=0 epoch2=0 width=4]
[ECG-K2-EXPECT sim=gem5 seq=1363 dest=1185 tier=2 epoch1=0 epoch2=0 width=4]
[ECG-K2-RECV sim=gem5 seq=1363 dest=1185 tier=2 epoch1=0 epoch2=0 width=4]
[ECG-K2-EXPECT sim=gem5 seq=1364 dest=1096 tier=2 epoch1=0 epoch2=0 width=4]
[ECG-K2-RECV sim=gem5 seq=1364 dest=1096 tier=2 epoch1=0 epoch2=0 width=4]
[ECG-K2-EXPECT sim=gem5 seq=1365 dest=1109 tier=2 epoch1=0 epoch2=0 width=4]
[ECG-K2-RECV sim=gem5 seq=1365 dest=1109 tier=2 epoch1=0 epoch2=0 width=4]
[ECG-K2-EXPECT sim=gem5 seq=1366 dest=1175 tier=2 epoch1=0 epoch2=0 width=4]
[ECG-K2-RECV sim=gem5 seq=1366 dest=1175 tier=2 epoch1=0 epoch2=0 width=4]
[ECG-K2-EXPECT sim=gem5 seq=1367 dest=1178 tier=2 epoch1=0 epoch2=0 width=4]
[ECG-K2-RECV sim=gem5 seq=1367 dest=1178 tier=2 epoch1=0 epoch2=0 width=4]
[ECG-K2-EXPECT sim=gem5 seq=1368 dest=1185 tier=2 epoch1=0 epoch2=0 width=4]
[ECG-K2-RECV sim=gem5 seq=1368 dest=1185 tier=2 epoch1=0 epoch2=0 width=4]
[ECG-K2-EXPECT sim=gem5 seq=1369 dest=1175 tier=2 epoch1=0 epoch2=0 width=4]
[ECG-K2-RECV sim=gem5 seq=1369 dest=1175 tier=2 epoch1=0 epoch2=0 width=4]
[ECG-K2-EXPECT sim=gem5 seq=1370 dest=1178 tier=2 epoch1=0 epoch2=0 width=4]
[ECG-K2-RECV sim=gem5 seq=1370 dest=1178 tier=2 epoch1=0 epoch2=0 width=4]
[ECG-K2-EXPECT sim=gem5 seq=1371 dest=1185 tier=2 epoch1=0 epoch2=0 width=4]
[ECG-K2-RECV sim=gem5 seq=1371 dest=1185 tier=2 epoch1=0 epoch2=0 width=4]
[ECG-K2-ACCEPT sim=gem5 seq=1047 request_seq=247335667 request_dest=1109 fill_dest=1109 source=request tier=2 epoch1=0 epoch2=0 current=0 context=1 property_elem_bytes=4]
[ECG-K2-EXPECT sim=gem5 seq=1372 dest=1178 tier=2 epoch1=0 epoch2=0 width=4]
[ECG-K2-RECV sim=gem5 seq=1372 dest=1178 tier=2 epoch1=0 epoch2=0 width=4]
[ECG-K2-EXPECT sim=gem5 seq=1373 dest=1185 tier=2 epoch1=0 epoch2=0 width=4]
[ECG-K2-RECV sim=gem5 seq=1373 dest=1185 tier=2 epoch1=0 epoch2=0 width=4]
[ECG-K2-EXPECT sim=gem5 seq=1374 dest=1190 tier=2 epoch1=0 epoch2=0 width=4]
[ECG-K2-RECV sim=gem5 seq=1374 dest=1190 tier=2 epoch1=0 epoch2=0 width=4]
[ECG-K2-REQUEST sim=gem5 seq=1051 request_seq=247335703 dest=1190 tier=2 epoch1=0 epoch2=0 current=0 context=1]
[ECG-K2-EXPECT sim=gem5 seq=1375 dest=1209 tier=2 epoch1=0 epoch2=0 width=4]
[ECG-K2-RECV sim=gem5 seq=1375 dest=1209 tier=2 epoch1=0 epoch2=0 width=4]
[ECG-K2-REQUEST sim=gem5 seq=1052 request_seq=247335712 dest=1209 tier=2 epoch1=0 epoch2=0 current=0 context=1]
[ECG-K2-EXPECT sim=gem5 seq=1376 dest=1211 tier=2 epoch1=0 epoch2=0 width=4]
[ECG-K2-RECV sim=gem5 seq=1376 dest=1211 tier=2 epoch1=0 epoch2=0 width=4]
[ECG-K2-REQUEST sim=gem5 seq=1053 request_seq=247335721 dest=1211 tier=2 epoch1=0 epoch2=0 current=0 context=1]
[ECG-K2-EXPECT sim=gem5 seq=1377 dest=1221 tier=2 epoch1=0 epoch2=0 width=4]
[ECG-K2-RECV sim=gem5 seq=1377 dest=1221 tier=2 epoch1=0 epoch2=0 width=4]
[ECG-K2-REQUEST sim=gem5 seq=1054 request_seq=247335730 dest=1221 tier=2 epoch1=0 epoch2=0 current=0 context=1]
[ECG-K2-EXPECT sim=gem5 seq=1378 dest=1228 tier=2 epoch1=0 epoch2=0 width=4]
[ECG-K2-RECV sim=gem5 seq=1378 dest=1228 tier=2 epoch1=0 epoch2=0 width=4]
[ECG-K2-REQUEST sim=gem5 seq=1055 request_seq=247335739 dest=1228 tier=2 epoch1=0 epoch2=0 current=0 context=1]
[ECG-K2-ACCEPT sim=gem5 seq=1053 request_seq=247335721 request_dest=1211 fill_dest=1209 source=request tier=2 epoch1=0 epoch2=0 current=0 context=1 property_elem_bytes=4]
[ECG-STREAM-BYPASS sim=gem5 cache=system.l3cache addr=0x3ca080 vaddr=0x3b9080 size=4 source=request-flag allocate=0]
[ECG-K2-EXPECT sim=gem5 seq=1379 dest=1228 tier=2 epoch1=0 epoch2=0 width=4]
[ECG-K2-RECV sim=gem5 seq=1379 dest=1228 tier=2 epoch1=0 epoch2=0 width=4]
[ECG-K2-EXPECT sim=gem5 seq=1380 dest=1234 tier=2 epoch1=0 epoch2=0 width=4]
[ECG-K2-RECV sim=gem5 seq=1380 dest=1234 tier=2 epoch1=0 epoch2=0 width=4]
[ECG-K2-REQUEST sim=gem5 seq=1056 request_seq=247335748 dest=1234 tier=2 epoch1=0 epoch2=0 current=0 context=1]
[ECG-K2-EXPECT sim=gem5 seq=1381 dest=1236 tier=2 epoch1=0 epoch2=0 width=4]
[ECG-K2-RECV sim=gem5 seq=1381 dest=1236 tier=2 epoch1=0 epoch2=0 width=4]
[ECG-K2-REQUEST sim=gem5 seq=1057 request_seq=247335757 dest=1236 tier=2 epoch1=0 epoch2=0 current=0 context=1]
[ECG-K2-EXPECT sim=gem5 seq=1382 dest=1318 tier=3 epoch1=0 epoch2=0 width=4]
[ECG-K2-RECV sim=gem5 seq=1382 dest=1318 tier=3 epoch1=0 epoch2=0 width=4]
[ECG-K2-REQUEST sim=gem5 seq=1058 request_seq=247335766 dest=1318 tier=3 epoch1=0 epoch2=0 current=0 context=1]
[ECG-K2-EXPECT sim=gem5 seq=1383 dest=1338 tier=3 epoch1=0 epoch2=0 width=4]
[ECG-K2-RECV sim=gem5 seq=1383 dest=1338 tier=3 epoch1=0 epoch2=0 width=4]
[ECG-K2-REQUEST sim=gem5 seq=1059 request_seq=247335775 dest=1338 tier=3 epoch1=0 epoch2=0 current=0 context=1]
[ECG-K2-EXPECT sim=gem5 seq=1384 dest=1352 tier=3 epoch1=0 epoch2=0 width=4]
[ECG-K2-RECV sim=gem5 seq=1384 dest=1352 tier=3 epoch1=0 epoch2=0 width=4]
[ECG-K2-REQUEST sim=gem5 seq=1060 request_seq=247335784 dest=1352 tier=3 epoch1=0 epoch2=0 current=0 context=1]
[ECG-K2-EXPECT sim=gem5 seq=1385 dest=1361 tier=3 epoch1=0 epoch2=0 width=4]
[ECG-K2-RECV sim=gem5 seq=1385 dest=1361 tier=3 epoch1=0 epoch2=0 width=4]
[ECG-K2-REQUEST sim=gem5 seq=1061 request_seq=247335793 dest=1361 tier=3 epoch1=0 epoch2=0 current=0 context=1]
[ECG-K2-EXPECT sim=gem5 seq=1386 dest=1635 tier=3 epoch1=0 epoch2=0 width=4]
[ECG-K2-RECV sim=gem5 seq=1386 dest=1635 tier=3 epoch1=0 epoch2=0 width=4]
[ECG-K2-REQUEST sim=gem5 seq=1062 request_seq=247335802 dest=1635 tier=3 epoch1=0 epoch2=0 current=0 context=1]
[ECG-K2-EXPECT sim=gem5 seq=1387 dest=1675 tier=3 epoch1=0 epoch2=0 width=4]
[ECG-K2-RECV sim=gem5 seq=1387 dest=1675 tier=3 epoch1=0 epoch2=0 width=4]
[ECG-K2-REQUEST sim=gem5 seq=1063 request_seq=247335811 dest=1675 tier=3 epoch1=0 epoch2=0 current=0 context=1]
[ECG-K2-EXPECT sim=gem5 seq=1388 dest=1753 tier=3 epoch1=0 epoch2=0 width=4]
[ECG-K2-RECV sim=gem5 seq=1388 dest=1753 tier=3 epoch1=0 epoch2=0 width=4]
[ECG-K2-REQUEST sim=gem5 seq=1064 request_seq=247335820 dest=1753 tier=3 epoch1=0 epoch2=0 current=0 context=1]
[ECG-K2-EXPECT sim=gem5 seq=1389 dest=1858 tier=3 epoch1=0 epoch2=0 width=4]
[ECG-K2-RECV sim=gem5 seq=1389 dest=1858 tier=3 epoch1=0 epoch2=0 width=4]
[ECG-K2-REQUEST sim=gem5 seq=1065 request_seq=247335829 dest=1858 tier=3 epoch1=0 epoch2=0 current=0 context=1]
[ECG-K2-EXPECT sim=gem5 seq=1390 dest=1924 tier=3 epoch1=0 epoch2=0 width=4]
[ECG-K2-RECV sim=gem5 seq=1390 dest=1924 tier=3 epoch1=0 epoch2=0 width=4]
[ECG-K2-REQUEST sim=gem5 seq=1066 request_seq=247335838 dest=1924 tier=3 epoch1=0 epoch2=0 current=0 context=1]
[ECG-K2-ACCEPT sim=gem5 seq=1058 request_seq=247335766 request_dest=1318 fill_dest=1318 source=request tier=3 epoch1=0 epoch2=0 current=0 context=1 property_elem_bytes=4]
[ECG-K2-ACCEPT sim=gem5 seq=1059 request_seq=247335775 request_dest=1338 fill_dest=1338 source=request tier=3 epoch1=0 epoch2=0 current=0 context=1 property_elem_bytes=4]
[ECG-K2-EXPECT sim=gem5 seq=1391 dest=1361 tier=3 epoch1=0 epoch2=0 width=4]
[ECG-K2-RECV sim=gem5 seq=1391 dest=1361 tier=3 epoch1=0 epoch2=0 width=4]
[ECG-K2-EXPECT sim=gem5 seq=1392 dest=1635 tier=3 epoch1=0 epoch2=0 width=4]
[ECG-K2-RECV sim=gem5 seq=1392 dest=1635 tier=3 epoch1=0 epoch2=0 width=4]
[ECG-K2-EXPECT sim=gem5 seq=1393 dest=1675 tier=3 epoch1=0 epoch2=0 width=4]
[ECG-K2-RECV sim=gem5 seq=1393 dest=1675 tier=3 epoch1=0 epoch2=0 width=4]
[ECG-K2-EXPECT sim=gem5 seq=1394 dest=1753 tier=3 epoch1=0 epoch2=0 width=4]
[ECG-K2-RECV sim=gem5 seq=1394 dest=1753 tier=3 epoch1=0 epoch2=0 width=4]
[ECG-K2-ACCEPT sim=gem5 seq=1060 request_seq=247335784 request_dest=1352 fill_dest=1352 source=request tier=3 epoch1=0 epoch2=0 current=0 context=1 property_elem_bytes=4]
[ECG-K2-EXPECT sim=gem5 seq=1395 dest=1858 tier=3 epoch1=0 epoch2=0 width=4]
[ECG-K2-RECV sim=gem5 seq=1395 dest=1858 tier=3 epoch1=0 epoch2=0 width=4]
[ECG-K2-EXPECT sim=gem5 seq=1396 dest=1924 tier=3 epoch1=0 epoch2=0 width=4]
[ECG-K2-RECV sim=gem5 seq=1396 dest=1924 tier=3 epoch1=0 epoch2=0 width=4]
[ECG-K2-EXPECT sim=gem5 seq=1397 dest=1635 tier=3 epoch1=0 epoch2=0 width=4]
[ECG-K2-RECV sim=gem5 seq=1397 dest=1635 tier=3 epoch1=0 epoch2=0 width=4]
[ECG-K2-EXPECT sim=gem5 seq=1398 dest=1675 tier=3 epoch1=0 epoch2=0 width=4]
[ECG-K2-RECV sim=gem5 seq=1398 dest=1675 tier=3 epoch1=0 epoch2=0 width=4]
[ECG-K2-EXPECT sim=gem5 seq=1399 dest=1753 tier=3 epoch1=0 epoch2=0 width=4]
[ECG-K2-RECV sim=gem5 seq=1399 dest=1753 tier=3 epoch1=0 epoch2=0 width=4]
[ECG-K2-EXPECT sim=gem5 seq=1400 dest=1858 tier=3 epoch1=0 epoch2=0 width=4]
[ECG-K2-RECV sim=gem5 seq=1400 dest=1858 tier=3 epoch1=0 epoch2=0 width=4]
[ECG-K2-EXPECT sim=gem5 seq=1401 dest=1924 tier=3 epoch1=0 epoch2=0 width=4]
[ECG-K2-RECV sim=gem5 seq=1401 dest=1924 tier=3 epoch1=0 epoch2=0 width=4]
[ECG-K2-EXPECT sim=gem5 seq=1402 dest=1675 tier=3 epoch1=0 epoch2=0 width=4]
[ECG-K2-RECV sim=gem5 seq=1402 dest=1675 tier=3 epoch1=0 epoch2=0 width=4]
[ECG-K2-EXPECT sim=gem5 seq=1403 dest=1753 tier=3 epoch1=0 epoch2=0 width=4]
[ECG-K2-RECV sim=gem5 seq=1403 dest=1753 tier=3 epoch1=0 epoch2=0 width=4]
[ECG-K2-EXPECT sim=gem5 seq=1404 dest=1858 tier=3 epoch1=0 epoch2=0 width=4]
[ECG-K2-RECV sim=gem5 seq=1404 dest=1858 tier=3 epoch1=0 epoch2=0 width=4]
[ECG-K2-EXPECT sim=gem5 seq=1405 dest=1924 tier=3 epoch1=0 epoch2=0 width=4]
[ECG-K2-RECV sim=gem5 seq=1405 dest=1924 tier=3 epoch1=0 epoch2=0 width=4]
[ECG-K2-EXPECT sim=gem5 seq=1406 dest=1753 tier=3 epoch1=0 epoch2=0 width=4]
[ECG-K2-RECV sim=gem5 seq=1406 dest=1753 tier=3 epoch1=0 epoch2=0 width=4]
[ECG-K2-EXPECT sim=gem5 seq=1407 dest=1858 tier=3 epoch1=0 epoch2=0 width=4]
[ECG-K2-RECV sim=gem5 seq=1407 dest=1858 tier=3 epoch1=0 epoch2=0 width=4]
[ECG-K2-EXPECT sim=gem5 seq=1408 dest=1924 tier=3 epoch1=0 epoch2=0 width=4]
[ECG-K2-RECV sim=gem5 seq=1408 dest=1924 tier=3 epoch1=0 epoch2=0 width=4]
[ECG-K2-EXPECT sim=gem5 seq=1409 dest=1858 tier=3 epoch1=0 epoch2=0 width=4]
[ECG-K2-RECV sim=gem5 seq=1409 dest=1858 tier=3 epoch1=0 epoch2=0 width=4]
[ECG-K2-EXPECT sim=gem5 seq=1410 dest=1924 tier=3 epoch1=0 epoch2=0 width=4]
[ECG-K2-RECV sim=gem5 seq=1410 dest=1924 tier=3 epoch1=0 epoch2=0 width=4]
[ECG-K2-EXPECT sim=gem5 seq=1411 dest=2400 tier=3 epoch1=0 epoch2=0 width=4]
[ECG-K2-RECV sim=gem5 seq=1411 dest=2400 tier=3 epoch1=0 epoch2=0 width=4]
[ECG-K2-REQUEST sim=gem5 seq=1067 request_seq=247335865 dest=2400 tier=3 epoch1=0 epoch2=0 current=0 context=1]
[ECG-K2-EXPECT sim=gem5 seq=1412 dest=1924 tier=3 epoch1=0 epoch2=0 width=4]
[ECG-K2-RECV sim=gem5 seq=1412 dest=1924 tier=3 epoch1=0 epoch2=0 width=4]
[ECG-K2-EXPECT sim=gem5 seq=1413 dest=2400 tier=3 epoch1=0 epoch2=0 width=4]
[ECG-K2-RECV sim=gem5 seq=1413 dest=2400 tier=3 epoch1=0 epoch2=0 width=4]
[ECG-K2-EXPECT sim=gem5 seq=1414 dest=1924 tier=3 epoch1=0 epoch2=0 width=4]
[ECG-K2-RECV sim=gem5 seq=1414 dest=1924 tier=3 epoch1=0 epoch2=0 width=4]
[ECG-K2-EXPECT sim=gem5 seq=1415 dest=2400 tier=3 epoch1=0 epoch2=0 width=4]
[ECG-K2-RECV sim=gem5 seq=1415 dest=2400 tier=3 epoch1=0 epoch2=0 width=4]
[ECG-K2-EXPECT sim=gem5 seq=1416 dest=2599 tier=3 epoch1=0 epoch2=0 width=4]
[ECG-K2-RECV sim=gem5 seq=1416 dest=2599 tier=3 epoch1=0 epoch2=0 width=4]
[ECG-K2-REQUEST sim=gem5 seq=1068 request_seq=247335883 dest=2599 tier=3 epoch1=0 epoch2=0 current=0 context=1]
[ECG-STREAM-BYPASS sim=gem5 cache=system.l3cache addr=0x3ca0c0 vaddr=0x3b90c4 size=4 source=request-flag allocate=0]
[ECG-K2-ACCEPT sim=gem5 seq=1066 request_seq=247335838 request_dest=1924 fill_dest=1924 source=request tier=3 epoch1=0 epoch2=0 current=0 context=1 property_elem_bytes=4]
[ECG-K2-EXPECT sim=gem5 seq=1417 dest=2400 tier=3 epoch1=0 epoch2=0 width=4]
[ECG-K2-RECV sim=gem5 seq=1417 dest=2400 tier=3 epoch1=0 epoch2=0 width=4]
[ECG-K2-EXPECT sim=gem5 seq=1418 dest=2599 tier=3 epoch1=0 epoch2=0 width=4]
[ECG-K2-RECV sim=gem5 seq=1418 dest=2599 tier=3 epoch1=0 epoch2=0 width=4]
[ECG-K2-EXPECT sim=gem5 seq=1419 dest=1929 tier=3 epoch1=0 epoch2=0 width=4]
[ECG-K2-RECV sim=gem5 seq=1419 dest=1929 tier=3 epoch1=0 epoch2=0 width=4]
[ECG-K2-REQUEST sim=gem5 seq=1069 request_seq=247335847 dest=1929 tier=3 epoch1=0 epoch2=0 current=0 context=1]
[ECG-K2-EXPECT sim=gem5 seq=1420 dest=2178 tier=3 epoch1=0 epoch2=0 width=4]
[ECG-K2-RECV sim=gem5 seq=1420 dest=2178 tier=3 epoch1=0 epoch2=0 width=4]
[ECG-K2-REQUEST sim=gem5 seq=1070 request_seq=247335856 dest=2178 tier=3 epoch1=0 epoch2=0 current=0 context=1]
[ECG-K2-ACCEPT sim=gem5 seq=1062 request_seq=247335802 request_dest=1635 fill_dest=1635 source=request tier=3 epoch1=0 epoch2=0 current=0 context=1 property_elem_bytes=4]
[ECG-K2-ACCEPT sim=gem5 seq=1063 request_seq=247335811 request_dest=1675 fill_dest=1675 source=request tier=3 epoch1=0 epoch2=0 current=0 context=1 property_elem_bytes=4]
[ECG-K2-EXPECT sim=gem5 seq=1421 dest=1929 tier=3 epoch1=0 epoch2=0 width=4]
[ECG-K2-RECV sim=gem5 seq=1421 dest=1929 tier=3 epoch1=0 epoch2=0 width=4]
[ECG-K2-EXPECT sim=gem5 seq=1422 dest=2178 tier=3 epoch1=0 epoch2=0 width=4]
[ECG-K2-RECV sim=gem5 seq=1422 dest=2178 tier=3 epoch1=0 epoch2=0 width=4]
[ECG-K2-EXPECT sim=gem5 seq=1423 dest=2599 tier=3 epoch1=0 epoch2=0 width=4]
[ECG-K2-RECV sim=gem5 seq=1423 dest=2599 tier=3 epoch1=0 epoch2=0 width=4]
[ECG-K2-ACCEPT sim=gem5 seq=1070 request_seq=247335856 request_dest=2178 fill_dest=2178 source=request tier=3 epoch1=0 epoch2=0 current=0 context=1 property_elem_bytes=4]
[ECG-K2-EXPECT sim=gem5 seq=1424 dest=2599 tier=3 epoch1=0 epoch2=0 width=4]
[ECG-K2-RECV sim=gem5 seq=1424 dest=2599 tier=3 epoch1=0 epoch2=0 width=4]
[ECG-K2-EXPECT sim=gem5 seq=1425 dest=2491 tier=3 epoch1=0 epoch2=0 width=4]
[ECG-K2-RECV sim=gem5 seq=1425 dest=2491 tier=3 epoch1=0 epoch2=0 width=4]
[ECG-K2-REQUEST sim=gem5 seq=1071 request_seq=247335874 dest=2491 tier=3 epoch1=0 epoch2=0 current=0 context=1]
[ECG-K2-ACCEPT sim=gem5 seq=1068 request_seq=247335883 request_dest=2599 fill_dest=2599 source=request tier=3 epoch1=0 epoch2=0 current=0 context=1 property_elem_bytes=4]
[ECG-K2-EXPECT sim=gem5 seq=1426 dest=2491 tier=3 epoch1=0 epoch2=0 width=4]
[ECG-K2-RECV sim=gem5 seq=1426 dest=2491 tier=3 epoch1=0 epoch2=0 width=4]
[ECG-K2-EXPECT sim=gem5 seq=1427 dest=2689 tier=3 epoch1=0 epoch2=0 width=4]
[ECG-K2-RECV sim=gem5 seq=1427 dest=2689 tier=3 epoch1=0 epoch2=0 width=4]
[ECG-K2-REQUEST sim=gem5 seq=1072 request_seq=247335892 dest=2689 tier=3 epoch1=0 epoch2=0 current=0 context=1]
[ECG-K2-EXPECT sim=gem5 seq=1428 dest=2689 tier=3 epoch1=0 epoch2=0 width=4]
[ECG-K2-RECV sim=gem5 seq=1428 dest=2689 tier=3 epoch1=0 epoch2=0 width=4]
[ECG-K2-ACCEPT sim=gem5 seq=1067 request_seq=247335865 request_dest=2400 fill_dest=2400 source=request tier=3 epoch1=0 epoch2=0 current=0 context=1 property_elem_bytes=4]
[ECG-K2-EXPECT sim=gem5 seq=1429 dest=2747 tier=3 epoch1=0 epoch2=0 width=4]
[ECG-K2-RECV sim=gem5 seq=1429 dest=2747 tier=3 epoch1=0 epoch2=0 width=4]
[ECG-K2-REQUEST sim=gem5 seq=1073 request_seq=247335901 dest=2747 tier=3 epoch1=0 epoch2=0 current=0 context=1]
[ECG-K2-EXPECT sim=gem5 seq=1430 dest=2845 tier=3 epoch1=0 epoch2=0 width=4]
[ECG-K2-RECV sim=gem5 seq=1430 dest=2845 tier=3 epoch1=0 epoch2=0 width=4]
[ECG-K2-REQUEST sim=gem5 seq=1074 request_seq=247335910 dest=2845 tier=3 epoch1=0 epoch2=0 current=0 context=1]
[ECG-K2-EXPECT sim=gem5 seq=1431 dest=2866 tier=3 epoch1=0 epoch2=0 width=4]
[ECG-K2-RECV sim=gem5 seq=1431 dest=2866 tier=3 epoch1=0 epoch2=0 width=4]
[ECG-K2-REQUEST sim=gem5 seq=1075 request_seq=247335919 dest=2866 tier=3 epoch1=0 epoch2=0 current=0 context=1]
[ECG-K2-EXPECT sim=gem5 seq=1432 dest=3137 tier=3 epoch1=0 epoch2=1 width=4]
[ECG-K2-RECV sim=gem5 seq=1432 dest=3137 tier=3 epoch1=0 epoch2=1 width=4]
[ECG-K2-REQUEST sim=gem5 seq=1076 request_seq=247335946 dest=3137 tier=3 epoch1=0 epoch2=1 current=0 context=1]
[ECG-K2-EXPECT sim=gem5 seq=1433 dest=2958 tier=3 epoch1=0 epoch2=0 width=4]
[ECG-K2-RECV sim=gem5 seq=1433 dest=2958 tier=3 epoch1=0 epoch2=0 width=4]
[ECG-K2-REQUEST sim=gem5 seq=1077 request_seq=247335928 dest=2958 tier=3 epoch1=0 epoch2=0 current=0 context=1]
[ECG-K2-EXPECT sim=gem5 seq=1434 dest=2988 tier=3 epoch1=0 epoch2=0 width=4]
[ECG-K2-RECV sim=gem5 seq=1434 dest=2988 tier=3 epoch1=0 epoch2=0 width=4]
[ECG-K2-REQUEST sim=gem5 seq=1078 request_seq=247335937 dest=2988 tier=3 epoch1=0 epoch2=0 current=0 context=1]
[ECG-K2-ACCEPT sim=gem5 seq=1072 request_seq=247335892 request_dest=2689 fill_dest=2689 source=request tier=3 epoch1=0 epoch2=0 current=0 context=1 property_elem_bytes=4]
[ECG-K2-EXPECT sim=gem5 seq=1435 dest=2845 tier=3 epoch1=0 epoch2=0 width=4]
[ECG-K2-RECV sim=gem5 seq=1435 dest=2845 tier=3 epoch1=0 epoch2=0 width=4]
[ECG-K2-EXPECT sim=gem5 seq=1436 dest=2866 tier=3 epoch1=0 epoch2=0 width=4]
[ECG-K2-RECV sim=gem5 seq=1436 dest=2866 tier=3 epoch1=0 epoch2=0 width=4]
[ECG-K2-EXPECT sim=gem5 seq=1437 dest=2958 tier=3 epoch1=0 epoch2=0 width=4]
[ECG-K2-RECV sim=gem5 seq=1437 dest=2958 tier=3 epoch1=0 epoch2=0 width=4]
[ECG-K2-EXPECT sim=gem5 seq=1438 dest=2988 tier=3 epoch1=0 epoch2=0 width=4]
[ECG-K2-RECV sim=gem5 seq=1438 dest=2988 tier=3 epoch1=0 epoch2=0 width=4]
[ECG-K2-EXPECT sim=gem5 seq=1439 dest=3137 tier=3 epoch1=0 epoch2=1 width=4]
[ECG-K2-RECV sim=gem5 seq=1439 dest=3137 tier=3 epoch1=0 epoch2=1 width=4]
[ECG-K2-EXPECT sim=gem5 seq=1440 dest=2866 tier=3 epoch1=0 epoch2=0 width=4]
[ECG-K2-RECV sim=gem5 seq=1440 dest=2866 tier=3 epoch1=0 epoch2=0 width=4]
[ECG-K2-EXPECT sim=gem5 seq=1441 dest=2958 tier=3 epoch1=0 epoch2=0 width=4]
[ECG-K2-RECV sim=gem5 seq=1441 dest=2958 tier=3 epoch1=0 epoch2=0 width=4]
[ECG-K2-EXPECT sim=gem5 seq=1442 dest=2988 tier=3 epoch1=0 epoch2=0 width=4]
[ECG-K2-RECV sim=gem5 seq=1442 dest=2988 tier=3 epoch1=0 epoch2=0 width=4]
[ECG-K2-EXPECT sim=gem5 seq=1443 dest=3137 tier=3 epoch1=0 epoch2=1 width=4]
[ECG-K2-RECV sim=gem5 seq=1443 dest=3137 tier=3 epoch1=0 epoch2=1 width=4]
[ECG-K2-EXPECT sim=gem5 seq=1444 dest=2958 tier=3 epoch1=0 epoch2=0 width=4]
[ECG-K2-RECV sim=gem5 seq=1444 dest=2958 tier=3 epoch1=0 epoch2=0 width=4]
[ECG-K2-EXPECT sim=gem5 seq=1445 dest=2988 tier=3 epoch1=0 epoch2=0 width=4]
[ECG-K2-RECV sim=gem5 seq=1445 dest=2988 tier=3 epoch1=0 epoch2=0 width=4]
[ECG-K2-EXPECT sim=gem5 seq=1446 dest=3137 tier=3 epoch1=0 epoch2=1 width=4]
[ECG-K2-RECV sim=gem5 seq=1446 dest=3137 tier=3 epoch1=0 epoch2=1 width=4]
[ECG-K2-ACCEPT sim=gem5 seq=1077 request_seq=247335928 request_dest=2958 fill_dest=2958 source=request tier=3 epoch1=0 epoch2=0 current=0 context=1 property_elem_bytes=4]
[ECG-K2-EXPECT sim=gem5 seq=1447 dest=2988 tier=3 epoch1=0 epoch2=0 width=4]
[ECG-K2-RECV sim=gem5 seq=1447 dest=2988 tier=3 epoch1=0 epoch2=0 width=4]
[ECG-K2-EXPECT sim=gem5 seq=1448 dest=3137 tier=3 epoch1=0 epoch2=1 width=4]
[ECG-K2-RECV sim=gem5 seq=1448 dest=3137 tier=3 epoch1=0 epoch2=1 width=4]
[ECG-K2-ACCEPT sim=gem5 seq=1073 request_seq=247335901 request_dest=2747 fill_dest=2747 source=request tier=3 epoch1=0 epoch2=0 current=0 context=1 property_elem_bytes=4]
[ECG-K2-ACCEPT sim=gem5 seq=1074 request_seq=247335910 request_dest=2845 fill_dest=2845 source=request tier=3 epoch1=0 epoch2=0 current=0 context=1 property_elem_bytes=4]
[ECG-K2-ACCEPT sim=gem5 seq=1075 request_seq=247335919 request_dest=2866 fill_dest=2866 source=request tier=3 epoch1=0 epoch2=0 current=0 context=1 property_elem_bytes=4]
[ECG-K2-EXPECT sim=gem5 seq=1449 dest=3137 tier=3 epoch1=0 epoch2=1 width=4]
[ECG-K2-RECV sim=gem5 seq=1449 dest=3137 tier=3 epoch1=0 epoch2=1 width=4]
[ECG-K2-EXPECT sim=gem5 seq=1450 dest=3166 tier=3 epoch1=0 epoch2=0 width=4]
[ECG-K2-RECV sim=gem5 seq=1450 dest=3166 tier=3 epoch1=0 epoch2=0 width=4]
[ECG-K2-REQUEST sim=gem5 seq=1079 request_seq=247335955 dest=3166 tier=3 epoch1=0 epoch2=0 current=0 context=1]
[ECG-K2-EXPECT sim=gem5 seq=1451 dest=3262 tier=3 epoch1=0 epoch2=0 width=4]
[ECG-K2-RECV sim=gem5 seq=1451 dest=3262 tier=3 epoch1=0 epoch2=0 width=4]
[ECG-K2-REQUEST sim=gem5 seq=1080 request_seq=247335964 dest=3262 tier=3 epoch1=0 epoch2=0 current=0 context=1]
[ECG-K2-EXPECT sim=gem5 seq=1452 dest=3264 tier=3 epoch1=0 epoch2=0 width=4]
[ECG-K2-RECV sim=gem5 seq=1452 dest=3264 tier=3 epoch1=0 epoch2=0 width=4]
[ECG-K2-REQUEST sim=gem5 seq=1081 request_seq=247335973 dest=3264 tier=3 epoch1=0 epoch2=0 current=0 context=1]
[ECG-K2-EXPECT sim=gem5 seq=1453 dest=3342 tier=3 epoch1=0 epoch2=0 width=4]
[ECG-K2-RECV sim=gem5 seq=1453 dest=3342 tier=3 epoch1=0 epoch2=0 width=4]
[ECG-K2-REQUEST sim=gem5 seq=1082 request_seq=247335982 dest=3342 tier=3 epoch1=0 epoch2=0 current=0 context=1]
[ECG-K2-EXPECT sim=gem5 seq=1454 dest=3571 tier=3 epoch1=0 epoch2=0 width=4]
[ECG-K2-RECV sim=gem5 seq=1454 dest=3571 tier=3 epoch1=0 epoch2=0 width=4]
[ECG-K2-REQUEST sim=gem5 seq=1083 request_seq=247335991 dest=3571 tier=3 epoch1=0 epoch2=0 current=0 context=1]
[ECG-K2-EXPECT sim=gem5 seq=1455 dest=3641 tier=3 epoch1=0 epoch2=0 width=4]
[ECG-K2-RECV sim=gem5 seq=1455 dest=3641 tier=3 epoch1=0 epoch2=0 width=4]
[ECG-K2-REQUEST sim=gem5 seq=1084 request_seq=247336000 dest=3641 tier=3 epoch1=0 epoch2=0 current=0 context=1]
[ECG-K2-ACCEPT sim=gem5 seq=1079 request_seq=247335955 request_dest=3166 fill_dest=3166 source=request tier=3 epoch1=0 epoch2=0 current=0 context=1 property_elem_bytes=4]
[ECG-K2-EXPECT sim=gem5 seq=1456 dest=3262 tier=3 epoch1=0 epoch2=0 width=4]
[ECG-K2-RECV sim=gem5 seq=1456 dest=3262 tier=3 epoch1=0 epoch2=0 width=4]
[ECG-K2-EXPECT sim=gem5 seq=1457 dest=3264 tier=3 epoch1=0 epoch2=0 width=4]
[ECG-K2-RECV sim=gem5 seq=1457 dest=3264 tier=3 epoch1=0 epoch2=0 width=4]
[ECG-K2-EXPECT sim=gem5 seq=1458 dest=3342 tier=3 epoch1=0 epoch2=0 width=4]
[ECG-K2-RECV sim=gem5 seq=1458 dest=3342 tier=3 epoch1=0 epoch2=0 width=4]
[ECG-K2-EXPECT sim=gem5 seq=1459 dest=3571 tier=3 epoch1=0 epoch2=0 width=4]
[ECG-K2-RECV sim=gem5 seq=1459 dest=3571 tier=3 epoch1=0 epoch2=0 width=4]
[ECG-K2-EXPECT sim=gem5 seq=1460 dest=3641 tier=3 epoch1=0 epoch2=0 width=4]
[ECG-K2-RECV sim=gem5 seq=1460 dest=3641 tier=3 epoch1=0 epoch2=0 width=4]
[ECG-K2-ACCEPT sim=gem5 seq=1078 request_seq=247335937 request_dest=2988 fill_dest=2988 source=request tier=3 epoch1=0 epoch2=0 current=0 context=1 property_elem_bytes=4]
[ECG-K2-EXPECT sim=gem5 seq=1461 dest=3264 tier=3 epoch1=0 epoch2=0 width=4]
[ECG-K2-RECV sim=gem5 seq=1461 dest=3264 tier=3 epoch1=0 epoch2=0 width=4]
[ECG-K2-EXPECT sim=gem5 seq=1462 dest=3342 tier=3 epoch1=0 epoch2=0 width=4]
[ECG-K2-RECV sim=gem5 seq=1462 dest=3342 tier=3 epoch1=0 epoch2=0 width=4]
[ECG-K2-EXPECT sim=gem5 seq=1463 dest=3571 tier=3 epoch1=0 epoch2=0 width=4]
[ECG-K2-RECV sim=gem5 seq=1463 dest=3571 tier=3 epoch1=0 epoch2=0 width=4]
[ECG-K2-EXPECT sim=gem5 seq=1464 dest=3641 tier=3 epoch1=0 epoch2=0 width=4]
[ECG-K2-RECV sim=gem5 seq=1464 dest=3641 tier=3 epoch1=0 epoch2=0 width=4]
[ECG-K2-ACCEPT sim=gem5 seq=1076 request_seq=247335946 request_dest=3137 fill_dest=3137 source=request tier=3 epoch1=0 epoch2=1 current=0 context=1 property_elem_bytes=4]
[ECG-K2-ACCEPT sim=gem5 seq=1081 request_seq=247335973 request_dest=3264 fill_dest=3264 source=request tier=3 epoch1=0 epoch2=0 current=0 context=1 property_elem_bytes=4]
[ECG-K2-EXPECT sim=gem5 seq=1465 dest=3342 tier=3 epoch1=0 epoch2=0 width=4]
[ECG-K2-RECV sim=gem5 seq=1465 dest=3342 tier=3 epoch1=0 epoch2=0 width=4]
[ECG-K2-EXPECT sim=gem5 seq=1466 dest=3571 tier=3 epoch1=0 epoch2=0 width=4]
[ECG-K2-RECV sim=gem5 seq=1466 dest=3571 tier=3 epoch1=0 epoch2=0 width=4]
[ECG-K2-EXPECT sim=gem5 seq=1467 dest=3641 tier=3 epoch1=0 epoch2=0 width=4]
[ECG-K2-RECV sim=gem5 seq=1467 dest=3641 tier=3 epoch1=0 epoch2=0 width=4]
[ECG-K2-ACCEPT sim=gem5 seq=1080 request_seq=247335964 request_dest=3262 fill_dest=3262 source=request tier=3 epoch1=0 epoch2=0 current=0 context=1 property_elem_bytes=4]
[ECG-K2-EXPECT sim=gem5 seq=1468 dest=3571 tier=3 epoch1=0 epoch2=0 width=4]
[ECG-K2-RECV sim=gem5 seq=1468 dest=3571 tier=3 epoch1=0 epoch2=0 width=4]
[ECG-K2-EXPECT sim=gem5 seq=1469 dest=3641 tier=3 epoch1=0 epoch2=0 width=4]
[ECG-K2-RECV sim=gem5 seq=1469 dest=3641 tier=3 epoch1=0 epoch2=0 width=4]
[ECG-K2-ACCEPT sim=gem5 seq=1082 request_seq=247335982 request_dest=3342 fill_dest=3342 source=request tier=3 epoch1=0 epoch2=0 current=0 context=1 property_elem_bytes=4]
[ECG-K2-ACCEPT sim=gem5 seq=1083 request_seq=247335991 request_dest=3571 fill_dest=3571 source=request tier=3 epoch1=0 epoch2=0 current=0 context=1 property_elem_bytes=4]
[ECG-K2-EXPECT sim=gem5 seq=1470 dest=3641 tier=3 epoch1=0 epoch2=0 width=4]
[ECG-K2-RECV sim=gem5 seq=1470 dest=3641 tier=3 epoch1=0 epoch2=0 width=4]
[ECG-STREAM-BYPASS sim=gem5 cache=system.l3cache addr=0x3ca100 vaddr=0x3b910c size=4 source=request-flag allocate=0]
[ECG-K2-EXPECT sim=gem5 seq=1471 dest=3641 tier=3 epoch1=0 epoch2=0 width=4]
[ECG-K2-RECV sim=gem5 seq=1471 dest=3641 tier=3 epoch1=0 epoch2=0 width=4]
[ECG-K2-EXPECT sim=gem5 seq=1472 dest=3682 tier=3 epoch1=0 epoch2=0 width=4]
[ECG-K2-RECV sim=gem5 seq=1472 dest=3682 tier=3 epoch1=0 epoch2=0 width=4]
[ECG-K2-REQUEST sim=gem5 seq=1085 request_seq=247336009 dest=3682 tier=3 epoch1=0 epoch2=0 current=0 context=1]
[ECG-K2-EXPECT sim=gem5 seq=1473 dest=3750 tier=3 epoch1=0 epoch2=0 width=4]
[ECG-K2-RECV sim=gem5 seq=1473 dest=3750 tier=3 epoch1=0 epoch2=0 width=4]
[ECG-K2-REQUEST sim=gem5 seq=1086 request_seq=247336018 dest=3750 tier=3 epoch1=0 epoch2=0 current=0 context=1]
[ECG-K2-EXPECT sim=gem5 seq=1474 dest=3800 tier=3 epoch1=0 epoch2=0 width=4]
[ECG-K2-RECV sim=gem5 seq=1474 dest=3800 tier=3 epoch1=0 epoch2=0 width=4]
[ECG-K2-REQUEST sim=gem5 seq=1087 request_seq=247336027 dest=3800 tier=3 epoch1=0 epoch2=0 current=0 context=1]
[ECG-K2-ACCEPT sim=gem5 seq=1084 request_seq=247336000 request_dest=3641 fill_dest=3641 source=request tier=3 epoch1=0 epoch2=0 current=0 context=1 property_elem_bytes=4]
[ECG-K2-EXPECT sim=gem5 seq=1475 dest=3682 tier=3 epoch1=0 epoch2=0 width=4]
[ECG-K2-RECV sim=gem5 seq=1475 dest=3682 tier=3 epoch1=0 epoch2=0 width=4]
[ECG-K2-EXPECT sim=gem5 seq=1476 dest=3750 tier=3 epoch1=0 epoch2=0 width=4]
[ECG-K2-RECV sim=gem5 seq=1476 dest=3750 tier=3 epoch1=0 epoch2=0 width=4]
[ECG-K2-EXPECT sim=gem5 seq=1477 dest=3800 tier=3 epoch1=0 epoch2=0 width=4]
[ECG-K2-RECV sim=gem5 seq=1477 dest=3800 tier=3 epoch1=0 epoch2=0 width=4]
[ECG-K2-ACCEPT sim=gem5 seq=1085 request_seq=247336009 request_dest=3682 fill_dest=3682 source=request tier=3 epoch1=0 epoch2=0 current=0 context=1 property_elem_bytes=4]
[ECG-K2-EXPECT sim=gem5 seq=1478 dest=3750 tier=3 epoch1=0 epoch2=0 width=4]
[ECG-K2-RECV sim=gem5 seq=1478 dest=3750 tier=3 epoch1=0 epoch2=0 width=4]
[ECG-K2-EXPECT sim=gem5 seq=1479 dest=3800 tier=3 epoch1=0 epoch2=0 width=4]
[ECG-K2-RECV sim=gem5 seq=1479 dest=3800 tier=3 epoch1=0 epoch2=0 width=4]
[ECG-K2-EXPECT sim=gem5 seq=1480 dest=3800 tier=3 epoch1=0 epoch2=0 width=4]
[ECG-K2-RECV sim=gem5 seq=1480 dest=3800 tier=3 epoch1=0 epoch2=0 width=4]
[ECG-K2-ACCEPT sim=gem5 seq=1086 request_seq=247336018 request_dest=3750 fill_dest=3750 source=request tier=3 epoch1=0 epoch2=0 current=0 context=1 property_elem_bytes=4]
[ECG-K2-ACCEPT sim=gem5 seq=1087 request_seq=247336027 request_dest=3800 fill_dest=3800 source=request tier=3 epoch1=0 epoch2=0 current=0 context=1 property_elem_bytes=4]
[ECG-K2-EXPECT sim=gem5 seq=1481 dest=3811 tier=3 epoch1=0 epoch2=0 width=4]
[ECG-K2-RECV sim=gem5 seq=1481 dest=3811 tier=3 epoch1=0 epoch2=0 width=4]
[ECG-K2-REQUEST sim=gem5 seq=1088 request_seq=247336036 dest=3811 tier=3 epoch1=0 epoch2=0 current=0 context=1]
[ECG-K2-EXPECT sim=gem5 seq=1482 dest=3820 tier=3 epoch1=0 epoch2=0 width=4]
[ECG-K2-RECV sim=gem5 seq=1482 dest=3820 tier=3 epoch1=0 epoch2=0 width=4]
[ECG-K2-REQUEST sim=gem5 seq=1089 request_seq=247336045 dest=3820 tier=3 epoch1=0 epoch2=0 current=0 context=1]
[ECG-K2-EXPECT sim=gem5 seq=1483 dest=3979 tier=3 epoch1=0 epoch2=0 width=4]
[ECG-K2-RECV sim=gem5 seq=1483 dest=3979 tier=3 epoch1=0 epoch2=0 width=4]
[ECG-K2-REQUEST sim=gem5 seq=1090 request_seq=247336054 dest=3979 tier=3 epoch1=0 epoch2=0 current=0 context=1]
[ECG-K2-ACCEPT sim=gem5 seq=1089 request_seq=247336045 request_dest=3820 fill_dest=3811 source=request tier=3 epoch1=0 epoch2=0 current=0 context=1 property_elem_bytes=4]
[ECG-K2-ACCEPT sim=gem5 seq=1090 request_seq=247336054 request_dest=3979 fill_dest=3979 source=request tier=3 epoch1=0 epoch2=0 current=0 context=1 property_elem_bytes=4]
[ECG-K2-EXPECT sim=gem5 seq=1484 dest=0 tier=1 epoch1=0 epoch2=0 width=4]
[ECG-K2-RECV sim=gem5 seq=1484 dest=0 tier=1 epoch1=0 epoch2=0 width=4]
[ECG-K2-REQUEST sim=gem5 seq=1091 request_seq=247336300 dest=0 tier=1 epoch1=0 epoch2=0 current=0 context=1]
[ECG-K2-EXPECT sim=gem5 seq=1485 dest=1 tier=1 epoch1=0 epoch2=0 width=4]
[ECG-K2-RECV sim=gem5 seq=1485 dest=1 tier=1 epoch1=0 epoch2=0 width=4]
[ECG-K2-REQUEST sim=gem5 seq=1092 request_seq=247336309 dest=1 tier=1 epoch1=0 epoch2=0 current=0 context=1]
[ECG-K2-EXPECT sim=gem5 seq=1486 dest=2 tier=1 epoch1=0 epoch2=0 width=4]
[ECG-K2-RECV sim=gem5 seq=1486 dest=2 tier=1 epoch1=0 epoch2=0 width=4]
[ECG-K2-REQUEST sim=gem5 seq=1093 request_seq=247336318 dest=2 tier=1 epoch1=0 epoch2=0 current=0 context=1]
[ECG-K2-EXPECT sim=gem5 seq=1487 dest=3 tier=1 epoch1=0 epoch2=0 width=4]
[ECG-K2-RECV sim=gem5 seq=1487 dest=3 tier=1 epoch1=0 epoch2=0 width=4]
[ECG-K2-REQUEST sim=gem5 seq=1094 request_seq=247336327 dest=3 tier=1 epoch1=0 epoch2=0 current=0 context=1]
[ECG-K2-EXPECT sim=gem5 seq=1488 dest=5 tier=1 epoch1=0 epoch2=0 width=4]
[ECG-K2-RECV sim=gem5 seq=1488 dest=5 tier=1 epoch1=0 epoch2=0 width=4]
[ECG-K2-REQUEST sim=gem5 seq=1095 request_seq=247336336 dest=5 tier=1 epoch1=0 epoch2=0 current=0 context=1]
[ECG-K2-EXPECT sim=gem5 seq=1489 dest=6 tier=1 epoch1=0 epoch2=0 width=4]
[ECG-K2-RECV sim=gem5 seq=1489 dest=6 tier=1 epoch1=0 epoch2=0 width=4]
[ECG-K2-REQUEST sim=gem5 seq=1096 request_seq=247336345 dest=6 tier=1 epoch1=0 epoch2=0 current=0 context=1]
[ECG-K2-EXPECT sim=gem5 seq=1490 dest=7 tier=1 epoch1=0 epoch2=0 width=4]
[ECG-K2-RECV sim=gem5 seq=1490 dest=7 tier=1 epoch1=0 epoch2=0 width=4]
[ECG-K2-REQUEST sim=gem5 seq=1097 request_seq=247336354 dest=7 tier=1 epoch1=0 epoch2=0 current=0 context=1]
[ECG-K2-EXPECT sim=gem5 seq=1491 dest=8 tier=1 epoch1=0 epoch2=0 width=4]
[ECG-K2-RECV sim=gem5 seq=1491 dest=8 tier=1 epoch1=0 epoch2=0 width=4]
[ECG-K2-REQUEST sim=gem5 seq=1098 request_seq=247336363 dest=8 tier=1 epoch1=0 epoch2=0 current=0 context=1]
[ECG-K2-EXPECT sim=gem5 seq=1492 dest=9 tier=1 epoch1=0 epoch2=0 width=4]
[ECG-K2-RECV sim=gem5 seq=1492 dest=9 tier=1 epoch1=0 epoch2=0 width=4]
[ECG-K2-REQUEST sim=gem5 seq=1099 request_seq=247336372 dest=9 tier=1 epoch1=0 epoch2=0 current=0 context=1]
[ECG-K2-EXPECT sim=gem5 seq=1493 dest=10 tier=1 epoch1=0 epoch2=0 width=4]
[ECG-K2-RECV sim=gem5 seq=1493 dest=10 tier=1 epoch1=0 epoch2=0 width=4]
[ECG-K2-REQUEST sim=gem5 seq=1100 request_seq=247336381 dest=10 tier=1 epoch1=0 epoch2=0 current=0 context=1]
[ECG-K2-EXPECT sim=gem5 seq=1494 dest=11 tier=1 epoch1=0 epoch2=0 width=4]
[ECG-K2-RECV sim=gem5 seq=1494 dest=11 tier=1 epoch1=0 epoch2=0 width=4]
[ECG-K2-REQUEST sim=gem5 seq=1101 request_seq=247336390 dest=11 tier=1 epoch1=0 epoch2=0 current=0 context=1]
[ECG-K2-EXPECT sim=gem5 seq=1495 dest=12 tier=1 epoch1=0 epoch2=0 width=4]
[ECG-K2-RECV sim=gem5 seq=1495 dest=12 tier=1 epoch1=0 epoch2=0 width=4]
[ECG-K2-REQUEST sim=gem5 seq=1102 request_seq=247336399 dest=12 tier=1 epoch1=0 epoch2=0 current=0 context=1]
[ECG-K2-EXPECT sim=gem5 seq=1496 dest=13 tier=1 epoch1=0 epoch2=0 width=4]
[ECG-K2-RECV sim=gem5 seq=1496 dest=13 tier=1 epoch1=0 epoch2=0 width=4]
[ECG-K2-REQUEST sim=gem5 seq=1103 request_seq=247336408 dest=13 tier=1 epoch1=0 epoch2=0 current=0 context=1]
[ECG-STREAM-BYPASS sim=gem5 cache=system.l3cache addr=0x3ca140 vaddr=0x3b9140 size=4 source=request-flag allocate=0]
[ECG-K2-EXPECT sim=gem5 seq=1497 dest=16 tier=1 epoch1=0 epoch2=0 width=4]
[ECG-K2-RECV sim=gem5 seq=1497 dest=16 tier=1 epoch1=0 epoch2=0 width=4]
[ECG-K2-REQUEST sim=gem5 seq=1104 request_seq=247336417 dest=16 tier=1 epoch1=0 epoch2=0 current=0 context=1]
[ECG-K2-EXPECT sim=gem5 seq=1498 dest=17 tier=1 epoch1=0 epoch2=0 width=4]
[ECG-K2-RECV sim=gem5 seq=1498 dest=17 tier=1 epoch1=0 epoch2=0 width=4]
[ECG-K2-REQUEST sim=gem5 seq=1105 request_seq=247336426 dest=17 tier=1 epoch1=0 epoch2=0 current=0 context=1]
[ECG-K2-EXPECT sim=gem5 seq=1499 dest=18 tier=1 epoch1=0 epoch2=0 width=4]
[ECG-K2-RECV sim=gem5 seq=1499 dest=18 tier=1 epoch1=0 epoch2=0 width=4]
[ECG-K2-REQUEST sim=gem5 seq=1106 request_seq=247336435 dest=18 tier=1 epoch1=0 epoch2=0 current=0 context=1]
[ECG-K2-EXPECT sim=gem5 seq=1500 dest=19 tier=1 epoch1=0 epoch2=0 width=4]
[ECG-K2-RECV sim=gem5 seq=1500 dest=19 tier=1 epoch1=0 epoch2=0 width=4]
[ECG-K2-REQUEST sim=gem5 seq=1107 request_seq=247336444 dest=19 tier=1 epoch1=0 epoch2=0 current=0 context=1]
[ECG-K2-EXPECT sim=gem5 seq=1501 dest=20 tier=1 epoch1=0 epoch2=0 width=4]
[ECG-K2-RECV sim=gem5 seq=1501 dest=20 tier=1 epoch1=0 epoch2=0 width=4]
[ECG-K2-REQUEST sim=gem5 seq=1108 request_seq=247336453 dest=20 tier=1 epoch1=0 epoch2=0 current=0 context=1]
[ECG-K2-EXPECT sim=gem5 seq=1502 dest=21 tier=1 epoch1=0 epoch2=0 width=4]
[ECG-K2-RECV sim=gem5 seq=1502 dest=21 tier=1 epoch1=0 epoch2=0 width=4]
[ECG-K2-REQUEST sim=gem5 seq=1109 request_seq=247336462 dest=21 tier=1 epoch1=0 epoch2=0 current=0 context=1]
[ECG-K2-EXPECT sim=gem5 seq=1503 dest=22 tier=1 epoch1=0 epoch2=0 width=4]
[ECG-K2-RECV sim=gem5 seq=1503 dest=22 tier=1 epoch1=0 epoch2=0 width=4]
[ECG-K2-REQUEST sim=gem5 seq=1110 request_seq=247336471 dest=22 tier=1 epoch1=0 epoch2=0 current=0 context=1]
[ECG-K2-EXPECT sim=gem5 seq=1504 dest=23 tier=1 epoch1=0 epoch2=0 width=4]
[ECG-K2-RECV sim=gem5 seq=1504 dest=23 tier=1 epoch1=0 epoch2=0 width=4]
[ECG-K2-REQUEST sim=gem5 seq=1111 request_seq=247336480 dest=23 tier=1 epoch1=0 epoch2=0 current=0 context=1]
[ECG-K2-EXPECT sim=gem5 seq=1505 dest=24 tier=1 epoch1=0 epoch2=0 width=4]
[ECG-K2-RECV sim=gem5 seq=1505 dest=24 tier=1 epoch1=0 epoch2=0 width=4]
[ECG-K2-REQUEST sim=gem5 seq=1112 request_seq=247336489 dest=24 tier=1 epoch1=0 epoch2=0 current=0 context=1]
[ECG-K2-EXPECT sim=gem5 seq=1506 dest=26 tier=1 epoch1=0 epoch2=0 width=4]
[ECG-K2-RECV sim=gem5 seq=1506 dest=26 tier=1 epoch1=0 epoch2=0 width=4]
[ECG-K2-REQUEST sim=gem5 seq=1113 request_seq=247336498 dest=26 tier=1 epoch1=0 epoch2=0 current=0 context=1]
[ECG-K2-EXPECT sim=gem5 seq=1507 dest=27 tier=1 epoch1=0 epoch2=0 width=4]
[ECG-K2-RECV sim=gem5 seq=1507 dest=27 tier=1 epoch1=0 epoch2=0 width=4]
[ECG-K2-REQUEST sim=gem5 seq=1114 request_seq=247336507 dest=27 tier=1 epoch1=0 epoch2=0 current=0 context=1]
[ECG-K2-EXPECT sim=gem5 seq=1508 dest=28 tier=1 epoch1=0 epoch2=0 width=4]
[ECG-K2-RECV sim=gem5 seq=1508 dest=28 tier=1 epoch1=0 epoch2=0 width=4]
[ECG-K2-REQUEST sim=gem5 seq=1115 request_seq=247336516 dest=28 tier=1 epoch1=0 epoch2=0 current=0 context=1]
[ECG-K2-EXPECT sim=gem5 seq=1509 dest=30 tier=1 epoch1=0 epoch2=0 width=4]
[ECG-K2-RECV sim=gem5 seq=1509 dest=30 tier=1 epoch1=0 epoch2=0 width=4]
[ECG-K2-REQUEST sim=gem5 seq=1116 request_seq=247336525 dest=30 tier=1 epoch1=0 epoch2=0 current=0 context=1]
[ECG-K2-EXPECT sim=gem5 seq=1510 dest=32 tier=1 epoch1=0 epoch2=0 width=4]
[ECG-K2-RECV sim=gem5 seq=1510 dest=32 tier=1 epoch1=0 epoch2=0 width=4]
[ECG-K2-REQUEST sim=gem5 seq=1117 request_seq=247336534 dest=32 tier=1 epoch1=0 epoch2=0 current=0 context=1]
[ECG-K2-EXPECT sim=gem5 seq=1511 dest=33 tier=1 epoch1=0 epoch2=0 width=4]
[ECG-K2-RECV sim=gem5 seq=1511 dest=33 tier=1 epoch1=0 epoch2=0 width=4]
[ECG-K2-REQUEST sim=gem5 seq=1118 request_seq=247336543 dest=33 tier=1 epoch1=0 epoch2=0 current=0 context=1]
[ECG-K2-EXPECT sim=gem5 seq=1512 dest=34 tier=1 epoch1=0 epoch2=0 width=4]
[ECG-K2-RECV sim=gem5 seq=1512 dest=34 tier=1 epoch1=0 epoch2=0 width=4]
[ECG-K2-REQUEST sim=gem5 seq=1119 request_seq=247336552 dest=34 tier=1 epoch1=0 epoch2=0 current=0 context=1]
[ECG-STREAM-BYPASS sim=gem5 cache=system.l3cache addr=0x3ca180 vaddr=0x3b9180 size=4 source=request-flag allocate=0]
[ECG-K2-EXPECT sim=gem5 seq=1513 dest=35 tier=1 epoch1=0 epoch2=0 width=4]
[ECG-K2-RECV sim=gem5 seq=1513 dest=35 tier=1 epoch1=0 epoch2=0 width=4]
[ECG-K2-REQUEST sim=gem5 seq=1120 request_seq=247336561 dest=35 tier=1 epoch1=0 epoch2=0 current=0 context=1]
[ECG-K2-EXPECT sim=gem5 seq=1514 dest=36 tier=1 epoch1=0 epoch2=0 width=4]
[ECG-K2-RECV sim=gem5 seq=1514 dest=36 tier=1 epoch1=0 epoch2=0 width=4]
[ECG-K2-REQUEST sim=gem5 seq=1121 request_seq=247336570 dest=36 tier=1 epoch1=0 epoch2=0 current=0 context=1]
[ECG-K2-EXPECT sim=gem5 seq=1515 dest=37 tier=1 epoch1=0 epoch2=0 width=4]
[ECG-K2-RECV sim=gem5 seq=1515 dest=37 tier=1 epoch1=0 epoch2=0 width=4]
[ECG-K2-REQUEST sim=gem5 seq=1122 request_seq=247336579 dest=37 tier=1 epoch1=0 epoch2=0 current=0 context=1]
[ECG-K2-EXPECT sim=gem5 seq=1516 dest=38 tier=1 epoch1=0 epoch2=0 width=4]
[ECG-K2-RECV sim=gem5 seq=1516 dest=38 tier=1 epoch1=0 epoch2=0 width=4]
[ECG-K2-REQUEST sim=gem5 seq=1123 request_seq=247336588 dest=38 tier=1 epoch1=0 epoch2=0 current=0 context=1]
[ECG-K2-EXPECT sim=gem5 seq=1517 dest=39 tier=1 epoch1=0 epoch2=0 width=4]
[ECG-K2-RECV sim=gem5 seq=1517 dest=39 tier=1 epoch1=0 epoch2=0 width=4]
[ECG-K2-REQUEST sim=gem5 seq=1124 request_seq=247336597 dest=39 tier=1 epoch1=0 epoch2=0 current=0 context=1]
[ECG-K2-EXPECT sim=gem5 seq=1518 dest=40 tier=1 epoch1=0 epoch2=0 width=4]
[ECG-K2-RECV sim=gem5 seq=1518 dest=40 tier=1 epoch1=0 epoch2=0 width=4]
[ECG-K2-REQUEST sim=gem5 seq=1125 request_seq=247336606 dest=40 tier=1 epoch1=0 epoch2=0 current=0 context=1]
[ECG-K2-EXPECT sim=gem5 seq=1519 dest=41 tier=1 epoch1=0 epoch2=0 width=4]
[ECG-K2-RECV sim=gem5 seq=1519 dest=41 tier=1 epoch1=0 epoch2=0 width=4]
[ECG-K2-REQUEST sim=gem5 seq=1126 request_seq=247336615 dest=41 tier=1 epoch1=0 epoch2=0 current=0 context=1]
[ECG-K2-EXPECT sim=gem5 seq=1520 dest=43 tier=1 epoch1=0 epoch2=0 width=4]
[ECG-K2-RECV sim=gem5 seq=1520 dest=43 tier=1 epoch1=0 epoch2=0 width=4]
[ECG-K2-REQUEST sim=gem5 seq=1127 request_seq=247336624 dest=43 tier=1 epoch1=0 epoch2=0 current=0 context=1]
[ECG-K2-EXPECT sim=gem5 seq=1521 dest=46 tier=1 epoch1=0 epoch2=0 width=4]
[ECG-K2-RECV sim=gem5 seq=1521 dest=46 tier=1 epoch1=0 epoch2=0 width=4]
[ECG-K2-REQUEST sim=gem5 seq=1128 request_seq=247336633 dest=46 tier=1 epoch1=0 epoch2=0 current=0 context=1]
[ECG-K2-EXPECT sim=gem5 seq=1522 dest=47 tier=1 epoch1=0 epoch2=0 width=4]
[ECG-K2-RECV sim=gem5 seq=1522 dest=47 tier=1 epoch1=0 epoch2=0 width=4]
[ECG-K2-REQUEST sim=gem5 seq=1129 request_seq=247336642 dest=47 tier=1 epoch1=0 epoch2=0 current=0 context=1]
[ECG-K2-EXPECT sim=gem5 seq=1523 dest=48 tier=1 epoch1=0 epoch2=0 width=4]
[ECG-K2-RECV sim=gem5 seq=1523 dest=48 tier=1 epoch1=0 epoch2=0 width=4]
[ECG-K2-REQUEST sim=gem5 seq=1130 request_seq=247336651 dest=48 tier=1 epoch1=0 epoch2=0 current=0 context=1]
[ECG-K2-EXPECT sim=gem5 seq=1524 dest=49 tier=1 epoch1=0 epoch2=0 width=4]
[ECG-K2-RECV sim=gem5 seq=1524 dest=49 tier=1 epoch1=0 epoch2=0 width=4]
[ECG-K2-REQUEST sim=gem5 seq=1131 request_seq=247336660 dest=49 tier=1 epoch1=0 epoch2=0 current=0 context=1]
[ECG-K2-EXPECT sim=gem5 seq=1525 dest=50 tier=1 epoch1=0 epoch2=0 width=4]
[ECG-K2-RECV sim=gem5 seq=1525 dest=50 tier=1 epoch1=0 epoch2=0 width=4]
[ECG-K2-REQUEST sim=gem5 seq=1132 request_seq=247336669 dest=50 tier=1 epoch1=0 epoch2=0 current=0 context=1]
[ECG-K2-EXPECT sim=gem5 seq=1526 dest=51 tier=1 epoch1=0 epoch2=0 width=4]
[ECG-K2-RECV sim=gem5 seq=1526 dest=51 tier=1 epoch1=0 epoch2=0 width=4]
[ECG-K2-REQUEST sim=gem5 seq=1133 request_seq=247336678 dest=51 tier=1 epoch1=0 epoch2=0 current=0 context=1]
[ECG-K2-EXPECT sim=gem5 seq=1527 dest=52 tier=1 epoch1=0 epoch2=0 width=4]
[ECG-K2-RECV sim=gem5 seq=1527 dest=52 tier=1 epoch1=0 epoch2=0 width=4]
[ECG-K2-REQUEST sim=gem5 seq=1134 request_seq=247336687 dest=52 tier=1 epoch1=0 epoch2=0 current=0 context=1]
[ECG-K2-EXPECT sim=gem5 seq=1528 dest=53 tier=1 epoch1=0 epoch2=0 width=4]
[ECG-K2-RECV sim=gem5 seq=1528 dest=53 tier=1 epoch1=0 epoch2=0 width=4]
[ECG-K2-REQUEST sim=gem5 seq=1135 request_seq=247336696 dest=53 tier=1 epoch1=0 epoch2=0 current=0 context=1]
[ECG-STREAM-BYPASS sim=gem5 cache=system.l3cache addr=0x3ca1c0 vaddr=0x3b91c0 size=4 source=request-flag allocate=0]
[ECG-K2-EXPECT sim=gem5 seq=1529 dest=54 tier=1 epoch1=0 epoch2=0 width=4]
[ECG-K2-RECV sim=gem5 seq=1529 dest=54 tier=1 epoch1=0 epoch2=0 width=4]
[ECG-K2-REQUEST sim=gem5 seq=1136 request_seq=247336705 dest=54 tier=1 epoch1=0 epoch2=0 current=0 context=1]
[ECG-K2-EXPECT sim=gem5 seq=1530 dest=56 tier=1 epoch1=0 epoch2=0 width=4]
[ECG-K2-RECV sim=gem5 seq=1530 dest=56 tier=1 epoch1=0 epoch2=0 width=4]
[ECG-K2-REQUEST sim=gem5 seq=1137 request_seq=247336714 dest=56 tier=1 epoch1=0 epoch2=0 current=0 context=1]
[ECG-K2-EXPECT sim=gem5 seq=1531 dest=57 tier=1 epoch1=0 epoch2=0 width=4]
[ECG-K2-RECV sim=gem5 seq=1531 dest=57 tier=1 epoch1=0 epoch2=0 width=4]
[ECG-K2-REQUEST sim=gem5 seq=1138 request_seq=247336723 dest=57 tier=1 epoch1=0 epoch2=0 current=0 context=1]
[ECG-K2-EXPECT sim=gem5 seq=1532 dest=60 tier=1 epoch1=0 epoch2=0 width=4]
[ECG-K2-RECV sim=gem5 seq=1532 dest=60 tier=1 epoch1=0 epoch2=0 width=4]
[ECG-K2-REQUEST sim=gem5 seq=1139 request_seq=247336732 dest=60 tier=1 epoch1=0 epoch2=0 current=0 context=1]
[ECG-K2-EXPECT sim=gem5 seq=1533 dest=61 tier=1 epoch1=0 epoch2=0 width=4]
[ECG-K2-RECV sim=gem5 seq=1533 dest=61 tier=1 epoch1=0 epoch2=0 width=4]
[ECG-K2-REQUEST sim=gem5 seq=1140 request_seq=247336741 dest=61 tier=1 epoch1=0 epoch2=0 current=0 context=1]
[ECG-K2-EXPECT sim=gem5 seq=1534 dest=62 tier=1 epoch1=0 epoch2=0 width=4]
[ECG-K2-RECV sim=gem5 seq=1534 dest=62 tier=1 epoch1=0 epoch2=0 width=4]
[ECG-K2-REQUEST sim=gem5 seq=1141 request_seq=247336750 dest=62 tier=1 epoch1=0 epoch2=0 current=0 context=1]
[ECG-K2-EXPECT sim=gem5 seq=1535 dest=64 tier=1 epoch1=0 epoch2=0 width=4]
[ECG-K2-RECV sim=gem5 seq=1535 dest=64 tier=1 epoch1=0 epoch2=0 width=4]
[ECG-K2-REQUEST sim=gem5 seq=1142 request_seq=247336759 dest=64 tier=1 epoch1=0 epoch2=0 current=0 context=1]
[ECG-K2-EXPECT sim=gem5 seq=1536 dest=65 tier=1 epoch1=0 epoch2=0 width=4]
[ECG-K2-RECV sim=gem5 seq=1536 dest=65 tier=1 epoch1=0 epoch2=0 width=4]
[ECG-K2-REQUEST sim=gem5 seq=1143 request_seq=247336768 dest=65 tier=1 epoch1=0 epoch2=0 current=0 context=1]
[ECG-K2-EXPECT sim=gem5 seq=1537 dest=66 tier=1 epoch1=0 epoch2=0 width=4]
[ECG-K2-RECV sim=gem5 seq=1537 dest=66 tier=1 epoch1=0 epoch2=0 width=4]
[ECG-K2-REQUEST sim=gem5 seq=1144 request_seq=247336777 dest=66 tier=1 epoch1=0 epoch2=0 current=0 context=1]
[ECG-K2-EXPECT sim=gem5 seq=1538 dest=69 tier=1 epoch1=0 epoch2=0 width=4]
[ECG-K2-RECV sim=gem5 seq=1538 dest=69 tier=1 epoch1=0 epoch2=0 width=4]
[ECG-K2-REQUEST sim=gem5 seq=1145 request_seq=247336786 dest=69 tier=1 epoch1=0 epoch2=0 current=0 context=1]
[ECG-K2-EXPECT sim=gem5 seq=1539 dest=71 tier=1 epoch1=0 epoch2=0 width=4]
[ECG-K2-RECV sim=gem5 seq=1539 dest=71 tier=1 epoch1=0 epoch2=0 width=4]
[ECG-K2-REQUEST sim=gem5 seq=1146 request_seq=247336795 dest=71 tier=1 epoch1=0 epoch2=0 current=0 context=1]
[ECG-K2-EXPECT sim=gem5 seq=1540 dest=72 tier=1 epoch1=0 epoch2=0 width=4]
[ECG-K2-RECV sim=gem5 seq=1540 dest=72 tier=1 epoch1=0 epoch2=0 width=4]
[ECG-K2-REQUEST sim=gem5 seq=1147 request_seq=247336804 dest=72 tier=1 epoch1=0 epoch2=0 current=0 context=1]
[ECG-K2-EXPECT sim=gem5 seq=1541 dest=73 tier=1 epoch1=0 epoch2=0 width=4]
[ECG-K2-RECV sim=gem5 seq=1541 dest=73 tier=1 epoch1=0 epoch2=0 width=4]
[ECG-K2-REQUEST sim=gem5 seq=1148 request_seq=247336813 dest=73 tier=1 epoch1=0 epoch2=0 current=0 context=1]
[ECG-K2-EXPECT sim=gem5 seq=1542 dest=74 tier=1 epoch1=0 epoch2=0 width=4]
[ECG-K2-RECV sim=gem5 seq=1542 dest=74 tier=1 epoch1=0 epoch2=0 width=4]
[ECG-K2-REQUEST sim=gem5 seq=1149 request_seq=247336822 dest=74 tier=1 epoch1=0 epoch2=0 current=0 context=1]
[ECG-K2-EXPECT sim=gem5 seq=1543 dest=75 tier=1 epoch1=0 epoch2=0 width=4]
[ECG-K2-RECV sim=gem5 seq=1543 dest=75 tier=1 epoch1=0 epoch2=0 width=4]
[ECG-K2-REQUEST sim=gem5 seq=1150 request_seq=247336831 dest=75 tier=1 epoch1=0 epoch2=0 current=0 context=1]
[ECG-K2-EXPECT sim=gem5 seq=1544 dest=76 tier=1 epoch1=0 epoch2=0 width=4]
[ECG-K2-RECV sim=gem5 seq=1544 dest=76 tier=1 epoch1=0 epoch2=0 width=4]
[ECG-K2-REQUEST sim=gem5 seq=1151 request_seq=247336840 dest=76 tier=1 epoch1=0 epoch2=0 current=0 context=1]
[ECG-STREAM-BYPASS sim=gem5 cache=system.l3cache addr=0x3ca200 vaddr=0x3b9200 size=4 source=request-flag allocate=0]
[ECG-K2-EXPECT sim=gem5 seq=1545 dest=78 tier=1 epoch1=0 epoch2=0 width=4]
[ECG-K2-RECV sim=gem5 seq=1545 dest=78 tier=1 epoch1=0 epoch2=0 width=4]
[ECG-K2-REQUEST sim=gem5 seq=1152 request_seq=247336849 dest=78 tier=1 epoch1=0 epoch2=0 current=0 context=1]
[ECG-K2-EXPECT sim=gem5 seq=1546 dest=79 tier=1 epoch1=0 epoch2=0 width=4]
[ECG-K2-RECV sim=gem5 seq=1546 dest=79 tier=1 epoch1=0 epoch2=0 width=4]
[ECG-K2-REQUEST sim=gem5 seq=1153 request_seq=247336858 dest=79 tier=1 epoch1=0 epoch2=0 current=0 context=1]
[ECG-K2-EXPECT sim=gem5 seq=1547 dest=82 tier=1 epoch1=0 epoch2=0 width=4]
[ECG-K2-RECV sim=gem5 seq=1547 dest=82 tier=1 epoch1=0 epoch2=0 width=4]
[ECG-K2-REQUEST sim=gem5 seq=1154 request_seq=247336867 dest=82 tier=1 epoch1=0 epoch2=0 current=0 context=1]
[ECG-K2-EXPECT sim=gem5 seq=1548 dest=85 tier=1 epoch1=0 epoch2=0 width=4]
[ECG-K2-RECV sim=gem5 seq=1548 dest=85 tier=1 epoch1=0 epoch2=0 width=4]
[ECG-K2-REQUEST sim=gem5 seq=1155 request_seq=247336876 dest=85 tier=1 epoch1=0 epoch2=0 current=0 context=1]
[ECG-K2-EXPECT sim=gem5 seq=1549 dest=89 tier=1 epoch1=0 epoch2=0 width=4]
[ECG-K2-RECV sim=gem5 seq=1549 dest=89 tier=1 epoch1=0 epoch2=0 width=4]
[ECG-K2-REQUEST sim=gem5 seq=1156 request_seq=247336885 dest=89 tier=1 epoch1=0 epoch2=0 current=0 context=1]
[ECG-K2-EXPECT sim=gem5 seq=1550 dest=90 tier=1 epoch1=0 epoch2=0 width=4]
[ECG-K2-RECV sim=gem5 seq=1550 dest=90 tier=1 epoch1=0 epoch2=0 width=4]
[ECG-K2-REQUEST sim=gem5 seq=1157 request_seq=247336894 dest=90 tier=1 epoch1=0 epoch2=0 current=0 context=1]
[ECG-K2-EXPECT sim=gem5 seq=1551 dest=92 tier=1 epoch1=0 epoch2=0 width=4]
[ECG-K2-RECV sim=gem5 seq=1551 dest=92 tier=1 epoch1=0 epoch2=0 width=4]
[ECG-K2-REQUEST sim=gem5 seq=1158 request_seq=247336903 dest=92 tier=1 epoch1=0 epoch2=0 current=0 context=1]
[ECG-K2-EXPECT sim=gem5 seq=1552 dest=94 tier=1 epoch1=0 epoch2=0 width=4]
[ECG-K2-RECV sim=gem5 seq=1552 dest=94 tier=1 epoch1=0 epoch2=0 width=4]
[ECG-K2-REQUEST sim=gem5 seq=1159 request_seq=247336912 dest=94 tier=1 epoch1=0 epoch2=0 current=0 context=1]
[ECG-K2-EXPECT sim=gem5 seq=1553 dest=96 tier=1 epoch1=0 epoch2=0 width=4]
[ECG-K2-RECV sim=gem5 seq=1553 dest=96 tier=1 epoch1=0 epoch2=0 width=4]
[ECG-K2-REQUEST sim=gem5 seq=1160 request_seq=247336921 dest=96 tier=1 epoch1=0 epoch2=0 current=0 context=1]
[ECG-K2-EXPECT sim=gem5 seq=1554 dest=97 tier=1 epoch1=0 epoch2=0 width=4]
[ECG-K2-RECV sim=gem5 seq=1554 dest=97 tier=1 epoch1=0 epoch2=0 width=4]
[ECG-K2-REQUEST sim=gem5 seq=1161 request_seq=247336930 dest=97 tier=1 epoch1=0 epoch2=0 current=0 context=1]
[ECG-K2-EXPECT sim=gem5 seq=1555 dest=102 tier=1 epoch1=0 epoch2=0 width=4]
[ECG-K2-RECV sim=gem5 seq=1555 dest=102 tier=1 epoch1=0 epoch2=0 width=4]
[ECG-K2-REQUEST sim=gem5 seq=1162 request_seq=247336939 dest=102 tier=1 epoch1=0 epoch2=0 current=0 context=1]
[ECG-K2-EXPECT sim=gem5 seq=1556 dest=114 tier=1 epoch1=0 epoch2=0 width=4]
[ECG-K2-RECV sim=gem5 seq=1556 dest=114 tier=1 epoch1=0 epoch2=0 width=4]
[ECG-K2-REQUEST sim=gem5 seq=1163 request_seq=247336948 dest=114 tier=1 epoch1=0 epoch2=0 current=0 context=1]
[ECG-K2-ACCEPT sim=gem5 seq=1162 request_seq=247336939 request_dest=102 fill_dest=96 source=request tier=1 epoch1=0 epoch2=0 current=0 context=1 property_elem_bytes=4]
[ECG-K2-EXPECT sim=gem5 seq=1557 dest=117 tier=1 epoch1=0 epoch2=0 width=4]
[ECG-K2-RECV sim=gem5 seq=1557 dest=117 tier=1 epoch1=0 epoch2=0 width=4]
[ECG-K2-REQUEST sim=gem5 seq=1164 request_seq=247336957 dest=117 tier=1 epoch1=0 epoch2=0 current=0 context=1]
[ECG-K2-EXPECT sim=gem5 seq=1558 dest=118 tier=1 epoch1=0 epoch2=0 width=4]
[ECG-K2-RECV sim=gem5 seq=1558 dest=118 tier=1 epoch1=0 epoch2=0 width=4]
[ECG-K2-REQUEST sim=gem5 seq=1165 request_seq=247336966 dest=118 tier=1 epoch1=0 epoch2=0 current=0 context=1]
[ECG-K2-EXPECT sim=gem5 seq=1559 dest=119 tier=1 epoch1=0 epoch2=0 width=4]
[ECG-K2-RECV sim=gem5 seq=1559 dest=119 tier=1 epoch1=0 epoch2=0 width=4]
[ECG-K2-REQUEST sim=gem5 seq=1166 request_seq=247336975 dest=119 tier=1 epoch1=0 epoch2=0 current=0 context=1]
[ECG-K2-EXPECT sim=gem5 seq=1560 dest=122 tier=1 epoch1=0 epoch2=0 width=4]
[ECG-K2-RECV sim=gem5 seq=1560 dest=122 tier=1 epoch1=0 epoch2=0 width=4]
[ECG-K2-REQUEST sim=gem5 seq=1167 request_seq=247336984 dest=122 tier=1 epoch1=0 epoch2=0 current=0 context=1]
[ECG-STREAM-BYPASS sim=gem5 cache=system.l3cache addr=0x3ca240 vaddr=0x3b9240 size=4 source=request-flag allocate=0]
[ECG-K2-EXPECT sim=gem5 seq=1561 dest=123 tier=1 epoch1=0 epoch2=0 width=4]
[ECG-K2-RECV sim=gem5 seq=1561 dest=123 tier=1 epoch1=0 epoch2=0 width=4]
[ECG-K2-REQUEST sim=gem5 seq=1168 request_seq=247336993 dest=123 tier=1 epoch1=0 epoch2=0 current=0 context=1]
[ECG-K2-EXPECT sim=gem5 seq=1562 dest=124 tier=1 epoch1=0 epoch2=0 width=4]
[ECG-K2-RECV sim=gem5 seq=1562 dest=124 tier=1 epoch1=0 epoch2=0 width=4]
[ECG-K2-REQUEST sim=gem5 seq=1169 request_seq=247337002 dest=124 tier=1 epoch1=0 epoch2=0 current=0 context=1]
[ECG-K2-EXPECT sim=gem5 seq=1563 dest=125 tier=1 epoch1=0 epoch2=0 width=4]
[ECG-K2-RECV sim=gem5 seq=1563 dest=125 tier=1 epoch1=0 epoch2=0 width=4]
[ECG-K2-REQUEST sim=gem5 seq=1170 request_seq=247337011 dest=125 tier=1 epoch1=0 epoch2=0 current=0 context=1]
[ECG-K2-EXPECT sim=gem5 seq=1564 dest=127 tier=1 epoch1=0 epoch2=0 width=4]
[ECG-K2-RECV sim=gem5 seq=1564 dest=127 tier=1 epoch1=0 epoch2=0 width=4]
[ECG-K2-REQUEST sim=gem5 seq=1171 request_seq=247337020 dest=127 tier=1 epoch1=0 epoch2=0 current=0 context=1]
[ECG-K2-EXPECT sim=gem5 seq=1565 dest=128 tier=1 epoch1=0 epoch2=0 width=4]
[ECG-K2-RECV sim=gem5 seq=1565 dest=128 tier=1 epoch1=0 epoch2=0 width=4]
[ECG-K2-REQUEST sim=gem5 seq=1172 request_seq=247337029 dest=128 tier=1 epoch1=0 epoch2=0 current=0 context=1]
[ECG-K2-EXPECT sim=gem5 seq=1566 dest=129 tier=1 epoch1=0 epoch2=0 width=4]
[ECG-K2-RECV sim=gem5 seq=1566 dest=129 tier=1 epoch1=0 epoch2=0 width=4]
[ECG-K2-REQUEST sim=gem5 seq=1173 request_seq=247337038 dest=129 tier=1 epoch1=0 epoch2=0 current=0 context=1]
[ECG-K2-EXPECT sim=gem5 seq=1567 dest=130 tier=1 epoch1=0 epoch2=0 width=4]
[ECG-K2-RECV sim=gem5 seq=1567 dest=130 tier=1 epoch1=0 epoch2=0 width=4]
[ECG-K2-REQUEST sim=gem5 seq=1174 request_seq=247337047 dest=130 tier=1 epoch1=0 epoch2=0 current=0 context=1]
[ECG-K2-EXPECT sim=gem5 seq=1568 dest=132 tier=1 epoch1=0 epoch2=0 width=4]
[ECG-K2-RECV sim=gem5 seq=1568 dest=132 tier=1 epoch1=0 epoch2=0 width=4]
[ECG-K2-REQUEST sim=gem5 seq=1175 request_seq=247337056 dest=132 tier=1 epoch1=0 epoch2=0 current=0 context=1]
[ECG-K2-EXPECT sim=gem5 seq=1569 dest=134 tier=1 epoch1=0 epoch2=0 width=4]
[ECG-K2-RECV sim=gem5 seq=1569 dest=134 tier=1 epoch1=0 epoch2=0 width=4]
[ECG-K2-REQUEST sim=gem5 seq=1176 request_seq=247337065 dest=134 tier=1 epoch1=0 epoch2=0 current=0 context=1]
[ECG-K2-EXPECT sim=gem5 seq=1570 dest=139 tier=1 epoch1=0 epoch2=0 width=4]
[ECG-K2-RECV sim=gem5 seq=1570 dest=139 tier=1 epoch1=0 epoch2=0 width=4]
[ECG-K2-REQUEST sim=gem5 seq=1177 request_seq=247337074 dest=139 tier=1 epoch1=0 epoch2=0 current=0 context=1]
[ECG-K2-EXPECT sim=gem5 seq=1571 dest=140 tier=1 epoch1=0 epoch2=0 width=4]
[ECG-K2-RECV sim=gem5 seq=1571 dest=140 tier=1 epoch1=0 epoch2=0 width=4]
[ECG-K2-REQUEST sim=gem5 seq=1178 request_seq=247337083 dest=140 tier=1 epoch1=0 epoch2=0 current=0 context=1]
[ECG-K2-EXPECT sim=gem5 seq=1572 dest=141 tier=1 epoch1=0 epoch2=0 width=4]
[ECG-K2-RECV sim=gem5 seq=1572 dest=141 tier=1 epoch1=0 epoch2=0 width=4]
[ECG-K2-REQUEST sim=gem5 seq=1179 request_seq=247337092 dest=141 tier=1 epoch1=0 epoch2=0 current=0 context=1]
[ECG-K2-ACCEPT sim=gem5 seq=1179 request_seq=247337092 request_dest=141 fill_dest=128 source=request tier=1 epoch1=0 epoch2=0 current=0 context=1 property_elem_bytes=4]
[ECG-K2-EXPECT sim=gem5 seq=1573 dest=142 tier=1 epoch1=0 epoch2=0 width=4]
[ECG-K2-RECV sim=gem5 seq=1573 dest=142 tier=1 epoch1=0 epoch2=0 width=4]
[ECG-K2-REQUEST sim=gem5 seq=1180 request_seq=247337101 dest=142 tier=1 epoch1=0 epoch2=0 current=0 context=1]
[ECG-K2-EXPECT sim=gem5 seq=1574 dest=143 tier=1 epoch1=0 epoch2=0 width=4]
[ECG-K2-RECV sim=gem5 seq=1574 dest=143 tier=1 epoch1=0 epoch2=0 width=4]
[ECG-K2-REQUEST sim=gem5 seq=1181 request_seq=247337110 dest=143 tier=1 epoch1=0 epoch2=0 current=0 context=1]
[ECG-K2-EXPECT sim=gem5 seq=1575 dest=144 tier=1 epoch1=0 epoch2=0 width=4]
[ECG-K2-RECV sim=gem5 seq=1575 dest=144 tier=1 epoch1=0 epoch2=0 width=4]
[ECG-K2-REQUEST sim=gem5 seq=1182 request_seq=247337119 dest=144 tier=1 epoch1=0 epoch2=0 current=0 context=1]
[ECG-K2-EXPECT sim=gem5 seq=1576 dest=147 tier=1 epoch1=0 epoch2=0 width=4]
[ECG-K2-RECV sim=gem5 seq=1576 dest=147 tier=1 epoch1=0 epoch2=0 width=4]
[ECG-K2-REQUEST sim=gem5 seq=1183 request_seq=247337128 dest=147 tier=1 epoch1=0 epoch2=0 current=0 context=1]
[ECG-STREAM-BYPASS sim=gem5 cache=system.l3cache addr=0x3ca280 vaddr=0x3b9280 size=4 source=request-flag allocate=0]
[ECG-K2-EXPECT sim=gem5 seq=1577 dest=155 tier=1 epoch1=0 epoch2=0 width=4]
[ECG-K2-RECV sim=gem5 seq=1577 dest=155 tier=1 epoch1=0 epoch2=0 width=4]
[ECG-K2-REQUEST sim=gem5 seq=1184 request_seq=247337137 dest=155 tier=1 epoch1=0 epoch2=0 current=0 context=1]
[ECG-K2-EXPECT sim=gem5 seq=1578 dest=156 tier=1 epoch1=0 epoch2=0 width=4]
[ECG-K2-RECV sim=gem5 seq=1578 dest=156 tier=1 epoch1=0 epoch2=0 width=4]
[ECG-K2-REQUEST sim=gem5 seq=1185 request_seq=247337146 dest=156 tier=1 epoch1=0 epoch2=0 current=0 context=1]
[ECG-K2-EXPECT sim=gem5 seq=1579 dest=157 tier=1 epoch1=0 epoch2=0 width=4]
[ECG-K2-RECV sim=gem5 seq=1579 dest=157 tier=1 epoch1=0 epoch2=0 width=4]
[ECG-K2-REQUEST sim=gem5 seq=1186 request_seq=247337155 dest=157 tier=1 epoch1=0 epoch2=0 current=0 context=1]
[ECG-K2-EXPECT sim=gem5 seq=1580 dest=164 tier=1 epoch1=0 epoch2=0 width=4]
[ECG-K2-RECV sim=gem5 seq=1580 dest=164 tier=1 epoch1=0 epoch2=0 width=4]
[ECG-K2-REQUEST sim=gem5 seq=1187 request_seq=247337164 dest=164 tier=1 epoch1=0 epoch2=0 current=0 context=1]
[ECG-K2-EXPECT sim=gem5 seq=1581 dest=165 tier=1 epoch1=0 epoch2=0 width=4]
[ECG-K2-RECV sim=gem5 seq=1581 dest=165 tier=1 epoch1=0 epoch2=0 width=4]
[ECG-K2-REQUEST sim=gem5 seq=1188 request_seq=247337173 dest=165 tier=1 epoch1=0 epoch2=0 current=0 context=1]
[ECG-K2-EXPECT sim=gem5 seq=1582 dest=168 tier=1 epoch1=0 epoch2=0 width=4]
[ECG-K2-RECV sim=gem5 seq=1582 dest=168 tier=1 epoch1=0 epoch2=0 width=4]
[ECG-K2-REQUEST sim=gem5 seq=1189 request_seq=247337182 dest=168 tier=1 epoch1=0 epoch2=0 current=0 context=1]
[ECG-K2-EXPECT sim=gem5 seq=1583 dest=176 tier=1 epoch1=0 epoch2=0 width=4]
[ECG-K2-RECV sim=gem5 seq=1583 dest=176 tier=1 epoch1=0 epoch2=0 width=4]
[ECG-K2-REQUEST sim=gem5 seq=1190 request_seq=247337191 dest=176 tier=1 epoch1=0 epoch2=0 current=0 context=1]
[ECG-K2-EXPECT sim=gem5 seq=1584 dest=181 tier=1 epoch1=0 epoch2=0 width=4]
[ECG-K2-RECV sim=gem5 seq=1584 dest=181 tier=1 epoch1=0 epoch2=0 width=4]
[ECG-K2-REQUEST sim=gem5 seq=1191 request_seq=247337200 dest=181 tier=1 epoch1=0 epoch2=0 current=0 context=1]
[ECG-K2-EXPECT sim=gem5 seq=1585 dest=184 tier=1 epoch1=0 epoch2=0 width=4]
[ECG-K2-RECV sim=gem5 seq=1585 dest=184 tier=1 epoch1=0 epoch2=0 width=4]
[ECG-K2-REQUEST sim=gem5 seq=1192 request_seq=247337209 dest=184 tier=1 epoch1=0 epoch2=0 current=0 context=1]
[ECG-K2-EXPECT sim=gem5 seq=1586 dest=185 tier=1 epoch1=0 epoch2=0 width=4]
[ECG-K2-RECV sim=gem5 seq=1586 dest=185 tier=1 epoch1=0 epoch2=0 width=4]
[ECG-K2-REQUEST sim=gem5 seq=1193 request_seq=247337218 dest=185 tier=1 epoch1=0 epoch2=0 current=0 context=1]
[ECG-K2-EXPECT sim=gem5 seq=1587 dest=186 tier=1 epoch1=0 epoch2=0 width=4]
[ECG-K2-RECV sim=gem5 seq=1587 dest=186 tier=1 epoch1=0 epoch2=0 width=4]
[ECG-K2-REQUEST sim=gem5 seq=1194 request_seq=247337227 dest=186 tier=1 epoch1=0 epoch2=0 current=0 context=1]
[ECG-K2-EXPECT sim=gem5 seq=1588 dest=187 tier=1 epoch1=0 epoch2=0 width=4]
[ECG-K2-RECV sim=gem5 seq=1588 dest=187 tier=1 epoch1=0 epoch2=0 width=4]
[ECG-K2-REQUEST sim=gem5 seq=1195 request_seq=247337236 dest=187 tier=1 epoch1=0 epoch2=0 current=0 context=1]
[ECG-K2-EXPECT sim=gem5 seq=1589 dest=193 tier=1 epoch1=0 epoch2=0 width=4]
[ECG-K2-RECV sim=gem5 seq=1589 dest=193 tier=1 epoch1=0 epoch2=0 width=4]
[ECG-K2-REQUEST sim=gem5 seq=1196 request_seq=247337245 dest=193 tier=1 epoch1=0 epoch2=0 current=0 context=1]
[ECG-K2-EXPECT sim=gem5 seq=1590 dest=194 tier=1 epoch1=0 epoch2=0 width=4]
[ECG-K2-RECV sim=gem5 seq=1590 dest=194 tier=1 epoch1=0 epoch2=0 width=4]
[ECG-K2-REQUEST sim=gem5 seq=1197 request_seq=247337254 dest=194 tier=1 epoch1=0 epoch2=0 current=0 context=1]
[ECG-K2-EXPECT sim=gem5 seq=1591 dest=199 tier=1 epoch1=0 epoch2=0 width=4]
[ECG-K2-RECV sim=gem5 seq=1591 dest=199 tier=1 epoch1=0 epoch2=0 width=4]
[ECG-K2-REQUEST sim=gem5 seq=1198 request_seq=247337263 dest=199 tier=1 epoch1=0 epoch2=0 current=0 context=1]
[ECG-K2-EXPECT sim=gem5 seq=1592 dest=200 tier=1 epoch1=0 epoch2=0 width=4]
[ECG-K2-RECV sim=gem5 seq=1592 dest=200 tier=1 epoch1=0 epoch2=0 width=4]
[ECG-K2-REQUEST sim=gem5 seq=1199 request_seq=247337272 dest=200 tier=1 epoch1=0 epoch2=0 current=0 context=1]
[ECG-STREAM-BYPASS sim=gem5 cache=system.l3cache addr=0x3ca2c0 vaddr=0x3b92c0 size=4 source=request-flag allocate=0]
[ECG-K2-EXPECT sim=gem5 seq=1593 dest=202 tier=1 epoch1=0 epoch2=0 width=4]
[ECG-K2-RECV sim=gem5 seq=1593 dest=202 tier=1 epoch1=0 epoch2=0 width=4]
[ECG-K2-REQUEST sim=gem5 seq=1200 request_seq=247337281 dest=202 tier=1 epoch1=0 epoch2=0 current=0 context=1]
[ECG-K2-EXPECT sim=gem5 seq=1594 dest=203 tier=1 epoch1=0 epoch2=0 width=4]
[ECG-K2-RECV sim=gem5 seq=1594 dest=203 tier=1 epoch1=0 epoch2=0 width=4]
[ECG-K2-REQUEST sim=gem5 seq=1201 request_seq=247337290 dest=203 tier=1 epoch1=0 epoch2=0 current=0 context=1]
[ECG-K2-EXPECT sim=gem5 seq=1595 dest=204 tier=1 epoch1=0 epoch2=0 width=4]
[ECG-K2-RECV sim=gem5 seq=1595 dest=204 tier=1 epoch1=0 epoch2=0 width=4]
[ECG-K2-REQUEST sim=gem5 seq=1202 request_seq=247337299 dest=204 tier=1 epoch1=0 epoch2=0 current=0 context=1]
[ECG-K2-EXPECT sim=gem5 seq=1596 dest=205 tier=1 epoch1=0 epoch2=0 width=4]
[ECG-K2-RECV sim=gem5 seq=1596 dest=205 tier=1 epoch1=0 epoch2=0 width=4]
[ECG-K2-REQUEST sim=gem5 seq=1203 request_seq=247337308 dest=205 tier=1 epoch1=0 epoch2=0 current=0 context=1]
[ECG-K2-EXPECT sim=gem5 seq=1597 dest=209 tier=1 epoch1=0 epoch2=0 width=4]
[ECG-K2-RECV sim=gem5 seq=1597 dest=209 tier=1 epoch1=0 epoch2=0 width=4]
[ECG-K2-REQUEST sim=gem5 seq=1204 request_seq=247337317 dest=209 tier=1 epoch1=0 epoch2=0 current=0 context=1]
[ECG-K2-EXPECT sim=gem5 seq=1598 dest=211 tier=1 epoch1=0 epoch2=0 width=4]
[ECG-K2-RECV sim=gem5 seq=1598 dest=211 tier=1 epoch1=0 epoch2=0 width=4]
[ECG-K2-REQUEST sim=gem5 seq=1205 request_seq=247337326 dest=211 tier=1 epoch1=0 epoch2=0 current=0 context=1]
[ECG-K2-EXPECT sim=gem5 seq=1599 dest=213 tier=1 epoch1=0 epoch2=0 width=4]
[ECG-K2-RECV sim=gem5 seq=1599 dest=213 tier=1 epoch1=0 epoch2=0 width=4]
[ECG-K2-REQUEST sim=gem5 seq=1206 request_seq=247337335 dest=213 tier=1 epoch1=0 epoch2=0 current=0 context=1]
[ECG-K2-EXPECT sim=gem5 seq=1600 dest=215 tier=1 epoch1=0 epoch2=0 width=4]
[ECG-K2-RECV sim=gem5 seq=1600 dest=215 tier=1 epoch1=0 epoch2=0 width=4]
[ECG-K2-REQUEST sim=gem5 seq=1207 request_seq=247337344 dest=215 tier=1 epoch1=0 epoch2=0 current=0 context=1]
[ECG-K2-EXPECT sim=gem5 seq=1601 dest=218 tier=1 epoch1=0 epoch2=0 width=4]
[ECG-K2-RECV sim=gem5 seq=1601 dest=218 tier=1 epoch1=0 epoch2=0 width=4]
[ECG-K2-REQUEST sim=gem5 seq=1208 request_seq=247337353 dest=218 tier=1 epoch1=0 epoch2=0 current=0 context=1]
[ECG-K2-EXPECT sim=gem5 seq=1602 dest=221 tier=1 epoch1=0 epoch2=0 width=4]
[ECG-K2-RECV sim=gem5 seq=1602 dest=221 tier=1 epoch1=0 epoch2=0 width=4]
[ECG-K2-REQUEST sim=gem5 seq=1209 request_seq=247337362 dest=221 tier=1 epoch1=0 epoch2=0 current=0 context=1]
[ECG-K2-EXPECT sim=gem5 seq=1603 dest=227 tier=1 epoch1=0 epoch2=0 width=4]
[ECG-K2-RECV sim=gem5 seq=1603 dest=227 tier=1 epoch1=0 epoch2=0 width=4]
[ECG-K2-REQUEST sim=gem5 seq=1210 request_seq=247337371 dest=227 tier=1 epoch1=0 epoch2=0 current=0 context=1]
[ECG-K2-EXPECT sim=gem5 seq=1604 dest=228 tier=1 epoch1=0 epoch2=0 width=4]
[ECG-K2-RECV sim=gem5 seq=1604 dest=228 tier=1 epoch1=0 epoch2=0 width=4]
[ECG-K2-REQUEST sim=gem5 seq=1211 request_seq=247337380 dest=228 tier=1 epoch1=0 epoch2=0 current=0 context=1]
[ECG-K2-EXPECT sim=gem5 seq=1605 dest=231 tier=1 epoch1=0 epoch2=0 width=4]
[ECG-K2-RECV sim=gem5 seq=1605 dest=231 tier=1 epoch1=0 epoch2=0 width=4]
[ECG-K2-REQUEST sim=gem5 seq=1212 request_seq=247337389 dest=231 tier=1 epoch1=0 epoch2=0 current=0 context=1]
[ECG-K2-EXPECT sim=gem5 seq=1606 dest=232 tier=1 epoch1=0 epoch2=0 width=4]
[ECG-K2-RECV sim=gem5 seq=1606 dest=232 tier=1 epoch1=0 epoch2=0 width=4]
[ECG-K2-REQUEST sim=gem5 seq=1213 request_seq=247337398 dest=232 tier=1 epoch1=0 epoch2=0 current=0 context=1]
[ECG-K2-EXPECT sim=gem5 seq=1607 dest=233 tier=1 epoch1=0 epoch2=0 width=4]
[ECG-K2-RECV sim=gem5 seq=1607 dest=233 tier=1 epoch1=0 epoch2=0 width=4]
[ECG-K2-REQUEST sim=gem5 seq=1214 request_seq=247337407 dest=233 tier=1 epoch1=0 epoch2=0 current=0 context=1]
[ECG-K2-EXPECT sim=gem5 seq=1608 dest=236 tier=1 epoch1=0 epoch2=0 width=4]
[ECG-K2-RECV sim=gem5 seq=1608 dest=236 tier=1 epoch1=0 epoch2=0 width=4]
[ECG-K2-REQUEST sim=gem5 seq=1215 request_seq=247337416 dest=236 tier=1 epoch1=0 epoch2=0 current=0 context=1]
[ECG-STREAM-BYPASS sim=gem5 cache=system.l3cache addr=0x3ca300 vaddr=0x3b9300 size=4 source=request-flag allocate=0]
[ECG-K2-EXPECT sim=gem5 seq=1609 dest=237 tier=1 epoch1=0 epoch2=0 width=4]
[ECG-K2-RECV sim=gem5 seq=1609 dest=237 tier=1 epoch1=0 epoch2=0 width=4]
[ECG-K2-REQUEST sim=gem5 seq=1216 request_seq=247337425 dest=237 tier=1 epoch1=0 epoch2=0 current=0 context=1]
[ECG-K2-EXPECT sim=gem5 seq=1610 dest=246 tier=1 epoch1=0 epoch2=0 width=4]
[ECG-K2-RECV sim=gem5 seq=1610 dest=246 tier=1 epoch1=0 epoch2=0 width=4]
[ECG-K2-REQUEST sim=gem5 seq=1217 request_seq=247337434 dest=246 tier=1 epoch1=0 epoch2=0 current=0 context=1]
[ECG-K2-EXPECT sim=gem5 seq=1611 dest=248 tier=1 epoch1=0 epoch2=0 width=4]
[ECG-K2-RECV sim=gem5 seq=1611 dest=248 tier=1 epoch1=0 epoch2=0 width=4]
[ECG-K2-REQUEST sim=gem5 seq=1218 request_seq=247337443 dest=248 tier=1 epoch1=0 epoch2=0 current=0 context=1]
[ECG-K2-EXPECT sim=gem5 seq=1612 dest=250 tier=1 epoch1=0 epoch2=0 width=4]
[ECG-K2-RECV sim=gem5 seq=1612 dest=250 tier=1 epoch1=0 epoch2=0 width=4]
[ECG-K2-REQUEST sim=gem5 seq=1219 request_seq=247337452 dest=250 tier=1 epoch1=0 epoch2=0 current=0 context=1]
[ECG-K2-EXPECT sim=gem5 seq=1613 dest=257 tier=1 epoch1=0 epoch2=0 width=4]
[ECG-K2-RECV sim=gem5 seq=1613 dest=257 tier=1 epoch1=0 epoch2=0 width=4]
[ECG-K2-REQUEST sim=gem5 seq=1220 request_seq=247337461 dest=257 tier=1 epoch1=0 epoch2=0 current=0 context=1]
[ECG-K2-EXPECT sim=gem5 seq=1614 dest=261 tier=1 epoch1=0 epoch2=0 width=4]
[ECG-K2-RECV sim=gem5 seq=1614 dest=261 tier=1 epoch1=0 epoch2=0 width=4]
[ECG-K2-REQUEST sim=gem5 seq=1221 request_seq=247337470 dest=261 tier=1 epoch1=0 epoch2=0 current=0 context=1]
[ECG-K2-EXPECT sim=gem5 seq=1615 dest=272 tier=1 epoch1=0 epoch2=0 width=4]
[ECG-K2-RECV sim=gem5 seq=1615 dest=272 tier=1 epoch1=0 epoch2=0 width=4]
[ECG-K2-REQUEST sim=gem5 seq=1222 request_seq=247337479 dest=272 tier=1 epoch1=0 epoch2=0 current=0 context=1]
[ECG-K2-EXPECT sim=gem5 seq=1616 dest=275 tier=1 epoch1=0 epoch2=0 width=4]
[ECG-K2-RECV sim=gem5 seq=1616 dest=275 tier=1 epoch1=0 epoch2=0 width=4]
[ECG-K2-REQUEST sim=gem5 seq=1223 request_seq=247337488 dest=275 tier=1 epoch1=0 epoch2=0 current=0 context=1]
[ECG-K2-EXPECT sim=gem5 seq=1617 dest=282 tier=1 epoch1=0 epoch2=0 width=4]
[ECG-K2-RECV sim=gem5 seq=1617 dest=282 tier=1 epoch1=0 epoch2=0 width=4]
[ECG-K2-REQUEST sim=gem5 seq=1224 request_seq=247337497 dest=282 tier=1 epoch1=0 epoch2=0 current=0 context=1]
[ECG-K2-EXPECT sim=gem5 seq=1618 dest=284 tier=1 epoch1=0 epoch2=0 width=4]
[ECG-K2-RECV sim=gem5 seq=1618 dest=284 tier=1 epoch1=0 epoch2=0 width=4]
[ECG-K2-REQUEST sim=gem5 seq=1225 request_seq=247337506 dest=284 tier=1 epoch1=0 epoch2=0 current=0 context=1]
[ECG-K2-EXPECT sim=gem5 seq=1619 dest=297 tier=1 epoch1=0 epoch2=0 width=4]
[ECG-K2-RECV sim=gem5 seq=1619 dest=297 tier=1 epoch1=0 epoch2=0 width=4]
[ECG-K2-REQUEST sim=gem5 seq=1226 request_seq=247337515 dest=297 tier=1 epoch1=0 epoch2=0 current=0 context=1]
[ECG-K2-ACCEPT sim=gem5 seq=1221 request_seq=247337470 request_dest=261 fill_dest=257 source=request tier=1 epoch1=0 epoch2=0 current=0 context=1 property_elem_bytes=4]
[ECG-K2-ACCEPT sim=gem5 seq=1225 request_seq=247337506 request_dest=284 fill_dest=272 source=request tier=1 epoch1=0 epoch2=0 current=0 context=1 property_elem_bytes=4]
[ECG-K2-EXPECT sim=gem5 seq=1620 dest=298 tier=1 epoch1=0 epoch2=0 width=4]
[ECG-K2-RECV sim=gem5 seq=1620 dest=298 tier=1 epoch1=0 epoch2=0 width=4]
[ECG-K2-REQUEST sim=gem5 seq=1227 request_seq=247337524 dest=298 tier=1 epoch1=0 epoch2=0 current=0 context=1]
[ECG-K2-EXPECT sim=gem5 seq=1621 dest=299 tier=1 epoch1=0 epoch2=0 width=4]
[ECG-K2-RECV sim=gem5 seq=1621 dest=299 tier=1 epoch1=0 epoch2=0 width=4]
[ECG-K2-REQUEST sim=gem5 seq=1228 request_seq=247337533 dest=299 tier=1 epoch1=0 epoch2=0 current=0 context=1]
[ECG-K2-EXPECT sim=gem5 seq=1622 dest=301 tier=1 epoch1=0 epoch2=0 width=4]
[ECG-K2-RECV sim=gem5 seq=1622 dest=301 tier=1 epoch1=0 epoch2=0 width=4]
[ECG-K2-REQUEST sim=gem5 seq=1229 request_seq=247337542 dest=301 tier=1 epoch1=0 epoch2=0 current=0 context=1]
[ECG-K2-EXPECT sim=gem5 seq=1623 dest=303 tier=1 epoch1=0 epoch2=0 width=4]
[ECG-K2-RECV sim=gem5 seq=1623 dest=303 tier=1 epoch1=0 epoch2=0 width=4]
[ECG-K2-REQUEST sim=gem5 seq=1230 request_seq=247337551 dest=303 tier=1 epoch1=0 epoch2=0 current=0 context=1]
[ECG-K2-EXPECT sim=gem5 seq=1624 dest=306 tier=1 epoch1=0 epoch2=0 width=4]
[ECG-K2-RECV sim=gem5 seq=1624 dest=306 tier=1 epoch1=0 epoch2=0 width=4]
[ECG-K2-REQUEST sim=gem5 seq=1231 request_seq=247337560 dest=306 tier=1 epoch1=0 epoch2=0 current=0 context=1]
[ECG-STREAM-BYPASS sim=gem5 cache=system.l3cache addr=0x3ca340 vaddr=0x3b9340 size=4 source=request-flag allocate=0]
[ECG-K2-ACCEPT sim=gem5 seq=1231 request_seq=247337560 request_dest=306 fill_dest=306 source=request tier=1 epoch1=0 epoch2=0 current=0 context=1 property_elem_bytes=4]
[ECG-K2-EXPECT sim=gem5 seq=1625 dest=309 tier=1 epoch1=0 epoch2=0 width=4]
[ECG-K2-RECV sim=gem5 seq=1625 dest=309 tier=1 epoch1=0 epoch2=0 width=4]
[ECG-K2-REQUEST sim=gem5 seq=1232 request_seq=247337569 dest=309 tier=1 epoch1=0 epoch2=0 current=0 context=1]
[ECG-K2-EXPECT sim=gem5 seq=1626 dest=310 tier=1 epoch1=0 epoch2=0 width=4]
[ECG-K2-RECV sim=gem5 seq=1626 dest=310 tier=1 epoch1=0 epoch2=0 width=4]
[ECG-K2-REQUEST sim=gem5 seq=1233 request_seq=247337578 dest=310 tier=1 epoch1=0 epoch2=0 current=0 context=1]
[ECG-K2-EXPECT sim=gem5 seq=1627 dest=311 tier=1 epoch1=0 epoch2=0 width=4]
[ECG-K2-RECV sim=gem5 seq=1627 dest=311 tier=1 epoch1=0 epoch2=0 width=4]
[ECG-K2-REQUEST sim=gem5 seq=1234 request_seq=247337587 dest=311 tier=1 epoch1=0 epoch2=0 current=0 context=1]
[ECG-K2-EXPECT sim=gem5 seq=1628 dest=318 tier=1 epoch1=0 epoch2=0 width=4]
[ECG-K2-RECV sim=gem5 seq=1628 dest=318 tier=1 epoch1=0 epoch2=0 width=4]
[ECG-K2-REQUEST sim=gem5 seq=1235 request_seq=247337596 dest=318 tier=1 epoch1=0 epoch2=0 current=0 context=1]
[ECG-K2-EXPECT sim=gem5 seq=1629 dest=322 tier=1 epoch1=0 epoch2=0 width=4]
[ECG-K2-RECV sim=gem5 seq=1629 dest=322 tier=1 epoch1=0 epoch2=0 width=4]
[ECG-K2-REQUEST sim=gem5 seq=1236 request_seq=247337605 dest=322 tier=1 epoch1=0 epoch2=0 current=0 context=1]
[ECG-K2-EXPECT sim=gem5 seq=1630 dest=326 tier=1 epoch1=0 epoch2=0 width=4]
[ECG-K2-RECV sim=gem5 seq=1630 dest=326 tier=1 epoch1=0 epoch2=0 width=4]
[ECG-K2-REQUEST sim=gem5 seq=1237 request_seq=247337614 dest=326 tier=1 epoch1=0 epoch2=0 current=0 context=1]
[ECG-K2-EXPECT sim=gem5 seq=1631 dest=335 tier=1 epoch1=0 epoch2=0 width=4]
[ECG-K2-RECV sim=gem5 seq=1631 dest=335 tier=1 epoch1=0 epoch2=0 width=4]
[ECG-K2-REQUEST sim=gem5 seq=1238 request_seq=247337623 dest=335 tier=1 epoch1=0 epoch2=0 current=0 context=1]
[ECG-K2-EXPECT sim=gem5 seq=1632 dest=336 tier=1 epoch1=0 epoch2=0 width=4]
[ECG-K2-RECV sim=gem5 seq=1632 dest=336 tier=1 epoch1=0 epoch2=0 width=4]
[ECG-K2-REQUEST sim=gem5 seq=1239 request_seq=247337632 dest=336 tier=1 epoch1=0 epoch2=0 current=0 context=1]
[ECG-K2-EXPECT sim=gem5 seq=1633 dest=343 tier=1 epoch1=0 epoch2=0 width=4]
[ECG-K2-RECV sim=gem5 seq=1633 dest=343 tier=1 epoch1=0 epoch2=0 width=4]
[ECG-K2-REQUEST sim=gem5 seq=1240 request_seq=247337641 dest=343 tier=1 epoch1=0 epoch2=0 current=0 context=1]
[ECG-K2-EXPECT sim=gem5 seq=1634 dest=345 tier=1 epoch1=0 epoch2=0 width=4]
[ECG-K2-RECV sim=gem5 seq=1634 dest=345 tier=1 epoch1=0 epoch2=0 width=4]
[ECG-K2-REQUEST sim=gem5 seq=1241 request_seq=247337650 dest=345 tier=1 epoch1=0 epoch2=0 current=0 context=1]
[ECG-K2-EXPECT sim=gem5 seq=1635 dest=351 tier=1 epoch1=0 epoch2=0 width=4]
[ECG-K2-RECV sim=gem5 seq=1635 dest=351 tier=1 epoch1=0 epoch2=0 width=4]
[ECG-K2-REQUEST sim=gem5 seq=1242 request_seq=247337659 dest=351 tier=1 epoch1=0 epoch2=0 current=0 context=1]
[ECG-K2-EXPECT sim=gem5 seq=1636 dest=354 tier=1 epoch1=0 epoch2=0 width=4]
[ECG-K2-RECV sim=gem5 seq=1636 dest=354 tier=1 epoch1=0 epoch2=0 width=4]
[ECG-K2-REQUEST sim=gem5 seq=1243 request_seq=247337668 dest=354 tier=1 epoch1=0 epoch2=0 current=0 context=1]
[ECG-K2-ACCEPT sim=gem5 seq=1238 request_seq=247337623 request_dest=335 fill_dest=322 source=request tier=1 epoch1=0 epoch2=0 current=0 context=1 property_elem_bytes=4]
[ECG-K2-EXPECT sim=gem5 seq=1637 dest=357 tier=1 epoch1=0 epoch2=0 width=4]
[ECG-K2-RECV sim=gem5 seq=1637 dest=357 tier=1 epoch1=0 epoch2=0 width=4]
[ECG-K2-REQUEST sim=gem5 seq=1244 request_seq=247337677 dest=357 tier=1 epoch1=0 epoch2=0 current=0 context=1]
[ECG-K2-EXPECT sim=gem5 seq=1638 dest=360 tier=1 epoch1=0 epoch2=0 width=4]
[ECG-K2-RECV sim=gem5 seq=1638 dest=360 tier=1 epoch1=0 epoch2=0 width=4]
[ECG-K2-REQUEST sim=gem5 seq=1245 request_seq=247337686 dest=360 tier=1 epoch1=0 epoch2=0 current=0 context=1]
[ECG-K2-EXPECT sim=gem5 seq=1639 dest=363 tier=1 epoch1=0 epoch2=0 width=4]
[ECG-K2-RECV sim=gem5 seq=1639 dest=363 tier=1 epoch1=0 epoch2=0 width=4]
[ECG-K2-REQUEST sim=gem5 seq=1246 request_seq=247337695 dest=363 tier=1 epoch1=0 epoch2=0 current=0 context=1]
[ECG-K2-ACCEPT sim=gem5 seq=1246 request_seq=247337695 request_dest=363 fill_dest=354 source=request tier=1 epoch1=0 epoch2=0 current=0 context=1 property_elem_bytes=4]
[ECG-K2-EXPECT sim=gem5 seq=1640 dest=370 tier=1 epoch1=0 epoch2=0 width=4]
[ECG-K2-RECV sim=gem5 seq=1640 dest=370 tier=1 epoch1=0 epoch2=0 width=4]
[ECG-K2-REQUEST sim=gem5 seq=1247 request_seq=247337704 dest=370 tier=1 epoch1=0 epoch2=0 current=0 context=1]
[ECG-STREAM-BYPASS sim=gem5 cache=system.l3cache addr=0x3ca380 vaddr=0x3b9380 size=4 source=request-flag allocate=0]
[ECG-K2-EXPECT sim=gem5 seq=1641 dest=382 tier=1 epoch1=0 epoch2=0 width=4]
[ECG-K2-RECV sim=gem5 seq=1641 dest=382 tier=1 epoch1=0 epoch2=0 width=4]
[ECG-K2-REQUEST sim=gem5 seq=1248 request_seq=247337713 dest=382 tier=1 epoch1=0 epoch2=0 current=0 context=1]
[ECG-K2-EXPECT sim=gem5 seq=1642 dest=389 tier=1 epoch1=0 epoch2=0 width=4]
[ECG-K2-RECV sim=gem5 seq=1642 dest=389 tier=1 epoch1=0 epoch2=0 width=4]
[ECG-K2-REQUEST sim=gem5 seq=1249 request_seq=247337722 dest=389 tier=1 epoch1=0 epoch2=0 current=0 context=1]
[ECG-K2-EXPECT sim=gem5 seq=1643 dest=396 tier=1 epoch1=0 epoch2=0 width=4]
[ECG-K2-RECV sim=gem5 seq=1643 dest=396 tier=1 epoch1=0 epoch2=0 width=4]
[ECG-K2-REQUEST sim=gem5 seq=1250 request_seq=247337731 dest=396 tier=1 epoch1=0 epoch2=0 current=0 context=1]
[ECG-K2-EXPECT sim=gem5 seq=1644 dest=398 tier=1 epoch1=0 epoch2=0 width=4]
[ECG-K2-RECV sim=gem5 seq=1644 dest=398 tier=1 epoch1=0 epoch2=0 width=4]
[ECG-K2-REQUEST sim=gem5 seq=1251 request_seq=247337740 dest=398 tier=1 epoch1=0 epoch2=0 current=0 context=1]
[ECG-K2-EXPECT sim=gem5 seq=1645 dest=400 tier=1 epoch1=0 epoch2=0 width=4]
[ECG-K2-RECV sim=gem5 seq=1645 dest=400 tier=1 epoch1=0 epoch2=0 width=4]
[ECG-K2-REQUEST sim=gem5 seq=1252 request_seq=247337749 dest=400 tier=1 epoch1=0 epoch2=0 current=0 context=1]
[ECG-K2-EXPECT sim=gem5 seq=1646 dest=403 tier=1 epoch1=0 epoch2=0 width=4]
[ECG-K2-RECV sim=gem5 seq=1646 dest=403 tier=1 epoch1=0 epoch2=0 width=4]
[ECG-K2-REQUEST sim=gem5 seq=1253 request_seq=247337758 dest=403 tier=1 epoch1=0 epoch2=0 current=0 context=1]
[ECG-K2-EXPECT sim=gem5 seq=1647 dest=405 tier=1 epoch1=0 epoch2=0 width=4]
[ECG-K2-RECV sim=gem5 seq=1647 dest=405 tier=1 epoch1=0 epoch2=0 width=4]
[ECG-K2-REQUEST sim=gem5 seq=1254 request_seq=247337767 dest=405 tier=1 epoch1=0 epoch2=0 current=0 context=1]
[ECG-K2-EXPECT sim=gem5 seq=1648 dest=411 tier=1 epoch1=0 epoch2=0 width=4]
[ECG-K2-RECV sim=gem5 seq=1648 dest=411 tier=1 epoch1=0 epoch2=0 width=4]
[ECG-K2-REQUEST sim=gem5 seq=1255 request_seq=247337776 dest=411 tier=1 epoch1=0 epoch2=0 current=0 context=1]
[ECG-K2-EXPECT sim=gem5 seq=1649 dest=422 tier=1 epoch1=0 epoch2=0 width=4]
[ECG-K2-RECV sim=gem5 seq=1649 dest=422 tier=1 epoch1=0 epoch2=0 width=4]
[ECG-K2-REQUEST sim=gem5 seq=1256 request_seq=247337785 dest=422 tier=1 epoch1=0 epoch2=0 current=0 context=1]
[ECG-K2-EXPECT sim=gem5 seq=1650 dest=430 tier=1 epoch1=0 epoch2=0 width=4]
[ECG-K2-RECV sim=gem5 seq=1650 dest=430 tier=1 epoch1=0 epoch2=0 width=4]
[ECG-K2-REQUEST sim=gem5 seq=1257 request_seq=247337794 dest=430 tier=1 epoch1=0 epoch2=0 current=0 context=1]
[ECG-K2-EXPECT sim=gem5 seq=1651 dest=447 tier=1 epoch1=0 epoch2=0 width=4]
[ECG-K2-RECV sim=gem5 seq=1651 dest=447 tier=1 epoch1=0 epoch2=0 width=4]
[ECG-K2-REQUEST sim=gem5 seq=1258 request_seq=247337803 dest=447 tier=1 epoch1=0 epoch2=0 current=0 context=1]
[ECG-K2-ACCEPT sim=gem5 seq=1251 request_seq=247337740 request_dest=398 fill_dest=389 source=request tier=1 epoch1=0 epoch2=0 current=0 context=1 property_elem_bytes=4]
[ECG-K2-ACCEPT sim=gem5 seq=1258 request_seq=247337803 request_dest=447 fill_dest=447 source=request tier=1 epoch1=0 epoch2=0 current=0 context=1 property_elem_bytes=4]
[ECG-K2-EXPECT sim=gem5 seq=1652 dest=456 tier=1 epoch1=0 epoch2=0 width=4]
[ECG-K2-RECV sim=gem5 seq=1652 dest=456 tier=1 epoch1=0 epoch2=0 width=4]
[ECG-K2-REQUEST sim=gem5 seq=1259 request_seq=247337812 dest=456 tier=1 epoch1=0 epoch2=0 current=0 context=1]
[ECG-K2-EXPECT sim=gem5 seq=1653 dest=459 tier=1 epoch1=0 epoch2=0 width=4]
[ECG-K2-RECV sim=gem5 seq=1653 dest=459 tier=1 epoch1=0 epoch2=0 width=4]
[ECG-K2-REQUEST sim=gem5 seq=1260 request_seq=247337821 dest=459 tier=1 epoch1=0 epoch2=0 current=0 context=1]
[ECG-K2-EXPECT sim=gem5 seq=1654 dest=464 tier=1 epoch1=0 epoch2=0 width=4]
[ECG-K2-RECV sim=gem5 seq=1654 dest=464 tier=1 epoch1=0 epoch2=0 width=4]
[ECG-K2-REQUEST sim=gem5 seq=1261 request_seq=247337830 dest=464 tier=1 epoch1=0 epoch2=0 current=0 context=1]
[ECG-K2-EXPECT sim=gem5 seq=1655 dest=465 tier=1 epoch1=0 epoch2=0 width=4]
[ECG-K2-RECV sim=gem5 seq=1655 dest=465 tier=1 epoch1=0 epoch2=0 width=4]
[ECG-K2-REQUEST sim=gem5 seq=1262 request_seq=247337839 dest=465 tier=1 epoch1=0 epoch2=0 current=0 context=1]
[ECG-K2-EXPECT sim=gem5 seq=1656 dest=475 tier=1 epoch1=0 epoch2=0 width=4]
[ECG-K2-RECV sim=gem5 seq=1656 dest=475 tier=1 epoch1=0 epoch2=0 width=4]
[ECG-K2-REQUEST sim=gem5 seq=1263 request_seq=247337848 dest=475 tier=1 epoch1=0 epoch2=0 current=0 context=1]
[ECG-STREAM-BYPASS sim=gem5 cache=system.l3cache addr=0x3ca3c0 vaddr=0x3b93c0 size=4 source=request-flag allocate=0]
[ECG-K2-EXPECT sim=gem5 seq=1657 dest=484 tier=1 epoch1=0 epoch2=0 width=4]
[ECG-K2-RECV sim=gem5 seq=1657 dest=484 tier=1 epoch1=0 epoch2=0 width=4]
[ECG-K2-REQUEST sim=gem5 seq=1264 request_seq=247337857 dest=484 tier=1 epoch1=0 epoch2=0 current=0 context=1]
[ECG-K2-EXPECT sim=gem5 seq=1658 dest=489 tier=1 epoch1=0 epoch2=0 width=4]
[ECG-K2-RECV sim=gem5 seq=1658 dest=489 tier=1 epoch1=0 epoch2=0 width=4]
[ECG-K2-REQUEST sim=gem5 seq=1265 request_seq=247337866 dest=489 tier=1 epoch1=0 epoch2=0 current=0 context=1]
[ECG-K2-EXPECT sim=gem5 seq=1659 dest=490 tier=1 epoch1=0 epoch2=0 width=4]
[ECG-K2-RECV sim=gem5 seq=1659 dest=490 tier=1 epoch1=0 epoch2=0 width=4]
[ECG-K2-REQUEST sim=gem5 seq=1266 request_seq=247337875 dest=490 tier=1 epoch1=0 epoch2=0 current=0 context=1]
[ECG-K2-EXPECT sim=gem5 seq=1660 dest=494 tier=1 epoch1=0 epoch2=0 width=4]
[ECG-K2-RECV sim=gem5 seq=1660 dest=494 tier=1 epoch1=0 epoch2=0 width=4]
[ECG-K2-REQUEST sim=gem5 seq=1267 request_seq=247337884 dest=494 tier=1 epoch1=0 epoch2=0 current=0 context=1]
[ECG-K2-EXPECT sim=gem5 seq=1661 dest=497 tier=1 epoch1=0 epoch2=0 width=4]
[ECG-K2-RECV sim=gem5 seq=1661 dest=497 tier=1 epoch1=0 epoch2=0 width=4]
[ECG-K2-REQUEST sim=gem5 seq=1268 request_seq=247337893 dest=497 tier=1 epoch1=0 epoch2=0 current=0 context=1]
[ECG-K2-EXPECT sim=gem5 seq=1662 dest=505 tier=1 epoch1=0 epoch2=0 width=4]
[ECG-K2-RECV sim=gem5 seq=1662 dest=505 tier=1 epoch1=0 epoch2=0 width=4]
[ECG-K2-REQUEST sim=gem5 seq=1269 request_seq=247337902 dest=505 tier=1 epoch1=0 epoch2=0 current=0 context=1]
[ECG-K2-EXPECT sim=gem5 seq=1663 dest=511 tier=1 epoch1=0 epoch2=0 width=4]
[ECG-K2-RECV sim=gem5 seq=1663 dest=511 tier=1 epoch1=0 epoch2=0 width=4]
[ECG-K2-REQUEST sim=gem5 seq=1270 request_seq=247337911 dest=511 tier=1 epoch1=0 epoch2=0 current=0 context=1]
[ECG-K2-EXPECT sim=gem5 seq=1664 dest=521 tier=1 epoch1=0 epoch2=0 width=4]
[ECG-K2-RECV sim=gem5 seq=1664 dest=521 tier=1 epoch1=0 epoch2=0 width=4]
[ECG-K2-REQUEST sim=gem5 seq=1271 request_seq=247337920 dest=521 tier=1 epoch1=0 epoch2=0 current=0 context=1]
[ECG-K2-EXPECT sim=gem5 seq=1665 dest=560 tier=1 epoch1=0 epoch2=0 width=4]
[ECG-K2-RECV sim=gem5 seq=1665 dest=560 tier=1 epoch1=0 epoch2=0 width=4]
[ECG-K2-REQUEST sim=gem5 seq=1272 request_seq=247337929 dest=560 tier=1 epoch1=0 epoch2=0 current=0 context=1]
[ECG-K2-EXPECT sim=gem5 seq=1666 dest=564 tier=1 epoch1=0 epoch2=0 width=4]
[ECG-K2-RECV sim=gem5 seq=1666 dest=564 tier=1 epoch1=0 epoch2=0 width=4]
[ECG-K2-REQUEST sim=gem5 seq=1273 request_seq=247337938 dest=564 tier=1 epoch1=0 epoch2=0 current=0 context=1]
[ECG-K2-EXPECT sim=gem5 seq=1667 dest=565 tier=1 epoch1=0 epoch2=0 width=4]
[ECG-K2-RECV sim=gem5 seq=1667 dest=565 tier=1 epoch1=0 epoch2=0 width=4]
[ECG-K2-REQUEST sim=gem5 seq=1274 request_seq=247337947 dest=565 tier=1 epoch1=0 epoch2=0 current=0 context=1]
[ECG-K2-EXPECT sim=gem5 seq=1668 dest=564 tier=1 epoch1=0 epoch2=0 width=4]
[ECG-K2-RECV sim=gem5 seq=1668 dest=564 tier=1 epoch1=0 epoch2=0 width=4]
[ECG-K2-EXPECT sim=gem5 seq=1669 dest=565 tier=1 epoch1=0 epoch2=0 width=4]
[ECG-K2-RECV sim=gem5 seq=1669 dest=565 tier=1 epoch1=0 epoch2=0 width=4]
[ECG-K2-ACCEPT sim=gem5 seq=1271 request_seq=247337920 request_dest=521 fill_dest=521 source=request tier=1 epoch1=0 epoch2=0 current=0 context=1 property_elem_bytes=4]
[ECG-K2-EXPECT sim=gem5 seq=1670 dest=576 tier=1 epoch1=0 epoch2=0 width=4]
[ECG-K2-RECV sim=gem5 seq=1670 dest=576 tier=1 epoch1=0 epoch2=0 width=4]
[ECG-K2-REQUEST sim=gem5 seq=1275 request_seq=247337956 dest=576 tier=1 epoch1=0 epoch2=0 current=0 context=1]
[ECG-K2-EXPECT sim=gem5 seq=1671 dest=593 tier=1 epoch1=0 epoch2=0 width=4]
[ECG-K2-RECV sim=gem5 seq=1671 dest=593 tier=1 epoch1=0 epoch2=0 width=4]
[ECG-K2-REQUEST sim=gem5 seq=1276 request_seq=247337965 dest=593 tier=1 epoch1=0 epoch2=0 current=0 context=1]
[ECG-K2-EXPECT sim=gem5 seq=1672 dest=594 tier=1 epoch1=0 epoch2=0 width=4]
[ECG-K2-RECV sim=gem5 seq=1672 dest=594 tier=1 epoch1=0 epoch2=0 width=4]
[ECG-K2-REQUEST sim=gem5 seq=1277 request_seq=247337974 dest=594 tier=1 epoch1=0 epoch2=0 current=0 context=1]
[ECG-K2-EXPECT sim=gem5 seq=1673 dest=597 tier=1 epoch1=0 epoch2=0 width=4]
[ECG-K2-RECV sim=gem5 seq=1673 dest=597 tier=1 epoch1=0 epoch2=0 width=4]
[ECG-K2-REQUEST sim=gem5 seq=1278 request_seq=247337983 dest=597 tier=1 epoch1=0 epoch2=0 current=0 context=1]
[ECG-K2-EXPECT sim=gem5 seq=1674 dest=624 tier=1 epoch1=0 epoch2=0 width=4]
[ECG-K2-RECV sim=gem5 seq=1674 dest=624 tier=1 epoch1=0 epoch2=0 width=4]
[ECG-K2-REQUEST sim=gem5 seq=1279 request_seq=247337992 dest=624 tier=1 epoch1=0 epoch2=0 current=0 context=1]
[ECG-K2-ACCEPT sim=gem5 seq=1275 request_seq=247337956 request_dest=576 fill_dest=576 source=request tier=1 epoch1=0 epoch2=0 current=0 context=1 property_elem_bytes=4]
[ECG-K2-ACCEPT sim=gem5 seq=1276 request_seq=247337965 request_dest=593 fill_dest=593 source=request tier=1 epoch1=0 epoch2=0 current=0 context=1 property_elem_bytes=4]
[ECG-STREAM-BYPASS sim=gem5 cache=system.l3cache addr=0x3ca400 vaddr=0x3b9400 size=4 source=request-flag allocate=0]
[ECG-K2-EXPECT sim=gem5 seq=1675 dest=594 tier=1 epoch1=0 epoch2=0 width=4]
[ECG-K2-RECV sim=gem5 seq=1675 dest=594 tier=1 epoch1=0 epoch2=0 width=4]
[ECG-K2-EXPECT sim=gem5 seq=1676 dest=597 tier=1 epoch1=0 epoch2=0 width=4]
[ECG-K2-RECV sim=gem5 seq=1676 dest=597 tier=1 epoch1=0 epoch2=0 width=4]
[ECG-K2-EXPECT sim=gem5 seq=1677 dest=624 tier=1 epoch1=0 epoch2=0 width=4]
[ECG-K2-RECV sim=gem5 seq=1677 dest=624 tier=1 epoch1=0 epoch2=0 width=4]
[ECG-K2-EXPECT sim=gem5 seq=1678 dest=625 tier=1 epoch1=0 epoch2=0 width=4]
[ECG-K2-RECV sim=gem5 seq=1678 dest=625 tier=1 epoch1=0 epoch2=0 width=4]
[ECG-K2-REQUEST sim=gem5 seq=1280 request_seq=247338001 dest=625 tier=1 epoch1=0 epoch2=0 current=0 context=1]
[ECG-K2-EXPECT sim=gem5 seq=1679 dest=649 tier=1 epoch1=0 epoch2=0 width=4]
[ECG-K2-RECV sim=gem5 seq=1679 dest=649 tier=1 epoch1=0 epoch2=0 width=4]
[ECG-K2-REQUEST sim=gem5 seq=1281 request_seq=247338010 dest=649 tier=1 epoch1=0 epoch2=0 current=0 context=1]
[ECG-K2-EXPECT sim=gem5 seq=1680 dest=650 tier=1 epoch1=0 epoch2=0 width=4]
[ECG-K2-RECV sim=gem5 seq=1680 dest=650 tier=1 epoch1=0 epoch2=0 width=4]
[ECG-K2-REQUEST sim=gem5 seq=1282 request_seq=247338019 dest=650 tier=1 epoch1=0 epoch2=0 current=0 context=1]
[ECG-K2-EXPECT sim=gem5 seq=1681 dest=651 tier=1 epoch1=0 epoch2=0 width=4]
[ECG-K2-RECV sim=gem5 seq=1681 dest=651 tier=1 epoch1=0 epoch2=0 width=4]
[ECG-K2-REQUEST sim=gem5 seq=1283 request_seq=247338028 dest=651 tier=1 epoch1=0 epoch2=0 current=0 context=1]
[ECG-K2-EXPECT sim=gem5 seq=1682 dest=670 tier=1 epoch1=0 epoch2=0 width=4]
[ECG-K2-RECV sim=gem5 seq=1682 dest=670 tier=1 epoch1=0 epoch2=0 width=4]
[ECG-K2-REQUEST sim=gem5 seq=1284 request_seq=247338037 dest=670 tier=1 epoch1=0 epoch2=0 current=0 context=1]
[ECG-K2-EXPECT sim=gem5 seq=1683 dest=678 tier=1 epoch1=0 epoch2=0 width=4]
[ECG-K2-RECV sim=gem5 seq=1683 dest=678 tier=1 epoch1=0 epoch2=0 width=4]
[ECG-K2-REQUEST sim=gem5 seq=1285 request_seq=247338046 dest=678 tier=1 epoch1=0 epoch2=0 current=0 context=1]
[ECG-K2-EXPECT sim=gem5 seq=1684 dest=683 tier=1 epoch1=0 epoch2=0 width=4]
[ECG-K2-RECV sim=gem5 seq=1684 dest=683 tier=1 epoch1=0 epoch2=0 width=4]
[ECG-K2-REQUEST sim=gem5 seq=1286 request_seq=247338055 dest=683 tier=1 epoch1=0 epoch2=0 current=0 context=1]
[ECG-K2-EXPECT sim=gem5 seq=1685 dest=685 tier=1 epoch1=0 epoch2=0 width=4]
[ECG-K2-RECV sim=gem5 seq=1685 dest=685 tier=1 epoch1=0 epoch2=0 width=4]
[ECG-K2-REQUEST sim=gem5 seq=1287 request_seq=247338064 dest=685 tier=1 epoch1=0 epoch2=0 current=0 context=1]
[ECG-K2-EXPECT sim=gem5 seq=1686 dest=686 tier=1 epoch1=0 epoch2=0 width=4]
[ECG-K2-RECV sim=gem5 seq=1686 dest=686 tier=1 epoch1=0 epoch2=0 width=4]
[ECG-K2-REQUEST sim=gem5 seq=1288 request_seq=247338073 dest=686 tier=1 epoch1=0 epoch2=0 current=0 context=1]
[ECG-K2-EXPECT sim=gem5 seq=1687 dest=690 tier=1 epoch1=0 epoch2=0 width=4]
[ECG-K2-RECV sim=gem5 seq=1687 dest=690 tier=1 epoch1=0 epoch2=0 width=4]
[ECG-K2-REQUEST sim=gem5 seq=1289 request_seq=247338082 dest=690 tier=1 epoch1=0 epoch2=0 current=0 context=1]
[ECG-K2-EXPECT sim=gem5 seq=1688 dest=696 tier=1 epoch1=0 epoch2=0 width=4]
[ECG-K2-RECV sim=gem5 seq=1688 dest=696 tier=1 epoch1=0 epoch2=0 width=4]
[ECG-K2-REQUEST sim=gem5 seq=1290 request_seq=247338091 dest=696 tier=1 epoch1=0 epoch2=0 current=0 context=1]
[ECG-K2-ACCEPT sim=gem5 seq=1283 request_seq=247338028 request_dest=651 fill_dest=649 source=request tier=1 epoch1=0 epoch2=0 current=0 context=1 property_elem_bytes=4]
[ECG-K2-ACCEPT sim=gem5 seq=1284 request_seq=247338037 request_dest=670 fill_dest=670 source=request tier=1 epoch1=0 epoch2=0 current=0 context=1 property_elem_bytes=4]
[ECG-K2-EXPECT sim=gem5 seq=1689 dest=696 tier=1 epoch1=0 epoch2=0 width=4]
[ECG-K2-RECV sim=gem5 seq=1689 dest=696 tier=1 epoch1=0 epoch2=0 width=4]
[ECG-K2-EXPECT sim=gem5 seq=1690 dest=709 tier=1 epoch1=0 epoch2=0 width=4]
[ECG-K2-RECV sim=gem5 seq=1690 dest=709 tier=1 epoch1=0 epoch2=0 width=4]
[ECG-K2-REQUEST sim=gem5 seq=1291 request_seq=247338100 dest=709 tier=1 epoch1=0 epoch2=0 current=0 context=1]
[ECG-K2-EXPECT sim=gem5 seq=1691 dest=715 tier=1 epoch1=0 epoch2=0 width=4]
[ECG-K2-RECV sim=gem5 seq=1691 dest=715 tier=1 epoch1=0 epoch2=0 width=4]
[ECG-K2-REQUEST sim=gem5 seq=1292 request_seq=247338109 dest=715 tier=1 epoch1=0 epoch2=0 current=0 context=1]
[ECG-K2-EXPECT sim=gem5 seq=1692 dest=738 tier=1 epoch1=0 epoch2=0 width=4]
[ECG-K2-RECV sim=gem5 seq=1692 dest=738 tier=1 epoch1=0 epoch2=0 width=4]
[ECG-K2-REQUEST sim=gem5 seq=1293 request_seq=247338118 dest=738 tier=1 epoch1=0 epoch2=0 current=0 context=1]
[ECG-K2-EXPECT sim=gem5 seq=1693 dest=742 tier=1 epoch1=0 epoch2=0 width=4]
[ECG-K2-RECV sim=gem5 seq=1693 dest=742 tier=1 epoch1=0 epoch2=0 width=4]
[ECG-K2-REQUEST sim=gem5 seq=1294 request_seq=247338127 dest=742 tier=1 epoch1=0 epoch2=0 current=0 context=1]
[ECG-K2-EXPECT sim=gem5 seq=1694 dest=762 tier=1 epoch1=0 epoch2=0 width=4]
[ECG-K2-RECV sim=gem5 seq=1694 dest=762 tier=1 epoch1=0 epoch2=0 width=4]
[ECG-K2-REQUEST sim=gem5 seq=1295 request_seq=247338136 dest=762 tier=1 epoch1=0 epoch2=0 current=0 context=1]
[ECG-STREAM-BYPASS sim=gem5 cache=system.l3cache addr=0x3ca440 vaddr=0x3b9440 size=4 source=request-flag allocate=0]
[ECG-K2-EXPECT sim=gem5 seq=1695 dest=768 tier=1 epoch1=0 epoch2=0 width=4]
[ECG-K2-RECV sim=gem5 seq=1695 dest=768 tier=1 epoch1=0 epoch2=0 width=4]
[ECG-K2-REQUEST sim=gem5 seq=1296 request_seq=247338145 dest=768 tier=1 epoch1=0 epoch2=0 current=0 context=1]
[ECG-K2-EXPECT sim=gem5 seq=1696 dest=779 tier=1 epoch1=0 epoch2=0 width=4]
[ECG-K2-RECV sim=gem5 seq=1696 dest=779 tier=1 epoch1=0 epoch2=0 width=4]
[ECG-K2-REQUEST sim=gem5 seq=1297 request_seq=247338154 dest=779 tier=1 epoch1=0 epoch2=0 current=0 context=1]
[ECG-K2-EXPECT sim=gem5 seq=1697 dest=787 tier=2 epoch1=0 epoch2=0 width=4]
[ECG-K2-RECV sim=gem5 seq=1697 dest=787 tier=2 epoch1=0 epoch2=0 width=4]
[ECG-K2-REQUEST sim=gem5 seq=1298 request_seq=247338163 dest=787 tier=2 epoch1=0 epoch2=0 current=0 context=1]
[ECG-K2-EXPECT sim=gem5 seq=1698 dest=826 tier=2 epoch1=0 epoch2=0 width=4]
[ECG-K2-RECV sim=gem5 seq=1698 dest=826 tier=2 epoch1=0 epoch2=0 width=4]
[ECG-K2-REQUEST sim=gem5 seq=1299 request_seq=247338172 dest=826 tier=2 epoch1=0 epoch2=0 current=0 context=1]
[ECG-K2-EXPECT sim=gem5 seq=1699 dest=839 tier=2 epoch1=0 epoch2=0 width=4]
[ECG-K2-RECV sim=gem5 seq=1699 dest=839 tier=2 epoch1=0 epoch2=0 width=4]
[ECG-K2-REQUEST sim=gem5 seq=1300 request_seq=247338181 dest=839 tier=2 epoch1=0 epoch2=0 current=0 context=1]
[ECG-K2-EXPECT sim=gem5 seq=1700 dest=847 tier=2 epoch1=0 epoch2=0 width=4]
[ECG-K2-RECV sim=gem5 seq=1700 dest=847 tier=2 epoch1=0 epoch2=0 width=4]
[ECG-K2-REQUEST sim=gem5 seq=1301 request_seq=247338190 dest=847 tier=2 epoch1=0 epoch2=0 current=0 context=1]
[ECG-K2-EXPECT sim=gem5 seq=1701 dest=855 tier=2 epoch1=0 epoch2=0 width=4]
[ECG-K2-RECV sim=gem5 seq=1701 dest=855 tier=2 epoch1=0 epoch2=0 width=4]
[ECG-K2-REQUEST sim=gem5 seq=1302 request_seq=247338199 dest=855 tier=2 epoch1=0 epoch2=0 current=0 context=1]
[ECG-K2-EXPECT sim=gem5 seq=1702 dest=871 tier=2 epoch1=0 epoch2=0 width=4]
[ECG-K2-RECV sim=gem5 seq=1702 dest=871 tier=2 epoch1=0 epoch2=0 width=4]
[ECG-K2-REQUEST sim=gem5 seq=1303 request_seq=247338208 dest=871 tier=2 epoch1=0 epoch2=0 current=0 context=1]
[ECG-K2-EXPECT sim=gem5 seq=1703 dest=898 tier=2 epoch1=0 epoch2=0 width=4]
[ECG-K2-RECV sim=gem5 seq=1703 dest=898 tier=2 epoch1=0 epoch2=0 width=4]
[ECG-K2-REQUEST sim=gem5 seq=1304 request_seq=247338217 dest=898 tier=2 epoch1=0 epoch2=0 current=0 context=1]
[ECG-K2-EXPECT sim=gem5 seq=1704 dest=908 tier=2 epoch1=0 epoch2=0 width=4]
[ECG-K2-RECV sim=gem5 seq=1704 dest=908 tier=2 epoch1=0 epoch2=0 width=4]
[ECG-K2-REQUEST sim=gem5 seq=1305 request_seq=247338226 dest=908 tier=2 epoch1=0 epoch2=0 current=0 context=1]
[ECG-K2-EXPECT sim=gem5 seq=1705 dest=931 tier=2 epoch1=0 epoch2=0 width=4]
[ECG-K2-RECV sim=gem5 seq=1705 dest=931 tier=2 epoch1=0 epoch2=0 width=4]
[ECG-K2-REQUEST sim=gem5 seq=1306 request_seq=247338235 dest=931 tier=2 epoch1=0 epoch2=0 current=0 context=1]
[ECG-K2-ACCEPT sim=gem5 seq=1297 request_seq=247338154 request_dest=779 fill_dest=768 source=request tier=1 epoch1=0 epoch2=0 current=0 context=1 property_elem_bytes=4]
[ECG-K2-EXPECT sim=gem5 seq=1706 dest=847 tier=2 epoch1=0 epoch2=0 width=4]
[ECG-K2-RECV sim=gem5 seq=1706 dest=847 tier=2 epoch1=0 epoch2=0 width=4]
[ECG-K2-EXPECT sim=gem5 seq=1707 dest=855 tier=2 epoch1=0 epoch2=0 width=4]
[ECG-K2-RECV sim=gem5 seq=1707 dest=855 tier=2 epoch1=0 epoch2=0 width=4]
[ECG-K2-EXPECT sim=gem5 seq=1708 dest=871 tier=2 epoch1=0 epoch2=0 width=4]
[ECG-K2-RECV sim=gem5 seq=1708 dest=871 tier=2 epoch1=0 epoch2=0 width=4]
[ECG-K2-EXPECT sim=gem5 seq=1709 dest=898 tier=2 epoch1=0 epoch2=0 width=4]
[ECG-K2-RECV sim=gem5 seq=1709 dest=898 tier=2 epoch1=0 epoch2=0 width=4]
[ECG-K2-EXPECT sim=gem5 seq=1710 dest=908 tier=2 epoch1=0 epoch2=0 width=4]
[ECG-K2-RECV sim=gem5 seq=1710 dest=908 tier=2 epoch1=0 epoch2=0 width=4]
[ECG-K2-EXPECT sim=gem5 seq=1711 dest=931 tier=2 epoch1=0 epoch2=0 width=4]
[ECG-K2-RECV sim=gem5 seq=1711 dest=931 tier=2 epoch1=0 epoch2=0 width=4]
[ECG-K2-EXPECT sim=gem5 seq=1712 dest=871 tier=2 epoch1=0 epoch2=0 width=4]
[ECG-K2-RECV sim=gem5 seq=1712 dest=871 tier=2 epoch1=0 epoch2=0 width=4]
[ECG-K2-EXPECT sim=gem5 seq=1713 dest=898 tier=2 epoch1=0 epoch2=0 width=4]
[ECG-K2-RECV sim=gem5 seq=1713 dest=898 tier=2 epoch1=0 epoch2=0 width=4]
[ECG-K2-EXPECT sim=gem5 seq=1714 dest=908 tier=2 epoch1=0 epoch2=0 width=4]
[ECG-K2-RECV sim=gem5 seq=1714 dest=908 tier=2 epoch1=0 epoch2=0 width=4]
[ECG-K2-EXPECT sim=gem5 seq=1715 dest=931 tier=2 epoch1=0 epoch2=0 width=4]
[ECG-K2-RECV sim=gem5 seq=1715 dest=931 tier=2 epoch1=0 epoch2=0 width=4]
[ECG-K2-EXPECT sim=gem5 seq=1716 dest=898 tier=2 epoch1=0 epoch2=0 width=4]
[ECG-K2-RECV sim=gem5 seq=1716 dest=898 tier=2 epoch1=0 epoch2=0 width=4]
[ECG-K2-EXPECT sim=gem5 seq=1717 dest=908 tier=2 epoch1=0 epoch2=0 width=4]
[ECG-K2-RECV sim=gem5 seq=1717 dest=908 tier=2 epoch1=0 epoch2=0 width=4]
[ECG-K2-EXPECT sim=gem5 seq=1718 dest=931 tier=2 epoch1=0 epoch2=0 width=4]
[ECG-K2-RECV sim=gem5 seq=1718 dest=931 tier=2 epoch1=0 epoch2=0 width=4]
[ECG-K2-EXPECT sim=gem5 seq=1719 dest=908 tier=2 epoch1=0 epoch2=0 width=4]
[ECG-K2-RECV sim=gem5 seq=1719 dest=908 tier=2 epoch1=0 epoch2=0 width=4]
[ECG-K2-EXPECT sim=gem5 seq=1720 dest=931 tier=2 epoch1=0 epoch2=0 width=4]
[ECG-K2-RECV sim=gem5 seq=1720 dest=931 tier=2 epoch1=0 epoch2=0 width=4]
[ECG-K2-ACCEPT sim=gem5 seq=1305 request_seq=247338226 request_dest=908 fill_dest=898 source=request tier=2 epoch1=0 epoch2=0 current=0 context=1 property_elem_bytes=4]
[ECG-K2-EXPECT sim=gem5 seq=1721 dest=950 tier=2 epoch1=0 epoch2=0 width=4]
[ECG-K2-RECV sim=gem5 seq=1721 dest=950 tier=2 epoch1=0 epoch2=0 width=4]
[ECG-K2-REQUEST sim=gem5 seq=1307 request_seq=247338244 dest=950 tier=2 epoch1=0 epoch2=0 current=0 context=1]
[ECG-K2-EXPECT sim=gem5 seq=1722 dest=970 tier=2 epoch1=0 epoch2=0 width=4]
[ECG-K2-RECV sim=gem5 seq=1722 dest=970 tier=2 epoch1=0 epoch2=0 width=4]
[ECG-K2-REQUEST sim=gem5 seq=1308 request_seq=247338253 dest=970 tier=2 epoch1=0 epoch2=0 current=0 context=1]
[ECG-K2-EXPECT sim=gem5 seq=1723 dest=983 tier=2 epoch1=0 epoch2=0 width=4]
[ECG-K2-RECV sim=gem5 seq=1723 dest=983 tier=2 epoch1=0 epoch2=0 width=4]
[ECG-K2-REQUEST sim=gem5 seq=1309 request_seq=247338262 dest=983 tier=2 epoch1=0 epoch2=0 current=0 context=1]
[ECG-K2-EXPECT sim=gem5 seq=1724 dest=991 tier=2 epoch1=0 epoch2=0 width=4]
[ECG-K2-RECV sim=gem5 seq=1724 dest=991 tier=2 epoch1=0 epoch2=0 width=4]
[ECG-K2-REQUEST sim=gem5 seq=1310 request_seq=247338271 dest=991 tier=2 epoch1=0 epoch2=0 current=0 context=1]
[ECG-K2-EXPECT sim=gem5 seq=1725 dest=997 tier=2 epoch1=0 epoch2=0 width=4]
[ECG-K2-RECV sim=gem5 seq=1725 dest=997 tier=2 epoch1=0 epoch2=0 width=4]
[ECG-K2-REQUEST sim=gem5 seq=1311 request_seq=247338280 dest=997 tier=2 epoch1=0 epoch2=0 current=0 context=1]
[ECG-K2-EXPECT sim=gem5 seq=1726 dest=970 tier=2 epoch1=0 epoch2=0 width=4]
[ECG-K2-RECV sim=gem5 seq=1726 dest=970 tier=2 epoch1=0 epoch2=0 width=4]
[ECG-K2-EXPECT sim=gem5 seq=1727 dest=983 tier=2 epoch1=0 epoch2=0 width=4]
[ECG-K2-RECV sim=gem5 seq=1727 dest=983 tier=2 epoch1=0 epoch2=0 width=4]
[ECG-K2-EXPECT sim=gem5 seq=1728 dest=991 tier=2 epoch1=0 epoch2=0 width=4]
[ECG-K2-RECV sim=gem5 seq=1728 dest=991 tier=2 epoch1=0 epoch2=0 width=4]
[ECG-K2-ACCEPT sim=gem5 seq=1307 request_seq=247338244 request_dest=950 fill_dest=950 source=request tier=2 epoch1=0 epoch2=0 current=0 context=1 property_elem_bytes=4]
[ECG-STREAM-BYPASS sim=gem5 cache=system.l3cache addr=0x3ca480 vaddr=0x3b9480 size=4 source=request-flag allocate=0]
[ECG-K2-ACCEPT sim=gem5 seq=1311 request_seq=247338280 request_dest=997 fill_dest=997 source=request tier=2 epoch1=0 epoch2=0 current=0 context=1 property_elem_bytes=4]
[ECG-K2-EXPECT sim=gem5 seq=1729 dest=970 tier=2 epoch1=0 epoch2=0 width=4]
[ECG-K2-RECV sim=gem5 seq=1729 dest=970 tier=2 epoch1=0 epoch2=0 width=4]
[ECG-K2-EXPECT sim=gem5 seq=1730 dest=983 tier=2 epoch1=0 epoch2=0 width=4]
[ECG-K2-RECV sim=gem5 seq=1730 dest=983 tier=2 epoch1=0 epoch2=0 width=4]
[ECG-K2-EXPECT sim=gem5 seq=1731 dest=991 tier=2 epoch1=0 epoch2=0 width=4]
[ECG-K2-RECV sim=gem5 seq=1731 dest=991 tier=2 epoch1=0 epoch2=0 width=4]
[ECG-K2-EXPECT sim=gem5 seq=1732 dest=983 tier=2 epoch1=0 epoch2=0 width=4]
[ECG-K2-RECV sim=gem5 seq=1732 dest=983 tier=2 epoch1=0 epoch2=0 width=4]
[ECG-K2-EXPECT sim=gem5 seq=1733 dest=991 tier=2 epoch1=0 epoch2=0 width=4]
[ECG-K2-RECV sim=gem5 seq=1733 dest=991 tier=2 epoch1=0 epoch2=0 width=4]
[ECG-K2-ACCEPT sim=gem5 seq=1308 request_seq=247338253 request_dest=970 fill_dest=970 source=request tier=2 epoch1=0 epoch2=0 current=0 context=1 property_elem_bytes=4]
[ECG-K2-ACCEPT sim=gem5 seq=1309 request_seq=247338262 request_dest=983 fill_dest=983 source=request tier=2 epoch1=0 epoch2=0 current=0 context=1 property_elem_bytes=4]
[ECG-K2-EXPECT sim=gem5 seq=1734 dest=991 tier=2 epoch1=0 epoch2=0 width=4]
[ECG-K2-RECV sim=gem5 seq=1734 dest=991 tier=2 epoch1=0 epoch2=0 width=4]
[ECG-K2-ACCEPT sim=gem5 seq=1306 request_seq=247338235 request_dest=931 fill_dest=931 source=request tier=2 epoch1=0 epoch2=0 current=0 context=1 property_elem_bytes=4]
[ECG-K2-EXPECT sim=gem5 seq=1735 dest=1013 tier=2 epoch1=0 epoch2=0 width=4]
[ECG-K2-RECV sim=gem5 seq=1735 dest=1013 tier=2 epoch1=0 epoch2=0 width=4]
[ECG-K2-REQUEST sim=gem5 seq=1312 request_seq=247338289 dest=1013 tier=2 epoch1=0 epoch2=0 current=0 context=1]
[ECG-K2-EXPECT sim=gem5 seq=1736 dest=1032 tier=2 epoch1=0 epoch2=0 width=4]
[ECG-K2-RECV sim=gem5 seq=1736 dest=1032 tier=2 epoch1=0 epoch2=0 width=4]
[ECG-K2-REQUEST sim=gem5 seq=1313 request_seq=247338298 dest=1032 tier=2 epoch1=0 epoch2=0 current=0 context=1]
[ECG-K2-EXPECT sim=gem5 seq=1737 dest=1083 tier=2 epoch1=0 epoch2=0 width=4]
[ECG-K2-RECV sim=gem5 seq=1737 dest=1083 tier=2 epoch1=0 epoch2=0 width=4]
[ECG-K2-REQUEST sim=gem5 seq=1314 request_seq=247338307 dest=1083 tier=2 epoch1=0 epoch2=0 current=0 context=1]
[ECG-K2-EXPECT sim=gem5 seq=1738 dest=1084 tier=2 epoch1=0 epoch2=0 width=4]
[ECG-K2-RECV sim=gem5 seq=1738 dest=1084 tier=2 epoch1=0 epoch2=0 width=4]
[ECG-K2-REQUEST sim=gem5 seq=1315 request_seq=247338316 dest=1084 tier=2 epoch1=0 epoch2=0 current=0 context=1]
[ECG-K2-EXPECT sim=gem5 seq=1739 dest=1089 tier=2 epoch1=0 epoch2=0 width=4]
[ECG-K2-RECV sim=gem5 seq=1739 dest=1089 tier=2 epoch1=0 epoch2=0 width=4]
[ECG-K2-REQUEST sim=gem5 seq=1316 request_seq=247338325 dest=1089 tier=2 epoch1=0 epoch2=0 current=0 context=1]
[ECG-K2-EXPECT sim=gem5 seq=1740 dest=1098 tier=2 epoch1=0 epoch2=0 width=4]
[ECG-K2-RECV sim=gem5 seq=1740 dest=1098 tier=2 epoch1=0 epoch2=0 width=4]
[ECG-K2-REQUEST sim=gem5 seq=1317 request_seq=247338334 dest=1098 tier=2 epoch1=0 epoch2=0 current=0 context=1]
[ECG-K2-EXPECT sim=gem5 seq=1741 dest=1115 tier=2 epoch1=0 epoch2=0 width=4]
[ECG-K2-RECV sim=gem5 seq=1741 dest=1115 tier=2 epoch1=0 epoch2=0 width=4]
[ECG-K2-REQUEST sim=gem5 seq=1318 request_seq=247338343 dest=1115 tier=2 epoch1=0 epoch2=0 current=0 context=1]
[ECG-K2-ACCEPT sim=gem5 seq=1313 request_seq=247338298 request_dest=1032 fill_dest=1032 source=request tier=2 epoch1=0 epoch2=0 current=0 context=1 property_elem_bytes=4]
[ECG-K2-ACCEPT sim=gem5 seq=1315 request_seq=247338316 request_dest=1084 fill_dest=1083 source=request tier=2 epoch1=0 epoch2=0 current=0 context=1 property_elem_bytes=4]
[ECG-K2-EXPECT sim=gem5 seq=1742 dest=1098 tier=2 epoch1=0 epoch2=0 width=4]
[ECG-K2-RECV sim=gem5 seq=1742 dest=1098 tier=2 epoch1=0 epoch2=0 width=4]
[ECG-K2-EXPECT sim=gem5 seq=1743 dest=1115 tier=2 epoch1=0 epoch2=0 width=4]
[ECG-K2-RECV sim=gem5 seq=1743 dest=1115 tier=2 epoch1=0 epoch2=0 width=4]
[ECG-K2-EXPECT sim=gem5 seq=1744 dest=1142 tier=2 epoch1=0 epoch2=0 width=4]
[ECG-K2-RECV sim=gem5 seq=1744 dest=1142 tier=2 epoch1=0 epoch2=0 width=4]
[ECG-K2-REQUEST sim=gem5 seq=1319 request_seq=247338352 dest=1142 tier=2 epoch1=0 epoch2=0 current=0 context=1]
[ECG-K2-EXPECT sim=gem5 seq=1745 dest=1164 tier=2 epoch1=0 epoch2=0 width=4]
[ECG-K2-RECV sim=gem5 seq=1745 dest=1164 tier=2 epoch1=0 epoch2=0 width=4]
[ECG-K2-REQUEST sim=gem5 seq=1320 request_seq=247338361 dest=1164 tier=2 epoch1=0 epoch2=0 current=0 context=1]
[ECG-K2-EXPECT sim=gem5 seq=1746 dest=1178 tier=2 epoch1=0 epoch2=0 width=4]
[ECG-K2-RECV sim=gem5 seq=1746 dest=1178 tier=2 epoch1=0 epoch2=0 width=4]
[ECG-K2-REQUEST sim=gem5 seq=1321 request_seq=247338370 dest=1178 tier=2 epoch1=0 epoch2=0 current=0 context=1]
[ECG-K2-EXPECT sim=gem5 seq=1747 dest=1223 tier=2 epoch1=0 epoch2=0 width=4]
[ECG-K2-RECV sim=gem5 seq=1747 dest=1223 tier=2 epoch1=0 epoch2=0 width=4]
[ECG-K2-REQUEST sim=gem5 seq=1322 request_seq=247338379 dest=1223 tier=2 epoch1=0 epoch2=0 current=0 context=1]
[ECG-K2-EXPECT sim=gem5 seq=1748 dest=1235 tier=2 epoch1=0 epoch2=0 width=4]
[ECG-K2-RECV sim=gem5 seq=1748 dest=1235 tier=2 epoch1=0 epoch2=0 width=4]
[ECG-K2-REQUEST sim=gem5 seq=1323 request_seq=247338388 dest=1235 tier=2 epoch1=0 epoch2=0 current=0 context=1]
[ECG-K2-EXPECT sim=gem5 seq=1749 dest=1164 tier=2 epoch1=0 epoch2=0 width=4]
[ECG-K2-RECV sim=gem5 seq=1749 dest=1164 tier=2 epoch1=0 epoch2=0 width=4]
[ECG-K2-EXPECT sim=gem5 seq=1750 dest=1178 tier=2 epoch1=0 epoch2=0 width=4]
[ECG-K2-RECV sim=gem5 seq=1750 dest=1178 tier=2 epoch1=0 epoch2=0 width=4]
[ECG-K2-EXPECT sim=gem5 seq=1751 dest=1223 tier=2 epoch1=0 epoch2=0 width=4]
[ECG-K2-RECV sim=gem5 seq=1751 dest=1223 tier=2 epoch1=0 epoch2=0 width=4]
[ECG-K2-EXPECT sim=gem5 seq=1752 dest=1235 tier=2 epoch1=0 epoch2=0 width=4]
[ECG-K2-RECV sim=gem5 seq=1752 dest=1235 tier=2 epoch1=0 epoch2=0 width=4]
[ECG-K2-ACCEPT sim=gem5 seq=1319 request_seq=247338352 request_dest=1142 fill_dest=1142 source=request tier=2 epoch1=0 epoch2=0 current=0 context=1 property_elem_bytes=4]
[ECG-K2-ACCEPT sim=gem5 seq=1320 request_seq=247338361 request_dest=1164 fill_dest=1164 source=request tier=2 epoch1=0 epoch2=0 current=0 context=1 property_elem_bytes=4]
[ECG-K2-EXPECT sim=gem5 seq=1753 dest=1178 tier=2 epoch1=0 epoch2=0 width=4]
[ECG-K2-RECV sim=gem5 seq=1753 dest=1178 tier=2 epoch1=0 epoch2=0 width=4]
[ECG-K2-EXPECT sim=gem5 seq=1754 dest=1223 tier=2 epoch1=0 epoch2=0 width=4]
[ECG-K2-RECV sim=gem5 seq=1754 dest=1223 tier=2 epoch1=0 epoch2=0 width=4]
[ECG-K2-EXPECT sim=gem5 seq=1755 dest=1235 tier=2 epoch1=0 epoch2=0 width=4]
[ECG-K2-RECV sim=gem5 seq=1755 dest=1235 tier=2 epoch1=0 epoch2=0 width=4]
[ECG-K2-EXPECT sim=gem5 seq=1756 dest=1223 tier=2 epoch1=0 epoch2=0 width=4]
[ECG-K2-RECV sim=gem5 seq=1756 dest=1223 tier=2 epoch1=0 epoch2=0 width=4]
[ECG-K2-EXPECT sim=gem5 seq=1757 dest=1235 tier=2 epoch1=0 epoch2=0 width=4]
[ECG-K2-RECV sim=gem5 seq=1757 dest=1235 tier=2 epoch1=0 epoch2=0 width=4]
[ECG-K2-EXPECT sim=gem5 seq=1758 dest=1235 tier=2 epoch1=0 epoch2=0 width=4]
[ECG-K2-RECV sim=gem5 seq=1758 dest=1235 tier=2 epoch1=0 epoch2=0 width=4]
[ECG-STREAM-BYPASS sim=gem5 cache=system.l3cache addr=0x3ca4c0 vaddr=0x3b94c0 size=4 source=request-flag allocate=0]
[ECG-K2-EXPECT sim=gem5 seq=1759 dest=1241 tier=2 epoch1=0 epoch2=0 width=4]
[ECG-K2-RECV sim=gem5 seq=1759 dest=1241 tier=2 epoch1=0 epoch2=0 width=4]
[ECG-K2-REQUEST sim=gem5 seq=1324 request_seq=247338397 dest=1241 tier=2 epoch1=0 epoch2=0 current=0 context=1]
[ECG-K2-EXPECT sim=gem5 seq=1760 dest=1379 tier=3 epoch1=0 epoch2=0 width=4]
[ECG-K2-RECV sim=gem5 seq=1760 dest=1379 tier=3 epoch1=0 epoch2=0 width=4]
[ECG-K2-REQUEST sim=gem5 seq=1325 request_seq=247338406 dest=1379 tier=3 epoch1=0 epoch2=0 current=0 context=1]
[ECG-K2-EXPECT sim=gem5 seq=1761 dest=1405 tier=3 epoch1=0 epoch2=0 width=4]
[ECG-K2-RECV sim=gem5 seq=1761 dest=1405 tier=3 epoch1=0 epoch2=0 width=4]
[ECG-K2-REQUEST sim=gem5 seq=1326 request_seq=247338415 dest=1405 tier=3 epoch1=0 epoch2=0 current=0 context=1]
[ECG-K2-EXPECT sim=gem5 seq=1762 dest=1450 tier=3 epoch1=0 epoch2=0 width=4]
[ECG-K2-RECV sim=gem5 seq=1762 dest=1450 tier=3 epoch1=0 epoch2=0 width=4]
[ECG-K2-REQUEST sim=gem5 seq=1327 request_seq=247338424 dest=1450 tier=3 epoch1=0 epoch2=0 current=0 context=1]
[ECG-K2-ACCEPT sim=gem5 seq=1325 request_seq=247338406 request_dest=1379 fill_dest=1379 source=request tier=3 epoch1=0 epoch2=0 current=0 context=1 property_elem_bytes=4]
[ECG-K2-ACCEPT sim=gem5 seq=1326 request_seq=247338415 request_dest=1405 fill_dest=1405 source=request tier=3 epoch1=0 epoch2=0 current=0 context=1 property_elem_bytes=4]
[ECG-K2-ACCEPT sim=gem5 seq=1327 request_seq=247338424 request_dest=1450 fill_dest=1450 source=request tier=3 epoch1=0 epoch2=0 current=0 context=1 property_elem_bytes=4]
[ECG-K2-EXPECT sim=gem5 seq=1763 dest=1577 tier=3 epoch1=0 epoch2=0 width=4]
[ECG-K2-RECV sim=gem5 seq=1763 dest=1577 tier=3 epoch1=0 epoch2=0 width=4]
[ECG-K2-REQUEST sim=gem5 seq=1328 request_seq=247338433 dest=1577 tier=3 epoch1=0 epoch2=0 current=0 context=1]
[ECG-K2-EXPECT sim=gem5 seq=1764 dest=1653 tier=3 epoch1=0 epoch2=0 width=4]
[ECG-K2-RECV sim=gem5 seq=1764 dest=1653 tier=3 epoch1=0 epoch2=0 width=4]
[ECG-K2-REQUEST sim=gem5 seq=1329 request_seq=247338442 dest=1653 tier=3 epoch1=0 epoch2=0 current=0 context=1]
[ECG-K2-EXPECT sim=gem5 seq=1765 dest=1654 tier=3 epoch1=0 epoch2=0 width=4]
[ECG-K2-RECV sim=gem5 seq=1765 dest=1654 tier=3 epoch1=0 epoch2=0 width=4]
[ECG-K2-REQUEST sim=gem5 seq=1330 request_seq=247338451 dest=1654 tier=3 epoch1=0 epoch2=0 current=0 context=1]
[ECG-K2-EXPECT sim=gem5 seq=1766 dest=1878 tier=3 epoch1=0 epoch2=0 width=4]
[ECG-K2-RECV sim=gem5 seq=1766 dest=1878 tier=3 epoch1=0 epoch2=0 width=4]
[ECG-K2-REQUEST sim=gem5 seq=1331 request_seq=247338460 dest=1878 tier=3 epoch1=0 epoch2=0 current=0 context=1]
[ECG-K2-EXPECT sim=gem5 seq=1767 dest=1879 tier=3 epoch1=0 epoch2=0 width=4]
[ECG-K2-RECV sim=gem5 seq=1767 dest=1879 tier=3 epoch1=0 epoch2=0 width=4]
[ECG-K2-REQUEST sim=gem5 seq=1332 request_seq=247338469 dest=1879 tier=3 epoch1=0 epoch2=0 current=0 context=1]
[ECG-K2-EXPECT sim=gem5 seq=1768 dest=1957 tier=3 epoch1=0 epoch2=0 width=4]
[ECG-K2-RECV sim=gem5 seq=1768 dest=1957 tier=3 epoch1=0 epoch2=0 width=4]
[ECG-K2-REQUEST sim=gem5 seq=1333 request_seq=247338478 dest=1957 tier=3 epoch1=0 epoch2=0 current=0 context=1]
[ECG-K2-EXPECT sim=gem5 seq=1769 dest=1978 tier=3 epoch1=0 epoch2=0 width=4]
[ECG-K2-RECV sim=gem5 seq=1769 dest=1978 tier=3 epoch1=0 epoch2=0 width=4]
[ECG-K2-REQUEST sim=gem5 seq=1334 request_seq=247338487 dest=1978 tier=3 epoch1=0 epoch2=0 current=0 context=1]
[ECG-K2-EXPECT sim=gem5 seq=1770 dest=2009 tier=3 epoch1=0 epoch2=0 width=4]
[ECG-K2-RECV sim=gem5 seq=1770 dest=2009 tier=3 epoch1=0 epoch2=0 width=4]
[ECG-K2-REQUEST sim=gem5 seq=1335 request_seq=247338496 dest=2009 tier=3 epoch1=0 epoch2=0 current=0 context=1]
[ECG-K2-EXPECT sim=gem5 seq=1771 dest=2257 tier=3 epoch1=0 epoch2=0 width=4]
[ECG-K2-RECV sim=gem5 seq=1771 dest=2257 tier=3 epoch1=0 epoch2=0 width=4]
[ECG-K2-REQUEST sim=gem5 seq=1336 request_seq=247338505 dest=2257 tier=3 epoch1=0 epoch2=0 current=0 context=1]
[ECG-K2-EXPECT sim=gem5 seq=1772 dest=2340 tier=3 epoch1=0 epoch2=0 width=4]
[ECG-K2-RECV sim=gem5 seq=1772 dest=2340 tier=3 epoch1=0 epoch2=0 width=4]
[ECG-K2-REQUEST sim=gem5 seq=1337 request_seq=247338514 dest=2340 tier=3 epoch1=0 epoch2=0 current=0 context=1]
[ECG-K2-EXPECT sim=gem5 seq=1773 dest=2481 tier=3 epoch1=0 epoch2=0 width=4]
[ECG-K2-RECV sim=gem5 seq=1773 dest=2481 tier=3 epoch1=0 epoch2=0 width=4]
[ECG-K2-REQUEST sim=gem5 seq=1338 request_seq=247338523 dest=2481 tier=3 epoch1=0 epoch2=0 current=0 context=1]
[ECG-K2-ACCEPT sim=gem5 seq=1330 request_seq=247338451 request_dest=1654 fill_dest=1653 source=request tier=3 epoch1=0 epoch2=0 current=0 context=1 property_elem_bytes=4]
[ECG-K2-ACCEPT sim=gem5 seq=1333 request_seq=247338478 request_dest=1957 fill_dest=1957 source=request tier=3 epoch1=0 epoch2=0 current=0 context=1 property_elem_bytes=4]
[ECG-K2-EXPECT sim=gem5 seq=1774 dest=1978 tier=3 epoch1=0 epoch2=0 width=4]
[ECG-K2-RECV sim=gem5 seq=1774 dest=1978 tier=3 epoch1=0 epoch2=0 width=4]
[ECG-K2-EXPECT sim=gem5 seq=1775 dest=2009 tier=3 epoch1=0 epoch2=0 width=4]
[ECG-K2-RECV sim=gem5 seq=1775 dest=2009 tier=3 epoch1=0 epoch2=0 width=4]
[ECG-K2-EXPECT sim=gem5 seq=1776 dest=2257 tier=3 epoch1=0 epoch2=0 width=4]
[ECG-K2-RECV sim=gem5 seq=1776 dest=2257 tier=3 epoch1=0 epoch2=0 width=4]
[ECG-K2-EXPECT sim=gem5 seq=1777 dest=2340 tier=3 epoch1=0 epoch2=0 width=4]
[ECG-K2-RECV sim=gem5 seq=1777 dest=2340 tier=3 epoch1=0 epoch2=0 width=4]
[ECG-K2-EXPECT sim=gem5 seq=1778 dest=2481 tier=3 epoch1=0 epoch2=0 width=4]
[ECG-K2-RECV sim=gem5 seq=1778 dest=2481 tier=3 epoch1=0 epoch2=0 width=4]
[ECG-K2-EXPECT sim=gem5 seq=1779 dest=2009 tier=3 epoch1=0 epoch2=0 width=4]
[ECG-K2-RECV sim=gem5 seq=1779 dest=2009 tier=3 epoch1=0 epoch2=0 width=4]
[ECG-K2-EXPECT sim=gem5 seq=1780 dest=2257 tier=3 epoch1=0 epoch2=0 width=4]
[ECG-K2-RECV sim=gem5 seq=1780 dest=2257 tier=3 epoch1=0 epoch2=0 width=4]
[ECG-K2-EXPECT sim=gem5 seq=1781 dest=2340 tier=3 epoch1=0 epoch2=0 width=4]
[ECG-K2-RECV sim=gem5 seq=1781 dest=2340 tier=3 epoch1=0 epoch2=0 width=4]
[ECG-K2-EXPECT sim=gem5 seq=1782 dest=2481 tier=3 epoch1=0 epoch2=0 width=4]
[ECG-K2-RECV sim=gem5 seq=1782 dest=2481 tier=3 epoch1=0 epoch2=0 width=4]
[ECG-K2-ACCEPT sim=gem5 seq=1328 request_seq=247338433 request_dest=1577 fill_dest=1577 source=request tier=3 epoch1=0 epoch2=0 current=0 context=1 property_elem_bytes=4]
[ECG-K2-ACCEPT sim=gem5 seq=1332 request_seq=247338469 request_dest=1879 fill_dest=1878 source=request tier=3 epoch1=0 epoch2=0 current=0 context=1 property_elem_bytes=4]
[ECG-K2-EXPECT sim=gem5 seq=1783 dest=2257 tier=3 epoch1=0 epoch2=0 width=4]
[ECG-K2-RECV sim=gem5 seq=1783 dest=2257 tier=3 epoch1=0 epoch2=0 width=4]
[ECG-K2-EXPECT sim=gem5 seq=1784 dest=2340 tier=3 epoch1=0 epoch2=0 width=4]
[ECG-K2-RECV sim=gem5 seq=1784 dest=2340 tier=3 epoch1=0 epoch2=0 width=4]
[ECG-K2-EXPECT sim=gem5 seq=1785 dest=2481 tier=3 epoch1=0 epoch2=0 width=4]
[ECG-K2-RECV sim=gem5 seq=1785 dest=2481 tier=3 epoch1=0 epoch2=0 width=4]
[ECG-K2-EXPECT sim=gem5 seq=1786 dest=2340 tier=3 epoch1=0 epoch2=0 width=4]
[ECG-K2-RECV sim=gem5 seq=1786 dest=2340 tier=3 epoch1=0 epoch2=0 width=4]
[ECG-K2-EXPECT sim=gem5 seq=1787 dest=2481 tier=3 epoch1=0 epoch2=0 width=4]
[ECG-K2-RECV sim=gem5 seq=1787 dest=2481 tier=3 epoch1=0 epoch2=0 width=4]
[ECG-K2-ACCEPT sim=gem5 seq=1334 request_seq=247338487 request_dest=1978 fill_dest=1978 source=request tier=3 epoch1=0 epoch2=0 current=0 context=1 property_elem_bytes=4]
[ECG-K2-ACCEPT sim=gem5 seq=1337 request_seq=247338514 request_dest=2340 fill_dest=2340 source=request tier=3 epoch1=0 epoch2=0 current=0 context=1 property_elem_bytes=4]
[ECG-K2-ACCEPT sim=gem5 seq=1335 request_seq=247338496 request_dest=2009 fill_dest=2009 source=request tier=3 epoch1=0 epoch2=0 current=0 context=1 property_elem_bytes=4]
[ECG-K2-EXPECT sim=gem5 seq=1788 dest=2481 tier=3 epoch1=0 epoch2=0 width=4]
[ECG-K2-RECV sim=gem5 seq=1788 dest=2481 tier=3 epoch1=0 epoch2=0 width=4]
[ECG-K2-ACCEPT sim=gem5 seq=1338 request_seq=247338523 request_dest=2481 fill_dest=2481 source=request tier=3 epoch1=0 epoch2=0 current=0 context=1 property_elem_bytes=4]
[ECG-K2-EXPECT sim=gem5 seq=1789 dest=2604 tier=3 epoch1=0 epoch2=0 width=4]
[ECG-K2-RECV sim=gem5 seq=1789 dest=2604 tier=3 epoch1=0 epoch2=0 width=4]
[ECG-K2-REQUEST sim=gem5 seq=1339 request_seq=247338532 dest=2604 tier=3 epoch1=0 epoch2=0 current=0 context=1]
[ECG-K2-EXPECT sim=gem5 seq=1790 dest=2671 tier=3 epoch1=0 epoch2=0 width=4]
[ECG-K2-RECV sim=gem5 seq=1790 dest=2671 tier=3 epoch1=0 epoch2=0 width=4]
[ECG-K2-REQUEST sim=gem5 seq=1340 request_seq=247338541 dest=2671 tier=3 epoch1=0 epoch2=0 current=0 context=1]
[ECG-K2-EXPECT sim=gem5 seq=1791 dest=2809 tier=3 epoch1=0 epoch2=0 width=4]
[ECG-K2-RECV sim=gem5 seq=1791 dest=2809 tier=3 epoch1=0 epoch2=0 width=4]
[ECG-K2-REQUEST sim=gem5 seq=1341 request_seq=247338550 dest=2809 tier=3 epoch1=0 epoch2=0 current=0 context=1]
[ECG-K2-EXPECT sim=gem5 seq=1792 dest=2963 tier=3 epoch1=0 epoch2=0 width=4]
[ECG-K2-RECV sim=gem5 seq=1792 dest=2963 tier=3 epoch1=0 epoch2=0 width=4]
[ECG-K2-REQUEST sim=gem5 seq=1342 request_seq=247338559 dest=2963 tier=3 epoch1=0 epoch2=0 current=0 context=1]
[ECG-K2-EXPECT sim=gem5 seq=1793 dest=3069 tier=3 epoch1=0 epoch2=0 width=4]
[ECG-K2-RECV sim=gem5 seq=1793 dest=3069 tier=3 epoch1=0 epoch2=0 width=4]
[ECG-K2-REQUEST sim=gem5 seq=1343 request_seq=247338568 dest=3069 tier=3 epoch1=0 epoch2=0 current=0 context=1]
[ECG-STREAM-BYPASS sim=gem5 cache=system.l3cache addr=0x3ca500 vaddr=0x3b9500 size=4 source=request-flag allocate=0]
[ECG-K2-EXPECT sim=gem5 seq=1794 dest=2671 tier=3 epoch1=0 epoch2=0 width=4]
[ECG-K2-RECV sim=gem5 seq=1794 dest=2671 tier=3 epoch1=0 epoch2=0 width=4]
[ECG-K2-EXPECT sim=gem5 seq=1795 dest=2809 tier=3 epoch1=0 epoch2=0 width=4]
[ECG-K2-RECV sim=gem5 seq=1795 dest=2809 tier=3 epoch1=0 epoch2=0 width=4]
[ECG-K2-EXPECT sim=gem5 seq=1796 dest=2963 tier=3 epoch1=0 epoch2=0 width=4]
[ECG-K2-RECV sim=gem5 seq=1796 dest=2963 tier=3 epoch1=0 epoch2=0 width=4]
[ECG-K2-EXPECT sim=gem5 seq=1797 dest=3069 tier=3 epoch1=0 epoch2=0 width=4]
[ECG-K2-RECV sim=gem5 seq=1797 dest=3069 tier=3 epoch1=0 epoch2=0 width=4]
[ECG-K2-ACCEPT sim=gem5 seq=1340 request_seq=247338541 request_dest=2671 fill_dest=2671 source=request tier=3 epoch1=0 epoch2=0 current=0 context=1 property_elem_bytes=4]
[ECG-K2-ACCEPT sim=gem5 seq=1336 request_seq=247338505 request_dest=2257 fill_dest=2257 source=request tier=3 epoch1=0 epoch2=0 current=0 context=1 property_elem_bytes=4]
[ECG-K2-EXPECT sim=gem5 seq=1798 dest=2809 tier=3 epoch1=0 epoch2=0 width=4]
[ECG-K2-RECV sim=gem5 seq=1798 dest=2809 tier=3 epoch1=0 epoch2=0 width=4]
[ECG-K2-EXPECT sim=gem5 seq=1799 dest=2963 tier=3 epoch1=0 epoch2=0 width=4]
[ECG-K2-RECV sim=gem5 seq=1799 dest=2963 tier=3 epoch1=0 epoch2=0 width=4]
[ECG-K2-EXPECT sim=gem5 seq=1800 dest=3069 tier=3 epoch1=0 epoch2=0 width=4]
[ECG-K2-RECV sim=gem5 seq=1800 dest=3069 tier=3 epoch1=0 epoch2=0 width=4]
[ECG-K2-EXPECT sim=gem5 seq=1801 dest=2963 tier=3 epoch1=0 epoch2=0 width=4]
[ECG-K2-RECV sim=gem5 seq=1801 dest=2963 tier=3 epoch1=0 epoch2=0 width=4]
[ECG-K2-EXPECT sim=gem5 seq=1802 dest=3069 tier=3 epoch1=0 epoch2=0 width=4]
[ECG-K2-RECV sim=gem5 seq=1802 dest=3069 tier=3 epoch1=0 epoch2=0 width=4]
[ECG-K2-EXPECT sim=gem5 seq=1803 dest=3069 tier=3 epoch1=0 epoch2=0 width=4]
[ECG-K2-RECV sim=gem5 seq=1803 dest=3069 tier=3 epoch1=0 epoch2=0 width=4]
[ECG-K2-EXPECT sim=gem5 seq=1804 dest=3162 tier=3 epoch1=0 epoch2=0 width=4]
[ECG-K2-RECV sim=gem5 seq=1804 dest=3162 tier=3 epoch1=0 epoch2=0 width=4]
[ECG-K2-REQUEST sim=gem5 seq=1344 request_seq=247338577 dest=3162 tier=3 epoch1=0 epoch2=0 current=0 context=1]
[ECG-K2-EXPECT sim=gem5 seq=1805 dest=3172 tier=3 epoch1=0 epoch2=0 width=4]
[ECG-K2-RECV sim=gem5 seq=1805 dest=3172 tier=3 epoch1=0 epoch2=0 width=4]
[ECG-K2-REQUEST sim=gem5 seq=1345 request_seq=247338586 dest=3172 tier=3 epoch1=0 epoch2=0 current=0 context=1]
[ECG-K2-EXPECT sim=gem5 seq=1806 dest=3266 tier=3 epoch1=0 epoch2=0 width=4]
[ECG-K2-RECV sim=gem5 seq=1806 dest=3266 tier=3 epoch1=0 epoch2=0 width=4]
[ECG-K2-REQUEST sim=gem5 seq=1346 request_seq=247338595 dest=3266 tier=3 epoch1=0 epoch2=0 current=0 context=1]
[ECG-K2-EXPECT sim=gem5 seq=1807 dest=3418 tier=3 epoch1=0 epoch2=0 width=4]
[ECG-K2-RECV sim=gem5 seq=1807 dest=3418 tier=3 epoch1=0 epoch2=0 width=4]
[ECG-K2-REQUEST sim=gem5 seq=1347 request_seq=247338604 dest=3418 tier=3 epoch1=0 epoch2=0 current=0 context=1]
[ECG-K2-EXPECT sim=gem5 seq=1808 dest=3439 tier=3 epoch1=0 epoch2=0 width=4]
[ECG-K2-RECV sim=gem5 seq=1808 dest=3439 tier=3 epoch1=0 epoch2=0 width=4]
[ECG-K2-REQUEST sim=gem5 seq=1348 request_seq=247338613 dest=3439 tier=3 epoch1=0 epoch2=0 current=0 context=1]
[ECG-K2-EXPECT sim=gem5 seq=1809 dest=3507 tier=3 epoch1=0 epoch2=0 width=4]
[ECG-K2-RECV sim=gem5 seq=1809 dest=3507 tier=3 epoch1=0 epoch2=0 width=4]
[ECG-K2-REQUEST sim=gem5 seq=1349 request_seq=247338622 dest=3507 tier=3 epoch1=0 epoch2=0 current=0 context=1]
[ECG-K2-EXPECT sim=gem5 seq=1810 dest=3647 tier=3 epoch1=0 epoch2=0 width=4]
[ECG-K2-RECV sim=gem5 seq=1810 dest=3647 tier=3 epoch1=0 epoch2=0 width=4]
[ECG-K2-REQUEST sim=gem5 seq=1350 request_seq=247338631 dest=3647 tier=3 epoch1=0 epoch2=0 current=0 context=1]
[ECG-K2-EXPECT sim=gem5 seq=1811 dest=3866 tier=3 epoch1=0 epoch2=0 width=4]
[ECG-K2-RECV sim=gem5 seq=1811 dest=3866 tier=3 epoch1=0 epoch2=0 width=4]
[ECG-K2-REQUEST sim=gem5 seq=1351 request_seq=247338640 dest=3866 tier=3 epoch1=0 epoch2=0 current=0 context=1]
[ECG-K2-EXPECT sim=gem5 seq=1812 dest=3172 tier=3 epoch1=0 epoch2=0 width=4]
[ECG-K2-RECV sim=gem5 seq=1812 dest=3172 tier=3 epoch1=0 epoch2=0 width=4]
[ECG-K2-EXPECT sim=gem5 seq=1813 dest=3266 tier=3 epoch1=0 epoch2=0 width=4]
[ECG-K2-RECV sim=gem5 seq=1813 dest=3266 tier=3 epoch1=0 epoch2=0 width=4]
[ECG-K2-EXPECT sim=gem5 seq=1814 dest=3418 tier=3 epoch1=0 epoch2=0 width=4]
[ECG-K2-RECV sim=gem5 seq=1814 dest=3418 tier=3 epoch1=0 epoch2=0 width=4]
[ECG-K2-EXPECT sim=gem5 seq=1815 dest=3439 tier=3 epoch1=0 epoch2=0 width=4]
[ECG-K2-RECV sim=gem5 seq=1815 dest=3439 tier=3 epoch1=0 epoch2=0 width=4]
[ECG-K2-EXPECT sim=gem5 seq=1816 dest=3507 tier=3 epoch1=0 epoch2=0 width=4]
[ECG-K2-RECV sim=gem5 seq=1816 dest=3507 tier=3 epoch1=0 epoch2=0 width=4]
[ECG-K2-EXPECT sim=gem5 seq=1817 dest=3647 tier=3 epoch1=0 epoch2=0 width=4]
[ECG-K2-RECV sim=gem5 seq=1817 dest=3647 tier=3 epoch1=0 epoch2=0 width=4]
[ECG-K2-EXPECT sim=gem5 seq=1818 dest=3866 tier=3 epoch1=0 epoch2=0 width=4]
[ECG-K2-RECV sim=gem5 seq=1818 dest=3866 tier=3 epoch1=0 epoch2=0 width=4]
[ECG-K2-ACCEPT sim=gem5 seq=1345 request_seq=247338586 request_dest=3172 fill_dest=3172 source=request tier=3 epoch1=0 epoch2=0 current=0 context=1 property_elem_bytes=4]
[ECG-K2-ACCEPT sim=gem5 seq=1341 request_seq=247338550 request_dest=2809 fill_dest=2809 source=request tier=3 epoch1=0 epoch2=0 current=0 context=1 property_elem_bytes=4]
[ECG-K2-ACCEPT sim=gem5 seq=1342 request_seq=247338559 request_dest=2963 fill_dest=2963 source=request tier=3 epoch1=0 epoch2=0 current=0 context=1 property_elem_bytes=4]
[ECG-K2-EXPECT sim=gem5 seq=1819 dest=3266 tier=3 epoch1=0 epoch2=0 width=4]
[ECG-K2-RECV sim=gem5 seq=1819 dest=3266 tier=3 epoch1=0 epoch2=0 width=4]
[ECG-K2-EXPECT sim=gem5 seq=1820 dest=3418 tier=3 epoch1=0 epoch2=0 width=4]
[ECG-K2-RECV sim=gem5 seq=1820 dest=3418 tier=3 epoch1=0 epoch2=0 width=4]
[ECG-K2-EXPECT sim=gem5 seq=1821 dest=3439 tier=3 epoch1=0 epoch2=0 width=4]
[ECG-K2-RECV sim=gem5 seq=1821 dest=3439 tier=3 epoch1=0 epoch2=0 width=4]
[ECG-K2-EXPECT sim=gem5 seq=1822 dest=3507 tier=3 epoch1=0 epoch2=0 width=4]
[ECG-K2-RECV sim=gem5 seq=1822 dest=3507 tier=3 epoch1=0 epoch2=0 width=4]
[ECG-K2-EXPECT sim=gem5 seq=1823 dest=3647 tier=3 epoch1=0 epoch2=0 width=4]
[ECG-K2-RECV sim=gem5 seq=1823 dest=3647 tier=3 epoch1=0 epoch2=0 width=4]
[ECG-K2-EXPECT sim=gem5 seq=1824 dest=3866 tier=3 epoch1=0 epoch2=0 width=4]
[ECG-K2-RECV sim=gem5 seq=1824 dest=3866 tier=3 epoch1=0 epoch2=0 width=4]
[ECG-K2-ACCEPT sim=gem5 seq=1343 request_seq=247338568 request_dest=3069 fill_dest=3069 source=request tier=3 epoch1=0 epoch2=0 current=0 context=1 property_elem_bytes=4]
[ECG-K2-EXPECT sim=gem5 seq=1825 dest=3418 tier=3 epoch1=0 epoch2=0 width=4]
[ECG-K2-RECV sim=gem5 seq=1825 dest=3418 tier=3 epoch1=0 epoch2=0 width=4]
[ECG-K2-EXPECT sim=gem5 seq=1826 dest=3439 tier=3 epoch1=0 epoch2=0 width=4]
[ECG-K2-RECV sim=gem5 seq=1826 dest=3439 tier=3 epoch1=0 epoch2=0 width=4]
[ECG-K2-EXPECT sim=gem5 seq=1827 dest=3507 tier=3 epoch1=0 epoch2=0 width=4]
[ECG-K2-RECV sim=gem5 seq=1827 dest=3507 tier=3 epoch1=0 epoch2=0 width=4]
[ECG-K2-EXPECT sim=gem5 seq=1828 dest=3647 tier=3 epoch1=0 epoch2=0 width=4]
[ECG-K2-RECV sim=gem5 seq=1828 dest=3647 tier=3 epoch1=0 epoch2=0 width=4]
[ECG-K2-EXPECT sim=gem5 seq=1829 dest=3866 tier=3 epoch1=0 epoch2=0 width=4]
[ECG-K2-RECV sim=gem5 seq=1829 dest=3866 tier=3 epoch1=0 epoch2=0 width=4]
[ECG-K2-EXPECT sim=gem5 seq=1830 dest=3439 tier=3 epoch1=0 epoch2=0 width=4]
[ECG-K2-RECV sim=gem5 seq=1830 dest=3439 tier=3 epoch1=0 epoch2=0 width=4]
[ECG-K2-EXPECT sim=gem5 seq=1831 dest=3507 tier=3 epoch1=0 epoch2=0 width=4]
[ECG-K2-RECV sim=gem5 seq=1831 dest=3507 tier=3 epoch1=0 epoch2=0 width=4]
[ECG-K2-EXPECT sim=gem5 seq=1832 dest=3647 tier=3 epoch1=0 epoch2=0 width=4]
[ECG-K2-RECV sim=gem5 seq=1832 dest=3647 tier=3 epoch1=0 epoch2=0 width=4]
[ECG-K2-EXPECT sim=gem5 seq=1833 dest=3866 tier=3 epoch1=0 epoch2=0 width=4]
[ECG-K2-RECV sim=gem5 seq=1833 dest=3866 tier=3 epoch1=0 epoch2=0 width=4]
[ECG-K2-ACCEPT sim=gem5 seq=1347 request_seq=247338604 request_dest=3418 fill_dest=3418 source=request tier=3 epoch1=0 epoch2=0 current=0 context=1 property_elem_bytes=4]
[ECG-K2-EXPECT sim=gem5 seq=1834 dest=3507 tier=3 epoch1=0 epoch2=0 width=4]
[ECG-K2-RECV sim=gem5 seq=1834 dest=3507 tier=3 epoch1=0 epoch2=0 width=4]
[ECG-K2-EXPECT sim=gem5 seq=1835 dest=3647 tier=3 epoch1=0 epoch2=0 width=4]
[ECG-K2-RECV sim=gem5 seq=1835 dest=3647 tier=3 epoch1=0 epoch2=0 width=4]
[ECG-K2-EXPECT sim=gem5 seq=1836 dest=3866 tier=3 epoch1=0 epoch2=0 width=4]
[ECG-K2-RECV sim=gem5 seq=1836 dest=3866 tier=3 epoch1=0 epoch2=0 width=4]
[ECG-K2-ACCEPT sim=gem5 seq=1348 request_seq=247338613 request_dest=3439 fill_dest=3439 source=request tier=3 epoch1=0 epoch2=0 current=0 context=1 property_elem_bytes=4]
[ECG-K2-EXPECT sim=gem5 seq=1837 dest=3647 tier=3 epoch1=0 epoch2=0 width=4]
[ECG-K2-RECV sim=gem5 seq=1837 dest=3647 tier=3 epoch1=0 epoch2=0 width=4]
[ECG-K2-EXPECT sim=gem5 seq=1838 dest=3866 tier=3 epoch1=0 epoch2=0 width=4]
[ECG-K2-RECV sim=gem5 seq=1838 dest=3866 tier=3 epoch1=0 epoch2=0 width=4]
[ECG-K2-ACCEPT sim=gem5 seq=1349 request_seq=247338622 request_dest=3507 fill_dest=3507 source=request tier=3 epoch1=0 epoch2=0 current=0 context=1 property_elem_bytes=4]
[ECG-K2-EXPECT sim=gem5 seq=1839 dest=3866 tier=3 epoch1=0 epoch2=0 width=4]
[ECG-K2-RECV sim=gem5 seq=1839 dest=3866 tier=3 epoch1=0 epoch2=0 width=4]
[ECG-K2-EXPECT sim=gem5 seq=1840 dest=3943 tier=3 epoch1=0 epoch2=0 width=4]
[ECG-K2-RECV sim=gem5 seq=1840 dest=3943 tier=3 epoch1=0 epoch2=0 width=4]
[ECG-K2-REQUEST sim=gem5 seq=1352 request_seq=247338649 dest=3943 tier=3 epoch1=0 epoch2=0 current=0 context=1]
[ECG-K2-EXPECT sim=gem5 seq=1841 dest=3943 tier=3 epoch1=0 epoch2=0 width=4]
[ECG-K2-RECV sim=gem5 seq=1841 dest=3943 tier=3 epoch1=0 epoch2=0 width=4]
[ECG-K2-ACCEPT sim=gem5 seq=1351 request_seq=247338640 request_dest=3866 fill_dest=3866 source=request tier=3 epoch1=0 epoch2=0 current=0 context=1 property_elem_bytes=4]
[ECG-K2-EXPECT sim=gem5 seq=1842 dest=3965 tier=3 epoch1=0 epoch2=1 width=4]
[ECG-K2-RECV sim=gem5 seq=1842 dest=3965 tier=3 epoch1=0 epoch2=1 width=4]
[ECG-K2-REQUEST sim=gem5 seq=1353 request_seq=247338658 dest=3965 tier=3 epoch1=0 epoch2=1 current=0 context=1]
[ECG-K2-EXPECT sim=gem5 seq=1843 dest=3989 tier=3 epoch1=0 epoch2=0 width=4]
[ECG-K2-RECV sim=gem5 seq=1843 dest=3989 tier=3 epoch1=0 epoch2=0 width=4]
[ECG-K2-REQUEST sim=gem5 seq=1354 request_seq=247338667 dest=3989 tier=3 epoch1=0 epoch2=0 current=0 context=1]
[ECG-K2-EXPECT sim=gem5 seq=1844 dest=4044 tier=3 epoch1=0 epoch2=0 width=4]
[ECG-K2-RECV sim=gem5 seq=1844 dest=4044 tier=3 epoch1=0 epoch2=0 width=4]
[ECG-K2-REQUEST sim=gem5 seq=1355 request_seq=247338676 dest=4044 tier=3 epoch1=0 epoch2=0 current=0 context=1]
[ECG-K2-EXPECT sim=gem5 seq=1845 dest=3943 tier=3 epoch1=0 epoch2=0 width=4]
[ECG-K2-RECV sim=gem5 seq=1845 dest=3943 tier=3 epoch1=0 epoch2=0 width=4]
[ECG-K2-EXPECT sim=gem5 seq=1846 dest=3965 tier=3 epoch1=0 epoch2=1 width=4]
[ECG-K2-RECV sim=gem5 seq=1846 dest=3965 tier=3 epoch1=0 epoch2=1 width=4]
[ECG-K2-EXPECT sim=gem5 seq=1847 dest=3989 tier=3 epoch1=0 epoch2=0 width=4]
[ECG-K2-RECV sim=gem5 seq=1847 dest=3989 tier=3 epoch1=0 epoch2=0 width=4]
[ECG-K2-EXPECT sim=gem5 seq=1848 dest=4044 tier=3 epoch1=0 epoch2=0 width=4]
[ECG-K2-RECV sim=gem5 seq=1848 dest=4044 tier=3 epoch1=0 epoch2=0 width=4]
[ECG-K2-EXPECT sim=gem5 seq=1849 dest=3965 tier=3 epoch1=0 epoch2=1 width=4]
[ECG-K2-RECV sim=gem5 seq=1849 dest=3965 tier=3 epoch1=0 epoch2=1 width=4]
[ECG-K2-EXPECT sim=gem5 seq=1850 dest=3989 tier=3 epoch1=0 epoch2=0 width=4]
[ECG-K2-RECV sim=gem5 seq=1850 dest=3989 tier=3 epoch1=0 epoch2=0 width=4]
[ECG-K2-EXPECT sim=gem5 seq=1851 dest=4044 tier=3 epoch1=0 epoch2=0 width=4]
[ECG-K2-RECV sim=gem5 seq=1851 dest=4044 tier=3 epoch1=0 epoch2=0 width=4]
[ECG-K2-ACCEPT sim=gem5 seq=1352 request_seq=247338649 request_dest=3943 fill_dest=3943 source=request tier=3 epoch1=0 epoch2=0 current=0 context=1 property_elem_bytes=4]
[ECG-K2-ACCEPT sim=gem5 seq=1353 request_seq=247338658 request_dest=3965 fill_dest=3965 source=request tier=3 epoch1=0 epoch2=1 current=0 context=1 property_elem_bytes=4]
[ECG-K2-EXPECT sim=gem5 seq=1852 dest=3989 tier=3 epoch1=0 epoch2=0 width=4]
[ECG-K2-RECV sim=gem5 seq=1852 dest=3989 tier=3 epoch1=0 epoch2=0 width=4]
[ECG-K2-EXPECT sim=gem5 seq=1853 dest=4044 tier=3 epoch1=0 epoch2=0 width=4]
[ECG-K2-RECV sim=gem5 seq=1853 dest=4044 tier=3 epoch1=0 epoch2=0 width=4]
[ECG-K2-EXPECT sim=gem5 seq=1854 dest=4044 tier=3 epoch1=0 epoch2=0 width=4]
[ECG-K2-RECV sim=gem5 seq=1854 dest=4044 tier=3 epoch1=0 epoch2=0 width=4]
[ECG-K2-ACCEPT sim=gem5 seq=1354 request_seq=247338667 request_dest=3989 fill_dest=3989 source=request tier=3 epoch1=0 epoch2=0 current=0 context=1 property_elem_bytes=4]
[ECG-K2-ACCEPT sim=gem5 seq=1355 request_seq=247338676 request_dest=4044 fill_dest=4044 source=request tier=3 epoch1=0 epoch2=0 current=0 context=1 property_elem_bytes=4]
[ECG-K2-EXPECT sim=gem5 seq=1855 dest=0 tier=1 epoch1=0 epoch2=0 width=4]
[ECG-K2-RECV sim=gem5 seq=1855 dest=0 tier=1 epoch1=0 epoch2=0 width=4]
[ECG-K2-REQUEST sim=gem5 seq=1356 request_seq=247338882 dest=0 tier=1 epoch1=0 epoch2=0 current=0 context=1]
[ECG-K2-EXPECT sim=gem5 seq=1856 dest=1 tier=1 epoch1=0 epoch2=0 width=4]
[ECG-K2-RECV sim=gem5 seq=1856 dest=1 tier=1 epoch1=0 epoch2=0 width=4]
[ECG-K2-REQUEST sim=gem5 seq=1357 request_seq=247338891 dest=1 tier=1 epoch1=0 epoch2=0 current=0 context=1]
[ECG-K2-EXPECT sim=gem5 seq=1857 dest=2 tier=1 epoch1=0 epoch2=0 width=4]
[ECG-K2-RECV sim=gem5 seq=1857 dest=2 tier=1 epoch1=0 epoch2=0 width=4]
[ECG-K2-REQUEST sim=gem5 seq=1358 request_seq=247338900 dest=2 tier=1 epoch1=0 epoch2=0 current=0 context=1]
[ECG-K2-EXPECT sim=gem5 seq=1858 dest=3 tier=1 epoch1=0 epoch2=0 width=4]
[ECG-K2-RECV sim=gem5 seq=1858 dest=3 tier=1 epoch1=0 epoch2=0 width=4]
[ECG-K2-REQUEST sim=gem5 seq=1359 request_seq=247338909 dest=3 tier=1 epoch1=0 epoch2=0 current=0 context=1]
[ECG-STREAM-BYPASS sim=gem5 cache=system.l3cache addr=0x3ca540 vaddr=0x3b9540 size=4 source=request-flag allocate=0]
[ECG-K2-EXPECT sim=gem5 seq=1859 dest=4 tier=1 epoch1=0 epoch2=0 width=4]
[ECG-K2-RECV sim=gem5 seq=1859 dest=4 tier=1 epoch1=0 epoch2=0 width=4]
[ECG-K2-REQUEST sim=gem5 seq=1360 request_seq=247338918 dest=4 tier=1 epoch1=0 epoch2=0 current=0 context=1]
[ECG-K2-EXPECT sim=gem5 seq=1860 dest=6 tier=1 epoch1=0 epoch2=0 width=4]
[ECG-K2-RECV sim=gem5 seq=1860 dest=6 tier=1 epoch1=0 epoch2=0 width=4]
[ECG-K2-REQUEST sim=gem5 seq=1361 request_seq=247338927 dest=6 tier=1 epoch1=0 epoch2=0 current=0 context=1]
[ECG-K2-EXPECT sim=gem5 seq=1861 dest=7 tier=1 epoch1=0 epoch2=0 width=4]
[ECG-K2-RECV sim=gem5 seq=1861 dest=7 tier=1 epoch1=0 epoch2=0 width=4]
[ECG-K2-REQUEST sim=gem5 seq=1362 request_seq=247338936 dest=7 tier=1 epoch1=0 epoch2=0 current=0 context=1]
[ECG-K2-EXPECT sim=gem5 seq=1862 dest=8 tier=1 epoch1=0 epoch2=0 width=4]
[ECG-K2-RECV sim=gem5 seq=1862 dest=8 tier=1 epoch1=0 epoch2=0 width=4]
[ECG-K2-REQUEST sim=gem5 seq=1363 request_seq=247338945 dest=8 tier=1 epoch1=0 epoch2=0 current=0 context=1]
[ECG-K2-EXPECT sim=gem5 seq=1863 dest=9 tier=1 epoch1=0 epoch2=0 width=4]
[ECG-K2-RECV sim=gem5 seq=1863 dest=9 tier=1 epoch1=0 epoch2=0 width=4]
[ECG-K2-REQUEST sim=gem5 seq=1364 request_seq=247338954 dest=9 tier=1 epoch1=0 epoch2=0 current=0 context=1]
[ECG-K2-EXPECT sim=gem5 seq=1864 dest=10 tier=1 epoch1=0 epoch2=0 width=4]
[ECG-K2-RECV sim=gem5 seq=1864 dest=10 tier=1 epoch1=0 epoch2=0 width=4]
[ECG-K2-REQUEST sim=gem5 seq=1365 request_seq=247338963 dest=10 tier=1 epoch1=0 epoch2=0 current=0 context=1]
[ECG-K2-EXPECT sim=gem5 seq=1865 dest=11 tier=1 epoch1=0 epoch2=0 width=4]
[ECG-K2-RECV sim=gem5 seq=1865 dest=11 tier=1 epoch1=0 epoch2=0 width=4]
[ECG-K2-REQUEST sim=gem5 seq=1366 request_seq=247338972 dest=11 tier=1 epoch1=0 epoch2=0 current=0 context=1]
[ECG-K2-EXPECT sim=gem5 seq=1866 dest=12 tier=1 epoch1=0 epoch2=0 width=4]
[ECG-K2-RECV sim=gem5 seq=1866 dest=12 tier=1 epoch1=0 epoch2=0 width=4]
[ECG-K2-REQUEST sim=gem5 seq=1367 request_seq=247338981 dest=12 tier=1 epoch1=0 epoch2=0 current=0 context=1]
[ECG-K2-EXPECT sim=gem5 seq=1867 dest=13 tier=1 epoch1=0 epoch2=0 width=4]
[ECG-K2-RECV sim=gem5 seq=1867 dest=13 tier=1 epoch1=0 epoch2=0 width=4]
[ECG-K2-REQUEST sim=gem5 seq=1368 request_seq=247338990 dest=13 tier=1 epoch1=0 epoch2=0 current=0 context=1]
[ECG-K2-EXPECT sim=gem5 seq=1868 dest=14 tier=1 epoch1=0 epoch2=0 width=4]
[ECG-K2-RECV sim=gem5 seq=1868 dest=14 tier=1 epoch1=0 epoch2=0 width=4]
[ECG-K2-REQUEST sim=gem5 seq=1369 request_seq=247338999 dest=14 tier=1 epoch1=0 epoch2=0 current=0 context=1]
[ECG-K2-EXPECT sim=gem5 seq=1869 dest=15 tier=1 epoch1=0 epoch2=0 width=4]
[ECG-K2-RECV sim=gem5 seq=1869 dest=15 tier=1 epoch1=0 epoch2=0 width=4]
[ECG-K2-REQUEST sim=gem5 seq=1370 request_seq=247339008 dest=15 tier=1 epoch1=0 epoch2=0 current=0 context=1]
[ECG-K2-EXPECT sim=gem5 seq=1870 dest=16 tier=1 epoch1=0 epoch2=0 width=4]
[ECG-K2-RECV sim=gem5 seq=1870 dest=16 tier=1 epoch1=0 epoch2=0 width=4]
[ECG-K2-REQUEST sim=gem5 seq=1371 request_seq=247339017 dest=16 tier=1 epoch1=0 epoch2=0 current=0 context=1]
[ECG-K2-EXPECT sim=gem5 seq=1871 dest=17 tier=1 epoch1=0 epoch2=0 width=4]
[ECG-K2-RECV sim=gem5 seq=1871 dest=17 tier=1 epoch1=0 epoch2=0 width=4]
[ECG-K2-REQUEST sim=gem5 seq=1372 request_seq=247339026 dest=17 tier=1 epoch1=0 epoch2=0 current=0 context=1]
[ECG-K2-EXPECT sim=gem5 seq=1872 dest=18 tier=1 epoch1=0 epoch2=0 width=4]
[ECG-K2-RECV sim=gem5 seq=1872 dest=18 tier=1 epoch1=0 epoch2=0 width=4]
[ECG-K2-REQUEST sim=gem5 seq=1373 request_seq=247339035 dest=18 tier=1 epoch1=0 epoch2=0 current=0 context=1]
[ECG-K2-EXPECT sim=gem5 seq=1873 dest=19 tier=1 epoch1=0 epoch2=0 width=4]
[ECG-K2-RECV sim=gem5 seq=1873 dest=19 tier=1 epoch1=0 epoch2=0 width=4]
[ECG-K2-REQUEST sim=gem5 seq=1374 request_seq=247339044 dest=19 tier=1 epoch1=0 epoch2=0 current=0 context=1]
[ECG-K2-EXPECT sim=gem5 seq=1874 dest=20 tier=1 epoch1=0 epoch2=0 width=4]
[ECG-K2-RECV sim=gem5 seq=1874 dest=20 tier=1 epoch1=0 epoch2=0 width=4]
[ECG-K2-REQUEST sim=gem5 seq=1375 request_seq=247339053 dest=20 tier=1 epoch1=0 epoch2=0 current=0 context=1]
[ECG-STREAM-BYPASS sim=gem5 cache=system.l3cache addr=0x3ca580 vaddr=0x3b9580 size=4 source=request-flag allocate=0]
[ECG-K2-EXPECT sim=gem5 seq=1875 dest=21 tier=1 epoch1=0 epoch2=0 width=4]
[ECG-K2-RECV sim=gem5 seq=1875 dest=21 tier=1 epoch1=0 epoch2=0 width=4]
[ECG-K2-REQUEST sim=gem5 seq=1376 request_seq=247339062 dest=21 tier=1 epoch1=0 epoch2=0 current=0 context=1]
[ECG-K2-EXPECT sim=gem5 seq=1876 dest=22 tier=1 epoch1=0 epoch2=0 width=4]
[ECG-K2-RECV sim=gem5 seq=1876 dest=22 tier=1 epoch1=0 epoch2=0 width=4]
[ECG-K2-REQUEST sim=gem5 seq=1377 request_seq=247339071 dest=22 tier=1 epoch1=0 epoch2=0 current=0 context=1]
[ECG-K2-EXPECT sim=gem5 seq=1877 dest=23 tier=1 epoch1=0 epoch2=0 width=4]
[ECG-K2-RECV sim=gem5 seq=1877 dest=23 tier=1 epoch1=0 epoch2=0 width=4]
[ECG-K2-REQUEST sim=gem5 seq=1378 request_seq=247339080 dest=23 tier=1 epoch1=0 epoch2=0 current=0 context=1]
[ECG-K2-EXPECT sim=gem5 seq=1878 dest=24 tier=1 epoch1=0 epoch2=0 width=4]
[ECG-K2-RECV sim=gem5 seq=1878 dest=24 tier=1 epoch1=0 epoch2=0 width=4]
[ECG-K2-REQUEST sim=gem5 seq=1379 request_seq=247339089 dest=24 tier=1 epoch1=0 epoch2=0 current=0 context=1]
[ECG-K2-EXPECT sim=gem5 seq=1879 dest=25 tier=1 epoch1=0 epoch2=0 width=4]
[ECG-K2-RECV sim=gem5 seq=1879 dest=25 tier=1 epoch1=0 epoch2=0 width=4]
[ECG-K2-REQUEST sim=gem5 seq=1380 request_seq=247339098 dest=25 tier=1 epoch1=0 epoch2=0 current=0 context=1]
[ECG-K2-EXPECT sim=gem5 seq=1880 dest=26 tier=1 epoch1=0 epoch2=0 width=4]
[ECG-K2-RECV sim=gem5 seq=1880 dest=26 tier=1 epoch1=0 epoch2=0 width=4]
[ECG-K2-REQUEST sim=gem5 seq=1381 request_seq=247339107 dest=26 tier=1 epoch1=0 epoch2=0 current=0 context=1]
[ECG-K2-EXPECT sim=gem5 seq=1881 dest=27 tier=1 epoch1=0 epoch2=0 width=4]
[ECG-K2-RECV sim=gem5 seq=1881 dest=27 tier=1 epoch1=0 epoch2=0 width=4]
[ECG-K2-REQUEST sim=gem5 seq=1382 request_seq=247339116 dest=27 tier=1 epoch1=0 epoch2=0 current=0 context=1]
[ECG-K2-EXPECT sim=gem5 seq=1882 dest=28 tier=1 epoch1=0 epoch2=0 width=4]
[ECG-K2-RECV sim=gem5 seq=1882 dest=28 tier=1 epoch1=0 epoch2=0 width=4]
[ECG-K2-REQUEST sim=gem5 seq=1383 request_seq=247339125 dest=28 tier=1 epoch1=0 epoch2=0 current=0 context=1]
[ECG-K2-EXPECT sim=gem5 seq=1883 dest=29 tier=1 epoch1=0 epoch2=0 width=4]
[ECG-K2-RECV sim=gem5 seq=1883 dest=29 tier=1 epoch1=0 epoch2=0 width=4]
[ECG-K2-REQUEST sim=gem5 seq=1384 request_seq=247339134 dest=29 tier=1 epoch1=0 epoch2=0 current=0 context=1]
[ECG-K2-EXPECT sim=gem5 seq=1884 dest=30 tier=1 epoch1=0 epoch2=0 width=4]
[ECG-K2-RECV sim=gem5 seq=1884 dest=30 tier=1 epoch1=0 epoch2=0 width=4]
[ECG-K2-REQUEST sim=gem5 seq=1385 request_seq=247339143 dest=30 tier=1 epoch1=0 epoch2=0 current=0 context=1]
[ECG-K2-EXPECT sim=gem5 seq=1885 dest=31 tier=1 epoch1=0 epoch2=0 width=4]
[ECG-K2-RECV sim=gem5 seq=1885 dest=31 tier=1 epoch1=0 epoch2=0 width=4]
[ECG-K2-REQUEST sim=gem5 seq=1386 request_seq=247339152 dest=31 tier=1 epoch1=0 epoch2=0 current=0 context=1]
[ECG-K2-EXPECT sim=gem5 seq=1886 dest=32 tier=1 epoch1=0 epoch2=0 width=4]
[ECG-K2-RECV sim=gem5 seq=1886 dest=32 tier=1 epoch1=0 epoch2=0 width=4]
[ECG-K2-REQUEST sim=gem5 seq=1387 request_seq=247339161 dest=32 tier=1 epoch1=0 epoch2=0 current=0 context=1]
[ECG-K2-EXPECT sim=gem5 seq=1887 dest=33 tier=1 epoch1=0 epoch2=0 width=4]
[ECG-K2-RECV sim=gem5 seq=1887 dest=33 tier=1 epoch1=0 epoch2=0 width=4]
[ECG-K2-REQUEST sim=gem5 seq=1388 request_seq=247339170 dest=33 tier=1 epoch1=0 epoch2=0 current=0 context=1]
[ECG-K2-EXPECT sim=gem5 seq=1888 dest=34 tier=1 epoch1=0 epoch2=0 width=4]
[ECG-K2-RECV sim=gem5 seq=1888 dest=34 tier=1 epoch1=0 epoch2=0 width=4]
[ECG-K2-REQUEST sim=gem5 seq=1389 request_seq=247339179 dest=34 tier=1 epoch1=0 epoch2=0 current=0 context=1]
[ECG-K2-EXPECT sim=gem5 seq=1889 dest=35 tier=1 epoch1=0 epoch2=0 width=4]
[ECG-K2-RECV sim=gem5 seq=1889 dest=35 tier=1 epoch1=0 epoch2=0 width=4]
[ECG-K2-REQUEST sim=gem5 seq=1390 request_seq=247339188 dest=35 tier=1 epoch1=0 epoch2=0 current=0 context=1]
[ECG-K2-EXPECT sim=gem5 seq=1890 dest=36 tier=1 epoch1=0 epoch2=0 width=4]
[ECG-K2-RECV sim=gem5 seq=1890 dest=36 tier=1 epoch1=0 epoch2=0 width=4]
[ECG-K2-REQUEST sim=gem5 seq=1391 request_seq=247339197 dest=36 tier=1 epoch1=0 epoch2=0 current=0 context=1]
[ECG-STREAM-BYPASS sim=gem5 cache=system.l3cache addr=0x3ca5c0 vaddr=0x3b95c0 size=4 source=request-flag allocate=0]
[ECG-K2-EXPECT sim=gem5 seq=1891 dest=37 tier=1 epoch1=0 epoch2=0 width=4]
[ECG-K2-RECV sim=gem5 seq=1891 dest=37 tier=1 epoch1=0 epoch2=0 width=4]
[ECG-K2-REQUEST sim=gem5 seq=1392 request_seq=247339206 dest=37 tier=1 epoch1=0 epoch2=0 current=0 context=1]
[ECG-K2-EXPECT sim=gem5 seq=1892 dest=38 tier=1 epoch1=0 epoch2=0 width=4]
[ECG-K2-RECV sim=gem5 seq=1892 dest=38 tier=1 epoch1=0 epoch2=0 width=4]
[ECG-K2-REQUEST sim=gem5 seq=1393 request_seq=247339215 dest=38 tier=1 epoch1=0 epoch2=0 current=0 context=1]
[ECG-K2-EXPECT sim=gem5 seq=1893 dest=39 tier=1 epoch1=0 epoch2=0 width=4]
[ECG-K2-RECV sim=gem5 seq=1893 dest=39 tier=1 epoch1=0 epoch2=0 width=4]
[ECG-K2-REQUEST sim=gem5 seq=1394 request_seq=247339224 dest=39 tier=1 epoch1=0 epoch2=0 current=0 context=1]
[ECG-K2-EXPECT sim=gem5 seq=1894 dest=40 tier=1 epoch1=0 epoch2=0 width=4]
[ECG-K2-RECV sim=gem5 seq=1894 dest=40 tier=1 epoch1=0 epoch2=0 width=4]
[ECG-K2-REQUEST sim=gem5 seq=1395 request_seq=247339233 dest=40 tier=1 epoch1=0 epoch2=0 current=0 context=1]
[ECG-K2-EXPECT sim=gem5 seq=1895 dest=41 tier=1 epoch1=0 epoch2=0 width=4]
[ECG-K2-RECV sim=gem5 seq=1895 dest=41 tier=1 epoch1=0 epoch2=0 width=4]
[ECG-K2-REQUEST sim=gem5 seq=1396 request_seq=247339242 dest=41 tier=1 epoch1=0 epoch2=0 current=0 context=1]
[ECG-K2-EXPECT sim=gem5 seq=1896 dest=42 tier=1 epoch1=0 epoch2=0 width=4]
[ECG-K2-RECV sim=gem5 seq=1896 dest=42 tier=1 epoch1=0 epoch2=0 width=4]
[ECG-K2-REQUEST sim=gem5 seq=1397 request_seq=247339251 dest=42 tier=1 epoch1=0 epoch2=0 current=0 context=1]
[ECG-K2-EXPECT sim=gem5 seq=1897 dest=43 tier=1 epoch1=0 epoch2=0 width=4]
[ECG-K2-RECV sim=gem5 seq=1897 dest=43 tier=1 epoch1=0 epoch2=0 width=4]
[ECG-K2-REQUEST sim=gem5 seq=1398 request_seq=247339260 dest=43 tier=1 epoch1=0 epoch2=0 current=0 context=1]
[ECG-K2-EXPECT sim=gem5 seq=1898 dest=44 tier=1 epoch1=0 epoch2=0 width=4]
[ECG-K2-RECV sim=gem5 seq=1898 dest=44 tier=1 epoch1=0 epoch2=0 width=4]
[ECG-K2-REQUEST sim=gem5 seq=1399 request_seq=247339269 dest=44 tier=1 epoch1=0 epoch2=0 current=0 context=1]
[ECG-K2-EXPECT sim=gem5 seq=1899 dest=45 tier=1 epoch1=0 epoch2=0 width=4]
[ECG-K2-RECV sim=gem5 seq=1899 dest=45 tier=1 epoch1=0 epoch2=0 width=4]
[ECG-K2-REQUEST sim=gem5 seq=1400 request_seq=247339278 dest=45 tier=1 epoch1=0 epoch2=0 current=0 context=1]
[ECG-K2-EXPECT sim=gem5 seq=1900 dest=46 tier=1 epoch1=0 epoch2=0 width=4]
[ECG-K2-RECV sim=gem5 seq=1900 dest=46 tier=1 epoch1=0 epoch2=0 width=4]
[ECG-K2-REQUEST sim=gem5 seq=1401 request_seq=247339287 dest=46 tier=1 epoch1=0 epoch2=0 current=0 context=1]
[ECG-K2-EXPECT sim=gem5 seq=1901 dest=47 tier=1 epoch1=0 epoch2=0 width=4]
[ECG-K2-RECV sim=gem5 seq=1901 dest=47 tier=1 epoch1=0 epoch2=0 width=4]
[ECG-K2-REQUEST sim=gem5 seq=1402 request_seq=247339296 dest=47 tier=1 epoch1=0 epoch2=0 current=0 context=1]
[ECG-K2-EXPECT sim=gem5 seq=1902 dest=48 tier=1 epoch1=0 epoch2=0 width=4]
[ECG-K2-RECV sim=gem5 seq=1902 dest=48 tier=1 epoch1=0 epoch2=0 width=4]
[ECG-K2-REQUEST sim=gem5 seq=1403 request_seq=247339305 dest=48 tier=1 epoch1=0 epoch2=0 current=0 context=1]
[ECG-K2-EXPECT sim=gem5 seq=1903 dest=49 tier=1 epoch1=0 epoch2=0 width=4]
[ECG-K2-RECV sim=gem5 seq=1903 dest=49 tier=1 epoch1=0 epoch2=0 width=4]
[ECG-K2-REQUEST sim=gem5 seq=1404 request_seq=247339314 dest=49 tier=1 epoch1=0 epoch2=0 current=0 context=1]
[ECG-K2-EXPECT sim=gem5 seq=1904 dest=50 tier=1 epoch1=0 epoch2=0 width=4]
[ECG-K2-RECV sim=gem5 seq=1904 dest=50 tier=1 epoch1=0 epoch2=0 width=4]
[ECG-K2-REQUEST sim=gem5 seq=1405 request_seq=247339323 dest=50 tier=1 epoch1=0 epoch2=0 current=0 context=1]
[ECG-K2-EXPECT sim=gem5 seq=1905 dest=51 tier=1 epoch1=0 epoch2=0 width=4]
[ECG-K2-RECV sim=gem5 seq=1905 dest=51 tier=1 epoch1=0 epoch2=0 width=4]
[ECG-K2-REQUEST sim=gem5 seq=1406 request_seq=247339332 dest=51 tier=1 epoch1=0 epoch2=0 current=0 context=1]
[ECG-K2-EXPECT sim=gem5 seq=1906 dest=52 tier=1 epoch1=0 epoch2=0 width=4]
[ECG-K2-RECV sim=gem5 seq=1906 dest=52 tier=1 epoch1=0 epoch2=0 width=4]
[ECG-K2-REQUEST sim=gem5 seq=1407 request_seq=247339341 dest=52 tier=1 epoch1=0 epoch2=0 current=0 context=1]
[ECG-STREAM-BYPASS sim=gem5 cache=system.l3cache addr=0x3ca600 vaddr=0x3b9600 size=4 source=request-flag allocate=0]
[ECG-K2-EXPECT sim=gem5 seq=1907 dest=53 tier=1 epoch1=0 epoch2=0 width=4]
[ECG-K2-RECV sim=gem5 seq=1907 dest=53 tier=1 epoch1=0 epoch2=0 width=4]
[ECG-K2-REQUEST sim=gem5 seq=1408 request_seq=247339350 dest=53 tier=1 epoch1=0 epoch2=0 current=0 context=1]
[ECG-K2-EXPECT sim=gem5 seq=1908 dest=54 tier=1 epoch1=0 epoch2=0 width=4]
[ECG-K2-RECV sim=gem5 seq=1908 dest=54 tier=1 epoch1=0 epoch2=0 width=4]
[ECG-K2-REQUEST sim=gem5 seq=1409 request_seq=247339359 dest=54 tier=1 epoch1=0 epoch2=0 current=0 context=1]
[ECG-K2-EXPECT sim=gem5 seq=1909 dest=55 tier=1 epoch1=0 epoch2=0 width=4]
[ECG-K2-RECV sim=gem5 seq=1909 dest=55 tier=1 epoch1=0 epoch2=0 width=4]
[ECG-K2-REQUEST sim=gem5 seq=1410 request_seq=247339368 dest=55 tier=1 epoch1=0 epoch2=0 current=0 context=1]
[ECG-K2-EXPECT sim=gem5 seq=1910 dest=56 tier=1 epoch1=0 epoch2=0 width=4]
[ECG-K2-RECV sim=gem5 seq=1910 dest=56 tier=1 epoch1=0 epoch2=0 width=4]
[ECG-K2-REQUEST sim=gem5 seq=1411 request_seq=247339377 dest=56 tier=1 epoch1=0 epoch2=0 current=0 context=1]
[ECG-K2-EXPECT sim=gem5 seq=1911 dest=57 tier=1 epoch1=0 epoch2=0 width=4]
[ECG-K2-RECV sim=gem5 seq=1911 dest=57 tier=1 epoch1=0 epoch2=0 width=4]
[ECG-K2-REQUEST sim=gem5 seq=1412 request_seq=247339386 dest=57 tier=1 epoch1=0 epoch2=0 current=0 context=1]
[ECG-K2-EXPECT sim=gem5 seq=1912 dest=58 tier=1 epoch1=0 epoch2=0 width=4]
[ECG-K2-RECV sim=gem5 seq=1912 dest=58 tier=1 epoch1=0 epoch2=0 width=4]
[ECG-K2-REQUEST sim=gem5 seq=1413 request_seq=247339395 dest=58 tier=1 epoch1=0 epoch2=0 current=0 context=1]
[ECG-K2-EXPECT sim=gem5 seq=1913 dest=59 tier=1 epoch1=0 epoch2=0 width=4]
[ECG-K2-RECV sim=gem5 seq=1913 dest=59 tier=1 epoch1=0 epoch2=0 width=4]
[ECG-K2-REQUEST sim=gem5 seq=1414 request_seq=247339404 dest=59 tier=1 epoch1=0 epoch2=0 current=0 context=1]
[ECG-K2-EXPECT sim=gem5 seq=1914 dest=60 tier=1 epoch1=0 epoch2=0 width=4]
[ECG-K2-RECV sim=gem5 seq=1914 dest=60 tier=1 epoch1=0 epoch2=0 width=4]
[ECG-K2-REQUEST sim=gem5 seq=1415 request_seq=247339413 dest=60 tier=1 epoch1=0 epoch2=0 current=0 context=1]
[ECG-K2-EXPECT sim=gem5 seq=1915 dest=61 tier=1 epoch1=0 epoch2=0 width=4]
[ECG-K2-RECV sim=gem5 seq=1915 dest=61 tier=1 epoch1=0 epoch2=0 width=4]
[ECG-K2-REQUEST sim=gem5 seq=1416 request_seq=247339422 dest=61 tier=1 epoch1=0 epoch2=0 current=0 context=1]
[ECG-K2-EXPECT sim=gem5 seq=1916 dest=62 tier=1 epoch1=0 epoch2=0 width=4]
[ECG-K2-RECV sim=gem5 seq=1916 dest=62 tier=1 epoch1=0 epoch2=0 width=4]
[ECG-K2-REQUEST sim=gem5 seq=1417 request_seq=247339431 dest=62 tier=1 epoch1=0 epoch2=0 current=0 context=1]
[ECG-K2-EXPECT sim=gem5 seq=1917 dest=63 tier=1 epoch1=0 epoch2=0 width=4]
[ECG-K2-RECV sim=gem5 seq=1917 dest=63 tier=1 epoch1=0 epoch2=0 width=4]
[ECG-K2-REQUEST sim=gem5 seq=1418 request_seq=247339440 dest=63 tier=1 epoch1=0 epoch2=0 current=0 context=1]
[ECG-K2-EXPECT sim=gem5 seq=1918 dest=64 tier=1 epoch1=0 epoch2=0 width=4]
[ECG-K2-RECV sim=gem5 seq=1918 dest=64 tier=1 epoch1=0 epoch2=0 width=4]
[ECG-K2-REQUEST sim=gem5 seq=1419 request_seq=247339449 dest=64 tier=1 epoch1=0 epoch2=0 current=0 context=1]
[ECG-K2-EXPECT sim=gem5 seq=1919 dest=65 tier=1 epoch1=0 epoch2=0 width=4]
[ECG-K2-RECV sim=gem5 seq=1919 dest=65 tier=1 epoch1=0 epoch2=0 width=4]
[ECG-K2-REQUEST sim=gem5 seq=1420 request_seq=247339458 dest=65 tier=1 epoch1=0 epoch2=0 current=0 context=1]
[ECG-K2-EXPECT sim=gem5 seq=1920 dest=66 tier=1 epoch1=0 epoch2=0 width=4]
[ECG-K2-RECV sim=gem5 seq=1920 dest=66 tier=1 epoch1=0 epoch2=0 width=4]
[ECG-K2-REQUEST sim=gem5 seq=1421 request_seq=247339467 dest=66 tier=1 epoch1=0 epoch2=0 current=0 context=1]
[ECG-K2-EXPECT sim=gem5 seq=1921 dest=67 tier=1 epoch1=0 epoch2=0 width=4]
[ECG-K2-RECV sim=gem5 seq=1921 dest=67 tier=1 epoch1=0 epoch2=0 width=4]
[ECG-K2-REQUEST sim=gem5 seq=1422 request_seq=247339476 dest=67 tier=1 epoch1=0 epoch2=0 current=0 context=1]
[ECG-K2-EXPECT sim=gem5 seq=1922 dest=68 tier=1 epoch1=0 epoch2=0 width=4]
[ECG-K2-RECV sim=gem5 seq=1922 dest=68 tier=1 epoch1=0 epoch2=0 width=4]
[ECG-K2-REQUEST sim=gem5 seq=1423 request_seq=247339485 dest=68 tier=1 epoch1=0 epoch2=0 current=0 context=1]
[ECG-STREAM-BYPASS sim=gem5 cache=system.l3cache addr=0x3ca640 vaddr=0x3b9640 size=4 source=request-flag allocate=0]
[ECG-K2-EXPECT sim=gem5 seq=1923 dest=69 tier=1 epoch1=0 epoch2=0 width=4]
[ECG-K2-RECV sim=gem5 seq=1923 dest=69 tier=1 epoch1=0 epoch2=0 width=4]
[ECG-K2-REQUEST sim=gem5 seq=1424 request_seq=247339494 dest=69 tier=1 epoch1=0 epoch2=0 current=0 context=1]
[ECG-K2-EXPECT sim=gem5 seq=1924 dest=70 tier=1 epoch1=0 epoch2=0 width=4]
[ECG-K2-RECV sim=gem5 seq=1924 dest=70 tier=1 epoch1=0 epoch2=0 width=4]
[ECG-K2-REQUEST sim=gem5 seq=1425 request_seq=247339503 dest=70 tier=1 epoch1=0 epoch2=0 current=0 context=1]
[ECG-K2-EXPECT sim=gem5 seq=1925 dest=71 tier=1 epoch1=0 epoch2=0 width=4]
[ECG-K2-RECV sim=gem5 seq=1925 dest=71 tier=1 epoch1=0 epoch2=0 width=4]
[ECG-K2-REQUEST sim=gem5 seq=1426 request_seq=247339512 dest=71 tier=1 epoch1=0 epoch2=0 current=0 context=1]
[ECG-K2-EXPECT sim=gem5 seq=1926 dest=72 tier=1 epoch1=0 epoch2=0 width=4]
[ECG-K2-RECV sim=gem5 seq=1926 dest=72 tier=1 epoch1=0 epoch2=0 width=4]
[ECG-K2-REQUEST sim=gem5 seq=1427 request_seq=247339521 dest=72 tier=1 epoch1=0 epoch2=0 current=0 context=1]
[ECG-K2-EXPECT sim=gem5 seq=1927 dest=73 tier=1 epoch1=0 epoch2=0 width=4]
[ECG-K2-RECV sim=gem5 seq=1927 dest=73 tier=1 epoch1=0 epoch2=0 width=4]
[ECG-K2-REQUEST sim=gem5 seq=1428 request_seq=247339530 dest=73 tier=1 epoch1=0 epoch2=0 current=0 context=1]
[ECG-K2-EXPECT sim=gem5 seq=1928 dest=74 tier=1 epoch1=0 epoch2=0 width=4]
[ECG-K2-RECV sim=gem5 seq=1928 dest=74 tier=1 epoch1=0 epoch2=0 width=4]
[ECG-K2-REQUEST sim=gem5 seq=1429 request_seq=247339539 dest=74 tier=1 epoch1=0 epoch2=0 current=0 context=1]
[ECG-K2-EXPECT sim=gem5 seq=1929 dest=75 tier=1 epoch1=0 epoch2=0 width=4]
[ECG-K2-RECV sim=gem5 seq=1929 dest=75 tier=1 epoch1=0 epoch2=0 width=4]
[ECG-K2-REQUEST sim=gem5 seq=1430 request_seq=247339548 dest=75 tier=1 epoch1=0 epoch2=0 current=0 context=1]
[ECG-K2-EXPECT sim=gem5 seq=1930 dest=76 tier=1 epoch1=0 epoch2=0 width=4]
[ECG-K2-RECV sim=gem5 seq=1930 dest=76 tier=1 epoch1=0 epoch2=0 width=4]
[ECG-K2-REQUEST sim=gem5 seq=1431 request_seq=247339557 dest=76 tier=1 epoch1=0 epoch2=0 current=0 context=1]
[ECG-K2-EXPECT sim=gem5 seq=1931 dest=77 tier=1 epoch1=0 epoch2=0 width=4]
[ECG-K2-RECV sim=gem5 seq=1931 dest=77 tier=1 epoch1=0 epoch2=0 width=4]
[ECG-K2-REQUEST sim=gem5 seq=1432 request_seq=247339566 dest=77 tier=1 epoch1=0 epoch2=0 current=0 context=1]
[ECG-K2-EXPECT sim=gem5 seq=1932 dest=78 tier=1 epoch1=0 epoch2=0 width=4]
[ECG-K2-RECV sim=gem5 seq=1932 dest=78 tier=1 epoch1=0 epoch2=0 width=4]
[ECG-K2-REQUEST sim=gem5 seq=1433 request_seq=247339575 dest=78 tier=1 epoch1=0 epoch2=0 current=0 context=1]
[ECG-K2-EXPECT sim=gem5 seq=1933 dest=79 tier=1 epoch1=0 epoch2=0 width=4]
[ECG-K2-RECV sim=gem5 seq=1933 dest=79 tier=1 epoch1=0 epoch2=0 width=4]
[ECG-K2-REQUEST sim=gem5 seq=1434 request_seq=247339584 dest=79 tier=1 epoch1=0 epoch2=0 current=0 context=1]
[ECG-K2-EXPECT sim=gem5 seq=1934 dest=81 tier=1 epoch1=0 epoch2=0 width=4]
[ECG-K2-RECV sim=gem5 seq=1934 dest=81 tier=1 epoch1=0 epoch2=0 width=4]
[ECG-K2-REQUEST sim=gem5 seq=1435 request_seq=247339593 dest=81 tier=1 epoch1=0 epoch2=0 current=0 context=1]
[ECG-K2-EXPECT sim=gem5 seq=1935 dest=82 tier=1 epoch1=0 epoch2=0 width=4]
[ECG-K2-RECV sim=gem5 seq=1935 dest=82 tier=1 epoch1=0 epoch2=0 width=4]
[ECG-K2-REQUEST sim=gem5 seq=1436 request_seq=247339602 dest=82 tier=1 epoch1=0 epoch2=0 current=0 context=1]
[ECG-K2-EXPECT sim=gem5 seq=1936 dest=83 tier=1 epoch1=0 epoch2=0 width=4]
[ECG-K2-RECV sim=gem5 seq=1936 dest=83 tier=1 epoch1=0 epoch2=0 width=4]
[ECG-K2-REQUEST sim=gem5 seq=1437 request_seq=247339611 dest=83 tier=1 epoch1=0 epoch2=0 current=0 context=1]
[ECG-K2-EXPECT sim=gem5 seq=1937 dest=84 tier=1 epoch1=0 epoch2=0 width=4]
[ECG-K2-RECV sim=gem5 seq=1937 dest=84 tier=1 epoch1=0 epoch2=0 width=4]
[ECG-K2-REQUEST sim=gem5 seq=1438 request_seq=247339620 dest=84 tier=1 epoch1=0 epoch2=0 current=0 context=1]
[ECG-K2-EXPECT sim=gem5 seq=1938 dest=86 tier=1 epoch1=0 epoch2=0 width=4]
[ECG-K2-RECV sim=gem5 seq=1938 dest=86 tier=1 epoch1=0 epoch2=0 width=4]
[ECG-K2-REQUEST sim=gem5 seq=1439 request_seq=247339629 dest=86 tier=1 epoch1=0 epoch2=0 current=0 context=1]
[ECG-STREAM-BYPASS sim=gem5 cache=system.l3cache addr=0x3ca680 vaddr=0x3b9680 size=4 source=request-flag allocate=0]
[ECG-K2-EXPECT sim=gem5 seq=1939 dest=88 tier=1 epoch1=0 epoch2=0 width=4]
[ECG-K2-RECV sim=gem5 seq=1939 dest=88 tier=1 epoch1=0 epoch2=0 width=4]
[ECG-K2-REQUEST sim=gem5 seq=1440 request_seq=247339638 dest=88 tier=1 epoch1=0 epoch2=0 current=0 context=1]
[ECG-K2-EXPECT sim=gem5 seq=1940 dest=89 tier=1 epoch1=0 epoch2=0 width=4]
[ECG-K2-RECV sim=gem5 seq=1940 dest=89 tier=1 epoch1=0 epoch2=0 width=4]
[ECG-K2-REQUEST sim=gem5 seq=1441 request_seq=247339647 dest=89 tier=1 epoch1=0 epoch2=0 current=0 context=1]
[ECG-K2-EXPECT sim=gem5 seq=1941 dest=90 tier=1 epoch1=0 epoch2=0 width=4]
[ECG-K2-RECV sim=gem5 seq=1941 dest=90 tier=1 epoch1=0 epoch2=0 width=4]
[ECG-K2-REQUEST sim=gem5 seq=1442 request_seq=247339656 dest=90 tier=1 epoch1=0 epoch2=0 current=0 context=1]
[ECG-K2-EXPECT sim=gem5 seq=1942 dest=91 tier=1 epoch1=0 epoch2=0 width=4]
[ECG-K2-RECV sim=gem5 seq=1942 dest=91 tier=1 epoch1=0 epoch2=0 width=4]
[ECG-K2-REQUEST sim=gem5 seq=1443 request_seq=247339665 dest=91 tier=1 epoch1=0 epoch2=0 current=0 context=1]
[ECG-K2-EXPECT sim=gem5 seq=1943 dest=92 tier=1 epoch1=0 epoch2=0 width=4]
[ECG-K2-RECV sim=gem5 seq=1943 dest=92 tier=1 epoch1=0 epoch2=0 width=4]
[ECG-K2-REQUEST sim=gem5 seq=1444 request_seq=247339674 dest=92 tier=1 epoch1=0 epoch2=0 current=0 context=1]
[ECG-K2-EXPECT sim=gem5 seq=1944 dest=93 tier=1 epoch1=0 epoch2=0 width=4]
[ECG-K2-RECV sim=gem5 seq=1944 dest=93 tier=1 epoch1=0 epoch2=0 width=4]
[ECG-K2-REQUEST sim=gem5 seq=1445 request_seq=247339683 dest=93 tier=1 epoch1=0 epoch2=0 current=0 context=1]
[ECG-K2-EXPECT sim=gem5 seq=1945 dest=94 tier=1 epoch1=0 epoch2=0 width=4]
[ECG-K2-RECV sim=gem5 seq=1945 dest=94 tier=1 epoch1=0 epoch2=0 width=4]
[ECG-K2-REQUEST sim=gem5 seq=1446 request_seq=247339692 dest=94 tier=1 epoch1=0 epoch2=0 current=0 context=1]
[ECG-K2-EXPECT sim=gem5 seq=1946 dest=96 tier=1 epoch1=0 epoch2=0 width=4]
[ECG-K2-RECV sim=gem5 seq=1946 dest=96 tier=1 epoch1=0 epoch2=0 width=4]
[ECG-K2-REQUEST sim=gem5 seq=1447 request_seq=247339701 dest=96 tier=1 epoch1=0 epoch2=0 current=0 context=1]
[ECG-K2-EXPECT sim=gem5 seq=1947 dest=98 tier=1 epoch1=0 epoch2=0 width=4]
[ECG-K2-RECV sim=gem5 seq=1947 dest=98 tier=1 epoch1=0 epoch2=0 width=4]
[ECG-K2-REQUEST sim=gem5 seq=1448 request_seq=247339710 dest=98 tier=1 epoch1=0 epoch2=0 current=0 context=1]
[ECG-K2-EXPECT sim=gem5 seq=1948 dest=99 tier=1 epoch1=0 epoch2=0 width=4]
[ECG-K2-RECV sim=gem5 seq=1948 dest=99 tier=1 epoch1=0 epoch2=0 width=4]
[ECG-K2-REQUEST sim=gem5 seq=1449 request_seq=247339719 dest=99 tier=1 epoch1=0 epoch2=0 current=0 context=1]
[ECG-K2-EXPECT sim=gem5 seq=1949 dest=100 tier=1 epoch1=0 epoch2=0 width=4]
[ECG-K2-RECV sim=gem5 seq=1949 dest=100 tier=1 epoch1=0 epoch2=0 width=4]
[ECG-K2-REQUEST sim=gem5 seq=1450 request_seq=247339728 dest=100 tier=1 epoch1=0 epoch2=0 current=0 context=1]
[ECG-K2-EXPECT sim=gem5 seq=1950 dest=101 tier=1 epoch1=0 epoch2=0 width=4]
[ECG-K2-RECV sim=gem5 seq=1950 dest=101 tier=1 epoch1=0 epoch2=0 width=4]
[ECG-K2-REQUEST sim=gem5 seq=1451 request_seq=247339737 dest=101 tier=1 epoch1=0 epoch2=0 current=0 context=1]
[ECG-K2-EXPECT sim=gem5 seq=1951 dest=102 tier=1 epoch1=0 epoch2=0 width=4]
[ECG-K2-RECV sim=gem5 seq=1951 dest=102 tier=1 epoch1=0 epoch2=0 width=4]
[ECG-K2-REQUEST sim=gem5 seq=1452 request_seq=247339746 dest=102 tier=1 epoch1=0 epoch2=0 current=0 context=1]
[ECG-K2-EXPECT sim=gem5 seq=1952 dest=103 tier=1 epoch1=0 epoch2=0 width=4]
[ECG-K2-RECV sim=gem5 seq=1952 dest=103 tier=1 epoch1=0 epoch2=0 width=4]
[ECG-K2-REQUEST sim=gem5 seq=1453 request_seq=247339755 dest=103 tier=1 epoch1=0 epoch2=0 current=0 context=1]
[ECG-K2-EXPECT sim=gem5 seq=1953 dest=104 tier=1 epoch1=0 epoch2=0 width=4]
[ECG-K2-RECV sim=gem5 seq=1953 dest=104 tier=1 epoch1=0 epoch2=0 width=4]
[ECG-K2-REQUEST sim=gem5 seq=1454 request_seq=247339764 dest=104 tier=1 epoch1=0 epoch2=0 current=0 context=1]
[ECG-K2-EXPECT sim=gem5 seq=1954 dest=105 tier=1 epoch1=0 epoch2=0 width=4]
[ECG-K2-RECV sim=gem5 seq=1954 dest=105 tier=1 epoch1=0 epoch2=0 width=4]
[ECG-K2-REQUEST sim=gem5 seq=1455 request_seq=247339773 dest=105 tier=1 epoch1=0 epoch2=0 current=0 context=1]
[ECG-STREAM-BYPASS sim=gem5 cache=system.l3cache addr=0x3ca6c0 vaddr=0x3b96c0 size=4 source=request-flag allocate=0]
[ECG-K2-EXPECT sim=gem5 seq=1955 dest=106 tier=1 epoch1=0 epoch2=0 width=4]
[ECG-K2-RECV sim=gem5 seq=1955 dest=106 tier=1 epoch1=0 epoch2=0 width=4]
[ECG-K2-REQUEST sim=gem5 seq=1456 request_seq=247339782 dest=106 tier=1 epoch1=0 epoch2=0 current=0 context=1]
[ECG-K2-EXPECT sim=gem5 seq=1956 dest=107 tier=1 epoch1=0 epoch2=0 width=4]
[ECG-K2-RECV sim=gem5 seq=1956 dest=107 tier=1 epoch1=0 epoch2=0 width=4]
[ECG-K2-REQUEST sim=gem5 seq=1457 request_seq=247339791 dest=107 tier=1 epoch1=0 epoch2=0 current=0 context=1]
[ECG-K2-EXPECT sim=gem5 seq=1957 dest=108 tier=1 epoch1=0 epoch2=0 width=4]
[ECG-K2-RECV sim=gem5 seq=1957 dest=108 tier=1 epoch1=0 epoch2=0 width=4]
[ECG-K2-REQUEST sim=gem5 seq=1458 request_seq=247339800 dest=108 tier=1 epoch1=0 epoch2=0 current=0 context=1]
[ECG-K2-EXPECT sim=gem5 seq=1958 dest=109 tier=1 epoch1=0 epoch2=0 width=4]
[ECG-K2-RECV sim=gem5 seq=1958 dest=109 tier=1 epoch1=0 epoch2=0 width=4]
[ECG-K2-REQUEST sim=gem5 seq=1459 request_seq=247339809 dest=109 tier=1 epoch1=0 epoch2=0 current=0 context=1]
[ECG-K2-EXPECT sim=gem5 seq=1959 dest=110 tier=1 epoch1=0 epoch2=0 width=4]
[ECG-K2-RECV sim=gem5 seq=1959 dest=110 tier=1 epoch1=0 epoch2=0 width=4]
[ECG-K2-REQUEST sim=gem5 seq=1460 request_seq=247339818 dest=110 tier=1 epoch1=0 epoch2=0 current=0 context=1]
[ECG-K2-EXPECT sim=gem5 seq=1960 dest=111 tier=1 epoch1=0 epoch2=0 width=4]
[ECG-K2-RECV sim=gem5 seq=1960 dest=111 tier=1 epoch1=0 epoch2=0 width=4]
[ECG-K2-REQUEST sim=gem5 seq=1461 request_seq=247339827 dest=111 tier=1 epoch1=0 epoch2=0 current=0 context=1]
[ECG-K2-EXPECT sim=gem5 seq=1961 dest=112 tier=1 epoch1=0 epoch2=0 width=4]
[ECG-K2-RECV sim=gem5 seq=1961 dest=112 tier=1 epoch1=0 epoch2=0 width=4]
[ECG-K2-REQUEST sim=gem5 seq=1462 request_seq=247339836 dest=112 tier=1 epoch1=0 epoch2=0 current=0 context=1]
[ECG-K2-EXPECT sim=gem5 seq=1962 dest=114 tier=1 epoch1=0 epoch2=0 width=4]
[ECG-K2-RECV sim=gem5 seq=1962 dest=114 tier=1 epoch1=0 epoch2=0 width=4]
[ECG-K2-REQUEST sim=gem5 seq=1463 request_seq=247339845 dest=114 tier=1 epoch1=0 epoch2=0 current=0 context=1]
[ECG-K2-EXPECT sim=gem5 seq=1963 dest=116 tier=1 epoch1=0 epoch2=0 width=4]
[ECG-K2-RECV sim=gem5 seq=1963 dest=116 tier=1 epoch1=0 epoch2=0 width=4]
[ECG-K2-REQUEST sim=gem5 seq=1464 request_seq=247339854 dest=116 tier=1 epoch1=0 epoch2=0 current=0 context=1]
[ECG-K2-EXPECT sim=gem5 seq=1964 dest=117 tier=1 epoch1=0 epoch2=0 width=4]
[ECG-K2-RECV sim=gem5 seq=1964 dest=117 tier=1 epoch1=0 epoch2=0 width=4]
[ECG-K2-REQUEST sim=gem5 seq=1465 request_seq=247339863 dest=117 tier=1 epoch1=0 epoch2=0 current=0 context=1]
[ECG-K2-EXPECT sim=gem5 seq=1965 dest=118 tier=1 epoch1=0 epoch2=0 width=4]
[ECG-K2-RECV sim=gem5 seq=1965 dest=118 tier=1 epoch1=0 epoch2=0 width=4]
[ECG-K2-REQUEST sim=gem5 seq=1466 request_seq=247339872 dest=118 tier=1 epoch1=0 epoch2=0 current=0 context=1]
[ECG-K2-EXPECT sim=gem5 seq=1966 dest=119 tier=1 epoch1=0 epoch2=0 width=4]
[ECG-K2-RECV sim=gem5 seq=1966 dest=119 tier=1 epoch1=0 epoch2=0 width=4]
[ECG-K2-REQUEST sim=gem5 seq=1467 request_seq=247339881 dest=119 tier=1 epoch1=0 epoch2=0 current=0 context=1]
[ECG-K2-ACCEPT sim=gem5 seq=1467 request_seq=247339881 request_dest=119 fill_dest=112 source=request tier=1 epoch1=0 epoch2=0 current=0 context=1 property_elem_bytes=4]
[ECG-K2-EXPECT sim=gem5 seq=1967 dest=120 tier=1 epoch1=0 epoch2=0 width=4]
[ECG-K2-RECV sim=gem5 seq=1967 dest=120 tier=1 epoch1=0 epoch2=0 width=4]
[ECG-K2-REQUEST sim=gem5 seq=1468 request_seq=247339890 dest=120 tier=1 epoch1=0 epoch2=0 current=0 context=1]
[ECG-K2-EXPECT sim=gem5 seq=1968 dest=121 tier=1 epoch1=0 epoch2=0 width=4]
[ECG-K2-RECV sim=gem5 seq=1968 dest=121 tier=1 epoch1=0 epoch2=0 width=4]
[ECG-K2-REQUEST sim=gem5 seq=1469 request_seq=247339899 dest=121 tier=1 epoch1=0 epoch2=0 current=0 context=1]
[ECG-K2-EXPECT sim=gem5 seq=1969 dest=122 tier=1 epoch1=0 epoch2=0 width=4]
[ECG-K2-RECV sim=gem5 seq=1969 dest=122 tier=1 epoch1=0 epoch2=0 width=4]
[ECG-K2-REQUEST sim=gem5 seq=1470 request_seq=247339908 dest=122 tier=1 epoch1=0 epoch2=0 current=0 context=1]
[ECG-K2-EXPECT sim=gem5 seq=1970 dest=123 tier=1 epoch1=0 epoch2=0 width=4]
[ECG-K2-RECV sim=gem5 seq=1970 dest=123 tier=1 epoch1=0 epoch2=0 width=4]
[ECG-K2-REQUEST sim=gem5 seq=1471 request_seq=247339917 dest=123 tier=1 epoch1=0 epoch2=0 current=0 context=1]
[ECG-STREAM-BYPASS sim=gem5 cache=system.l3cache addr=0x3ca700 vaddr=0x3b9700 size=4 source=request-flag allocate=0]
[ECG-K2-EXPECT sim=gem5 seq=1971 dest=124 tier=1 epoch1=0 epoch2=0 width=4]
[ECG-K2-RECV sim=gem5 seq=1971 dest=124 tier=1 epoch1=0 epoch2=0 width=4]
[ECG-K2-REQUEST sim=gem5 seq=1472 request_seq=247339926 dest=124 tier=1 epoch1=0 epoch2=0 current=0 context=1]
[ECG-K2-EXPECT sim=gem5 seq=1972 dest=125 tier=1 epoch1=0 epoch2=0 width=4]
[ECG-K2-RECV sim=gem5 seq=1972 dest=125 tier=1 epoch1=0 epoch2=0 width=4]
[ECG-K2-REQUEST sim=gem5 seq=1473 request_seq=247339935 dest=125 tier=1 epoch1=0 epoch2=0 current=0 context=1]
[ECG-K2-EXPECT sim=gem5 seq=1973 dest=127 tier=1 epoch1=0 epoch2=0 width=4]
[ECG-K2-RECV sim=gem5 seq=1973 dest=127 tier=1 epoch1=0 epoch2=0 width=4]
[ECG-K2-REQUEST sim=gem5 seq=1474 request_seq=247339944 dest=127 tier=1 epoch1=0 epoch2=0 current=0 context=1]
[ECG-K2-EXPECT sim=gem5 seq=1974 dest=129 tier=1 epoch1=0 epoch2=0 width=4]
[ECG-K2-RECV sim=gem5 seq=1974 dest=129 tier=1 epoch1=0 epoch2=0 width=4]
[ECG-K2-REQUEST sim=gem5 seq=1475 request_seq=247339953 dest=129 tier=1 epoch1=0 epoch2=0 current=0 context=1]
[ECG-K2-EXPECT sim=gem5 seq=1975 dest=130 tier=1 epoch1=0 epoch2=0 width=4]
[ECG-K2-RECV sim=gem5 seq=1975 dest=130 tier=1 epoch1=0 epoch2=0 width=4]
[ECG-K2-REQUEST sim=gem5 seq=1476 request_seq=247339962 dest=130 tier=1 epoch1=0 epoch2=0 current=0 context=1]
[ECG-K2-EXPECT sim=gem5 seq=1976 dest=131 tier=1 epoch1=0 epoch2=0 width=4]
[ECG-K2-RECV sim=gem5 seq=1976 dest=131 tier=1 epoch1=0 epoch2=0 width=4]
[ECG-K2-REQUEST sim=gem5 seq=1477 request_seq=247339971 dest=131 tier=1 epoch1=0 epoch2=0 current=0 context=1]
[ECG-K2-EXPECT sim=gem5 seq=1977 dest=132 tier=1 epoch1=0 epoch2=0 width=4]
[ECG-K2-RECV sim=gem5 seq=1977 dest=132 tier=1 epoch1=0 epoch2=0 width=4]
[ECG-K2-REQUEST sim=gem5 seq=1478 request_seq=247339980 dest=132 tier=1 epoch1=0 epoch2=0 current=0 context=1]
[ECG-K2-EXPECT sim=gem5 seq=1978 dest=134 tier=1 epoch1=0 epoch2=0 width=4]
[ECG-K2-RECV sim=gem5 seq=1978 dest=134 tier=1 epoch1=0 epoch2=0 width=4]
[ECG-K2-REQUEST sim=gem5 seq=1479 request_seq=247339989 dest=134 tier=1 epoch1=0 epoch2=0 current=0 context=1]
[ECG-K2-EXPECT sim=gem5 seq=1979 dest=135 tier=1 epoch1=0 epoch2=0 width=4]
[ECG-K2-RECV sim=gem5 seq=1979 dest=135 tier=1 epoch1=0 epoch2=0 width=4]
[ECG-K2-REQUEST sim=gem5 seq=1480 request_seq=247339998 dest=135 tier=1 epoch1=0 epoch2=0 current=0 context=1]
[ECG-K2-EXPECT sim=gem5 seq=1980 dest=136 tier=1 epoch1=0 epoch2=0 width=4]
[ECG-K2-RECV sim=gem5 seq=1980 dest=136 tier=1 epoch1=0 epoch2=0 width=4]
[ECG-K2-REQUEST sim=gem5 seq=1481 request_seq=247340007 dest=136 tier=1 epoch1=0 epoch2=0 current=0 context=1]
[ECG-K2-EXPECT sim=gem5 seq=1981 dest=137 tier=1 epoch1=0 epoch2=0 width=4]
[ECG-K2-RECV sim=gem5 seq=1981 dest=137 tier=1 epoch1=0 epoch2=0 width=4]
[ECG-K2-REQUEST sim=gem5 seq=1482 request_seq=247340016 dest=137 tier=1 epoch1=0 epoch2=0 current=0 context=1]
[ECG-K2-EXPECT sim=gem5 seq=1982 dest=138 tier=1 epoch1=0 epoch2=0 width=4]
[ECG-K2-RECV sim=gem5 seq=1982 dest=138 tier=1 epoch1=0 epoch2=0 width=4]
[ECG-K2-REQUEST sim=gem5 seq=1483 request_seq=247340025 dest=138 tier=1 epoch1=0 epoch2=0 current=0 context=1]
[ECG-K2-EXPECT sim=gem5 seq=1983 dest=140 tier=1 epoch1=0 epoch2=0 width=4]
[ECG-K2-RECV sim=gem5 seq=1983 dest=140 tier=1 epoch1=0 epoch2=0 width=4]
[ECG-K2-REQUEST sim=gem5 seq=1484 request_seq=247340034 dest=140 tier=1 epoch1=0 epoch2=0 current=0 context=1]
[ECG-K2-EXPECT sim=gem5 seq=1984 dest=141 tier=1 epoch1=0 epoch2=0 width=4]
[ECG-K2-RECV sim=gem5 seq=1984 dest=141 tier=1 epoch1=0 epoch2=0 width=4]
[ECG-K2-REQUEST sim=gem5 seq=1485 request_seq=247340043 dest=141 tier=1 epoch1=0 epoch2=0 current=0 context=1]
[ECG-K2-EXPECT sim=gem5 seq=1985 dest=142 tier=1 epoch1=0 epoch2=0 width=4]
[ECG-K2-RECV sim=gem5 seq=1985 dest=142 tier=1 epoch1=0 epoch2=0 width=4]
[ECG-K2-REQUEST sim=gem5 seq=1486 request_seq=247340052 dest=142 tier=1 epoch1=0 epoch2=0 current=0 context=1]
[ECG-K2-EXPECT sim=gem5 seq=1986 dest=143 tier=1 epoch1=0 epoch2=0 width=4]
[ECG-K2-RECV sim=gem5 seq=1986 dest=143 tier=1 epoch1=0 epoch2=0 width=4]
[ECG-K2-REQUEST sim=gem5 seq=1487 request_seq=247340061 dest=143 tier=1 epoch1=0 epoch2=0 current=0 context=1]
[ECG-STREAM-BYPASS sim=gem5 cache=system.l3cache addr=0x3ca740 vaddr=0x3b9740 size=4 source=request-flag allocate=0]
[ECG-K2-EXPECT sim=gem5 seq=1987 dest=146 tier=1 epoch1=0 epoch2=0 width=4]
[ECG-K2-RECV sim=gem5 seq=1987 dest=146 tier=1 epoch1=0 epoch2=0 width=4]
[ECG-K2-REQUEST sim=gem5 seq=1488 request_seq=247340070 dest=146 tier=1 epoch1=0 epoch2=0 current=0 context=1]
[ECG-K2-EXPECT sim=gem5 seq=1988 dest=148 tier=1 epoch1=0 epoch2=0 width=4]
[ECG-K2-RECV sim=gem5 seq=1988 dest=148 tier=1 epoch1=0 epoch2=0 width=4]
[ECG-K2-REQUEST sim=gem5 seq=1489 request_seq=247340079 dest=148 tier=1 epoch1=0 epoch2=0 current=0 context=1]
[ECG-K2-EXPECT sim=gem5 seq=1989 dest=149 tier=1 epoch1=0 epoch2=0 width=4]
[ECG-K2-RECV sim=gem5 seq=1989 dest=149 tier=1 epoch1=0 epoch2=0 width=4]
[ECG-K2-REQUEST sim=gem5 seq=1490 request_seq=247340088 dest=149 tier=1 epoch1=0 epoch2=0 current=0 context=1]
[ECG-K2-EXPECT sim=gem5 seq=1990 dest=150 tier=1 epoch1=0 epoch2=0 width=4]
[ECG-K2-RECV sim=gem5 seq=1990 dest=150 tier=1 epoch1=0 epoch2=0 width=4]
[ECG-K2-REQUEST sim=gem5 seq=1491 request_seq=247340097 dest=150 tier=1 epoch1=0 epoch2=0 current=0 context=1]
[ECG-K2-EXPECT sim=gem5 seq=1991 dest=151 tier=1 epoch1=0 epoch2=0 width=4]
[ECG-K2-RECV sim=gem5 seq=1991 dest=151 tier=1 epoch1=0 epoch2=0 width=4]
[ECG-K2-REQUEST sim=gem5 seq=1492 request_seq=247340106 dest=151 tier=1 epoch1=0 epoch2=0 current=0 context=1]
[ECG-K2-EXPECT sim=gem5 seq=1992 dest=152 tier=1 epoch1=0 epoch2=0 width=4]
[ECG-K2-RECV sim=gem5 seq=1992 dest=152 tier=1 epoch1=0 epoch2=0 width=4]
[ECG-K2-REQUEST sim=gem5 seq=1493 request_seq=247340115 dest=152 tier=1 epoch1=0 epoch2=0 current=0 context=1]
[ECG-K2-EXPECT sim=gem5 seq=1993 dest=153 tier=1 epoch1=0 epoch2=0 width=4]
[ECG-K2-RECV sim=gem5 seq=1993 dest=153 tier=1 epoch1=0 epoch2=0 width=4]
[ECG-K2-REQUEST sim=gem5 seq=1494 request_seq=247340124 dest=153 tier=1 epoch1=0 epoch2=0 current=0 context=1]
[ECG-K2-EXPECT sim=gem5 seq=1994 dest=154 tier=1 epoch1=0 epoch2=0 width=4]
[ECG-K2-RECV sim=gem5 seq=1994 dest=154 tier=1 epoch1=0 epoch2=0 width=4]
[ECG-K2-REQUEST sim=gem5 seq=1495 request_seq=247340133 dest=154 tier=1 epoch1=0 epoch2=0 current=0 context=1]
[ECG-K2-EXPECT sim=gem5 seq=1995 dest=155 tier=1 epoch1=0 epoch2=0 width=4]
[ECG-K2-RECV sim=gem5 seq=1995 dest=155 tier=1 epoch1=0 epoch2=0 width=4]
[ECG-K2-REQUEST sim=gem5 seq=1496 request_seq=247340142 dest=155 tier=1 epoch1=0 epoch2=0 current=0 context=1]
[ECG-K2-EXPECT sim=gem5 seq=1996 dest=156 tier=1 epoch1=0 epoch2=0 width=4]
[ECG-K2-RECV sim=gem5 seq=1996 dest=156 tier=1 epoch1=0 epoch2=0 width=4]
[ECG-K2-REQUEST sim=gem5 seq=1497 request_seq=247340151 dest=156 tier=1 epoch1=0 epoch2=0 current=0 context=1]
[ECG-K2-EXPECT sim=gem5 seq=1997 dest=157 tier=1 epoch1=0 epoch2=0 width=4]
[ECG-K2-RECV sim=gem5 seq=1997 dest=157 tier=1 epoch1=0 epoch2=0 width=4]
[ECG-K2-REQUEST sim=gem5 seq=1498 request_seq=247340160 dest=157 tier=1 epoch1=0 epoch2=0 current=0 context=1]
[ECG-K2-EXPECT sim=gem5 seq=1998 dest=158 tier=1 epoch1=0 epoch2=0 width=4]
[ECG-K2-RECV sim=gem5 seq=1998 dest=158 tier=1 epoch1=0 epoch2=0 width=4]
[ECG-K2-REQUEST sim=gem5 seq=1499 request_seq=247340169 dest=158 tier=1 epoch1=0 epoch2=0 current=0 context=1]
[ECG-K2-EXPECT sim=gem5 seq=1999 dest=159 tier=1 epoch1=0 epoch2=0 width=4]
[ECG-K2-RECV sim=gem5 seq=1999 dest=159 tier=1 epoch1=0 epoch2=0 width=4]
[ECG-K2-REQUEST sim=gem5 seq=1500 request_seq=247340178 dest=159 tier=1 epoch1=0 epoch2=0 current=0 context=1]
[ECG-K2-EXPECT sim=gem5 seq=2000 dest=160 tier=1 epoch1=0 epoch2=0 width=4]
[ECG-K2-RECV sim=gem5 seq=2000 dest=160 tier=1 epoch1=0 epoch2=0 width=4]
[ECG-K2-REQUEST sim=gem5 seq=1501 request_seq=247340187 dest=160 tier=1 epoch1=0 epoch2=0 current=0 context=1]
[ECG-K2-EXPECT sim=gem5 seq=2001 dest=161 tier=1 epoch1=0 epoch2=0 width=4]
[ECG-K2-RECV sim=gem5 seq=2001 dest=161 tier=1 epoch1=0 epoch2=0 width=4]
[ECG-K2-REQUEST sim=gem5 seq=1502 request_seq=247340196 dest=161 tier=1 epoch1=0 epoch2=0 current=0 context=1]
[ECG-K2-EXPECT sim=gem5 seq=2002 dest=162 tier=1 epoch1=0 epoch2=0 width=4]
[ECG-K2-RECV sim=gem5 seq=2002 dest=162 tier=1 epoch1=0 epoch2=0 width=4]
[ECG-K2-REQUEST sim=gem5 seq=1503 request_seq=247340205 dest=162 tier=1 epoch1=0 epoch2=0 current=0 context=1]
[ECG-STREAM-BYPASS sim=gem5 cache=system.l3cache addr=0x3ca780 vaddr=0x3b9780 size=4 source=request-flag allocate=0]
[ECG-K2-EXPECT sim=gem5 seq=2003 dest=163 tier=1 epoch1=0 epoch2=0 width=4]
[ECG-K2-RECV sim=gem5 seq=2003 dest=163 tier=1 epoch1=0 epoch2=0 width=4]
[ECG-K2-REQUEST sim=gem5 seq=1504 request_seq=247340214 dest=163 tier=1 epoch1=0 epoch2=0 current=0 context=1]
[ECG-K2-EXPECT sim=gem5 seq=2004 dest=164 tier=1 epoch1=0 epoch2=0 width=4]
[ECG-K2-RECV sim=gem5 seq=2004 dest=164 tier=1 epoch1=0 epoch2=0 width=4]
[ECG-K2-REQUEST sim=gem5 seq=1505 request_seq=247340223 dest=164 tier=1 epoch1=0 epoch2=0 current=0 context=1]
[ECG-K2-EXPECT sim=gem5 seq=2005 dest=165 tier=1 epoch1=0 epoch2=0 width=4]
[ECG-K2-RECV sim=gem5 seq=2005 dest=165 tier=1 epoch1=0 epoch2=0 width=4]
[ECG-K2-REQUEST sim=gem5 seq=1506 request_seq=247340232 dest=165 tier=1 epoch1=0 epoch2=0 current=0 context=1]
[ECG-K2-EXPECT sim=gem5 seq=2006 dest=166 tier=1 epoch1=0 epoch2=0 width=4]
[ECG-K2-RECV sim=gem5 seq=2006 dest=166 tier=1 epoch1=0 epoch2=0 width=4]
[ECG-K2-REQUEST sim=gem5 seq=1507 request_seq=247340241 dest=166 tier=1 epoch1=0 epoch2=0 current=0 context=1]
[ECG-K2-EXPECT sim=gem5 seq=2007 dest=167 tier=1 epoch1=0 epoch2=0 width=4]
[ECG-K2-RECV sim=gem5 seq=2007 dest=167 tier=1 epoch1=0 epoch2=0 width=4]
[ECG-K2-REQUEST sim=gem5 seq=1508 request_seq=247340250 dest=167 tier=1 epoch1=0 epoch2=0 current=0 context=1]
[ECG-K2-EXPECT sim=gem5 seq=2008 dest=168 tier=1 epoch1=0 epoch2=0 width=4]
[ECG-K2-RECV sim=gem5 seq=2008 dest=168 tier=1 epoch1=0 epoch2=0 width=4]
[ECG-K2-REQUEST sim=gem5 seq=1509 request_seq=247340259 dest=168 tier=1 epoch1=0 epoch2=0 current=0 context=1]
[ECG-K2-EXPECT sim=gem5 seq=2009 dest=169 tier=1 epoch1=0 epoch2=0 width=4]
[ECG-K2-RECV sim=gem5 seq=2009 dest=169 tier=1 epoch1=0 epoch2=0 width=4]
[ECG-K2-REQUEST sim=gem5 seq=1510 request_seq=247340268 dest=169 tier=1 epoch1=0 epoch2=0 current=0 context=1]
[ECG-K2-EXPECT sim=gem5 seq=2010 dest=171 tier=1 epoch1=0 epoch2=0 width=4]
[ECG-K2-RECV sim=gem5 seq=2010 dest=171 tier=1 epoch1=0 epoch2=0 width=4]
[ECG-K2-REQUEST sim=gem5 seq=1511 request_seq=247340277 dest=171 tier=1 epoch1=0 epoch2=0 current=0 context=1]
[ECG-K2-EXPECT sim=gem5 seq=2011 dest=172 tier=1 epoch1=0 epoch2=0 width=4]
[ECG-K2-RECV sim=gem5 seq=2011 dest=172 tier=1 epoch1=0 epoch2=0 width=4]
[ECG-K2-REQUEST sim=gem5 seq=1512 request_seq=247340286 dest=172 tier=1 epoch1=0 epoch2=0 current=0 context=1]
[ECG-K2-EXPECT sim=gem5 seq=2012 dest=176 tier=1 epoch1=0 epoch2=0 width=4]
[ECG-K2-RECV sim=gem5 seq=2012 dest=176 tier=1 epoch1=0 epoch2=0 width=4]
[ECG-K2-REQUEST sim=gem5 seq=1513 request_seq=247340295 dest=176 tier=1 epoch1=0 epoch2=0 current=0 context=1]
[ECG-K2-EXPECT sim=gem5 seq=2013 dest=177 tier=1 epoch1=0 epoch2=0 width=4]
[ECG-K2-RECV sim=gem5 seq=2013 dest=177 tier=1 epoch1=0 epoch2=0 width=4]
[ECG-K2-REQUEST sim=gem5 seq=1514 request_seq=247340304 dest=177 tier=1 epoch1=0 epoch2=0 current=0 context=1]
[ECG-K2-EXPECT sim=gem5 seq=2014 dest=179 tier=1 epoch1=0 epoch2=0 width=4]
[ECG-K2-RECV sim=gem5 seq=2014 dest=179 tier=1 epoch1=0 epoch2=0 width=4]
[ECG-K2-REQUEST sim=gem5 seq=1515 request_seq=247340313 dest=179 tier=1 epoch1=0 epoch2=0 current=0 context=1]
[ECG-K2-EXPECT sim=gem5 seq=2015 dest=180 tier=1 epoch1=0 epoch2=0 width=4]
[ECG-K2-RECV sim=gem5 seq=2015 dest=180 tier=1 epoch1=0 epoch2=0 width=4]
[ECG-K2-REQUEST sim=gem5 seq=1516 request_seq=247340322 dest=180 tier=1 epoch1=0 epoch2=0 current=0 context=1]
[ECG-K2-EXPECT sim=gem5 seq=2016 dest=182 tier=1 epoch1=0 epoch2=0 width=4]
[ECG-K2-RECV sim=gem5 seq=2016 dest=182 tier=1 epoch1=0 epoch2=0 width=4]
[ECG-K2-REQUEST sim=gem5 seq=1517 request_seq=247340331 dest=182 tier=1 epoch1=0 epoch2=0 current=0 context=1]
[ECG-K2-EXPECT sim=gem5 seq=2017 dest=183 tier=1 epoch1=0 epoch2=0 width=4]
[ECG-K2-RECV sim=gem5 seq=2017 dest=183 tier=1 epoch1=0 epoch2=0 width=4]
[ECG-K2-REQUEST sim=gem5 seq=1518 request_seq=247340340 dest=183 tier=1 epoch1=0 epoch2=0 current=0 context=1]
[ECG-K2-EXPECT sim=gem5 seq=2018 dest=185 tier=1 epoch1=0 epoch2=0 width=4]
[ECG-K2-RECV sim=gem5 seq=2018 dest=185 tier=1 epoch1=0 epoch2=0 width=4]
[ECG-K2-REQUEST sim=gem5 seq=1519 request_seq=247340349 dest=185 tier=1 epoch1=0 epoch2=0 current=0 context=1]
[ECG-STREAM-BYPASS sim=gem5 cache=system.l3cache addr=0x3ca7c0 vaddr=0x3b97c0 size=4 source=request-flag allocate=0]
[ECG-K2-EXPECT sim=gem5 seq=2019 dest=186 tier=1 epoch1=0 epoch2=0 width=4]
[ECG-K2-RECV sim=gem5 seq=2019 dest=186 tier=1 epoch1=0 epoch2=0 width=4]
[ECG-K2-REQUEST sim=gem5 seq=1520 request_seq=247340358 dest=186 tier=1 epoch1=0 epoch2=0 current=0 context=1]
[ECG-K2-EXPECT sim=gem5 seq=2020 dest=188 tier=1 epoch1=0 epoch2=0 width=4]
[ECG-K2-RECV sim=gem5 seq=2020 dest=188 tier=1 epoch1=0 epoch2=0 width=4]
[ECG-K2-REQUEST sim=gem5 seq=1521 request_seq=247340367 dest=188 tier=1 epoch1=0 epoch2=0 current=0 context=1]
[ECG-K2-EXPECT sim=gem5 seq=2021 dest=189 tier=1 epoch1=0 epoch2=0 width=4]
[ECG-K2-RECV sim=gem5 seq=2021 dest=189 tier=1 epoch1=0 epoch2=0 width=4]
[ECG-K2-REQUEST sim=gem5 seq=1522 request_seq=247340376 dest=189 tier=1 epoch1=0 epoch2=0 current=0 context=1]
[ECG-K2-EXPECT sim=gem5 seq=2022 dest=190 tier=1 epoch1=0 epoch2=0 width=4]
[ECG-K2-RECV sim=gem5 seq=2022 dest=190 tier=1 epoch1=0 epoch2=0 width=4]
[ECG-K2-REQUEST sim=gem5 seq=1523 request_seq=247340385 dest=190 tier=1 epoch1=0 epoch2=0 current=0 context=1]
[ECG-K2-EXPECT sim=gem5 seq=2023 dest=191 tier=1 epoch1=0 epoch2=0 width=4]
[ECG-K2-RECV sim=gem5 seq=2023 dest=191 tier=1 epoch1=0 epoch2=0 width=4]
[ECG-K2-REQUEST sim=gem5 seq=1524 request_seq=247340394 dest=191 tier=1 epoch1=0 epoch2=0 current=0 context=1]
[ECG-K2-EXPECT sim=gem5 seq=2024 dest=192 tier=1 epoch1=0 epoch2=0 width=4]
[ECG-K2-RECV sim=gem5 seq=2024 dest=192 tier=1 epoch1=0 epoch2=0 width=4]
[ECG-K2-REQUEST sim=gem5 seq=1525 request_seq=247340403 dest=192 tier=1 epoch1=0 epoch2=0 current=0 context=1]
[ECG-K2-EXPECT sim=gem5 seq=2025 dest=193 tier=1 epoch1=0 epoch2=0 width=4]
[ECG-K2-RECV sim=gem5 seq=2025 dest=193 tier=1 epoch1=0 epoch2=0 width=4]
[ECG-K2-REQUEST sim=gem5 seq=1526 request_seq=247340412 dest=193 tier=1 epoch1=0 epoch2=0 current=0 context=1]
[ECG-K2-EXPECT sim=gem5 seq=2026 dest=194 tier=1 epoch1=0 epoch2=0 width=4]
[ECG-K2-RECV sim=gem5 seq=2026 dest=194 tier=1 epoch1=0 epoch2=0 width=4]
[ECG-K2-REQUEST sim=gem5 seq=1527 request_seq=247340421 dest=194 tier=1 epoch1=0 epoch2=0 current=0 context=1]
[ECG-K2-EXPECT sim=gem5 seq=2027 dest=195 tier=1 epoch1=0 epoch2=0 width=4]
[ECG-K2-RECV sim=gem5 seq=2027 dest=195 tier=1 epoch1=0 epoch2=0 width=4]
[ECG-K2-REQUEST sim=gem5 seq=1528 request_seq=247340430 dest=195 tier=1 epoch1=0 epoch2=0 current=0 context=1]
[ECG-K2-EXPECT sim=gem5 seq=2028 dest=196 tier=1 epoch1=0 epoch2=0 width=4]
[ECG-K2-RECV sim=gem5 seq=2028 dest=196 tier=1 epoch1=0 epoch2=0 width=4]
[ECG-K2-REQUEST sim=gem5 seq=1529 request_seq=247340439 dest=196 tier=1 epoch1=0 epoch2=0 current=0 context=1]
[ECG-K2-EXPECT sim=gem5 seq=2029 dest=197 tier=1 epoch1=0 epoch2=0 width=4]
[ECG-K2-RECV sim=gem5 seq=2029 dest=197 tier=1 epoch1=0 epoch2=0 width=4]
[ECG-K2-REQUEST sim=gem5 seq=1530 request_seq=247340448 dest=197 tier=1 epoch1=0 epoch2=0 current=0 context=1]
[ECG-K2-EXPECT sim=gem5 seq=2030 dest=198 tier=1 epoch1=0 epoch2=0 width=4]
[ECG-K2-RECV sim=gem5 seq=2030 dest=198 tier=1 epoch1=0 epoch2=0 width=4]
[ECG-K2-REQUEST sim=gem5 seq=1531 request_seq=247340457 dest=198 tier=1 epoch1=0 epoch2=0 current=0 context=1]
[ECG-K2-ACCEPT sim=gem5 seq=1531 request_seq=247340457 request_dest=198 fill_dest=192 source=request tier=1 epoch1=0 epoch2=0 current=0 context=1 property_elem_bytes=4]
[ECG-K2-EXPECT sim=gem5 seq=2031 dest=199 tier=1 epoch1=0 epoch2=0 width=4]
[ECG-K2-RECV sim=gem5 seq=2031 dest=199 tier=1 epoch1=0 epoch2=0 width=4]
[ECG-K2-REQUEST sim=gem5 seq=1532 request_seq=247340466 dest=199 tier=1 epoch1=0 epoch2=0 current=0 context=1]
[ECG-K2-EXPECT sim=gem5 seq=2032 dest=200 tier=1 epoch1=0 epoch2=0 width=4]
[ECG-K2-RECV sim=gem5 seq=2032 dest=200 tier=1 epoch1=0 epoch2=0 width=4]
[ECG-K2-REQUEST sim=gem5 seq=1533 request_seq=247340475 dest=200 tier=1 epoch1=0 epoch2=0 current=0 context=1]
[ECG-K2-EXPECT sim=gem5 seq=2033 dest=201 tier=1 epoch1=0 epoch2=0 width=4]
[ECG-K2-RECV sim=gem5 seq=2033 dest=201 tier=1 epoch1=0 epoch2=0 width=4]
[ECG-K2-REQUEST sim=gem5 seq=1534 request_seq=247340484 dest=201 tier=1 epoch1=0 epoch2=0 current=0 context=1]
[ECG-K2-EXPECT sim=gem5 seq=2034 dest=202 tier=1 epoch1=0 epoch2=0 width=4]
[ECG-K2-RECV sim=gem5 seq=2034 dest=202 tier=1 epoch1=0 epoch2=0 width=4]
[ECG-K2-REQUEST sim=gem5 seq=1535 request_seq=247340493 dest=202 tier=1 epoch1=0 epoch2=0 current=0 context=1]
[ECG-STREAM-BYPASS sim=gem5 cache=system.l3cache addr=0x3ca800 vaddr=0x3b9800 size=4 source=request-flag allocate=0]
[ECG-K2-EXPECT sim=gem5 seq=2035 dest=205 tier=1 epoch1=0 epoch2=0 width=4]
[ECG-K2-RECV sim=gem5 seq=2035 dest=205 tier=1 epoch1=0 epoch2=0 width=4]
[ECG-K2-REQUEST sim=gem5 seq=1536 request_seq=247340502 dest=205 tier=1 epoch1=0 epoch2=0 current=0 context=1]
[ECG-K2-EXPECT sim=gem5 seq=2036 dest=206 tier=1 epoch1=0 epoch2=0 width=4]
[ECG-K2-RECV sim=gem5 seq=2036 dest=206 tier=1 epoch1=0 epoch2=0 width=4]
[ECG-K2-REQUEST sim=gem5 seq=1537 request_seq=247340511 dest=206 tier=1 epoch1=0 epoch2=0 current=0 context=1]
[ECG-K2-EXPECT sim=gem5 seq=2037 dest=207 tier=1 epoch1=0 epoch2=0 width=4]
[ECG-K2-RECV sim=gem5 seq=2037 dest=207 tier=1 epoch1=0 epoch2=0 width=4]
[ECG-K2-REQUEST sim=gem5 seq=1538 request_seq=247340520 dest=207 tier=1 epoch1=0 epoch2=0 current=0 context=1]
[ECG-K2-EXPECT sim=gem5 seq=2038 dest=208 tier=1 epoch1=0 epoch2=0 width=4]
[ECG-K2-RECV sim=gem5 seq=2038 dest=208 tier=1 epoch1=0 epoch2=0 width=4]
[ECG-K2-REQUEST sim=gem5 seq=1539 request_seq=247340529 dest=208 tier=1 epoch1=0 epoch2=0 current=0 context=1]
[ECG-K2-EXPECT sim=gem5 seq=2039 dest=209 tier=1 epoch1=0 epoch2=0 width=4]
[ECG-K2-RECV sim=gem5 seq=2039 dest=209 tier=1 epoch1=0 epoch2=0 width=4]
[ECG-K2-REQUEST sim=gem5 seq=1540 request_seq=247340538 dest=209 tier=1 epoch1=0 epoch2=0 current=0 context=1]
[ECG-K2-EXPECT sim=gem5 seq=2040 dest=210 tier=1 epoch1=0 epoch2=0 width=4]
[ECG-K2-RECV sim=gem5 seq=2040 dest=210 tier=1 epoch1=0 epoch2=0 width=4]
[ECG-K2-REQUEST sim=gem5 seq=1541 request_seq=247340547 dest=210 tier=1 epoch1=0 epoch2=0 current=0 context=1]
[ECG-K2-EXPECT sim=gem5 seq=2041 dest=211 tier=1 epoch1=0 epoch2=0 width=4]
[ECG-K2-RECV sim=gem5 seq=2041 dest=211 tier=1 epoch1=0 epoch2=0 width=4]
[ECG-K2-REQUEST sim=gem5 seq=1542 request_seq=247340556 dest=211 tier=1 epoch1=0 epoch2=0 current=0 context=1]
[ECG-K2-EXPECT sim=gem5 seq=2042 dest=212 tier=1 epoch1=0 epoch2=0 width=4]
[ECG-K2-RECV sim=gem5 seq=2042 dest=212 tier=1 epoch1=0 epoch2=0 width=4]
[ECG-K2-REQUEST sim=gem5 seq=1543 request_seq=247340565 dest=212 tier=1 epoch1=0 epoch2=0 current=0 context=1]
[ECG-K2-EXPECT sim=gem5 seq=2043 dest=213 tier=1 epoch1=0 epoch2=0 width=4]
[ECG-K2-RECV sim=gem5 seq=2043 dest=213 tier=1 epoch1=0 epoch2=0 width=4]
[ECG-K2-REQUEST sim=gem5 seq=1544 request_seq=247340574 dest=213 tier=1 epoch1=0 epoch2=0 current=0 context=1]
[ECG-K2-EXPECT sim=gem5 seq=2044 dest=216 tier=1 epoch1=0 epoch2=0 width=4]
[ECG-K2-RECV sim=gem5 seq=2044 dest=216 tier=1 epoch1=0 epoch2=0 width=4]
[ECG-K2-REQUEST sim=gem5 seq=1545 request_seq=247340583 dest=216 tier=1 epoch1=0 epoch2=0 current=0 context=1]
[ECG-K2-EXPECT sim=gem5 seq=2045 dest=217 tier=1 epoch1=0 epoch2=0 width=4]
[ECG-K2-RECV sim=gem5 seq=2045 dest=217 tier=1 epoch1=0 epoch2=0 width=4]
[ECG-K2-REQUEST sim=gem5 seq=1546 request_seq=247340592 dest=217 tier=1 epoch1=0 epoch2=0 current=0 context=1]
[ECG-K2-EXPECT sim=gem5 seq=2046 dest=218 tier=1 epoch1=0 epoch2=0 width=4]
[ECG-K2-RECV sim=gem5 seq=2046 dest=218 tier=1 epoch1=0 epoch2=0 width=4]
[ECG-K2-REQUEST sim=gem5 seq=1547 request_seq=247340601 dest=218 tier=1 epoch1=0 epoch2=0 current=0 context=1]
[ECG-K2-ACCEPT sim=gem5 seq=1547 request_seq=247340601 request_dest=218 fill_dest=208 source=request tier=1 epoch1=0 epoch2=0 current=0 context=1 property_elem_bytes=4]
[ECG-K2-EXPECT sim=gem5 seq=2047 dest=220 tier=1 epoch1=0 epoch2=0 width=4]
[ECG-K2-RECV sim=gem5 seq=2047 dest=220 tier=1 epoch1=0 epoch2=0 width=4]
[ECG-K2-REQUEST sim=gem5 seq=1548 request_seq=247340610 dest=220 tier=1 epoch1=0 epoch2=0 current=0 context=1]
[ECG-K2-REQUEST sim=gem5 seq=1549 request_seq=247340619 dest=222 tier=1 epoch1=0 epoch2=0 current=0 context=1]
[ECG-K2-REQUEST sim=gem5 seq=1550 request_seq=247340628 dest=223 tier=1 epoch1=0 epoch2=0 current=0 context=1]
[ECG-K2-REQUEST sim=gem5 seq=1551 request_seq=247340637 dest=224 tier=1 epoch1=0 epoch2=0 current=0 context=1]
[ECG-STREAM-BYPASS sim=gem5 cache=system.l3cache addr=0x3ca840 vaddr=0x3b9840 size=4 source=request-flag allocate=0]
[ECG-K2-REQUEST sim=gem5 seq=1552 request_seq=247340646 dest=226 tier=1 epoch1=0 epoch2=0 current=0 context=1]
[ECG-K2-REQUEST sim=gem5 seq=1553 request_seq=247340655 dest=227 tier=1 epoch1=0 epoch2=0 current=0 context=1]
[ECG-K2-REQUEST sim=gem5 seq=1554 request_seq=247340664 dest=228 tier=1 epoch1=0 epoch2=0 current=0 context=1]
[ECG-K2-REQUEST sim=gem5 seq=1555 request_seq=247340673 dest=229 tier=1 epoch1=0 epoch2=0 current=0 context=1]
[ECG-K2-REQUEST sim=gem5 seq=1556 request_seq=247340682 dest=230 tier=1 epoch1=0 epoch2=0 current=0 context=1]
[ECG-K2-REQUEST sim=gem5 seq=1557 request_seq=247340691 dest=231 tier=1 epoch1=0 epoch2=0 current=0 context=1]
[ECG-K2-REQUEST sim=gem5 seq=1558 request_seq=247340700 dest=232 tier=1 epoch1=0 epoch2=0 current=0 context=1]
[ECG-K2-REQUEST sim=gem5 seq=1559 request_seq=247340709 dest=233 tier=1 epoch1=0 epoch2=0 current=0 context=1]
[ECG-K2-REQUEST sim=gem5 seq=1560 request_seq=247340718 dest=234 tier=1 epoch1=0 epoch2=0 current=0 context=1]
[ECG-K2-REQUEST sim=gem5 seq=1561 request_seq=247340727 dest=235 tier=1 epoch1=0 epoch2=0 current=0 context=1]
[ECG-K2-REQUEST sim=gem5 seq=1562 request_seq=247340736 dest=236 tier=1 epoch1=0 epoch2=0 current=0 context=1]
[ECG-K2-REQUEST sim=gem5 seq=1563 request_seq=247340745 dest=238 tier=1 epoch1=0 epoch2=0 current=0 context=1]
[ECG-K2-REQUEST sim=gem5 seq=1564 request_seq=247340754 dest=239 tier=1 epoch1=0 epoch2=0 current=0 context=1]
[ECG-K2-REQUEST sim=gem5 seq=1565 request_seq=247340763 dest=240 tier=1 epoch1=0 epoch2=0 current=0 context=1]
[ECG-K2-REQUEST sim=gem5 seq=1566 request_seq=247340772 dest=241 tier=1 epoch1=0 epoch2=0 current=0 context=1]
[ECG-K2-REQUEST sim=gem5 seq=1567 request_seq=247340781 dest=242 tier=1 epoch1=0 epoch2=0 current=0 context=1]
[ECG-STREAM-BYPASS sim=gem5 cache=system.l3cache addr=0x3ca880 vaddr=0x3b9880 size=4 source=request-flag allocate=0]
[ECG-K2-REQUEST sim=gem5 seq=1568 request_seq=247340790 dest=243 tier=1 epoch1=0 epoch2=0 current=0 context=1]
[ECG-K2-REQUEST sim=gem5 seq=1569 request_seq=247340799 dest=244 tier=1 epoch1=0 epoch2=0 current=0 context=1]
[ECG-K2-REQUEST sim=gem5 seq=1570 request_seq=247340808 dest=245 tier=1 epoch1=0 epoch2=0 current=0 context=1]
[ECG-K2-REQUEST sim=gem5 seq=1571 request_seq=247340817 dest=246 tier=1 epoch1=0 epoch2=0 current=0 context=1]
[ECG-K2-REQUEST sim=gem5 seq=1572 request_seq=247340826 dest=248 tier=1 epoch1=0 epoch2=0 current=0 context=1]
[ECG-K2-REQUEST sim=gem5 seq=1573 request_seq=247340835 dest=249 tier=1 epoch1=0 epoch2=0 current=0 context=1]
[ECG-K2-REQUEST sim=gem5 seq=1574 request_seq=247340844 dest=250 tier=1 epoch1=0 epoch2=0 current=0 context=1]
[ECG-K2-REQUEST sim=gem5 seq=1575 request_seq=247340853 dest=251 tier=1 epoch1=0 epoch2=0 current=0 context=1]
[ECG-K2-REQUEST sim=gem5 seq=1576 request_seq=247340862 dest=252 tier=1 epoch1=0 epoch2=0 current=0 context=1]
[ECG-K2-REQUEST sim=gem5 seq=1577 request_seq=247340871 dest=253 tier=1 epoch1=0 epoch2=0 current=0 context=1]
[ECG-K2-REQUEST sim=gem5 seq=1578 request_seq=247340880 dest=254 tier=1 epoch1=0 epoch2=0 current=0 context=1]
[ECG-K2-REQUEST sim=gem5 seq=1579 request_seq=247340889 dest=256 tier=1 epoch1=0 epoch2=0 current=0 context=1]
[ECG-K2-REQUEST sim=gem5 seq=1580 request_seq=247340898 dest=258 tier=1 epoch1=0 epoch2=0 current=0 context=1]
[ECG-K2-REQUEST sim=gem5 seq=1581 request_seq=247340907 dest=259 tier=1 epoch1=0 epoch2=0 current=0 context=1]
[ECG-K2-REQUEST sim=gem5 seq=1582 request_seq=247340916 dest=261 tier=1 epoch1=0 epoch2=0 current=0 context=1]
[ECG-K2-REQUEST sim=gem5 seq=1583 request_seq=247340925 dest=262 tier=1 epoch1=0 epoch2=0 current=0 context=1]
[ECG-K2-ACCEPT sim=gem5 seq=1583 request_seq=247340925 request_dest=262 fill_dest=256 source=request tier=1 epoch1=0 epoch2=0 current=0 context=1 property_elem_bytes=4]
[ECG-STREAM-BYPASS sim=gem5 cache=system.l3cache addr=0x3ca8c0 vaddr=0x3b98c0 size=4 source=request-flag allocate=0]
[ECG-K2-REQUEST sim=gem5 seq=1584 request_seq=247340934 dest=263 tier=1 epoch1=0 epoch2=0 current=0 context=1]
[ECG-K2-REQUEST sim=gem5 seq=1585 request_seq=247340943 dest=264 tier=1 epoch1=0 epoch2=0 current=0 context=1]
[ECG-K2-REQUEST sim=gem5 seq=1586 request_seq=247340952 dest=265 tier=1 epoch1=0 epoch2=0 current=0 context=1]
[ECG-K2-REQUEST sim=gem5 seq=1587 request_seq=247340961 dest=266 tier=1 epoch1=0 epoch2=0 current=0 context=1]
[ECG-K2-REQUEST sim=gem5 seq=1588 request_seq=247340970 dest=267 tier=1 epoch1=0 epoch2=0 current=0 context=1]
[ECG-K2-REQUEST sim=gem5 seq=1589 request_seq=247340979 dest=268 tier=1 epoch1=0 epoch2=0 current=0 context=1]
[ECG-K2-REQUEST sim=gem5 seq=1590 request_seq=247340988 dest=269 tier=1 epoch1=0 epoch2=0 current=0 context=1]
[ECG-K2-REQUEST sim=gem5 seq=1591 request_seq=247340997 dest=270 tier=1 epoch1=0 epoch2=0 current=0 context=1]
[ECG-K2-REQUEST sim=gem5 seq=1592 request_seq=247341006 dest=271 tier=1 epoch1=0 epoch2=0 current=0 context=1]
[ECG-K2-REQUEST sim=gem5 seq=1593 request_seq=247341015 dest=273 tier=1 epoch1=0 epoch2=0 current=0 context=1]
[ECG-K2-REQUEST sim=gem5 seq=1594 request_seq=247341024 dest=274 tier=1 epoch1=0 epoch2=0 current=0 context=1]
[ECG-K2-REQUEST sim=gem5 seq=1595 request_seq=247341033 dest=276 tier=1 epoch1=0 epoch2=0 current=0 context=1]
[ECG-K2-ACCEPT sim=gem5 seq=1595 request_seq=247341033 request_dest=276 fill_dest=273 source=request tier=1 epoch1=0 epoch2=0 current=0 context=1 property_elem_bytes=4]
[ECG-K2-REQUEST sim=gem5 seq=1596 request_seq=247341042 dest=277 tier=1 epoch1=0 epoch2=0 current=0 context=1]
[ECG-K2-REQUEST sim=gem5 seq=1597 request_seq=247341051 dest=278 tier=1 epoch1=0 epoch2=0 current=0 context=1]
[ECG-K2-REQUEST sim=gem5 seq=1598 request_seq=247341060 dest=279 tier=1 epoch1=0 epoch2=0 current=0 context=1]
[ECG-K2-REQUEST sim=gem5 seq=1599 request_seq=247341069 dest=280 tier=1 epoch1=0 epoch2=0 current=0 context=1]
[ECG-STREAM-BYPASS sim=gem5 cache=system.l3cache addr=0x3ca900 vaddr=0x3b9900 size=4 source=request-flag allocate=0]
[ECG-K2-REQUEST sim=gem5 seq=1600 request_seq=247341078 dest=282 tier=1 epoch1=0 epoch2=0 current=0 context=1]
[ECG-K2-REQUEST sim=gem5 seq=1601 request_seq=247341087 dest=283 tier=1 epoch1=0 epoch2=0 current=0 context=1]
[ECG-K2-REQUEST sim=gem5 seq=1602 request_seq=247341096 dest=284 tier=1 epoch1=0 epoch2=0 current=0 context=1]
[ECG-K2-REQUEST sim=gem5 seq=1603 request_seq=247341105 dest=286 tier=1 epoch1=0 epoch2=0 current=0 context=1]
[ECG-K2-REQUEST sim=gem5 seq=1604 request_seq=247341114 dest=290 tier=1 epoch1=0 epoch2=0 current=0 context=1]
[ECG-K2-REQUEST sim=gem5 seq=1605 request_seq=247341123 dest=291 tier=1 epoch1=0 epoch2=0 current=0 context=1]
[ECG-K2-REQUEST sim=gem5 seq=1606 request_seq=247341132 dest=293 tier=1 epoch1=0 epoch2=0 current=0 context=1]
[ECG-K2-REQUEST sim=gem5 seq=1607 request_seq=247341141 dest=294 tier=1 epoch1=0 epoch2=0 current=0 context=1]
[ECG-K2-REQUEST sim=gem5 seq=1608 request_seq=247341150 dest=295 tier=1 epoch1=0 epoch2=0 current=0 context=1]
[ECG-K2-REQUEST sim=gem5 seq=1609 request_seq=247341159 dest=297 tier=1 epoch1=0 epoch2=0 current=0 context=1]
[ECG-K2-REQUEST sim=gem5 seq=1610 request_seq=247341168 dest=299 tier=1 epoch1=0 epoch2=0 current=0 context=1]
[ECG-K2-REQUEST sim=gem5 seq=1611 request_seq=247341177 dest=303 tier=1 epoch1=0 epoch2=0 current=0 context=1]
[ECG-K2-REQUEST sim=gem5 seq=1612 request_seq=247341186 dest=305 tier=1 epoch1=0 epoch2=0 current=0 context=1]
[ECG-K2-REQUEST sim=gem5 seq=1613 request_seq=247341195 dest=307 tier=1 epoch1=0 epoch2=0 current=0 context=1]
[ECG-K2-REQUEST sim=gem5 seq=1614 request_seq=247341204 dest=313 tier=1 epoch1=0 epoch2=0 current=0 context=1]
[ECG-K2-REQUEST sim=gem5 seq=1615 request_seq=247341213 dest=314 tier=1 epoch1=0 epoch2=0 current=0 context=1]
[ECG-K2-ACCEPT sim=gem5 seq=1615 request_seq=247341213 request_dest=314 fill_dest=305 source=request tier=1 epoch1=0 epoch2=0 current=0 context=1 property_elem_bytes=4]
[ECG-STREAM-BYPASS sim=gem5 cache=system.l3cache addr=0x3ca940 vaddr=0x3b9940 size=4 source=request-flag allocate=0]
[ECG-K2-REQUEST sim=gem5 seq=1616 request_seq=247341222 dest=316 tier=1 epoch1=0 epoch2=0 current=0 context=1]
[ECG-K2-REQUEST sim=gem5 seq=1617 request_seq=247341231 dest=319 tier=1 epoch1=0 epoch2=0 current=0 context=1]
[ECG-K2-REQUEST sim=gem5 seq=1618 request_seq=247341240 dest=320 tier=1 epoch1=0 epoch2=0 current=0 context=1]
[ECG-K2-REQUEST sim=gem5 seq=1619 request_seq=247341249 dest=323 tier=1 epoch1=0 epoch2=0 current=0 context=1]
[ECG-K2-REQUEST sim=gem5 seq=1620 request_seq=247341258 dest=325 tier=1 epoch1=0 epoch2=0 current=0 context=1]
[ECG-K2-REQUEST sim=gem5 seq=1621 request_seq=247341267 dest=326 tier=1 epoch1=0 epoch2=0 current=0 context=1]
[ECG-K2-REQUEST sim=gem5 seq=1622 request_seq=247341276 dest=329 tier=1 epoch1=0 epoch2=0 current=0 context=1]
[ECG-K2-REQUEST sim=gem5 seq=1623 request_seq=247341285 dest=332 tier=1 epoch1=0 epoch2=0 current=0 context=1]
[ECG-K2-REQUEST sim=gem5 seq=1624 request_seq=247341294 dest=333 tier=1 epoch1=0 epoch2=0 current=0 context=1]
[ECG-K2-REQUEST sim=gem5 seq=1625 request_seq=247341303 dest=335 tier=1 epoch1=0 epoch2=0 current=0 context=1]
[ECG-K2-REQUEST sim=gem5 seq=1626 request_seq=247341312 dest=336 tier=1 epoch1=0 epoch2=0 current=0 context=1]
[ECG-K2-REQUEST sim=gem5 seq=1627 request_seq=247341321 dest=341 tier=1 epoch1=0 epoch2=0 current=0 context=1]
[ECG-K2-ACCEPT sim=gem5 seq=1627 request_seq=247341321 request_dest=341 fill_dest=336 source=request tier=1 epoch1=0 epoch2=0 current=0 context=1 property_elem_bytes=4]
[ECG-K2-REQUEST sim=gem5 seq=1628 request_seq=247341330 dest=342 tier=1 epoch1=0 epoch2=0 current=0 context=1]
[ECG-K2-REQUEST sim=gem5 seq=1629 request_seq=247341339 dest=346 tier=1 epoch1=0 epoch2=0 current=0 context=1]
[ECG-K2-REQUEST sim=gem5 seq=1630 request_seq=247341348 dest=348 tier=1 epoch1=0 epoch2=0 current=0 context=1]
[ECG-K2-REQUEST sim=gem5 seq=1631 request_seq=247341357 dest=352 tier=1 epoch1=0 epoch2=0 current=0 context=1]
[ECG-STREAM-BYPASS sim=gem5 cache=system.l3cache addr=0x3ca980 vaddr=0x3b9980 size=4 source=request-flag allocate=0]
[ECG-K2-ACCEPT sim=gem5 seq=1631 request_seq=247341357 request_dest=352 fill_dest=352 source=request tier=1 epoch1=0 epoch2=0 current=0 context=1 property_elem_bytes=4]
[ECG-K2-REQUEST sim=gem5 seq=1632 request_seq=247341366 dest=354 tier=1 epoch1=0 epoch2=0 current=0 context=1]
[ECG-K2-REQUEST sim=gem5 seq=1633 request_seq=247341375 dest=355 tier=1 epoch1=0 epoch2=0 current=0 context=1]
[ECG-K2-REQUEST sim=gem5 seq=1634 request_seq=247341384 dest=357 tier=1 epoch1=0 epoch2=0 current=0 context=1]
[ECG-K2-REQUEST sim=gem5 seq=1635 request_seq=247341393 dest=359 tier=1 epoch1=0 epoch2=0 current=0 context=1]
[ECG-K2-REQUEST sim=gem5 seq=1636 request_seq=247341402 dest=361 tier=1 epoch1=0 epoch2=0 current=0 context=1]
[ECG-K2-REQUEST sim=gem5 seq=1637 request_seq=247341411 dest=362 tier=1 epoch1=0 epoch2=0 current=0 context=1]
[ECG-K2-REQUEST sim=gem5 seq=1638 request_seq=247341420 dest=363 tier=1 epoch1=0 epoch2=0 current=0 context=1]
[ECG-K2-REQUEST sim=gem5 seq=1639 request_seq=247341429 dest=364 tier=1 epoch1=0 epoch2=0 current=0 context=1]
[ECG-K2-REQUEST sim=gem5 seq=1640 request_seq=247341438 dest=367 tier=1 epoch1=0 epoch2=0 current=0 context=1]
[ECG-K2-REQUEST sim=gem5 seq=1641 request_seq=247341447 dest=369 tier=1 epoch1=0 epoch2=0 current=0 context=1]
[ECG-K2-REQUEST sim=gem5 seq=1642 request_seq=247341456 dest=370 tier=1 epoch1=0 epoch2=0 current=0 context=1]
[ECG-K2-REQUEST sim=gem5 seq=1643 request_seq=247341465 dest=371 tier=1 epoch1=0 epoch2=0 current=0 context=1]
[ECG-K2-REQUEST sim=gem5 seq=1644 request_seq=247341474 dest=372 tier=1 epoch1=0 epoch2=0 current=0 context=1]
[ECG-K2-REQUEST sim=gem5 seq=1645 request_seq=247341483 dest=374 tier=1 epoch1=0 epoch2=0 current=0 context=1]
[ECG-K2-REQUEST sim=gem5 seq=1646 request_seq=247341492 dest=375 tier=1 epoch1=0 epoch2=0 current=0 context=1]
[ECG-K2-REQUEST sim=gem5 seq=1647 request_seq=247341501 dest=377 tier=1 epoch1=0 epoch2=0 current=0 context=1]
[ECG-STREAM-BYPASS sim=gem5 cache=system.l3cache addr=0x3ca9c0 vaddr=0x3b99c0 size=4 source=request-flag allocate=0]
[ECG-K2-REQUEST sim=gem5 seq=1648 request_seq=247341510 dest=378 tier=1 epoch1=0 epoch2=0 current=0 context=1]
[ECG-K2-REQUEST sim=gem5 seq=1649 request_seq=247341519 dest=379 tier=1 epoch1=0 epoch2=0 current=0 context=1]
[ECG-K2-REQUEST sim=gem5 seq=1650 request_seq=247341528 dest=380 tier=1 epoch1=0 epoch2=0 current=0 context=1]
[ECG-K2-REQUEST sim=gem5 seq=1651 request_seq=247341537 dest=381 tier=1 epoch1=0 epoch2=0 current=0 context=1]
[ECG-K2-REQUEST sim=gem5 seq=1652 request_seq=247341546 dest=382 tier=1 epoch1=0 epoch2=0 current=0 context=1]
[ECG-K2-REQUEST sim=gem5 seq=1653 request_seq=247341555 dest=383 tier=1 epoch1=0 epoch2=0 current=0 context=1]
[ECG-K2-REQUEST sim=gem5 seq=1654 request_seq=247341564 dest=385 tier=1 epoch1=0 epoch2=0 current=0 context=1]
[ECG-K2-REQUEST sim=gem5 seq=1655 request_seq=247341573 dest=386 tier=1 epoch1=0 epoch2=0 current=0 context=1]
[ECG-K2-REQUEST sim=gem5 seq=1656 request_seq=247341582 dest=387 tier=1 epoch1=0 epoch2=0 current=0 context=1]
[ECG-K2-REQUEST sim=gem5 seq=1657 request_seq=247341591 dest=388 tier=1 epoch1=0 epoch2=0 current=0 context=1]
[ECG-K2-REQUEST sim=gem5 seq=1658 request_seq=247341600 dest=392 tier=1 epoch1=0 epoch2=0 current=0 context=1]
[ECG-K2-REQUEST sim=gem5 seq=1659 request_seq=247341609 dest=394 tier=1 epoch1=0 epoch2=0 current=0 context=1]
[ECG-K2-REQUEST sim=gem5 seq=1660 request_seq=247341618 dest=398 tier=1 epoch1=0 epoch2=0 current=0 context=1]
[ECG-K2-REQUEST sim=gem5 seq=1661 request_seq=247341627 dest=399 tier=1 epoch1=0 epoch2=0 current=0 context=1]
[ECG-K2-REQUEST sim=gem5 seq=1662 request_seq=247341636 dest=401 tier=1 epoch1=0 epoch2=0 current=0 context=1]
[ECG-K2-REQUEST sim=gem5 seq=1663 request_seq=247341645 dest=402 tier=1 epoch1=0 epoch2=0 current=0 context=1]
[ECG-STREAM-BYPASS sim=gem5 cache=system.l3cache addr=0x3caa00 vaddr=0x3b9a00 size=4 source=request-flag allocate=0]
[ECG-K2-REQUEST sim=gem5 seq=1664 request_seq=247341654 dest=404 tier=1 epoch1=0 epoch2=0 current=0 context=1]
[ECG-K2-REQUEST sim=gem5 seq=1665 request_seq=247341663 dest=407 tier=1 epoch1=0 epoch2=0 current=0 context=1]
[ECG-K2-REQUEST sim=gem5 seq=1666 request_seq=247341672 dest=412 tier=1 epoch1=0 epoch2=0 current=0 context=1]
[ECG-K2-REQUEST sim=gem5 seq=1667 request_seq=247341681 dest=413 tier=1 epoch1=0 epoch2=0 current=0 context=1]
[ECG-K2-REQUEST sim=gem5 seq=1668 request_seq=247341690 dest=420 tier=1 epoch1=0 epoch2=0 current=0 context=1]
[ECG-K2-REQUEST sim=gem5 seq=1669 request_seq=247341699 dest=421 tier=1 epoch1=0 epoch2=0 current=0 context=1]
[ECG-K2-REQUEST sim=gem5 seq=1670 request_seq=247341708 dest=424 tier=1 epoch1=0 epoch2=0 current=0 context=1]
[ECG-K2-REQUEST sim=gem5 seq=1671 request_seq=247341717 dest=425 tier=1 epoch1=0 epoch2=0 current=0 context=1]
[ECG-K2-REQUEST sim=gem5 seq=1672 request_seq=247341726 dest=431 tier=1 epoch1=0 epoch2=0 current=0 context=1]
[ECG-K2-REQUEST sim=gem5 seq=1673 request_seq=247341735 dest=434 tier=1 epoch1=0 epoch2=0 current=0 context=1]
[ECG-K2-REQUEST sim=gem5 seq=1674 request_seq=247341744 dest=436 tier=1 epoch1=0 epoch2=0 current=0 context=1]
[ECG-K2-REQUEST sim=gem5 seq=1675 request_seq=247341753 dest=440 tier=1 epoch1=0 epoch2=0 current=0 context=1]
[ECG-K2-REQUEST sim=gem5 seq=1676 request_seq=247341762 dest=441 tier=1 epoch1=0 epoch2=0 current=0 context=1]
[ECG-K2-REQUEST sim=gem5 seq=1677 request_seq=247341771 dest=442 tier=1 epoch1=0 epoch2=0 current=0 context=1]
[ECG-K2-REQUEST sim=gem5 seq=1678 request_seq=247341780 dest=447 tier=1 epoch1=0 epoch2=0 current=0 context=1]
[ECG-K2-REQUEST sim=gem5 seq=1679 request_seq=247341789 dest=449 tier=1 epoch1=0 epoch2=0 current=0 context=1]
[ECG-STREAM-BYPASS sim=gem5 cache=system.l3cache addr=0x3caa40 vaddr=0x3b9a40 size=4 source=request-flag allocate=0]
[ECG-K2-REQUEST sim=gem5 seq=1680 request_seq=247341798 dest=452 tier=1 epoch1=0 epoch2=0 current=0 context=1]
[ECG-K2-REQUEST sim=gem5 seq=1681 request_seq=247341807 dest=460 tier=1 epoch1=0 epoch2=0 current=0 context=1]
[ECG-K2-REQUEST sim=gem5 seq=1682 request_seq=247341816 dest=465 tier=1 epoch1=0 epoch2=0 current=0 context=1]
[ECG-K2-REQUEST sim=gem5 seq=1683 request_seq=247341825 dest=466 tier=1 epoch1=0 epoch2=0 current=0 context=1]
[ECG-K2-REQUEST sim=gem5 seq=1684 request_seq=247341834 dest=470 tier=1 epoch1=0 epoch2=0 current=0 context=1]
[ECG-K2-REQUEST sim=gem5 seq=1685 request_seq=247341843 dest=471 tier=1 epoch1=0 epoch2=0 current=0 context=1]
[ECG-K2-REQUEST sim=gem5 seq=1686 request_seq=247341852 dest=472 tier=1 epoch1=0 epoch2=0 current=0 context=1]
[ECG-K2-REQUEST sim=gem5 seq=1687 request_seq=247341861 dest=478 tier=1 epoch1=0 epoch2=0 current=0 context=1]
[ECG-K2-REQUEST sim=gem5 seq=1688 request_seq=247341870 dest=480 tier=1 epoch1=0 epoch2=0 current=0 context=1]
[ECG-K2-REQUEST sim=gem5 seq=1689 request_seq=247341879 dest=483 tier=1 epoch1=0 epoch2=0 current=0 context=1]
[ECG-K2-REQUEST sim=gem5 seq=1690 request_seq=247341888 dest=484 tier=1 epoch1=0 epoch2=0 current=0 context=1]
[ECG-K2-REQUEST sim=gem5 seq=1691 request_seq=247341897 dest=485 tier=1 epoch1=0 epoch2=0 current=0 context=1]
[ECG-K2-REQUEST sim=gem5 seq=1692 request_seq=247341906 dest=486 tier=1 epoch1=0 epoch2=0 current=0 context=1]
[ECG-K2-REQUEST sim=gem5 seq=1693 request_seq=247341915 dest=489 tier=1 epoch1=0 epoch2=0 current=0 context=1]
[ECG-K2-REQUEST sim=gem5 seq=1694 request_seq=247341924 dest=492 tier=1 epoch1=0 epoch2=0 current=0 context=1]
[ECG-K2-REQUEST sim=gem5 seq=1695 request_seq=247341933 dest=496 tier=1 epoch1=0 epoch2=0 current=0 context=1]
[ECG-STREAM-BYPASS sim=gem5 cache=system.l3cache addr=0x3caa80 vaddr=0x3b9a80 size=4 source=request-flag allocate=0]
[ECG-K2-REQUEST sim=gem5 seq=1696 request_seq=247341942 dest=498 tier=1 epoch1=0 epoch2=0 current=0 context=1]
[ECG-K2-REQUEST sim=gem5 seq=1697 request_seq=247341951 dest=499 tier=1 epoch1=0 epoch2=0 current=0 context=1]
[ECG-K2-REQUEST sim=gem5 seq=1698 request_seq=247341960 dest=509 tier=1 epoch1=0 epoch2=0 current=0 context=1]
[ECG-K2-REQUEST sim=gem5 seq=1699 request_seq=247341969 dest=512 tier=1 epoch1=0 epoch2=0 current=0 context=1]
[ECG-K2-REQUEST sim=gem5 seq=1700 request_seq=247341978 dest=517 tier=1 epoch1=0 epoch2=0 current=0 context=1]
[ECG-K2-REQUEST sim=gem5 seq=1701 request_seq=247341987 dest=518 tier=1 epoch1=0 epoch2=0 current=0 context=1]
[ECG-K2-REQUEST sim=gem5 seq=1702 request_seq=247341996 dest=534 tier=1 epoch1=0 epoch2=0 current=0 context=1]
[ECG-K2-REQUEST sim=gem5 seq=1703 request_seq=247342005 dest=536 tier=1 epoch1=0 epoch2=0 current=0 context=1]
[ECG-K2-REQUEST sim=gem5 seq=1704 request_seq=247342014 dest=537 tier=1 epoch1=0 epoch2=0 current=0 context=1]
[ECG-K2-REQUEST sim=gem5 seq=1705 request_seq=247342023 dest=538 tier=1 epoch1=0 epoch2=0 current=0 context=1]
[ECG-K2-REQUEST sim=gem5 seq=1706 request_seq=247342032 dest=539 tier=1 epoch1=0 epoch2=0 current=0 context=1]
[ECG-K2-REQUEST sim=gem5 seq=1707 request_seq=247342041 dest=542 tier=1 epoch1=0 epoch2=0 current=0 context=1]
[ECG-K2-ACCEPT sim=gem5 seq=1701 request_seq=247341987 request_dest=518 fill_dest=512 source=request tier=1 epoch1=0 epoch2=0 current=0 context=1 property_elem_bytes=4]
[ECG-K2-ACCEPT sim=gem5 seq=1707 request_seq=247342041 request_dest=542 fill_dest=534 source=request tier=1 epoch1=0 epoch2=0 current=0 context=1 property_elem_bytes=4]
[ECG-K2-REQUEST sim=gem5 seq=1708 request_seq=247342050 dest=543 tier=1 epoch1=0 epoch2=0 current=0 context=1]
[ECG-K2-REQUEST sim=gem5 seq=1709 request_seq=247342059 dest=545 tier=1 epoch1=0 epoch2=0 current=0 context=1]
[ECG-K2-ACCEPT sim=gem5 seq=1709 request_seq=247342059 request_dest=545 fill_dest=545 source=request tier=1 epoch1=0 epoch2=0 current=0 context=1 property_elem_bytes=4]
[ECG-K2-REQUEST sim=gem5 seq=1710 request_seq=247342068 dest=547 tier=1 epoch1=0 epoch2=0 current=0 context=1]
[ECG-K2-REQUEST sim=gem5 seq=1711 request_seq=247342077 dest=548 tier=1 epoch1=0 epoch2=0 current=0 context=1]
[ECG-STREAM-BYPASS sim=gem5 cache=system.l3cache addr=0x3caac0 vaddr=0x3b9ac0 size=4 source=request-flag allocate=0]
[ECG-K2-REQUEST sim=gem5 seq=1712 request_seq=247342086 dest=551 tier=1 epoch1=0 epoch2=0 current=0 context=1]
[ECG-K2-REQUEST sim=gem5 seq=1713 request_seq=247342095 dest=553 tier=1 epoch1=0 epoch2=0 current=0 context=1]
[ECG-K2-REQUEST sim=gem5 seq=1714 request_seq=247342104 dest=554 tier=1 epoch1=0 epoch2=0 current=0 context=1]
[ECG-K2-REQUEST sim=gem5 seq=1715 request_seq=247342113 dest=555 tier=1 epoch1=0 epoch2=0 current=0 context=1]
[ECG-K2-REQUEST sim=gem5 seq=1716 request_seq=247342122 dest=556 tier=1 epoch1=0 epoch2=0 current=0 context=1]
[ECG-K2-REQUEST sim=gem5 seq=1717 request_seq=247342131 dest=562 tier=1 epoch1=0 epoch2=0 current=0 context=1]
[ECG-K2-REQUEST sim=gem5 seq=1718 request_seq=247342140 dest=563 tier=1 epoch1=0 epoch2=0 current=0 context=1]
[ECG-K2-REQUEST sim=gem5 seq=1719 request_seq=247342149 dest=565 tier=1 epoch1=0 epoch2=0 current=0 context=1]
[ECG-K2-REQUEST sim=gem5 seq=1720 request_seq=247342158 dest=575 tier=1 epoch1=0 epoch2=0 current=0 context=1]
[ECG-K2-REQUEST sim=gem5 seq=1721 request_seq=247342167 dest=583 tier=1 epoch1=0 epoch2=0 current=0 context=1]
[ECG-K2-REQUEST sim=gem5 seq=1722 request_seq=247342176 dest=584 tier=1 epoch1=0 epoch2=0 current=0 context=1]
[ECG-K2-REQUEST sim=gem5 seq=1723 request_seq=247342185 dest=585 tier=1 epoch1=0 epoch2=0 current=0 context=1]
[ECG-K2-REQUEST sim=gem5 seq=1724 request_seq=247342194 dest=587 tier=1 epoch1=0 epoch2=0 current=0 context=1]
[ECG-K2-REQUEST sim=gem5 seq=1725 request_seq=247342203 dest=590 tier=1 epoch1=0 epoch2=0 current=0 context=1]
[ECG-K2-REQUEST sim=gem5 seq=1726 request_seq=247342212 dest=591 tier=1 epoch1=0 epoch2=0 current=0 context=1]
[ECG-K2-REQUEST sim=gem5 seq=1727 request_seq=247342221 dest=593 tier=1 epoch1=0 epoch2=0 current=0 context=1]
[ECG-STREAM-BYPASS sim=gem5 cache=system.l3cache addr=0x3cab00 vaddr=0x3b9b00 size=4 source=request-flag allocate=0]
[ECG-K2-REQUEST sim=gem5 seq=1728 request_seq=247342230 dest=596 tier=1 epoch1=0 epoch2=0 current=0 context=1]
[ECG-K2-REQUEST sim=gem5 seq=1729 request_seq=247342239 dest=602 tier=1 epoch1=0 epoch2=0 current=0 context=1]
[ECG-K2-REQUEST sim=gem5 seq=1730 request_seq=247342248 dest=603 tier=1 epoch1=0 epoch2=0 current=0 context=1]
[ECG-K2-REQUEST sim=gem5 seq=1731 request_seq=247342257 dest=604 tier=1 epoch1=0 epoch2=0 current=0 context=1]
[ECG-K2-REQUEST sim=gem5 seq=1732 request_seq=247342266 dest=608 tier=1 epoch1=0 epoch2=0 current=0 context=1]
[ECG-K2-REQUEST sim=gem5 seq=1733 request_seq=247342275 dest=610 tier=1 epoch1=0 epoch2=0 current=0 context=1]
[ECG-K2-REQUEST sim=gem5 seq=1734 request_seq=247342284 dest=613 tier=1 epoch1=0 epoch2=0 current=0 context=1]
[ECG-K2-REQUEST sim=gem5 seq=1735 request_seq=247342293 dest=614 tier=1 epoch1=0 epoch2=0 current=0 context=1]
[ECG-K2-REQUEST sim=gem5 seq=1736 request_seq=247342302 dest=615 tier=1 epoch1=0 epoch2=0 current=0 context=1]
[ECG-K2-REQUEST sim=gem5 seq=1737 request_seq=247342311 dest=616 tier=1 epoch1=0 epoch2=0 current=0 context=1]
[ECG-K2-REQUEST sim=gem5 seq=1738 request_seq=247342320 dest=617 tier=1 epoch1=0 epoch2=0 current=0 context=1]
[ECG-K2-REQUEST sim=gem5 seq=1739 request_seq=247342329 dest=619 tier=1 epoch1=0 epoch2=0 current=0 context=1]
[ECG-K2-ACCEPT sim=gem5 seq=1739 request_seq=247342329 request_dest=619 fill_dest=608 source=request tier=1 epoch1=0 epoch2=0 current=0 context=1 property_elem_bytes=4]
[ECG-K2-REQUEST sim=gem5 seq=1740 request_seq=247342338 dest=627 tier=1 epoch1=0 epoch2=0 current=0 context=1]
[ECG-K2-REQUEST sim=gem5 seq=1741 request_seq=247342347 dest=628 tier=1 epoch1=0 epoch2=0 current=0 context=1]
[ECG-K2-REQUEST sim=gem5 seq=1742 request_seq=247342356 dest=632 tier=1 epoch1=0 epoch2=0 current=0 context=1]
[ECG-K2-ACCEPT sim=gem5 seq=1742 request_seq=247342356 request_dest=632 fill_dest=627 source=request tier=1 epoch1=0 epoch2=0 current=0 context=1 property_elem_bytes=4]
[ECG-K2-REQUEST sim=gem5 seq=1743 request_seq=247342365 dest=633 tier=1 epoch1=0 epoch2=0 current=0 context=1]
[ECG-STREAM-BYPASS sim=gem5 cache=system.l3cache addr=0x3cab40 vaddr=0x3b9b40 size=4 source=request-flag allocate=0]
[ECG-K2-REQUEST sim=gem5 seq=1744 request_seq=247342374 dest=636 tier=1 epoch1=0 epoch2=0 current=0 context=1]
[ECG-K2-REQUEST sim=gem5 seq=1745 request_seq=247342383 dest=638 tier=1 epoch1=0 epoch2=0 current=0 context=1]
[ECG-K2-REQUEST sim=gem5 seq=1746 request_seq=247342392 dest=641 tier=1 epoch1=0 epoch2=0 current=0 context=1]
[ECG-K2-REQUEST sim=gem5 seq=1747 request_seq=247342401 dest=642 tier=1 epoch1=0 epoch2=0 current=0 context=1]
[ECG-K2-REQUEST sim=gem5 seq=1748 request_seq=247342410 dest=645 tier=1 epoch1=0 epoch2=0 current=0 context=1]
[ECG-K2-REQUEST sim=gem5 seq=1749 request_seq=247342419 dest=646 tier=1 epoch1=0 epoch2=0 current=0 context=1]
[ECG-K2-REQUEST sim=gem5 seq=1750 request_seq=247342428 dest=648 tier=1 epoch1=0 epoch2=0 current=0 context=1]
[ECG-K2-REQUEST sim=gem5 seq=1751 request_seq=247342437 dest=652 tier=1 epoch1=0 epoch2=0 current=0 context=1]
[ECG-K2-REQUEST sim=gem5 seq=1752 request_seq=247342446 dest=655 tier=1 epoch1=0 epoch2=0 current=0 context=1]
[ECG-K2-REQUEST sim=gem5 seq=1753 request_seq=247342455 dest=658 tier=1 epoch1=0 epoch2=0 current=0 context=1]
[ECG-K2-REQUEST sim=gem5 seq=1754 request_seq=247342464 dest=664 tier=1 epoch1=0 epoch2=0 current=0 context=1]
[ECG-K2-REQUEST sim=gem5 seq=1755 request_seq=247342473 dest=667 tier=1 epoch1=0 epoch2=0 current=0 context=1]
[ECG-K2-REQUEST sim=gem5 seq=1756 request_seq=247342482 dest=672 tier=1 epoch1=0 epoch2=0 current=0 context=1]
[ECG-K2-REQUEST sim=gem5 seq=1757 request_seq=247342491 dest=673 tier=1 epoch1=0 epoch2=0 current=0 context=1]
[ECG-K2-REQUEST sim=gem5 seq=1758 request_seq=247342500 dest=675 tier=1 epoch1=0 epoch2=0 current=0 context=1]
[ECG-K2-REQUEST sim=gem5 seq=1759 request_seq=247342509 dest=677 tier=1 epoch1=0 epoch2=0 current=0 context=1]
[ECG-STREAM-BYPASS sim=gem5 cache=system.l3cache addr=0x3cab80 vaddr=0x3b9b80 size=4 source=request-flag allocate=0]
[ECG-K2-REQUEST sim=gem5 seq=1760 request_seq=247342518 dest=680 tier=1 epoch1=0 epoch2=0 current=0 context=1]
[ECG-K2-REQUEST sim=gem5 seq=1761 request_seq=247342527 dest=682 tier=1 epoch1=0 epoch2=0 current=0 context=1]
[ECG-K2-REQUEST sim=gem5 seq=1762 request_seq=247342536 dest=683 tier=1 epoch1=0 epoch2=0 current=0 context=1]
[ECG-K2-REQUEST sim=gem5 seq=1763 request_seq=247342545 dest=687 tier=1 epoch1=0 epoch2=0 current=0 context=1]
[ECG-K2-REQUEST sim=gem5 seq=1764 request_seq=247342554 dest=689 tier=1 epoch1=0 epoch2=0 current=0 context=1]
[ECG-K2-REQUEST sim=gem5 seq=1765 request_seq=247342563 dest=695 tier=1 epoch1=0 epoch2=0 current=0 context=1]
[ECG-K2-REQUEST sim=gem5 seq=1766 request_seq=247342572 dest=697 tier=1 epoch1=0 epoch2=0 current=0 context=1]
[ECG-K2-REQUEST sim=gem5 seq=1767 request_seq=247342581 dest=700 tier=1 epoch1=0 epoch2=0 current=0 context=1]
[ECG-K2-REQUEST sim=gem5 seq=1768 request_seq=247342590 dest=701 tier=1 epoch1=0 epoch2=0 current=0 context=1]
[ECG-K2-REQUEST sim=gem5 seq=1769 request_seq=247342599 dest=702 tier=1 epoch1=0 epoch2=0 current=0 context=1]
[ECG-K2-REQUEST sim=gem5 seq=1770 request_seq=247342608 dest=703 tier=1 epoch1=0 epoch2=0 current=0 context=1]
[ECG-K2-REQUEST sim=gem5 seq=1771 request_seq=247342617 dest=704 tier=1 epoch1=0 epoch2=0 current=0 context=1]
[ECG-K2-REQUEST sim=gem5 seq=1772 request_seq=247342626 dest=705 tier=1 epoch1=0 epoch2=0 current=0 context=1]
[ECG-K2-REQUEST sim=gem5 seq=1773 request_seq=247342635 dest=706 tier=1 epoch1=0 epoch2=0 current=0 context=1]
[ECG-K2-REQUEST sim=gem5 seq=1774 request_seq=247342644 dest=708 tier=1 epoch1=0 epoch2=0 current=0 context=1]
[ECG-K2-ACCEPT sim=gem5 seq=1774 request_seq=247342644 request_dest=708 fill_dest=704 source=request tier=1 epoch1=0 epoch2=0 current=0 context=1 property_elem_bytes=4]
[ECG-K2-REQUEST sim=gem5 seq=1775 request_seq=247342653 dest=710 tier=1 epoch1=0 epoch2=0 current=0 context=1]
[ECG-STREAM-BYPASS sim=gem5 cache=system.l3cache addr=0x3cabc0 vaddr=0x3b9bc0 size=4 source=request-flag allocate=0]
[ECG-K2-REQUEST sim=gem5 seq=1776 request_seq=247342662 dest=715 tier=1 epoch1=0 epoch2=0 current=0 context=1]
[ECG-K2-REQUEST sim=gem5 seq=1777 request_seq=247342671 dest=716 tier=1 epoch1=0 epoch2=0 current=0 context=1]
[ECG-K2-REQUEST sim=gem5 seq=1778 request_seq=247342680 dest=722 tier=1 epoch1=0 epoch2=0 current=0 context=1]
[ECG-K2-REQUEST sim=gem5 seq=1779 request_seq=247342689 dest=723 tier=1 epoch1=0 epoch2=0 current=0 context=1]
[ECG-K2-REQUEST sim=gem5 seq=1780 request_seq=247342698 dest=724 tier=1 epoch1=0 epoch2=0 current=0 context=1]
[ECG-K2-REQUEST sim=gem5 seq=1781 request_seq=247342707 dest=725 tier=1 epoch1=0 epoch2=0 current=0 context=1]
[ECG-K2-REQUEST sim=gem5 seq=1782 request_seq=247342716 dest=728 tier=1 epoch1=0 epoch2=0 current=0 context=1]
[ECG-K2-REQUEST sim=gem5 seq=1783 request_seq=247342725 dest=730 tier=1 epoch1=0 epoch2=0 current=0 context=1]
[ECG-K2-REQUEST sim=gem5 seq=1784 request_seq=247342734 dest=732 tier=1 epoch1=0 epoch2=0 current=0 context=1]
[ECG-K2-REQUEST sim=gem5 seq=1785 request_seq=247342743 dest=738 tier=1 epoch1=0 epoch2=0 current=0 context=1]
[ECG-K2-REQUEST sim=gem5 seq=1786 request_seq=247342752 dest=746 tier=1 epoch1=0 epoch2=0 current=0 context=1]
[ECG-K2-REQUEST sim=gem5 seq=1787 request_seq=247342761 dest=748 tier=1 epoch1=0 epoch2=0 current=0 context=1]
[ECG-K2-ACCEPT sim=gem5 seq=1784 request_seq=247342734 request_dest=732 fill_dest=722 source=request tier=1 epoch1=0 epoch2=0 current=0 context=1 property_elem_bytes=4]
[ECG-K2-REQUEST sim=gem5 seq=1788 request_seq=247342770 dest=751 tier=1 epoch1=0 epoch2=0 current=0 context=1]
[ECG-K2-REQUEST sim=gem5 seq=1789 request_seq=247342779 dest=753 tier=1 epoch1=0 epoch2=0 current=0 context=1]
[ECG-K2-REQUEST sim=gem5 seq=1790 request_seq=247342788 dest=756 tier=1 epoch1=0 epoch2=0 current=0 context=1]
[ECG-K2-REQUEST sim=gem5 seq=1791 request_seq=247342797 dest=757 tier=1 epoch1=0 epoch2=0 current=0 context=1]
[ECG-STREAM-BYPASS sim=gem5 cache=system.l3cache addr=0x3cac00 vaddr=0x3b9c00 size=4 source=request-flag allocate=0]
[ECG-K2-REQUEST sim=gem5 seq=1792 request_seq=247342806 dest=758 tier=1 epoch1=0 epoch2=0 current=0 context=1]
[ECG-K2-REQUEST sim=gem5 seq=1793 request_seq=247342815 dest=759 tier=1 epoch1=0 epoch2=0 current=0 context=1]
[ECG-K2-REQUEST sim=gem5 seq=1794 request_seq=247342824 dest=761 tier=1 epoch1=0 epoch2=0 current=0 context=1]
[ECG-K2-REQUEST sim=gem5 seq=1795 request_seq=247342833 dest=762 tier=1 epoch1=0 epoch2=0 current=0 context=1]
[ECG-K2-REQUEST sim=gem5 seq=1796 request_seq=247342842 dest=763 tier=1 epoch1=0 epoch2=0 current=0 context=1]
[ECG-K2-REQUEST sim=gem5 seq=1797 request_seq=247342851 dest=765 tier=1 epoch1=0 epoch2=0 current=0 context=1]
[ECG-K2-REQUEST sim=gem5 seq=1798 request_seq=247342860 dest=766 tier=1 epoch1=0 epoch2=0 current=0 context=1]
[ECG-K2-REQUEST sim=gem5 seq=1799 request_seq=247342869 dest=770 tier=1 epoch1=0 epoch2=0 current=0 context=1]
[ECG-K2-REQUEST sim=gem5 seq=1800 request_seq=247342878 dest=771 tier=1 epoch1=0 epoch2=0 current=0 context=1]
[ECG-K2-REQUEST sim=gem5 seq=1801 request_seq=247342887 dest=772 tier=1 epoch1=0 epoch2=0 current=0 context=1]
[ECG-K2-REQUEST sim=gem5 seq=1802 request_seq=247342896 dest=773 tier=1 epoch1=0 epoch2=0 current=0 context=1]
[ECG-K2-REQUEST sim=gem5 seq=1803 request_seq=247342905 dest=774 tier=1 epoch1=0 epoch2=0 current=0 context=1]
[ECG-K2-ACCEPT sim=gem5 seq=1803 request_seq=247342905 request_dest=774 fill_dest=770 source=request tier=1 epoch1=0 epoch2=0 current=0 context=1 property_elem_bytes=4]
[ECG-K2-REQUEST sim=gem5 seq=1804 request_seq=247342914 dest=775 tier=1 epoch1=0 epoch2=0 current=0 context=1]
[ECG-K2-REQUEST sim=gem5 seq=1805 request_seq=247342923 dest=779 tier=1 epoch1=0 epoch2=0 current=0 context=1]
[ECG-K2-REQUEST sim=gem5 seq=1806 request_seq=247342932 dest=785 tier=2 epoch1=0 epoch2=0 current=0 context=1]
[ECG-K2-REQUEST sim=gem5 seq=1807 request_seq=247342941 dest=799 tier=2 epoch1=0 epoch2=0 current=0 context=1]
[ECG-STREAM-BYPASS sim=gem5 cache=system.l3cache addr=0x3cac40 vaddr=0x3b9c40 size=4 source=request-flag allocate=0]
[ECG-K2-REQUEST sim=gem5 seq=1808 request_seq=247342950 dest=801 tier=2 epoch1=0 epoch2=0 current=0 context=1]
[ECG-K2-REQUEST sim=gem5 seq=1809 request_seq=247342959 dest=809 tier=2 epoch1=0 epoch2=0 current=0 context=1]
[ECG-K2-REQUEST sim=gem5 seq=1810 request_seq=247342968 dest=815 tier=2 epoch1=0 epoch2=0 current=0 context=1]
[ECG-K2-REQUEST sim=gem5 seq=1811 request_seq=247342977 dest=817 tier=2 epoch1=0 epoch2=0 current=0 context=1]
[ECG-K2-REQUEST sim=gem5 seq=1812 request_seq=247342986 dest=819 tier=2 epoch1=0 epoch2=0 current=0 context=1]
[ECG-K2-REQUEST sim=gem5 seq=1813 request_seq=247342995 dest=828 tier=2 epoch1=0 epoch2=0 current=0 context=1]
[ECG-K2-REQUEST sim=gem5 seq=1814 request_seq=247343004 dest=831 tier=2 epoch1=0 epoch2=0 current=0 context=1]
[ECG-K2-REQUEST sim=gem5 seq=1815 request_seq=247343013 dest=841 tier=2 epoch1=0 epoch2=0 current=0 context=1]
[ECG-K2-REQUEST sim=gem5 seq=1816 request_seq=247343022 dest=850 tier=2 epoch1=0 epoch2=0 current=0 context=1]
[ECG-K2-REQUEST sim=gem5 seq=1817 request_seq=247343031 dest=853 tier=2 epoch1=0 epoch2=0 current=0 context=1]
[ECG-K2-REQUEST sim=gem5 seq=1818 request_seq=247343040 dest=856 tier=2 epoch1=0 epoch2=0 current=0 context=1]
[ECG-K2-ACCEPT sim=gem5 seq=1816 request_seq=247343022 request_dest=850 fill_dest=850 source=request tier=2 epoch1=0 epoch2=0 current=0 context=1 property_elem_bytes=4]
[ECG-K2-ACCEPT sim=gem5 seq=1810 request_seq=247342968 request_dest=815 fill_dest=801 source=request tier=2 epoch1=0 epoch2=0 current=0 context=1 property_elem_bytes=4]
[ECG-K2-REQUEST sim=gem5 seq=1819 request_seq=247343049 dest=857 tier=2 epoch1=0 epoch2=0 current=0 context=1]
[ECG-K2-REQUEST sim=gem5 seq=1820 request_seq=247343058 dest=860 tier=2 epoch1=0 epoch2=0 current=0 context=1]
[ECG-K2-REQUEST sim=gem5 seq=1821 request_seq=247343067 dest=876 tier=2 epoch1=0 epoch2=0 current=0 context=1]
[ECG-K2-REQUEST sim=gem5 seq=1822 request_seq=247343076 dest=878 tier=2 epoch1=0 epoch2=0 current=0 context=1]
[ECG-K2-REQUEST sim=gem5 seq=1823 request_seq=247343085 dest=881 tier=2 epoch1=0 epoch2=0 current=0 context=1]
[ECG-STREAM-BYPASS sim=gem5 cache=system.l3cache addr=0x3cac80 vaddr=0x3b9c80 size=4 source=request-flag allocate=0]
[ECG-K2-ACCEPT sim=gem5 seq=1822 request_seq=247343076 request_dest=878 fill_dest=876 source=request tier=2 epoch1=0 epoch2=0 current=0 context=1 property_elem_bytes=4]
[ECG-K2-ACCEPT sim=gem5 seq=1823 request_seq=247343085 request_dest=881 fill_dest=881 source=request tier=2 epoch1=0 epoch2=0 current=0 context=1 property_elem_bytes=4]
[ECG-K2-REQUEST sim=gem5 seq=1824 request_seq=247343094 dest=886 tier=2 epoch1=0 epoch2=0 current=0 context=1]
[ECG-K2-REQUEST sim=gem5 seq=1825 request_seq=247343103 dest=889 tier=2 epoch1=0 epoch2=0 current=0 context=1]
[ECG-K2-REQUEST sim=gem5 seq=1826 request_seq=247343112 dest=893 tier=2 epoch1=0 epoch2=0 current=0 context=1]
[ECG-K2-REQUEST sim=gem5 seq=1827 request_seq=247343121 dest=894 tier=2 epoch1=0 epoch2=0 current=0 context=1]
[ECG-K2-REQUEST sim=gem5 seq=1828 request_seq=247343130 dest=895 tier=2 epoch1=0 epoch2=0 current=0 context=1]
[ECG-K2-REQUEST sim=gem5 seq=1829 request_seq=247343139 dest=899 tier=2 epoch1=0 epoch2=0 current=0 context=1]
[ECG-K2-REQUEST sim=gem5 seq=1830 request_seq=247343148 dest=911 tier=2 epoch1=0 epoch2=0 current=0 context=1]
[ECG-K2-REQUEST sim=gem5 seq=1831 request_seq=247343157 dest=915 tier=2 epoch1=0 epoch2=0 current=0 context=1]
[ECG-K2-REQUEST sim=gem5 seq=1832 request_seq=247343166 dest=923 tier=2 epoch1=0 epoch2=0 current=0 context=1]
[ECG-K2-REQUEST sim=gem5 seq=1833 request_seq=247343175 dest=927 tier=2 epoch1=0 epoch2=0 current=0 context=1]
[ECG-K2-REQUEST sim=gem5 seq=1834 request_seq=247343184 dest=940 tier=2 epoch1=0 epoch2=0 current=0 context=1]
[ECG-K2-REQUEST sim=gem5 seq=1835 request_seq=247343193 dest=941 tier=2 epoch1=0 epoch2=0 current=0 context=1]
[ECG-K2-ACCEPT sim=gem5 seq=1833 request_seq=247343175 request_dest=927 fill_dest=915 source=request tier=2 epoch1=0 epoch2=0 current=0 context=1 property_elem_bytes=4]
[ECG-K2-REQUEST sim=gem5 seq=1836 request_seq=247343202 dest=943 tier=2 epoch1=0 epoch2=0 current=0 context=1]
[ECG-K2-REQUEST sim=gem5 seq=1837 request_seq=247343211 dest=945 tier=2 epoch1=0 epoch2=0 current=0 context=1]
[ECG-K2-REQUEST sim=gem5 seq=1838 request_seq=247343220 dest=950 tier=2 epoch1=0 epoch2=0 current=0 context=1]
[ECG-K2-REQUEST sim=gem5 seq=1839 request_seq=247343229 dest=954 tier=2 epoch1=0 epoch2=0 current=0 context=1]
[ECG-STREAM-BYPASS sim=gem5 cache=system.l3cache addr=0x3cacc0 vaddr=0x3b9cc0 size=4 source=request-flag allocate=0]
[ECG-K2-ACCEPT sim=gem5 seq=1839 request_seq=247343229 request_dest=954 fill_dest=945 source=request tier=2 epoch1=0 epoch2=0 current=0 context=1 property_elem_bytes=4]
[ECG-K2-REQUEST sim=gem5 seq=1840 request_seq=247343238 dest=959 tier=2 epoch1=0 epoch2=0 current=0 context=1]
[ECG-K2-REQUEST sim=gem5 seq=1841 request_seq=247343247 dest=978 tier=2 epoch1=0 epoch2=0 current=0 context=1]
[ECG-K2-REQUEST sim=gem5 seq=1842 request_seq=247343256 dest=989 tier=2 epoch1=0 epoch2=0 current=0 context=1]
[ECG-K2-REQUEST sim=gem5 seq=1843 request_seq=247343265 dest=994 tier=2 epoch1=0 epoch2=0 current=0 context=1]
[ECG-K2-REQUEST sim=gem5 seq=1844 request_seq=247343274 dest=998 tier=2 epoch1=0 epoch2=0 current=0 context=1]
[ECG-K2-REQUEST sim=gem5 seq=1845 request_seq=247343283 dest=1005 tier=2 epoch1=0 epoch2=0 current=0 context=1]
[ECG-K2-REQUEST sim=gem5 seq=1846 request_seq=247343292 dest=1007 tier=2 epoch1=0 epoch2=0 current=0 context=1]
[ECG-K2-REQUEST sim=gem5 seq=1847 request_seq=247343301 dest=1009 tier=2 epoch1=0 epoch2=0 current=0 context=1]
[ECG-K2-REQUEST sim=gem5 seq=1848 request_seq=247343310 dest=1014 tier=2 epoch1=0 epoch2=0 current=0 context=1]
[ECG-K2-REQUEST sim=gem5 seq=1849 request_seq=247343319 dest=1016 tier=2 epoch1=0 epoch2=0 current=0 context=1]
[ECG-K2-REQUEST sim=gem5 seq=1850 request_seq=247343328 dest=1023 tier=2 epoch1=0 epoch2=0 current=0 context=1]
[ECG-K2-REQUEST sim=gem5 seq=1851 request_seq=247343337 dest=1024 tier=2 epoch1=0 epoch2=0 current=0 context=1]
[ECG-K2-ACCEPT sim=gem5 seq=1842 request_seq=247343256 request_dest=989 fill_dest=978 source=request tier=2 epoch1=0 epoch2=0 current=0 context=1 property_elem_bytes=4]
[ECG-K2-ACCEPT sim=gem5 seq=1851 request_seq=247343337 request_dest=1024 fill_dest=1024 source=request tier=2 epoch1=0 epoch2=0 current=0 context=1 property_elem_bytes=4]
[ECG-K2-REQUEST sim=gem5 seq=1852 request_seq=247343346 dest=1034 tier=2 epoch1=0 epoch2=0 current=0 context=1]
[ECG-K2-REQUEST sim=gem5 seq=1853 request_seq=247343355 dest=1035 tier=2 epoch1=0 epoch2=0 current=0 context=1]
[ECG-K2-REQUEST sim=gem5 seq=1854 request_seq=247343364 dest=1041 tier=2 epoch1=0 epoch2=0 current=0 context=1]
[ECG-K2-REQUEST sim=gem5 seq=1855 request_seq=247343373 dest=1044 tier=2 epoch1=0 epoch2=0 current=0 context=1]
[ECG-STREAM-BYPASS sim=gem5 cache=system.l3cache addr=0x3cad00 vaddr=0x3b9d00 size=4 source=request-flag allocate=0]
[ECG-K2-ACCEPT sim=gem5 seq=1855 request_seq=247343373 request_dest=1044 fill_dest=1041 source=request tier=2 epoch1=0 epoch2=0 current=0 context=1 property_elem_bytes=4]
[ECG-K2-REQUEST sim=gem5 seq=1856 request_seq=247343382 dest=1048 tier=2 epoch1=0 epoch2=0 current=0 context=1]
[ECG-K2-REQUEST sim=gem5 seq=1857 request_seq=247343391 dest=1050 tier=2 epoch1=0 epoch2=0 current=0 context=1]
[ECG-K2-REQUEST sim=gem5 seq=1858 request_seq=247343400 dest=1057 tier=2 epoch1=0 epoch2=0 current=0 context=1]
[ECG-K2-REQUEST sim=gem5 seq=1859 request_seq=247343409 dest=1058 tier=2 epoch1=0 epoch2=0 current=0 context=1]
[ECG-K2-REQUEST sim=gem5 seq=1860 request_seq=247343418 dest=1059 tier=2 epoch1=0 epoch2=0 current=0 context=1]
[ECG-K2-REQUEST sim=gem5 seq=1861 request_seq=247343427 dest=1061 tier=2 epoch1=0 epoch2=0 current=0 context=1]
[ECG-K2-REQUEST sim=gem5 seq=1862 request_seq=247343436 dest=1064 tier=2 epoch1=0 epoch2=0 current=0 context=1]
[ECG-K2-REQUEST sim=gem5 seq=1863 request_seq=247343445 dest=1069 tier=2 epoch1=0 epoch2=0 current=0 context=1]
[ECG-K2-REQUEST sim=gem5 seq=1864 request_seq=247343454 dest=1073 tier=2 epoch1=0 epoch2=0 current=0 context=1]
[ECG-K2-REQUEST sim=gem5 seq=1865 request_seq=247343463 dest=1081 tier=2 epoch1=0 epoch2=0 current=0 context=1]
[ECG-K2-REQUEST sim=gem5 seq=1866 request_seq=247343472 dest=1084 tier=2 epoch1=0 epoch2=0 current=0 context=1]
[ECG-K2-REQUEST sim=gem5 seq=1867 request_seq=247343481 dest=1091 tier=2 epoch1=0 epoch2=0 current=0 context=1]
[ECG-K2-ACCEPT sim=gem5 seq=1863 request_seq=247343445 request_dest=1069 fill_dest=1057 source=request tier=2 epoch1=0 epoch2=0 current=0 context=1 property_elem_bytes=4]
[ECG-K2-ACCEPT sim=gem5 seq=1866 request_seq=247343472 request_dest=1084 fill_dest=1073 source=request tier=2 epoch1=0 epoch2=0 current=0 context=1 property_elem_bytes=4]
[ECG-K2-REQUEST sim=gem5 seq=1868 request_seq=247343490 dest=1095 tier=2 epoch1=0 epoch2=0 current=0 context=1]
[ECG-K2-ACCEPT sim=gem5 seq=1868 request_seq=247343490 request_dest=1095 fill_dest=1091 source=request tier=2 epoch1=0 epoch2=0 current=0 context=1 property_elem_bytes=4]
[ECG-K2-REQUEST sim=gem5 seq=1869 request_seq=247343499 dest=1098 tier=2 epoch1=0 epoch2=0 current=0 context=1]
[ECG-K2-REQUEST sim=gem5 seq=1870 request_seq=247343508 dest=1099 tier=2 epoch1=0 epoch2=0 current=0 context=1]
[ECG-K2-REQUEST sim=gem5 seq=1871 request_seq=247343517 dest=1103 tier=2 epoch1=0 epoch2=0 current=0 context=1]
[ECG-STREAM-BYPASS sim=gem5 cache=system.l3cache addr=0x3cad40 vaddr=0x3b9d40 size=4 source=request-flag allocate=0]
[ECG-K2-REQUEST sim=gem5 seq=1872 request_seq=247343526 dest=1105 tier=2 epoch1=0 epoch2=0 current=0 context=1]
[ECG-K2-REQUEST sim=gem5 seq=1873 request_seq=247343535 dest=1109 tier=2 epoch1=0 epoch2=0 current=0 context=1]
[ECG-K2-REQUEST sim=gem5 seq=1874 request_seq=247343544 dest=1113 tier=2 epoch1=0 epoch2=0 current=0 context=1]
[ECG-K2-REQUEST sim=gem5 seq=1875 request_seq=247343553 dest=1117 tier=2 epoch1=0 epoch2=0 current=0 context=1]
[ECG-K2-REQUEST sim=gem5 seq=1876 request_seq=247343562 dest=1127 tier=2 epoch1=0 epoch2=0 current=0 context=1]
[ECG-K2-REQUEST sim=gem5 seq=1877 request_seq=247343571 dest=1130 tier=2 epoch1=0 epoch2=0 current=0 context=1]
[ECG-K2-REQUEST sim=gem5 seq=1878 request_seq=247343580 dest=1133 tier=2 epoch1=0 epoch2=0 current=0 context=1]
[ECG-K2-REQUEST sim=gem5 seq=1879 request_seq=247343589 dest=1143 tier=2 epoch1=0 epoch2=0 current=0 context=1]
[ECG-K2-REQUEST sim=gem5 seq=1880 request_seq=247343598 dest=1154 tier=2 epoch1=0 epoch2=0 current=0 context=1]
[ECG-K2-REQUEST sim=gem5 seq=1881 request_seq=247343607 dest=1163 tier=2 epoch1=0 epoch2=0 current=0 context=1]
[ECG-K2-REQUEST sim=gem5 seq=1882 request_seq=247343616 dest=1172 tier=2 epoch1=0 epoch2=0 current=0 context=1]
[ECG-K2-ACCEPT sim=gem5 seq=1875 request_seq=247343553 request_dest=1117 fill_dest=1105 source=request tier=2 epoch1=0 epoch2=0 current=0 context=1 property_elem_bytes=4]
[ECG-K2-ACCEPT sim=gem5 seq=1878 request_seq=247343580 request_dest=1133 fill_dest=1127 source=request tier=2 epoch1=0 epoch2=0 current=0 context=1 property_elem_bytes=4]
[ECG-K2-ACCEPT sim=gem5 seq=1879 request_seq=247343589 request_dest=1143 fill_dest=1143 source=request tier=2 epoch1=0 epoch2=0 current=0 context=1 property_elem_bytes=4]
[ECG-K2-ACCEPT sim=gem5 seq=1882 request_seq=247343616 request_dest=1172 fill_dest=1172 source=request tier=2 epoch1=0 epoch2=0 current=0 context=1 property_elem_bytes=4]
[ECG-K2-REQUEST sim=gem5 seq=1883 request_seq=247343625 dest=1178 tier=2 epoch1=0 epoch2=0 current=0 context=1]
[ECG-K2-REQUEST sim=gem5 seq=1884 request_seq=247343634 dest=1199 tier=2 epoch1=0 epoch2=0 current=0 context=1]
[ECG-K2-REQUEST sim=gem5 seq=1885 request_seq=247343643 dest=1200 tier=2 epoch1=0 epoch2=0 current=0 context=1]
[ECG-K2-REQUEST sim=gem5 seq=1886 request_seq=247343652 dest=1206 tier=2 epoch1=0 epoch2=0 current=0 context=1]
[ECG-K2-REQUEST sim=gem5 seq=1887 request_seq=247343661 dest=1213 tier=2 epoch1=0 epoch2=0 current=0 context=1]
[ECG-K2-ACCEPT sim=gem5 seq=1884 request_seq=247343634 request_dest=1199 fill_dest=1199 source=request tier=2 epoch1=0 epoch2=0 current=0 context=1 property_elem_bytes=4]
[ECG-STREAM-BYPASS sim=gem5 cache=system.l3cache addr=0x3cad80 vaddr=0x3b9d80 size=4 source=request-flag allocate=0]
[ECG-K2-ACCEPT sim=gem5 seq=1887 request_seq=247343661 request_dest=1213 fill_dest=1200 source=request tier=2 epoch1=0 epoch2=0 current=0 context=1 property_elem_bytes=4]
[ECG-K2-REQUEST sim=gem5 seq=1888 request_seq=247343670 dest=1219 tier=2 epoch1=0 epoch2=0 current=0 context=1]
[ECG-K2-REQUEST sim=gem5 seq=1889 request_seq=247343679 dest=1234 tier=2 epoch1=0 epoch2=0 current=0 context=1]
[ECG-K2-REQUEST sim=gem5 seq=1890 request_seq=247343688 dest=1238 tier=2 epoch1=0 epoch2=0 current=0 context=1]
[ECG-K2-REQUEST sim=gem5 seq=1891 request_seq=247343697 dest=1240 tier=2 epoch1=0 epoch2=0 current=0 context=1]
[ECG-K2-REQUEST sim=gem5 seq=1892 request_seq=247343706 dest=1253 tier=3 epoch1=0 epoch2=0 current=0 context=1]
[ECG-K2-REQUEST sim=gem5 seq=1893 request_seq=247343715 dest=1261 tier=3 epoch1=0 epoch2=0 current=0 context=1]
[ECG-K2-REQUEST sim=gem5 seq=1894 request_seq=247343724 dest=1294 tier=3 epoch1=0 epoch2=0 current=0 context=1]
[ECG-K2-REQUEST sim=gem5 seq=1895 request_seq=247343733 dest=1326 tier=3 epoch1=0 epoch2=0 current=0 context=1]
[ECG-K2-REQUEST sim=gem5 seq=1896 request_seq=247343742 dest=1466 tier=3 epoch1=0 epoch2=0 current=0 context=1]
[ECG-K2-REQUEST sim=gem5 seq=1897 request_seq=247343751 dest=1484 tier=3 epoch1=0 epoch2=0 current=0 context=1]
[ECG-K2-REQUEST sim=gem5 seq=1898 request_seq=247343760 dest=1520 tier=3 epoch1=0 epoch2=0 current=0 context=1]
[ECG-K2-ACCEPT sim=gem5 seq=1888 request_seq=247343670 request_dest=1219 fill_dest=1219 source=request tier=2 epoch1=0 epoch2=0 current=0 context=1 property_elem_bytes=4]
[ECG-K2-ACCEPT sim=gem5 seq=1891 request_seq=247343697 request_dest=1240 fill_dest=1234 source=request tier=2 epoch1=0 epoch2=0 current=0 context=1 property_elem_bytes=4]
[ECG-K2-ACCEPT sim=gem5 seq=1893 request_seq=247343715 request_dest=1261 fill_dest=1253 source=request tier=3 epoch1=0 epoch2=0 current=0 context=1 property_elem_bytes=4]
[ECG-K2-ACCEPT sim=gem5 seq=1895 request_seq=247343733 request_dest=1326 fill_dest=1326 source=request tier=3 epoch1=0 epoch2=0 current=0 context=1 property_elem_bytes=4]
[ECG-K2-ACCEPT sim=gem5 seq=1898 request_seq=247343760 request_dest=1520 fill_dest=1520 source=request tier=3 epoch1=0 epoch2=0 current=0 context=1 property_elem_bytes=4]
[ECG-K2-ACCEPT sim=gem5 seq=1896 request_seq=247343742 request_dest=1466 fill_dest=1466 source=request tier=3 epoch1=0 epoch2=0 current=0 context=1 property_elem_bytes=4]
[ECG-K2-ACCEPT sim=gem5 seq=1897 request_seq=247343751 request_dest=1484 fill_dest=1484 source=request tier=3 epoch1=0 epoch2=0 current=0 context=1 property_elem_bytes=4]
[ECG-K2-REQUEST sim=gem5 seq=1899 request_seq=247343769 dest=1521 tier=3 epoch1=0 epoch2=0 current=0 context=1]
[ECG-K2-REQUEST sim=gem5 seq=1900 request_seq=247343778 dest=1523 tier=3 epoch1=0 epoch2=0 current=0 context=1]
[ECG-K2-REQUEST sim=gem5 seq=1901 request_seq=247343787 dest=1540 tier=3 epoch1=0 epoch2=0 current=0 context=1]
[ECG-K2-ACCEPT sim=gem5 seq=1894 request_seq=247343724 request_dest=1294 fill_dest=1294 source=request tier=3 epoch1=0 epoch2=0 current=0 context=1 property_elem_bytes=4]
[ECG-K2-REQUEST sim=gem5 seq=1902 request_seq=247343796 dest=1548 tier=3 epoch1=0 epoch2=0 current=0 context=1]
[ECG-K2-REQUEST sim=gem5 seq=1903 request_seq=247343805 dest=1570 tier=3 epoch1=0 epoch2=0 current=0 context=1]
[ECG-STREAM-BYPASS sim=gem5 cache=system.l3cache addr=0x3cadc0 vaddr=0x3b9dc0 size=4 source=request-flag allocate=0]
[ECG-K2-ACCEPT sim=gem5 seq=1903 request_seq=247343805 request_dest=1570 fill_dest=1570 source=request tier=3 epoch1=0 epoch2=0 current=0 context=1 property_elem_bytes=4]
[ECG-K2-ACCEPT sim=gem5 seq=1902 request_seq=247343796 request_dest=1548 fill_dest=1540 source=request tier=3 epoch1=0 epoch2=0 current=0 context=1 property_elem_bytes=4]
[ECG-K2-REQUEST sim=gem5 seq=1904 request_seq=247343814 dest=1571 tier=3 epoch1=0 epoch2=0 current=0 context=1]
[ECG-K2-REQUEST sim=gem5 seq=1905 request_seq=247343823 dest=1616 tier=3 epoch1=0 epoch2=0 current=0 context=1]
[ECG-K2-REQUEST sim=gem5 seq=1906 request_seq=247343832 dest=1625 tier=3 epoch1=0 epoch2=0 current=0 context=1]
[ECG-K2-REQUEST sim=gem5 seq=1907 request_seq=247343841 dest=1631 tier=3 epoch1=0 epoch2=0 current=0 context=1]
[ECG-K2-REQUEST sim=gem5 seq=1908 request_seq=247343850 dest=1695 tier=3 epoch1=0 epoch2=0 current=0 context=1]
[ECG-K2-REQUEST sim=gem5 seq=1909 request_seq=247343859 dest=1722 tier=3 epoch1=0 epoch2=0 current=0 context=1]
[ECG-K2-REQUEST sim=gem5 seq=1910 request_seq=247343868 dest=1723 tier=3 epoch1=0 epoch2=0 current=0 context=1]
[ECG-K2-REQUEST sim=gem5 seq=1911 request_seq=247343877 dest=1732 tier=3 epoch1=0 epoch2=0 current=0 context=1]
[ECG-K2-ACCEPT sim=gem5 seq=1907 request_seq=247343841 request_dest=1631 fill_dest=1616 source=request tier=3 epoch1=0 epoch2=0 current=0 context=1 property_elem_bytes=4]
[ECG-K2-ACCEPT sim=gem5 seq=1911 request_seq=247343877 request_dest=1732 fill_dest=1732 source=request tier=3 epoch1=0 epoch2=0 current=0 context=1 property_elem_bytes=4]
[ECG-K2-REQUEST sim=gem5 seq=1912 request_seq=247343886 dest=1735 tier=3 epoch1=0 epoch2=0 current=0 context=1]
[ECG-K2-REQUEST sim=gem5 seq=1913 request_seq=247343895 dest=1780 tier=3 epoch1=0 epoch2=0 current=0 context=1]
[ECG-K2-REQUEST sim=gem5 seq=1914 request_seq=247343904 dest=1817 tier=3 epoch1=0 epoch2=0 current=0 context=1]
[ECG-K2-REQUEST sim=gem5 seq=1915 request_seq=247343913 dest=1823 tier=3 epoch1=0 epoch2=0 current=0 context=1]
[ECG-K2-ACCEPT sim=gem5 seq=1908 request_seq=247343850 request_dest=1695 fill_dest=1695 source=request tier=3 epoch1=0 epoch2=0 current=0 context=1 property_elem_bytes=4]
[ECG-K2-ACCEPT sim=gem5 seq=1910 request_seq=247343868 request_dest=1723 fill_dest=1722 source=request tier=3 epoch1=0 epoch2=0 current=0 context=1 property_elem_bytes=4]
[ECG-K2-REQUEST sim=gem5 seq=1916 request_seq=247343922 dest=1879 tier=3 epoch1=0 epoch2=1 current=0 context=1]
[ECG-K2-REQUEST sim=gem5 seq=1917 request_seq=247343931 dest=1909 tier=3 epoch1=0 epoch2=0 current=0 context=1]
[ECG-K2-REQUEST sim=gem5 seq=1918 request_seq=247343940 dest=1911 tier=3 epoch1=0 epoch2=0 current=0 context=1]
[ECG-K2-ACCEPT sim=gem5 seq=1916 request_seq=247343922 request_dest=1879 fill_dest=1879 source=request tier=3 epoch1=0 epoch2=1 current=0 context=1 property_elem_bytes=4]
[ECG-K2-ACCEPT sim=gem5 seq=1913 request_seq=247343895 request_dest=1780 fill_dest=1780 source=request tier=3 epoch1=0 epoch2=0 current=0 context=1 property_elem_bytes=4]
[ECG-K2-ACCEPT sim=gem5 seq=1915 request_seq=247343913 request_dest=1823 fill_dest=1817 source=request tier=3 epoch1=0 epoch2=0 current=0 context=1 property_elem_bytes=4]
[ECG-K2-REQUEST sim=gem5 seq=1919 request_seq=247343949 dest=1949 tier=3 epoch1=0 epoch2=0 current=0 context=1]
[ECG-STREAM-BYPASS sim=gem5 cache=system.l3cache addr=0x3cae00 vaddr=0x3b9e00 size=4 source=request-flag allocate=0]
[ECG-K2-ACCEPT sim=gem5 seq=1918 request_seq=247343940 request_dest=1911 fill_dest=1909 source=request tier=3 epoch1=0 epoch2=0 current=0 context=1 property_elem_bytes=4]
[ECG-K2-ACCEPT sim=gem5 seq=1919 request_seq=247343949 request_dest=1949 fill_dest=1949 source=request tier=3 epoch1=0 epoch2=0 current=0 context=1 property_elem_bytes=4]
[ECG-K2-REQUEST sim=gem5 seq=1920 request_seq=247343958 dest=1991 tier=3 epoch1=0 epoch2=1 current=0 context=1]
[ECG-K2-REQUEST sim=gem5 seq=1921 request_seq=247343967 dest=2000 tier=3 epoch1=0 epoch2=0 current=0 context=1]
[ECG-K2-REQUEST sim=gem5 seq=1922 request_seq=247343976 dest=2065 tier=3 epoch1=0 epoch2=0 current=0 context=1]
[ECG-K2-REQUEST sim=gem5 seq=1923 request_seq=247343985 dest=2176 tier=3 epoch1=0 epoch2=0 current=0 context=1]
[ECG-K2-REQUEST sim=gem5 seq=1924 request_seq=247343994 dest=2181 tier=3 epoch1=0 epoch2=0 current=0 context=1]
[ECG-K2-REQUEST sim=gem5 seq=1925 request_seq=247344003 dest=2182 tier=3 epoch1=0 epoch2=0 current=0 context=1]
[ECG-K2-REQUEST sim=gem5 seq=1926 request_seq=247344012 dest=2335 tier=3 epoch1=0 epoch2=0 current=0 context=1]
[ECG-K2-REQUEST sim=gem5 seq=1927 request_seq=247344021 dest=2364 tier=3 epoch1=0 epoch2=0 current=0 context=1]
[ECG-K2-REQUEST sim=gem5 seq=1928 request_seq=247344030 dest=2390 tier=3 epoch1=0 epoch2=0 current=0 context=1]
[ECG-K2-REQUEST sim=gem5 seq=1929 request_seq=247344039 dest=2415 tier=3 epoch1=0 epoch2=0 current=0 context=1]
[ECG-K2-ACCEPT sim=gem5 seq=1921 request_seq=247343967 request_dest=2000 fill_dest=2000 source=request tier=3 epoch1=0 epoch2=0 current=0 context=1 property_elem_bytes=4]
[ECG-K2-ACCEPT sim=gem5 seq=1927 request_seq=247344021 request_dest=2364 fill_dest=2364 source=request tier=3 epoch1=0 epoch2=0 current=0 context=1 property_elem_bytes=4]
[ECG-K2-ACCEPT sim=gem5 seq=1925 request_seq=247344003 request_dest=2182 fill_dest=2176 source=request tier=3 epoch1=0 epoch2=0 current=0 context=1 property_elem_bytes=4]
[ECG-K2-ACCEPT sim=gem5 seq=1926 request_seq=247344012 request_dest=2335 fill_dest=2335 source=request tier=3 epoch1=0 epoch2=0 current=0 context=1 property_elem_bytes=4]
[ECG-K2-ACCEPT sim=gem5 seq=1928 request_seq=247344030 request_dest=2390 fill_dest=2390 source=request tier=3 epoch1=0 epoch2=0 current=0 context=1 property_elem_bytes=4]
[ECG-K2-ACCEPT sim=gem5 seq=1929 request_seq=247344039 request_dest=2415 fill_dest=2415 source=request tier=3 epoch1=0 epoch2=0 current=0 context=1 property_elem_bytes=4]
[ECG-K2-ACCEPT sim=gem5 seq=1920 request_seq=247343958 request_dest=1991 fill_dest=1991 source=request tier=3 epoch1=0 epoch2=1 current=0 context=1 property_elem_bytes=4]
[ECG-K2-ACCEPT sim=gem5 seq=1922 request_seq=247343976 request_dest=2065 fill_dest=2065 source=request tier=3 epoch1=0 epoch2=0 current=0 context=1 property_elem_bytes=4]
[ECG-K2-REQUEST sim=gem5 seq=1930 request_seq=247344048 dest=2427 tier=3 epoch1=0 epoch2=0 current=0 context=1]
[ECG-K2-REQUEST sim=gem5 seq=1931 request_seq=247344057 dest=2443 tier=3 epoch1=0 epoch2=0 current=0 context=1]
[ECG-K2-REQUEST sim=gem5 seq=1932 request_seq=247344066 dest=2515 tier=3 epoch1=0 epoch2=0 current=0 context=1]
[ECG-K2-REQUEST sim=gem5 seq=1933 request_seq=247344075 dest=2529 tier=3 epoch1=0 epoch2=0 current=0 context=1]
[ECG-K2-ACCEPT sim=gem5 seq=1931 request_seq=247344057 request_dest=2443 fill_dest=2443 source=request tier=3 epoch1=0 epoch2=0 current=0 context=1 property_elem_bytes=4]
[ECG-K2-ACCEPT sim=gem5 seq=1932 request_seq=247344066 request_dest=2515 fill_dest=2515 source=request tier=3 epoch1=0 epoch2=0 current=0 context=1 property_elem_bytes=4]
[ECG-K2-ACCEPT sim=gem5 seq=1933 request_seq=247344075 request_dest=2529 fill_dest=2529 source=request tier=3 epoch1=0 epoch2=0 current=0 context=1 property_elem_bytes=4]
[ECG-K2-REQUEST sim=gem5 seq=1934 request_seq=247344084 dest=2630 tier=3 epoch1=0 epoch2=0 current=0 context=1]
[ECG-K2-REQUEST sim=gem5 seq=1935 request_seq=247344093 dest=2660 tier=3 epoch1=0 epoch2=0 current=0 context=1]
[ECG-STREAM-BYPASS sim=gem5 cache=system.l3cache addr=0x3cae40 vaddr=0x3b9e40 size=4 source=request-flag allocate=0]
[ECG-K2-ACCEPT sim=gem5 seq=1935 request_seq=247344093 request_dest=2660 fill_dest=2660 source=request tier=3 epoch1=0 epoch2=0 current=0 context=1 property_elem_bytes=4]
[ECG-K2-ACCEPT sim=gem5 seq=1930 request_seq=247344048 request_dest=2427 fill_dest=2427 source=request tier=3 epoch1=0 epoch2=0 current=0 context=1 property_elem_bytes=4]
[ECG-K2-ACCEPT sim=gem5 seq=1934 request_seq=247344084 request_dest=2630 fill_dest=2630 source=request tier=3 epoch1=0 epoch2=0 current=0 context=1 property_elem_bytes=4]
[ECG-K2-REQUEST sim=gem5 seq=1936 request_seq=247344102 dest=2730 tier=3 epoch1=0 epoch2=1 current=0 context=1]
[ECG-K2-REQUEST sim=gem5 seq=1937 request_seq=247344111 dest=2736 tier=3 epoch1=0 epoch2=0 current=0 context=1]
[ECG-K2-REQUEST sim=gem5 seq=1938 request_seq=247344120 dest=2906 tier=3 epoch1=0 epoch2=0 current=0 context=1]
[ECG-K2-REQUEST sim=gem5 seq=1939 request_seq=247344129 dest=2925 tier=3 epoch1=0 epoch2=0 current=0 context=1]
[ECG-K2-REQUEST sim=gem5 seq=1940 request_seq=247344138 dest=2969 tier=3 epoch1=0 epoch2=0 current=0 context=1]
[ECG-K2-REQUEST sim=gem5 seq=1941 request_seq=247344147 dest=2987 tier=3 epoch1=0 epoch2=0 current=0 context=1]
[ECG-K2-REQUEST sim=gem5 seq=1942 request_seq=247344156 dest=3034 tier=3 epoch1=0 epoch2=0 current=0 context=1]
[ECG-K2-REQUEST sim=gem5 seq=1943 request_seq=247344165 dest=3042 tier=3 epoch1=0 epoch2=0 current=0 context=1]
[ECG-K2-REQUEST sim=gem5 seq=1944 request_seq=247344174 dest=3051 tier=3 epoch1=0 epoch2=0 current=0 context=1]
[ECG-K2-ACCEPT sim=gem5 seq=1936 request_seq=247344102 request_dest=2730 fill_dest=2730 source=request tier=3 epoch1=0 epoch2=1 current=0 context=1 property_elem_bytes=4]
[ECG-K2-ACCEPT sim=gem5 seq=1937 request_seq=247344111 request_dest=2736 fill_dest=2736 source=request tier=3 epoch1=0 epoch2=0 current=0 context=1 property_elem_bytes=4]
[ECG-K2-ACCEPT sim=gem5 seq=1943 request_seq=247344165 request_dest=3042 fill_dest=3042 source=request tier=3 epoch1=0 epoch2=0 current=0 context=1 property_elem_bytes=4]
[ECG-K2-REQUEST sim=gem5 seq=1945 request_seq=247344201 dest=3181 tier=3 epoch1=0 epoch2=0 current=0 context=1]
[ECG-K2-ACCEPT sim=gem5 seq=1940 request_seq=247344138 request_dest=2969 fill_dest=2969 source=request tier=3 epoch1=0 epoch2=0 current=0 context=1 property_elem_bytes=4]
[ECG-K2-ACCEPT sim=gem5 seq=1941 request_seq=247344147 request_dest=2987 fill_dest=2987 source=request tier=3 epoch1=0 epoch2=0 current=0 context=1 property_elem_bytes=4]
[ECG-K2-REQUEST sim=gem5 seq=1946 request_seq=247344183 dest=3089 tier=3 epoch1=0 epoch2=0 current=0 context=1]
[ECG-K2-REQUEST sim=gem5 seq=1947 request_seq=247344192 dest=3163 tier=3 epoch1=0 epoch2=0 current=0 context=1]
[ECG-K2-ACCEPT sim=gem5 seq=1945 request_seq=247344201 request_dest=3181 fill_dest=3181 source=request tier=3 epoch1=0 epoch2=0 current=0 context=1 property_elem_bytes=4]
[ECG-K2-ACCEPT sim=gem5 seq=1938 request_seq=247344120 request_dest=2906 fill_dest=2906 source=request tier=3 epoch1=0 epoch2=0 current=0 context=1 property_elem_bytes=4]
[ECG-K2-ACCEPT sim=gem5 seq=1946 request_seq=247344183 request_dest=3089 fill_dest=3089 source=request tier=3 epoch1=0 epoch2=0 current=0 context=1 property_elem_bytes=4]
[ECG-K2-ACCEPT sim=gem5 seq=1939 request_seq=247344129 request_dest=2925 fill_dest=2925 source=request tier=3 epoch1=0 epoch2=0 current=0 context=1 property_elem_bytes=4]
[ECG-K2-ACCEPT sim=gem5 seq=1947 request_seq=247344192 request_dest=3163 fill_dest=3163 source=request tier=3 epoch1=0 epoch2=0 current=0 context=1 property_elem_bytes=4]
[ECG-K2-REQUEST sim=gem5 seq=1948 request_seq=247344219 dest=3238 tier=3 epoch1=0 epoch2=0 current=0 context=1]
[ECG-K2-REQUEST sim=gem5 seq=1949 request_seq=247344210 dest=3234 tier=3 epoch1=0 epoch2=0 current=0 context=1]
[ECG-K2-REQUEST sim=gem5 seq=1950 request_seq=247344228 dest=3259 tier=3 epoch1=0 epoch2=0 current=0 context=1]
[ECG-K2-ACCEPT sim=gem5 seq=1948 request_seq=247344219 request_dest=3238 fill_dest=3238 source=request tier=3 epoch1=0 epoch2=0 current=0 context=1 property_elem_bytes=4]
[ECG-K2-ACCEPT sim=gem5 seq=1942 request_seq=247344156 request_dest=3034 fill_dest=3034 source=request tier=3 epoch1=0 epoch2=0 current=0 context=1 property_elem_bytes=4]
[ECG-K2-REQUEST sim=gem5 seq=1951 request_seq=247344237 dest=3314 tier=3 epoch1=0 epoch2=0 current=0 context=1]
[ECG-K2-ACCEPT sim=gem5 seq=1950 request_seq=247344228 request_dest=3259 fill_dest=3259 source=request tier=3 epoch1=0 epoch2=0 current=0 context=1 property_elem_bytes=4]
[ECG-STREAM-BYPASS sim=gem5 cache=system.l3cache addr=0x3cae80 vaddr=0x3b9e80 size=4 source=request-flag allocate=0]
[ECG-K2-ACCEPT sim=gem5 seq=1951 request_seq=247344237 request_dest=3314 fill_dest=3314 source=request tier=3 epoch1=0 epoch2=0 current=0 context=1 property_elem_bytes=4]
[ECG-K2-REQUEST sim=gem5 seq=1952 request_seq=247344246 dest=3326 tier=3 epoch1=0 epoch2=0 current=0 context=1]
[ECG-K2-REQUEST sim=gem5 seq=1953 request_seq=247344255 dest=3331 tier=3 epoch1=0 epoch2=0 current=0 context=1]
[ECG-K2-REQUEST sim=gem5 seq=1954 request_seq=247344264 dest=3339 tier=3 epoch1=0 epoch2=0 current=0 context=1]
[ECG-K2-REQUEST sim=gem5 seq=1955 request_seq=247344273 dest=3353 tier=3 epoch1=0 epoch2=0 current=0 context=1]
[ECG-K2-REQUEST sim=gem5 seq=1956 request_seq=247344282 dest=3377 tier=3 epoch1=0 epoch2=0 current=0 context=1]
[ECG-K2-REQUEST sim=gem5 seq=1957 request_seq=247344291 dest=3466 tier=3 epoch1=0 epoch2=0 current=0 context=1]
[ECG-K2-REQUEST sim=gem5 seq=1958 request_seq=247344300 dest=3570 tier=3 epoch1=0 epoch2=0 current=0 context=1]
[ECG-K2-REQUEST sim=gem5 seq=1959 request_seq=247344309 dest=3571 tier=3 epoch1=0 epoch2=0 current=0 context=1]
[ECG-K2-REQUEST sim=gem5 seq=1960 request_seq=247344318 dest=3575 tier=3 epoch1=0 epoch2=0 current=0 context=1]
[ECG-K2-REQUEST sim=gem5 seq=1961 request_seq=247344327 dest=3586 tier=3 epoch1=0 epoch2=0 current=0 context=1]
[ECG-K2-REQUEST sim=gem5 seq=1962 request_seq=247344336 dest=3606 tier=3 epoch1=0 epoch2=1 current=0 context=1]
[ECG-K2-ACCEPT sim=gem5 seq=1954 request_seq=247344264 request_dest=3339 fill_dest=3331 source=request tier=3 epoch1=0 epoch2=0 current=0 context=1 property_elem_bytes=4]
[ECG-K2-ACCEPT sim=gem5 seq=1955 request_seq=247344273 request_dest=3353 fill_dest=3353 source=request tier=3 epoch1=0 epoch2=0 current=0 context=1 property_elem_bytes=4]
[ECG-K2-ACCEPT sim=gem5 seq=1956 request_seq=247344282 request_dest=3377 fill_dest=3377 source=request tier=3 epoch1=0 epoch2=0 current=0 context=1 property_elem_bytes=4]
[ECG-K2-ACCEPT sim=gem5 seq=1957 request_seq=247344291 request_dest=3466 fill_dest=3466 source=request tier=3 epoch1=0 epoch2=0 current=0 context=1 property_elem_bytes=4]
[ECG-K2-ACCEPT sim=gem5 seq=1960 request_seq=247344318 request_dest=3575 fill_dest=3570 source=request tier=3 epoch1=0 epoch2=0 current=0 context=1 property_elem_bytes=4]
[ECG-K2-REQUEST sim=gem5 seq=1963 request_seq=247344345 dest=3610 tier=3 epoch1=0 epoch2=1 current=0 context=1]
[ECG-K2-ACCEPT sim=gem5 seq=1961 request_seq=247344327 request_dest=3586 fill_dest=3586 source=request tier=3 epoch1=0 epoch2=0 current=0 context=1 property_elem_bytes=4]
[ECG-K2-REQUEST sim=gem5 seq=1964 request_seq=247344354 dest=3633 tier=3 epoch1=0 epoch2=0 current=0 context=1]
[ECG-K2-REQUEST sim=gem5 seq=1965 request_seq=247344363 dest=3667 tier=3 epoch1=0 epoch2=0 current=0 context=1]
[ECG-K2-ACCEPT sim=gem5 seq=1963 request_seq=247344345 request_dest=3610 fill_dest=3606 source=request tier=3 epoch1=0 epoch2=1 current=0 context=1 property_elem_bytes=4]
[ECG-K2-REQUEST sim=gem5 seq=1966 request_seq=247344372 dest=3706 tier=3 epoch1=0 epoch2=0 current=0 context=1]
[ECG-K2-ACCEPT sim=gem5 seq=1964 request_seq=247344354 request_dest=3633 fill_dest=3633 source=request tier=3 epoch1=0 epoch2=0 current=0 context=1 property_elem_bytes=4]
[ECG-K2-ACCEPT sim=gem5 seq=1965 request_seq=247344363 request_dest=3667 fill_dest=3667 source=request tier=3 epoch1=0 epoch2=0 current=0 context=1 property_elem_bytes=4]
[ECG-K2-REQUEST sim=gem5 seq=1967 request_seq=247344381 dest=3741 tier=3 epoch1=0 epoch2=0 current=0 context=1]
[ECG-K2-ACCEPT sim=gem5 seq=1966 request_seq=247344372 request_dest=3706 fill_dest=3706 source=request tier=3 epoch1=0 epoch2=0 current=0 context=1 property_elem_bytes=4]
[ECG-STREAM-BYPASS sim=gem5 cache=system.l3cache addr=0x3caec0 vaddr=0x3b9ec0 size=4 source=request-flag allocate=0]
[ECG-K2-ACCEPT sim=gem5 seq=1967 request_seq=247344381 request_dest=3741 fill_dest=3741 source=request tier=3 epoch1=0 epoch2=0 current=0 context=1 property_elem_bytes=4]
[ECG-K2-REQUEST sim=gem5 seq=1968 request_seq=247344390 dest=3742 tier=3 epoch1=0 epoch2=0 current=0 context=1]
[ECG-K2-REQUEST sim=gem5 seq=1969 request_seq=247344399 dest=3750 tier=3 epoch1=0 epoch2=0 current=0 context=1]
[ECG-K2-REQUEST sim=gem5 seq=1970 request_seq=247344408 dest=3834 tier=3 epoch1=1 epoch2=4 current=0 context=1]
[ECG-K2-REQUEST sim=gem5 seq=1971 request_seq=247344417 dest=3842 tier=3 epoch1=0 epoch2=0 current=0 context=1]
[ECG-K2-REQUEST sim=gem5 seq=1972 request_seq=247344426 dest=3869 tier=3 epoch1=0 epoch2=0 current=0 context=1]
[ECG-K2-REQUEST sim=gem5 seq=1973 request_seq=247344435 dest=3875 tier=3 epoch1=0 epoch2=0 current=0 context=1]
[ECG-K2-REQUEST sim=gem5 seq=1974 request_seq=247344444 dest=3901 tier=3 epoch1=0 epoch2=0 current=0 context=1]
[ECG-K2-REQUEST sim=gem5 seq=1975 request_seq=247344453 dest=3921 tier=3 epoch1=0 epoch2=0 current=0 context=1]
[ECG-K2-REQUEST sim=gem5 seq=1976 request_seq=247344462 dest=3929 tier=3 epoch1=0 epoch2=0 current=0 context=1]
[ECG-K2-REQUEST sim=gem5 seq=1977 request_seq=247344471 dest=3966 tier=3 epoch1=1 epoch2=1 current=0 context=1]
[ECG-K2-REQUEST sim=gem5 seq=1978 request_seq=247344480 dest=4001 tier=3 epoch1=0 epoch2=0 current=0 context=1]
[ECG-K2-ACCEPT sim=gem5 seq=1969 request_seq=247344399 request_dest=3750 fill_dest=3750 source=request tier=3 epoch1=0 epoch2=0 current=0 context=1 property_elem_bytes=4]
[ECG-K2-ACCEPT sim=gem5 seq=1971 request_seq=247344417 request_dest=3842 fill_dest=3842 source=request tier=3 epoch1=0 epoch2=0 current=0 context=1 property_elem_bytes=4]
[ECG-K2-ACCEPT sim=gem5 seq=1972 request_seq=247344426 request_dest=3869 fill_dest=3869 source=request tier=3 epoch1=0 epoch2=0 current=0 context=1 property_elem_bytes=4]
[ECG-K2-ACCEPT sim=gem5 seq=1973 request_seq=247344435 request_dest=3875 fill_dest=3875 source=request tier=3 epoch1=0 epoch2=0 current=0 context=1 property_elem_bytes=4]
[ECG-K2-ACCEPT sim=gem5 seq=1970 request_seq=247344408 request_dest=3834 fill_dest=3834 source=request tier=3 epoch1=1 epoch2=4 current=0 context=1 property_elem_bytes=4]
[ECG-K2-ACCEPT sim=gem5 seq=1974 request_seq=247344444 request_dest=3901 fill_dest=3901 source=request tier=3 epoch1=0 epoch2=0 current=0 context=1 property_elem_bytes=4]
[ECG-K2-ACCEPT sim=gem5 seq=1976 request_seq=247344462 request_dest=3929 fill_dest=3921 source=request tier=3 epoch1=0 epoch2=0 current=0 context=1 property_elem_bytes=4]
[ECG-K2-ACCEPT sim=gem5 seq=1977 request_seq=247344471 request_dest=3966 fill_dest=3966 source=request tier=3 epoch1=1 epoch2=1 current=0 context=1 property_elem_bytes=4]
[ECG-K2-ACCEPT sim=gem5 seq=1978 request_seq=247344480 request_dest=4001 fill_dest=4001 source=request tier=3 epoch1=0 epoch2=0 current=0 context=1 property_elem_bytes=4]
[ECG-K2-REQUEST sim=gem5 seq=1979 request_seq=247344489 dest=4049 tier=3 epoch1=0 epoch2=0 current=0 context=1]
[ECG-K2-ACCEPT sim=gem5 seq=1979 request_seq=247344489 request_dest=4049 fill_dest=4049 source=request tier=3 epoch1=0 epoch2=0 current=0 context=1 property_elem_bytes=4]
[ECG-K2-REQUEST sim=gem5 seq=1980 request_seq=247344684 dest=0 tier=1 epoch1=0 epoch2=0 current=0 context=1]
[ECG-K2-REQUEST sim=gem5 seq=1981 request_seq=247344693 dest=1 tier=1 epoch1=0 epoch2=0 current=0 context=1]
[ECG-K2-REQUEST sim=gem5 seq=1982 request_seq=247344702 dest=2 tier=1 epoch1=0 epoch2=0 current=0 context=1]
[ECG-K2-REQUEST sim=gem5 seq=1983 request_seq=247344711 dest=3 tier=1 epoch1=0 epoch2=0 current=0 context=1]
[ECG-STREAM-BYPASS sim=gem5 cache=system.l3cache addr=0x3caf00 vaddr=0x3b9f00 size=4 source=request-flag allocate=0]
[ECG-K2-REQUEST sim=gem5 seq=1984 request_seq=247344720 dest=4 tier=1 epoch1=0 epoch2=0 current=0 context=1]
[ECG-K2-REQUEST sim=gem5 seq=1985 request_seq=247344729 dest=5 tier=1 epoch1=0 epoch2=0 current=0 context=1]
[ECG-K2-REQUEST sim=gem5 seq=1986 request_seq=247344738 dest=7 tier=1 epoch1=0 epoch2=0 current=0 context=1]
[ECG-K2-REQUEST sim=gem5 seq=1987 request_seq=247344747 dest=8 tier=1 epoch1=0 epoch2=0 current=0 context=1]
[ECG-K2-REQUEST sim=gem5 seq=1988 request_seq=247344756 dest=9 tier=1 epoch1=0 epoch2=0 current=0 context=1]
[ECG-K2-REQUEST sim=gem5 seq=1989 request_seq=247344765 dest=10 tier=1 epoch1=0 epoch2=0 current=0 context=1]
[ECG-K2-REQUEST sim=gem5 seq=1990 request_seq=247344774 dest=11 tier=1 epoch1=0 epoch2=0 current=0 context=1]
[ECG-K2-REQUEST sim=gem5 seq=1991 request_seq=247344783 dest=12 tier=1 epoch1=0 epoch2=0 current=0 context=1]
[ECG-K2-REQUEST sim=gem5 seq=1992 request_seq=247344792 dest=13 tier=1 epoch1=0 epoch2=0 current=0 context=1]
[ECG-K2-REQUEST sim=gem5 seq=1993 request_seq=247344801 dest=14 tier=1 epoch1=0 epoch2=0 current=0 context=1]
[ECG-K2-REQUEST sim=gem5 seq=1994 request_seq=247344810 dest=15 tier=1 epoch1=0 epoch2=0 current=0 context=1]
[ECG-K2-REQUEST sim=gem5 seq=1995 request_seq=247344819 dest=16 tier=1 epoch1=0 epoch2=0 current=0 context=1]
[ECG-K2-REQUEST sim=gem5 seq=1996 request_seq=247344828 dest=17 tier=1 epoch1=0 epoch2=0 current=0 context=1]
[ECG-K2-REQUEST sim=gem5 seq=1997 request_seq=247344837 dest=18 tier=1 epoch1=0 epoch2=0 current=0 context=1]
[ECG-K2-REQUEST sim=gem5 seq=1998 request_seq=247344846 dest=19 tier=1 epoch1=0 epoch2=0 current=0 context=1]
[ECG-K2-REQUEST sim=gem5 seq=1999 request_seq=247344855 dest=20 tier=1 epoch1=0 epoch2=0 current=0 context=1]
[ECG-K2-ACCEPT sim=gem5 seq=1999 request_seq=247344855 request_dest=20 fill_dest=16 source=request tier=1 epoch1=0 epoch2=0 current=0 context=1 property_elem_bytes=4]
[ECG-STREAM-BYPASS sim=gem5 cache=system.l3cache addr=0x3caf40 vaddr=0x3b9f40 size=4 source=request-flag allocate=0]
[ECG-K2-REQUEST sim=gem5 seq=2000 request_seq=247344864 dest=21 tier=1 epoch1=0 epoch2=0 current=0 context=1]
[ECG-K2-REQUEST sim=gem5 seq=2001 request_seq=247344873 dest=23 tier=1 epoch1=0 epoch2=0 current=0 context=1]
[ECG-K2-REQUEST sim=gem5 seq=2002 request_seq=247344882 dest=24 tier=1 epoch1=0 epoch2=0 current=0 context=1]
[ECG-K2-REQUEST sim=gem5 seq=2003 request_seq=247344891 dest=25 tier=1 epoch1=0 epoch2=0 current=0 context=1]
[ECG-K2-REQUEST sim=gem5 seq=2004 request_seq=247344900 dest=27 tier=1 epoch1=0 epoch2=0 current=0 context=1]
[ECG-K2-REQUEST sim=gem5 seq=2005 request_seq=247344909 dest=28 tier=1 epoch1=0 epoch2=0 current=0 context=1]
[ECG-K2-REQUEST sim=gem5 seq=2006 request_seq=247344918 dest=30 tier=1 epoch1=0 epoch2=0 current=0 context=1]
[ECG-K2-REQUEST sim=gem5 seq=2007 request_seq=247344927 dest=31 tier=1 epoch1=0 epoch2=0 current=0 context=1]
[ECG-K2-REQUEST sim=gem5 seq=2008 request_seq=247344936 dest=32 tier=1 epoch1=0 epoch2=0 current=0 context=1]
[ECG-K2-REQUEST sim=gem5 seq=2009 request_seq=247344945 dest=33 tier=1 epoch1=0 epoch2=0 current=0 context=1]
[ECG-K2-REQUEST sim=gem5 seq=2010 request_seq=247344954 dest=34 tier=1 epoch1=0 epoch2=0 current=0 context=1]
[ECG-K2-REQUEST sim=gem5 seq=2011 request_seq=247344963 dest=35 tier=1 epoch1=0 epoch2=0 current=0 context=1]
[ECG-K2-ACCEPT sim=gem5 seq=2011 request_seq=247344963 request_dest=35 fill_dest=32 source=request tier=1 epoch1=0 epoch2=0 current=0 context=1 property_elem_bytes=4]
[ECG-K2-REQUEST sim=gem5 seq=2012 request_seq=247344972 dest=36 tier=1 epoch1=0 epoch2=0 current=0 context=1]
[ECG-K2-REQUEST sim=gem5 seq=2013 request_seq=247344981 dest=37 tier=1 epoch1=0 epoch2=0 current=0 context=1]
[ECG-K2-REQUEST sim=gem5 seq=2014 request_seq=247344990 dest=38 tier=1 epoch1=0 epoch2=0 current=0 context=1]
[ECG-K2-REQUEST sim=gem5 seq=2015 request_seq=247344999 dest=39 tier=1 epoch1=0 epoch2=0 current=0 context=1]
[ECG-STREAM-BYPASS sim=gem5 cache=system.l3cache addr=0x3caf80 vaddr=0x3b9f80 size=4 source=request-flag allocate=0]
[ECG-K2-REQUEST sim=gem5 seq=2016 request_seq=247345008 dest=40 tier=1 epoch1=0 epoch2=0 current=0 context=1]
[ECG-K2-REQUEST sim=gem5 seq=2017 request_seq=247345017 dest=41 tier=1 epoch1=0 epoch2=0 current=0 context=1]
[ECG-K2-REQUEST sim=gem5 seq=2018 request_seq=247345026 dest=42 tier=1 epoch1=0 epoch2=0 current=0 context=1]
[ECG-K2-REQUEST sim=gem5 seq=2019 request_seq=247345035 dest=43 tier=1 epoch1=0 epoch2=0 current=0 context=1]
[ECG-K2-REQUEST sim=gem5 seq=2020 request_seq=247345044 dest=45 tier=1 epoch1=0 epoch2=0 current=0 context=1]
[ECG-K2-REQUEST sim=gem5 seq=2021 request_seq=247345053 dest=46 tier=1 epoch1=0 epoch2=0 current=0 context=1]
[ECG-K2-REQUEST sim=gem5 seq=2022 request_seq=247345062 dest=47 tier=1 epoch1=0 epoch2=0 current=0 context=1]
[ECG-K2-REQUEST sim=gem5 seq=2023 request_seq=247345071 dest=48 tier=1 epoch1=0 epoch2=0 current=0 context=1]
[ECG-K2-REQUEST sim=gem5 seq=2024 request_seq=247345080 dest=50 tier=1 epoch1=0 epoch2=0 current=0 context=1]
[ECG-K2-REQUEST sim=gem5 seq=2025 request_seq=247345089 dest=52 tier=1 epoch1=0 epoch2=0 current=0 context=1]
[ECG-K2-REQUEST sim=gem5 seq=2026 request_seq=247345098 dest=53 tier=1 epoch1=0 epoch2=0 current=0 context=1]
[ECG-K2-REQUEST sim=gem5 seq=2027 request_seq=247345107 dest=54 tier=1 epoch1=0 epoch2=0 current=0 context=1]
[ECG-K2-ACCEPT sim=gem5 seq=2027 request_seq=247345107 request_dest=54 fill_dest=48 source=request tier=1 epoch1=0 epoch2=0 current=0 context=1 property_elem_bytes=4]
[ECG-K2-REQUEST sim=gem5 seq=2028 request_seq=247345116 dest=55 tier=1 epoch1=0 epoch2=0 current=0 context=1]
[ECG-K2-REQUEST sim=gem5 seq=2029 request_seq=247345125 dest=56 tier=1 epoch1=0 epoch2=0 current=0 context=1]
[ECG-K2-REQUEST sim=gem5 seq=2030 request_seq=247345134 dest=58 tier=1 epoch1=0 epoch2=0 current=0 context=1]
[ECG-K2-REQUEST sim=gem5 seq=2031 request_seq=247345143 dest=60 tier=1 epoch1=0 epoch2=0 current=0 context=1]
[ECG-STREAM-BYPASS sim=gem5 cache=system.l3cache addr=0x3cafc0 vaddr=0x3b9fc0 size=4 source=request-flag allocate=0]
[ECG-K2-REQUEST sim=gem5 seq=2032 request_seq=247345152 dest=61 tier=1 epoch1=0 epoch2=0 current=0 context=1]
[ECG-K2-REQUEST sim=gem5 seq=2033 request_seq=247345161 dest=62 tier=1 epoch1=0 epoch2=0 current=0 context=1]
[ECG-K2-REQUEST sim=gem5 seq=2034 request_seq=247345170 dest=63 tier=1 epoch1=0 epoch2=0 current=0 context=1]
[ECG-K2-REQUEST sim=gem5 seq=2035 request_seq=247345179 dest=64 tier=1 epoch1=0 epoch2=0 current=0 context=1]
[ECG-K2-REQUEST sim=gem5 seq=2036 request_seq=247345188 dest=66 tier=1 epoch1=0 epoch2=0 current=0 context=1]
[ECG-K2-REQUEST sim=gem5 seq=2037 request_seq=247345197 dest=68 tier=1 epoch1=0 epoch2=0 current=0 context=1]
[ECG-K2-REQUEST sim=gem5 seq=2038 request_seq=247345206 dest=69 tier=1 epoch1=0 epoch2=0 current=0 context=1]
[ECG-K2-REQUEST sim=gem5 seq=2039 request_seq=247345215 dest=70 tier=1 epoch1=0 epoch2=0 current=0 context=1]
[ECG-K2-REQUEST sim=gem5 seq=2040 request_seq=247345224 dest=71 tier=1 epoch1=0 epoch2=0 current=0 context=1]
[ECG-K2-REQUEST sim=gem5 seq=2041 request_seq=247345233 dest=73 tier=1 epoch1=0 epoch2=0 current=0 context=1]
[ECG-K2-REQUEST sim=gem5 seq=2042 request_seq=247345242 dest=74 tier=1 epoch1=0 epoch2=0 current=0 context=1]
[ECG-K2-REQUEST sim=gem5 seq=2043 request_seq=247345251 dest=75 tier=1 epoch1=0 epoch2=0 current=0 context=1]
[ECG-K2-REQUEST sim=gem5 seq=2044 request_seq=247345260 dest=76 tier=1 epoch1=0 epoch2=0 current=0 context=1]
[ECG-K2-REQUEST sim=gem5 seq=2045 request_seq=247345269 dest=77 tier=1 epoch1=0 epoch2=0 current=0 context=1]
[ECG-K2-REQUEST sim=gem5 seq=2046 request_seq=247345278 dest=78 tier=1 epoch1=0 epoch2=0 current=0 context=1]
[ECG-K2-REQUEST sim=gem5 seq=2047 request_seq=247345287 dest=81 tier=1 epoch1=0 epoch2=0 current=0 context=1]
[ECG-STREAM-BYPASS sim=gem5 cache=system.l3cache addr=0x3cb000 vaddr=0x3ba000 size=4 source=request-flag allocate=0]
[ECG-K2-ACCEPT sim=gem5 seq=2047 request_seq=247345287 request_dest=81 fill_dest=81 source=request tier=1 epoch1=0 epoch2=0 current=0 context=1 property_elem_bytes=4]
[ECG-STREAM-BYPASS sim=gem5 cache=system.l3cache addr=0x3cb040 vaddr=0x3ba040 size=4 source=request-flag allocate=0]
[ECG-STREAM-BYPASS sim=gem5 cache=system.l3cache addr=0x3cb080 vaddr=0x3ba080 size=4 source=request-flag allocate=0]
[ECG-STREAM-BYPASS sim=gem5 cache=system.l3cache addr=0x3cb0c0 vaddr=0x3ba0c0 size=4 source=request-flag allocate=0]
[ECG-STREAM-BYPASS sim=gem5 cache=system.l3cache addr=0x3cb100 vaddr=0x3ba100 size=4 source=request-flag allocate=0]
[ECG-STREAM-BYPASS sim=gem5 cache=system.l3cache addr=0x3cb140 vaddr=0x3ba140 size=4 source=request-flag allocate=0]
[ECG-STREAM-BYPASS sim=gem5 cache=system.l3cache addr=0x3cb180 vaddr=0x3ba180 size=4 source=request-flag allocate=0]
[ECG-STREAM-BYPASS sim=gem5 cache=system.l3cache addr=0x3cb1c0 vaddr=0x3ba1c0 size=4 source=request-flag allocate=0]
[ECG-STREAM-BYPASS sim=gem5 cache=system.l3cache addr=0x3cb200 vaddr=0x3ba200 size=4 source=request-flag allocate=0]
[ECG-STREAM-BYPASS sim=gem5 cache=system.l3cache addr=0x3cb240 vaddr=0x3ba244 size=4 source=request-flag allocate=0]
[ECG-STREAM-BYPASS sim=gem5 cache=system.l3cache addr=0x3cb280 vaddr=0x3ba28c size=4 source=request-flag allocate=0]
[ECG-STREAM-BYPASS sim=gem5 cache=system.l3cache addr=0x3cb2c0 vaddr=0x3ba2c0 size=4 source=request-flag allocate=0]
[ECG-STREAM-BYPASS sim=gem5 cache=system.l3cache addr=0x3cb300 vaddr=0x3ba300 size=4 source=request-flag allocate=0]
[ECG-STREAM-BYPASS sim=gem5 cache=system.l3cache addr=0x3cb340 vaddr=0x3ba340 size=4 source=request-flag allocate=0]
[ECG-STREAM-BYPASS sim=gem5 cache=system.l3cache addr=0x3cb380 vaddr=0x3ba380 size=4 source=request-flag allocate=0]
[ECG-STREAM-BYPASS sim=gem5 cache=system.l3cache addr=0x3cb3c0 vaddr=0x3ba3c0 size=4 source=request-flag allocate=0]
[ECG-STREAM-BYPASS sim=gem5 cache=system.l3cache addr=0x3cb400 vaddr=0x3ba400 size=4 source=request-flag allocate=0]
[ECG-STREAM-BYPASS sim=gem5 cache=system.l3cache addr=0x3cb440 vaddr=0x3ba440 size=4 source=request-flag allocate=0]
[ECG-STREAM-BYPASS sim=gem5 cache=system.l3cache addr=0x3cb480 vaddr=0x3ba480 size=4 source=request-flag allocate=0]
[ECG-STREAM-BYPASS sim=gem5 cache=system.l3cache addr=0x3cb4c0 vaddr=0x3ba4c0 size=4 source=request-flag allocate=0]
[ECG-STREAM-BYPASS sim=gem5 cache=system.l3cache addr=0x3cb500 vaddr=0x3ba500 size=4 source=request-flag allocate=0]
[ECG-STREAM-BYPASS sim=gem5 cache=system.l3cache addr=0x3cb540 vaddr=0x3ba540 size=4 source=request-flag allocate=0]
[ECG-STREAM-BYPASS sim=gem5 cache=system.l3cache addr=0x3cb580 vaddr=0x3ba580 size=4 source=request-flag allocate=0]
[ECG-STREAM-BYPASS sim=gem5 cache=system.l3cache addr=0x3cb5c0 vaddr=0x3ba5c0 size=4 source=request-flag allocate=0]
[ECG-STREAM-BYPASS sim=gem5 cache=system.l3cache addr=0x3cb600 vaddr=0x3ba600 size=4 source=request-flag allocate=0]
[ECG-STREAM-BYPASS sim=gem5 cache=system.l3cache addr=0x3cb640 vaddr=0x3ba640 size=4 source=request-flag allocate=0]
[ECG-STREAM-BYPASS sim=gem5 cache=system.l3cache addr=0x3cb680 vaddr=0x3ba680 size=4 source=request-flag allocate=0]
[ECG-STREAM-BYPASS sim=gem5 cache=system.l3cache addr=0x3cb6c0 vaddr=0x3ba6c0 size=4 source=request-flag allocate=0]
[ECG-STREAM-BYPASS sim=gem5 cache=system.l3cache addr=0x3cb700 vaddr=0x3ba700 size=4 source=request-flag allocate=0]
[ECG-STREAM-BYPASS sim=gem5 cache=system.l3cache addr=0x3cb740 vaddr=0x3ba740 size=4 source=request-flag allocate=0]
[ECG-STREAM-BYPASS sim=gem5 cache=system.l3cache addr=0x3cb780 vaddr=0x3ba780 size=4 source=request-flag allocate=0]
[ECG-STREAM-BYPASS sim=gem5 cache=system.l3cache addr=0x3cb7c0 vaddr=0x3ba7c0 size=4 source=request-flag allocate=0]
[ECG-STREAM-BYPASS sim=gem5 cache=system.l3cache addr=0x3cb800 vaddr=0x3ba800 size=4 source=request-flag allocate=0]
[ECG-STREAM-BYPASS sim=gem5 cache=system.l3cache addr=0x3cb840 vaddr=0x3ba840 size=4 source=request-flag allocate=0]
[ECG-STREAM-BYPASS sim=gem5 cache=system.l3cache addr=0x3cb880 vaddr=0x3ba880 size=4 source=request-flag allocate=0]
[ECG-STREAM-BYPASS sim=gem5 cache=system.l3cache addr=0x3cb8c0 vaddr=0x3ba8c0 size=4 source=request-flag allocate=0]
[ECG-STREAM-BYPASS sim=gem5 cache=system.l3cache addr=0x3cb900 vaddr=0x3ba900 size=4 source=request-flag allocate=0]
[ECG-STREAM-BYPASS sim=gem5 cache=system.l3cache addr=0x3cb940 vaddr=0x3ba940 size=4 source=request-flag allocate=0]
[ECG-STREAM-BYPASS sim=gem5 cache=system.l3cache addr=0x3cb980 vaddr=0x3ba980 size=4 source=request-flag allocate=0]
[ECG-STREAM-BYPASS sim=gem5 cache=system.l3cache addr=0x3cb9c0 vaddr=0x3ba9c0 size=4 source=request-flag allocate=0]
[ECG-STREAM-BYPASS sim=gem5 cache=system.l3cache addr=0x3cba00 vaddr=0x3baa00 size=4 source=request-flag allocate=0]
[ECG-STREAM-BYPASS sim=gem5 cache=system.l3cache addr=0x3cba40 vaddr=0x3baa40 size=4 source=request-flag allocate=0]
[ECG-STREAM-BYPASS sim=gem5 cache=system.l3cache addr=0x3cba80 vaddr=0x3baa80 size=4 source=request-flag allocate=0]
[ECG-STREAM-BYPASS sim=gem5 cache=system.l3cache addr=0x3cbac0 vaddr=0x3baac0 size=4 source=request-flag allocate=0]
[ECG-STREAM-BYPASS sim=gem5 cache=system.l3cache addr=0x3cbb00 vaddr=0x3bab00 size=4 source=request-flag allocate=0]
[ECG-STREAM-BYPASS sim=gem5 cache=system.l3cache addr=0x3cbb40 vaddr=0x3bab40 size=4 source=request-flag allocate=0]
[ECG-STREAM-BYPASS sim=gem5 cache=system.l3cache addr=0x3cbb80 vaddr=0x3bab80 size=4 source=request-flag allocate=0]
[ECG-STREAM-BYPASS sim=gem5 cache=system.l3cache addr=0x3cbbc0 vaddr=0x3babc0 size=4 source=request-flag allocate=0]
[ECG-STREAM-BYPASS sim=gem5 cache=system.l3cache addr=0x3cbc00 vaddr=0x3bac00 size=4 source=request-flag allocate=0]
[ECG-STREAM-BYPASS sim=gem5 cache=system.l3cache addr=0x3cbc40 vaddr=0x3bac40 size=4 source=request-flag allocate=0]
[ECG-STREAM-BYPASS sim=gem5 cache=system.l3cache addr=0x3cbc80 vaddr=0x3bac80 size=4 source=request-flag allocate=0]
[ECG-STREAM-BYPASS sim=gem5 cache=system.l3cache addr=0x3cbcc0 vaddr=0x3bacc0 size=4 source=request-flag allocate=0]
[ECG-STREAM-BYPASS sim=gem5 cache=system.l3cache addr=0x3cbd00 vaddr=0x3bad00 size=4 source=request-flag allocate=0]
[ECG-STREAM-BYPASS sim=gem5 cache=system.l3cache addr=0x3cbd40 vaddr=0x3bad40 size=4 source=request-flag allocate=0]
[ECG-STREAM-BYPASS sim=gem5 cache=system.l3cache addr=0x3cbd80 vaddr=0x3bad80 size=4 source=request-flag allocate=0]
[ECG-STREAM-BYPASS sim=gem5 cache=system.l3cache addr=0x3cbdc0 vaddr=0x3badc0 size=4 source=request-flag allocate=0]
[ECG-STREAM-BYPASS sim=gem5 cache=system.l3cache addr=0x3cbe00 vaddr=0x3bae00 size=4 source=request-flag allocate=0]
[ECG-STREAM-BYPASS sim=gem5 cache=system.l3cache addr=0x3cbe40 vaddr=0x3bae40 size=4 source=request-flag allocate=0]
[ECG-STREAM-BYPASS sim=gem5 cache=system.l3cache addr=0x3cbe80 vaddr=0x3bae80 size=4 source=request-flag allocate=0]
[ECG-STREAM-BYPASS sim=gem5 cache=system.l3cache addr=0x3cbec0 vaddr=0x3baec0 size=4 source=request-flag allocate=0]
[ECG-STREAM-BYPASS sim=gem5 cache=system.l3cache addr=0x3cbf00 vaddr=0x3baf00 size=4 source=request-flag allocate=0]
[ECG-STREAM-BYPASS sim=gem5 cache=system.l3cache addr=0x3cbf40 vaddr=0x3baf40 size=4 source=request-flag allocate=0]
[ECG-STREAM-BYPASS sim=gem5 cache=system.l3cache addr=0x3cbf80 vaddr=0x3baf80 size=4 source=request-flag allocate=0]
[ECG-STREAM-BYPASS sim=gem5 cache=system.l3cache addr=0x3cbfc0 vaddr=0x3bafc0 size=4 source=request-flag allocate=0]
[ECG-STREAM-BYPASS sim=gem5 cache=system.l3cache addr=0x3cc000 vaddr=0x3bb000 size=4 source=request-flag allocate=0]
[ECG-STREAM-BYPASS sim=gem5 cache=system.l3cache addr=0x3cc040 vaddr=0x3bb040 size=4 source=request-flag allocate=0]
[ECG-STREAM-BYPASS sim=gem5 cache=system.l3cache addr=0x3cc080 vaddr=0x3bb080 size=4 source=request-flag allocate=0]
[ECG-STREAM-BYPASS sim=gem5 cache=system.l3cache addr=0x3cc0c0 vaddr=0x3bb0c0 size=4 source=request-flag allocate=0]
[ECG-STREAM-BYPASS sim=gem5 cache=system.l3cache addr=0x3cc100 vaddr=0x3bb100 size=4 source=request-flag allocate=0]
[ECG-STREAM-BYPASS sim=gem5 cache=system.l3cache addr=0x3cc140 vaddr=0x3bb140 size=4 source=request-flag allocate=0]
[ECG-STREAM-BYPASS sim=gem5 cache=system.l3cache addr=0x3cc180 vaddr=0x3bb180 size=4 source=request-flag allocate=0]
[ECG-STREAM-BYPASS sim=gem5 cache=system.l3cache addr=0x3cc1c0 vaddr=0x3bb1c0 size=4 source=request-flag allocate=0]
[ECG-STREAM-BYPASS sim=gem5 cache=system.l3cache addr=0x3cc200 vaddr=0x3bb200 size=4 source=request-flag allocate=0]
[ECG-STREAM-BYPASS sim=gem5 cache=system.l3cache addr=0x3cc240 vaddr=0x3bb240 size=4 source=request-flag allocate=0]
[ECG-STREAM-BYPASS sim=gem5 cache=system.l3cache addr=0x3cc280 vaddr=0x3bb280 size=4 source=request-flag allocate=0]
[ECG-STREAM-BYPASS sim=gem5 cache=system.l3cache addr=0x3cc2c0 vaddr=0x3bb2c0 size=4 source=request-flag allocate=0]
[ECG-STREAM-BYPASS sim=gem5 cache=system.l3cache addr=0x3cc300 vaddr=0x3bb300 size=4 source=request-flag allocate=0]
[ECG-STREAM-BYPASS sim=gem5 cache=system.l3cache addr=0x3cc340 vaddr=0x3bb340 size=4 source=request-flag allocate=0]
[ECG-STREAM-BYPASS sim=gem5 cache=system.l3cache addr=0x3cc380 vaddr=0x3bb380 size=4 source=request-flag allocate=0]
[ECG-STREAM-BYPASS sim=gem5 cache=system.l3cache addr=0x3cc3c0 vaddr=0x3bb3c0 size=4 source=request-flag allocate=0]
[ECG-STREAM-BYPASS sim=gem5 cache=system.l3cache addr=0x3cc400 vaddr=0x3bb400 size=4 source=request-flag allocate=0]
[ECG-STREAM-BYPASS sim=gem5 cache=system.l3cache addr=0x3cc440 vaddr=0x3bb440 size=4 source=request-flag allocate=0]
[ECG-STREAM-BYPASS sim=gem5 cache=system.l3cache addr=0x3cc480 vaddr=0x3bb480 size=4 source=request-flag allocate=0]
[ECG-STREAM-BYPASS sim=gem5 cache=system.l3cache addr=0x3cc4c0 vaddr=0x3bb4c0 size=4 source=request-flag allocate=0]
[ECG-STREAM-BYPASS sim=gem5 cache=system.l3cache addr=0x3cc500 vaddr=0x3bb500 size=4 source=request-flag allocate=0]
[ECG-STREAM-BYPASS sim=gem5 cache=system.l3cache addr=0x3cc540 vaddr=0x3bb540 size=4 source=request-flag allocate=0]
[ECG-STREAM-BYPASS sim=gem5 cache=system.l3cache addr=0x3cc580 vaddr=0x3bb580 size=4 source=request-flag allocate=0]
[ECG-STREAM-BYPASS sim=gem5 cache=system.l3cache addr=0x3cc5c0 vaddr=0x3bb5c0 size=4 source=request-flag allocate=0]
[ECG-STREAM-BYPASS sim=gem5 cache=system.l3cache addr=0x3cc600 vaddr=0x3bb600 size=4 source=request-flag allocate=0]
[ECG-STREAM-BYPASS sim=gem5 cache=system.l3cache addr=0x3cc640 vaddr=0x3bb640 size=4 source=request-flag allocate=0]
[ECG-STREAM-BYPASS sim=gem5 cache=system.l3cache addr=0x3cc680 vaddr=0x3bb680 size=4 source=request-flag allocate=0]
[ECG-STREAM-BYPASS sim=gem5 cache=system.l3cache addr=0x3cc6c0 vaddr=0x3bb6c0 size=4 source=request-flag allocate=0]
[ECG-STREAM-BYPASS sim=gem5 cache=system.l3cache addr=0x3cc700 vaddr=0x3bb700 size=4 source=request-flag allocate=0]
[ECG-STREAM-BYPASS sim=gem5 cache=system.l3cache addr=0x3cc740 vaddr=0x3bb740 size=4 source=request-flag allocate=0]
[ECG-STREAM-BYPASS sim=gem5 cache=system.l3cache addr=0x3cc780 vaddr=0x3bb780 size=4 source=request-flag allocate=0]
[ECG-STREAM-BYPASS sim=gem5 cache=system.l3cache addr=0x3cc7c0 vaddr=0x3bb7c0 size=4 source=request-flag allocate=0]
[ECG-STREAM-BYPASS sim=gem5 cache=system.l3cache addr=0x3cc800 vaddr=0x3bb800 size=4 source=request-flag allocate=0]
[ECG-STREAM-BYPASS sim=gem5 cache=system.l3cache addr=0x3cc840 vaddr=0x3bb840 size=4 source=request-flag allocate=0]
[ECG-STREAM-BYPASS sim=gem5 cache=system.l3cache addr=0x3cc880 vaddr=0x3bb880 size=4 source=request-flag allocate=0]
[ECG-STREAM-BYPASS sim=gem5 cache=system.l3cache addr=0x3cc8c0 vaddr=0x3bb8c0 size=4 source=request-flag allocate=0]
[ECG-STREAM-BYPASS sim=gem5 cache=system.l3cache addr=0x3cc900 vaddr=0x3bb900 size=4 source=request-flag allocate=0]
[ECG-STREAM-BYPASS sim=gem5 cache=system.l3cache addr=0x3cc940 vaddr=0x3bb940 size=4 source=request-flag allocate=0]
[ECG-STREAM-BYPASS sim=gem5 cache=system.l3cache addr=0x3cc980 vaddr=0x3bb980 size=4 source=request-flag allocate=0]
[ECG-STREAM-BYPASS sim=gem5 cache=system.l3cache addr=0x3cc9c0 vaddr=0x3bb9c0 size=4 source=request-flag allocate=0]
[ECG-STREAM-BYPASS sim=gem5 cache=system.l3cache addr=0x3cca00 vaddr=0x3bba00 size=4 source=request-flag allocate=0]
[ECG-STREAM-BYPASS sim=gem5 cache=system.l3cache addr=0x3cca40 vaddr=0x3bba40 size=4 source=request-flag allocate=0]
[ECG-STREAM-BYPASS sim=gem5 cache=system.l3cache addr=0x3cca80 vaddr=0x3bba80 size=4 source=request-flag allocate=0]
[ECG-STREAM-BYPASS sim=gem5 cache=system.l3cache addr=0x3ccac0 vaddr=0x3bbac0 size=4 source=request-flag allocate=0]
[ECG-STREAM-BYPASS sim=gem5 cache=system.l3cache addr=0x3ccb00 vaddr=0x3bbb0c size=4 source=request-flag allocate=0]
[ECG-STREAM-BYPASS sim=gem5 cache=system.l3cache addr=0x3ccb40 vaddr=0x3bbb40 size=4 source=request-flag allocate=0]
[ECG-STREAM-BYPASS sim=gem5 cache=system.l3cache addr=0x3ccb80 vaddr=0x3bbb80 size=4 source=request-flag allocate=0]
[ECG-STREAM-BYPASS sim=gem5 cache=system.l3cache addr=0x3ccbc0 vaddr=0x3bbbc0 size=4 source=request-flag allocate=0]
[ECG-STREAM-BYPASS sim=gem5 cache=system.l3cache addr=0x3ccc00 vaddr=0x3bbc00 size=4 source=request-flag allocate=0]
[ECG-STREAM-BYPASS sim=gem5 cache=system.l3cache addr=0x3ccc40 vaddr=0x3bbc40 size=4 source=request-flag allocate=0]
[ECG-STREAM-BYPASS sim=gem5 cache=system.l3cache addr=0x3ccc80 vaddr=0x3bbc80 size=4 source=request-flag allocate=0]
[ECG-STREAM-BYPASS sim=gem5 cache=system.l3cache addr=0x3cccc0 vaddr=0x3bbcc0 size=4 source=request-flag allocate=0]
[ECG-STREAM-BYPASS sim=gem5 cache=system.l3cache addr=0x3ccd00 vaddr=0x3bbd00 size=4 source=request-flag allocate=0]
[ECG-STREAM-BYPASS sim=gem5 cache=system.l3cache addr=0x3ccd40 vaddr=0x3bbd40 size=4 source=request-flag allocate=0]
[ECG-STREAM-BYPASS sim=gem5 cache=system.l3cache addr=0x3ccd80 vaddr=0x3bbd80 size=4 source=request-flag allocate=0]
[ECG-STREAM-BYPASS sim=gem5 cache=system.l3cache addr=0x3ccdc0 vaddr=0x3bbdc0 size=4 source=request-flag allocate=0]
[ECG-STREAM-BYPASS sim=gem5 cache=system.l3cache addr=0x3cce00 vaddr=0x3bbe00 size=4 source=request-flag allocate=0]
[ECG-STREAM-BYPASS sim=gem5 cache=system.l3cache addr=0x3cce40 vaddr=0x3bbe40 size=4 source=request-flag allocate=0]
[ECG-STREAM-BYPASS sim=gem5 cache=system.l3cache addr=0x3cce80 vaddr=0x3bbe80 size=4 source=request-flag allocate=0]
[ECG-STREAM-BYPASS sim=gem5 cache=system.l3cache addr=0x3ccec0 vaddr=0x3bbec0 size=4 source=request-flag allocate=0]
[ECG-STREAM-BYPASS sim=gem5 cache=system.l3cache addr=0x3ccf00 vaddr=0x3bbf00 size=4 source=request-flag allocate=0]
[ECG-STREAM-BYPASS sim=gem5 cache=system.l3cache addr=0x3ccf40 vaddr=0x3bbf40 size=4 source=request-flag allocate=0]
[ECG-STREAM-BYPASS sim=gem5 cache=system.l3cache addr=0x3ccf80 vaddr=0x3bbf80 size=4 source=request-flag allocate=0]
[ECG-STREAM-BYPASS sim=gem5 cache=system.l3cache addr=0x3ccfc0 vaddr=0x3bbfc0 size=4 source=request-flag allocate=0]
[ECG-STREAM-BYPASS sim=gem5 cache=system.l3cache addr=0x3cd000 vaddr=0x3bc000 size=4 source=request-flag allocate=0]
[ECG-STREAM-BYPASS sim=gem5 cache=system.l3cache addr=0x3cd040 vaddr=0x3bc040 size=4 source=request-flag allocate=0]
[ECG-STREAM-BYPASS sim=gem5 cache=system.l3cache addr=0x3cd080 vaddr=0x3bc080 size=4 source=request-flag allocate=0]
[ECG-STREAM-BYPASS sim=gem5 cache=system.l3cache addr=0x3cd0c0 vaddr=0x3bc0c0 size=4 source=request-flag allocate=0]
[ECG-STREAM-BYPASS sim=gem5 cache=system.l3cache addr=0x3cd100 vaddr=0x3bc100 size=4 source=request-flag allocate=0]
[ECG-STREAM-BYPASS sim=gem5 cache=system.l3cache addr=0x3cd140 vaddr=0x3bc140 size=4 source=request-flag allocate=0]
[ECG-STREAM-BYPASS sim=gem5 cache=system.l3cache addr=0x3cd180 vaddr=0x3bc180 size=4 source=request-flag allocate=0]
[ECG-STREAM-BYPASS sim=gem5 cache=system.l3cache addr=0x3cd1c0 vaddr=0x3bc1c0 size=4 source=request-flag allocate=0]
[ECG-STREAM-BYPASS sim=gem5 cache=system.l3cache addr=0x3cd200 vaddr=0x3bc200 size=4 source=request-flag allocate=0]
[ECG-STREAM-BYPASS sim=gem5 cache=system.l3cache addr=0x3cd240 vaddr=0x3bc240 size=4 source=request-flag allocate=0]
[ECG-STREAM-BYPASS sim=gem5 cache=system.l3cache addr=0x3cd280 vaddr=0x3bc280 size=4 source=request-flag allocate=0]
[ECG-STREAM-BYPASS sim=gem5 cache=system.l3cache addr=0x3cd2c0 vaddr=0x3bc2c0 size=4 source=request-flag allocate=0]
[ECG-STREAM-BYPASS sim=gem5 cache=system.l3cache addr=0x3cd300 vaddr=0x3bc300 size=4 source=request-flag allocate=0]
[ECG-STREAM-BYPASS sim=gem5 cache=system.l3cache addr=0x3cd340 vaddr=0x3bc340 size=4 source=request-flag allocate=0]
[ECG-STREAM-BYPASS sim=gem5 cache=system.l3cache addr=0x3cd380 vaddr=0x3bc380 size=4 source=request-flag allocate=0]
[ECG-STREAM-BYPASS sim=gem5 cache=system.l3cache addr=0x3cd3c0 vaddr=0x3bc3c0 size=4 source=request-flag allocate=0]
[ECG-STREAM-BYPASS sim=gem5 cache=system.l3cache addr=0x3cd400 vaddr=0x3bc400 size=4 source=request-flag allocate=0]
[ECG-STREAM-BYPASS sim=gem5 cache=system.l3cache addr=0x3cd440 vaddr=0x3bc440 size=4 source=request-flag allocate=0]
[ECG-STREAM-BYPASS sim=gem5 cache=system.l3cache addr=0x3cd480 vaddr=0x3bc480 size=4 source=request-flag allocate=0]
[ECG-STREAM-BYPASS sim=gem5 cache=system.l3cache addr=0x3cd4c0 vaddr=0x3bc4c0 size=4 source=request-flag allocate=0]
[ECG-STREAM-BYPASS sim=gem5 cache=system.l3cache addr=0x3cd500 vaddr=0x3bc504 size=4 source=request-flag allocate=0]
[ECG-STREAM-BYPASS sim=gem5 cache=system.l3cache addr=0x3cd540 vaddr=0x3bc540 size=4 source=request-flag allocate=0]
[ECG-STREAM-BYPASS sim=gem5 cache=system.l3cache addr=0x3cd580 vaddr=0x3bc580 size=4 source=request-flag allocate=0]
[ECG-STREAM-BYPASS sim=gem5 cache=system.l3cache addr=0x3cd5c0 vaddr=0x3bc5c0 size=4 source=request-flag allocate=0]
[ECG-STREAM-BYPASS sim=gem5 cache=system.l3cache addr=0x3cd600 vaddr=0x3bc600 size=4 source=request-flag allocate=0]
[ECG-STREAM-BYPASS sim=gem5 cache=system.l3cache addr=0x3cd640 vaddr=0x3bc640 size=4 source=request-flag allocate=0]
[ECG-STREAM-BYPASS sim=gem5 cache=system.l3cache addr=0x3cd680 vaddr=0x3bc680 size=4 source=request-flag allocate=0]
[ECG-STREAM-BYPASS sim=gem5 cache=system.l3cache addr=0x3cd6c0 vaddr=0x3bc6c0 size=4 source=request-flag allocate=0]
[ECG-STREAM-BYPASS sim=gem5 cache=system.l3cache addr=0x3cd700 vaddr=0x3bc700 size=4 source=request-flag allocate=0]
[ECG-STREAM-BYPASS sim=gem5 cache=system.l3cache addr=0x3cd740 vaddr=0x3bc740 size=4 source=request-flag allocate=0]
[ECG-STREAM-BYPASS sim=gem5 cache=system.l3cache addr=0x3cd780 vaddr=0x3bc780 size=4 source=request-flag allocate=0]
[ECG-STREAM-BYPASS sim=gem5 cache=system.l3cache addr=0x3cd7c0 vaddr=0x3bc7c0 size=4 source=request-flag allocate=0]
[ECG-STREAM-BYPASS sim=gem5 cache=system.l3cache addr=0x3cd800 vaddr=0x3bc800 size=4 source=request-flag allocate=0]
[ECG-STREAM-BYPASS sim=gem5 cache=system.l3cache addr=0x3cd840 vaddr=0x3bc840 size=4 source=request-flag allocate=0]
[ECG-STREAM-BYPASS sim=gem5 cache=system.l3cache addr=0x3cd880 vaddr=0x3bc880 size=4 source=request-flag allocate=0]
[ECG-STREAM-BYPASS sim=gem5 cache=system.l3cache addr=0x3cd8c0 vaddr=0x3bc8c0 size=4 source=request-flag allocate=0]
[ECG-STREAM-BYPASS sim=gem5 cache=system.l3cache addr=0x3cd900 vaddr=0x3bc900 size=4 source=request-flag allocate=0]
[ECG-STREAM-BYPASS sim=gem5 cache=system.l3cache addr=0x3cd940 vaddr=0x3bc940 size=4 source=request-flag allocate=0]
[ECG-STREAM-BYPASS sim=gem5 cache=system.l3cache addr=0x3cd980 vaddr=0x3bc980 size=4 source=request-flag allocate=0]
[ECG-STREAM-BYPASS sim=gem5 cache=system.l3cache addr=0x3cd9c0 vaddr=0x3bc9c0 size=4 source=request-flag allocate=0]
[ECG-STREAM-BYPASS sim=gem5 cache=system.l3cache addr=0x3cda00 vaddr=0x3bca00 size=4 source=request-flag allocate=0]
[ECG-STREAM-BYPASS sim=gem5 cache=system.l3cache addr=0x3cda40 vaddr=0x3bca40 size=4 source=request-flag allocate=0]
[ECG-STREAM-BYPASS sim=gem5 cache=system.l3cache addr=0x3cda80 vaddr=0x3bca80 size=4 source=request-flag allocate=0]
[ECG-STREAM-BYPASS sim=gem5 cache=system.l3cache addr=0x3cdac0 vaddr=0x3bcac0 size=4 source=request-flag allocate=0]
[ECG-STREAM-BYPASS sim=gem5 cache=system.l3cache addr=0x3cdb00 vaddr=0x3bcb00 size=4 source=request-flag allocate=0]
[ECG-STREAM-BYPASS sim=gem5 cache=system.l3cache addr=0x3cdb40 vaddr=0x3bcb40 size=4 source=request-flag allocate=0]
[ECG-STREAM-BYPASS sim=gem5 cache=system.l3cache addr=0x3cdb80 vaddr=0x3bcb80 size=4 source=request-flag allocate=0]
[ECG-STREAM-BYPASS sim=gem5 cache=system.l3cache addr=0x3cdbc0 vaddr=0x3bcbc0 size=4 source=request-flag allocate=0]
[ECG-STREAM-BYPASS sim=gem5 cache=system.l3cache addr=0x3cdc00 vaddr=0x3bcc00 size=4 source=request-flag allocate=0]
[ECG-STREAM-BYPASS sim=gem5 cache=system.l3cache addr=0x3cdc40 vaddr=0x3bcc40 size=4 source=request-flag allocate=0]
[ECG-STREAM-BYPASS sim=gem5 cache=system.l3cache addr=0x3cdc80 vaddr=0x3bcc80 size=4 source=request-flag allocate=0]
[ECG-STREAM-BYPASS sim=gem5 cache=system.l3cache addr=0x3cdcc0 vaddr=0x3bccc0 size=4 source=request-flag allocate=0]
[ECG-STREAM-BYPASS sim=gem5 cache=system.l3cache addr=0x3cdd00 vaddr=0x3bcd00 size=4 source=request-flag allocate=0]
[ECG-STREAM-BYPASS sim=gem5 cache=system.l3cache addr=0x3cdd40 vaddr=0x3bcd40 size=4 source=request-flag allocate=0]
[ECG-STREAM-BYPASS sim=gem5 cache=system.l3cache addr=0x3cdd80 vaddr=0x3bcd80 size=4 source=request-flag allocate=0]
[ECG-STREAM-BYPASS sim=gem5 cache=system.l3cache addr=0x3cddc0 vaddr=0x3bcdc0 size=4 source=request-flag allocate=0]
[ECG-STREAM-BYPASS sim=gem5 cache=system.l3cache addr=0x3cde00 vaddr=0x3bce00 size=4 source=request-flag allocate=0]
[ECG-STREAM-BYPASS sim=gem5 cache=system.l3cache addr=0x3cde40 vaddr=0x3bce40 size=4 source=request-flag allocate=0]
[ECG-STREAM-BYPASS sim=gem5 cache=system.l3cache addr=0x3cde80 vaddr=0x3bce80 size=4 source=request-flag allocate=0]
[ECG-STREAM-BYPASS sim=gem5 cache=system.l3cache addr=0x3cdec0 vaddr=0x3bcec0 size=4 source=request-flag allocate=0]
[ECG-STREAM-BYPASS sim=gem5 cache=system.l3cache addr=0x3cdf00 vaddr=0x3bcf00 size=4 source=request-flag allocate=0]
[ECG-STREAM-BYPASS sim=gem5 cache=system.l3cache addr=0x3cdf40 vaddr=0x3bcf40 size=4 source=request-flag allocate=0]
[ECG-STREAM-BYPASS sim=gem5 cache=system.l3cache addr=0x3cdf80 vaddr=0x3bcf80 size=4 source=request-flag allocate=0]
[ECG-STREAM-BYPASS sim=gem5 cache=system.l3cache addr=0x3cdfc0 vaddr=0x3bcfc0 size=4 source=request-flag allocate=0]
[ECG-STREAM-BYPASS sim=gem5 cache=system.l3cache addr=0x3ce000 vaddr=0x3bd004 size=4 source=request-flag allocate=0]
[ECG-STREAM-BYPASS sim=gem5 cache=system.l3cache addr=0x3ce040 vaddr=0x3bd040 size=4 source=request-flag allocate=0]
[ECG-STREAM-BYPASS sim=gem5 cache=system.l3cache addr=0x3ce080 vaddr=0x3bd080 size=4 source=request-flag allocate=0]
[ECG-STREAM-BYPASS sim=gem5 cache=system.l3cache addr=0x3ce0c0 vaddr=0x3bd0c0 size=4 source=request-flag allocate=0]
[ECG-STREAM-BYPASS sim=gem5 cache=system.l3cache addr=0x3ce100 vaddr=0x3bd100 size=4 source=request-flag allocate=0]
[ECG-STREAM-BYPASS sim=gem5 cache=system.l3cache addr=0x3ce140 vaddr=0x3bd140 size=4 source=request-flag allocate=0]
[ECG-STREAM-BYPASS sim=gem5 cache=system.l3cache addr=0x3ce180 vaddr=0x3bd180 size=4 source=request-flag allocate=0]
[ECG-STREAM-BYPASS sim=gem5 cache=system.l3cache addr=0x3ce1c0 vaddr=0x3bd1c0 size=4 source=request-flag allocate=0]
[ECG-STREAM-BYPASS sim=gem5 cache=system.l3cache addr=0x3ce200 vaddr=0x3bd200 size=4 source=request-flag allocate=0]
[ECG-STREAM-BYPASS sim=gem5 cache=system.l3cache addr=0x3ce240 vaddr=0x3bd240 size=4 source=request-flag allocate=0]
[ECG-STREAM-BYPASS sim=gem5 cache=system.l3cache addr=0x3ce280 vaddr=0x3bd280 size=4 source=request-flag allocate=0]
[ECG-STREAM-BYPASS sim=gem5 cache=system.l3cache addr=0x3ce2c0 vaddr=0x3bd2c0 size=4 source=request-flag allocate=0]
[ECG-STREAM-BYPASS sim=gem5 cache=system.l3cache addr=0x3ce300 vaddr=0x3bd300 size=4 source=request-flag allocate=0]
[ECG-STREAM-BYPASS sim=gem5 cache=system.l3cache addr=0x3ce340 vaddr=0x3bd340 size=4 source=request-flag allocate=0]
[ECG-STREAM-BYPASS sim=gem5 cache=system.l3cache addr=0x3ce380 vaddr=0x3bd380 size=4 source=request-flag allocate=0]
[ECG-STREAM-BYPASS sim=gem5 cache=system.l3cache addr=0x3ce3c0 vaddr=0x3bd3c0 size=4 source=request-flag allocate=0]
[ECG-STREAM-BYPASS sim=gem5 cache=system.l3cache addr=0x3ce400 vaddr=0x3bd400 size=4 source=request-flag allocate=0]
[ECG-STREAM-BYPASS sim=gem5 cache=system.l3cache addr=0x3ce440 vaddr=0x3bd440 size=4 source=request-flag allocate=0]
[ECG-STREAM-BYPASS sim=gem5 cache=system.l3cache addr=0x3ce480 vaddr=0x3bd480 size=4 source=request-flag allocate=0]
[ECG-STREAM-BYPASS sim=gem5 cache=system.l3cache addr=0x3ce4c0 vaddr=0x3bd4c0 size=4 source=request-flag allocate=0]
[ECG-STREAM-BYPASS sim=gem5 cache=system.l3cache addr=0x3ce500 vaddr=0x3bd500 size=4 source=request-flag allocate=0]
[ECG-STREAM-BYPASS sim=gem5 cache=system.l3cache addr=0x3ce540 vaddr=0x3bd540 size=4 source=request-flag allocate=0]
[ECG-STREAM-BYPASS sim=gem5 cache=system.l3cache addr=0x3ce580 vaddr=0x3bd580 size=4 source=request-flag allocate=0]
[ECG-STREAM-BYPASS sim=gem5 cache=system.l3cache addr=0x3ce5c0 vaddr=0x3bd5c0 size=4 source=request-flag allocate=0]
[ECG-STREAM-BYPASS sim=gem5 cache=system.l3cache addr=0x3ce600 vaddr=0x3bd600 size=4 source=request-flag allocate=0]
[ECG-STREAM-BYPASS sim=gem5 cache=system.l3cache addr=0x3ce640 vaddr=0x3bd640 size=4 source=request-flag allocate=0]
[ECG-STREAM-BYPASS sim=gem5 cache=system.l3cache addr=0x3ce680 vaddr=0x3bd680 size=4 source=request-flag allocate=0]
[ECG-STREAM-BYPASS sim=gem5 cache=system.l3cache addr=0x3ce6c0 vaddr=0x3bd6c0 size=4 source=request-flag allocate=0]
[ECG-STREAM-BYPASS sim=gem5 cache=system.l3cache addr=0x3ce700 vaddr=0x3bd700 size=4 source=request-flag allocate=0]
[ECG-STREAM-BYPASS sim=gem5 cache=system.l3cache addr=0x3ce740 vaddr=0x3bd740 size=4 source=request-flag allocate=0]
[ECG-STREAM-BYPASS sim=gem5 cache=system.l3cache addr=0x3ce780 vaddr=0x3bd780 size=4 source=request-flag allocate=0]
[ECG-STREAM-BYPASS sim=gem5 cache=system.l3cache addr=0x3ce7c0 vaddr=0x3bd7c0 size=4 source=request-flag allocate=0]
[ECG-STREAM-BYPASS sim=gem5 cache=system.l3cache addr=0x3ce800 vaddr=0x3bd800 size=4 source=request-flag allocate=0]
[ECG-STREAM-BYPASS sim=gem5 cache=system.l3cache addr=0x3ce840 vaddr=0x3bd840 size=4 source=request-flag allocate=0]
[ECG-STREAM-BYPASS sim=gem5 cache=system.l3cache addr=0x3ce880 vaddr=0x3bd880 size=4 source=request-flag allocate=0]
[ECG-STREAM-BYPASS sim=gem5 cache=system.l3cache addr=0x3ce8c0 vaddr=0x3bd8c0 size=4 source=request-flag allocate=0]
[ECG-STREAM-BYPASS sim=gem5 cache=system.l3cache addr=0x3ce900 vaddr=0x3bd900 size=4 source=request-flag allocate=0]
[ECG-STREAM-BYPASS sim=gem5 cache=system.l3cache addr=0x3ce940 vaddr=0x3bd940 size=4 source=request-flag allocate=0]
[ECG-STREAM-BYPASS sim=gem5 cache=system.l3cache addr=0x3ce980 vaddr=0x3bd980 size=4 source=request-flag allocate=0]
[ECG-STREAM-BYPASS sim=gem5 cache=system.l3cache addr=0x3ce9c0 vaddr=0x3bd9c0 size=4 source=request-flag allocate=0]
[ECG-STREAM-BYPASS sim=gem5 cache=system.l3cache addr=0x3cea00 vaddr=0x3bda00 size=4 source=request-flag allocate=0]
[ECG-STREAM-BYPASS sim=gem5 cache=system.l3cache addr=0x3cea40 vaddr=0x3bda40 size=4 source=request-flag allocate=0]
[ECG-STREAM-BYPASS sim=gem5 cache=system.l3cache addr=0x3cea80 vaddr=0x3bda80 size=4 source=request-flag allocate=0]
[ECG-STREAM-BYPASS sim=gem5 cache=system.l3cache addr=0x3ceac0 vaddr=0x3bdac0 size=4 source=request-flag allocate=0]
[ECG-STREAM-BYPASS sim=gem5 cache=system.l3cache addr=0x3ceb00 vaddr=0x3bdb00 size=4 source=request-flag allocate=0]
[ECG-STREAM-BYPASS sim=gem5 cache=system.l3cache addr=0x3ceb40 vaddr=0x3bdb40 size=4 source=request-flag allocate=0]
[ECG-STREAM-BYPASS sim=gem5 cache=system.l3cache addr=0x3ceb80 vaddr=0x3bdb80 size=4 source=request-flag allocate=0]
[ECG-STREAM-BYPASS sim=gem5 cache=system.l3cache addr=0x3cebc0 vaddr=0x3bdbc0 size=4 source=request-flag allocate=0]
[ECG-STREAM-BYPASS sim=gem5 cache=system.l3cache addr=0x3cec00 vaddr=0x3bdc00 size=4 source=request-flag allocate=0]
[ECG-STREAM-BYPASS sim=gem5 cache=system.l3cache addr=0x3cec40 vaddr=0x3bdc40 size=4 source=request-flag allocate=0]
[ECG-STREAM-BYPASS sim=gem5 cache=system.l3cache addr=0x3cec80 vaddr=0x3bdc80 size=4 source=request-flag allocate=0]
[ECG-STREAM-BYPASS sim=gem5 cache=system.l3cache addr=0x3cecc0 vaddr=0x3bdcc0 size=4 source=request-flag allocate=0]
[ECG-STREAM-BYPASS sim=gem5 cache=system.l3cache addr=0x3ced00 vaddr=0x3bdd00 size=4 source=request-flag allocate=0]
[ECG-STREAM-BYPASS sim=gem5 cache=system.l3cache addr=0x3ced40 vaddr=0x3bdd40 size=4 source=request-flag allocate=0]
[ECG-STREAM-BYPASS sim=gem5 cache=system.l3cache addr=0x3ced80 vaddr=0x3bdd80 size=4 source=request-flag allocate=0]
[ECG-STREAM-BYPASS sim=gem5 cache=system.l3cache addr=0x3cedc0 vaddr=0x3bddc0 size=4 source=request-flag allocate=0]
[ECG-STREAM-BYPASS sim=gem5 cache=system.l3cache addr=0x3cee00 vaddr=0x3bde00 size=4 source=request-flag allocate=0]
[ECG-STREAM-BYPASS sim=gem5 cache=system.l3cache addr=0x3cee40 vaddr=0x3bde40 size=4 source=request-flag allocate=0]
[ECG-STREAM-BYPASS sim=gem5 cache=system.l3cache addr=0x3cee80 vaddr=0x3bde80 size=4 source=request-flag allocate=0]
[ECG-STREAM-BYPASS sim=gem5 cache=system.l3cache addr=0x3ceec0 vaddr=0x3bdec0 size=4 source=request-flag allocate=0]
[ECG-STREAM-BYPASS sim=gem5 cache=system.l3cache addr=0x3cef00 vaddr=0x3bdf00 size=4 source=request-flag allocate=0]
[ECG-STREAM-BYPASS sim=gem5 cache=system.l3cache addr=0x3cef40 vaddr=0x3bdf40 size=4 source=request-flag allocate=0]
[ECG-STREAM-BYPASS sim=gem5 cache=system.l3cache addr=0x3cef80 vaddr=0x3bdf80 size=4 source=request-flag allocate=0]
[ECG-STREAM-BYPASS sim=gem5 cache=system.l3cache addr=0x3cefc0 vaddr=0x3bdfc0 size=4 source=request-flag allocate=0]
[ECG-STREAM-BYPASS sim=gem5 cache=system.l3cache addr=0x3cf000 vaddr=0x3be000 size=4 source=request-flag allocate=0]
[ECG-STREAM-BYPASS sim=gem5 cache=system.l3cache addr=0x3cf040 vaddr=0x3be040 size=4 source=request-flag allocate=0]
[ECG-STREAM-BYPASS sim=gem5 cache=system.l3cache addr=0x3cf080 vaddr=0x3be080 size=4 source=request-flag allocate=0]
[ECG-STREAM-BYPASS sim=gem5 cache=system.l3cache addr=0x3cf0c0 vaddr=0x3be0c0 size=4 source=request-flag allocate=0]
[ECG-STREAM-BYPASS sim=gem5 cache=system.l3cache addr=0x3cf100 vaddr=0x3be100 size=4 source=request-flag allocate=0]
[ECG-STREAM-BYPASS sim=gem5 cache=system.l3cache addr=0x3cf140 vaddr=0x3be140 size=4 source=request-flag allocate=0]
[ECG-STREAM-BYPASS sim=gem5 cache=system.l3cache addr=0x3cf180 vaddr=0x3be180 size=4 source=request-flag allocate=0]
[ECG-STREAM-BYPASS sim=gem5 cache=system.l3cache addr=0x3cf1c0 vaddr=0x3be1c0 size=4 source=request-flag allocate=0]
[ECG-STREAM-BYPASS sim=gem5 cache=system.l3cache addr=0x3cf200 vaddr=0x3be200 size=4 source=request-flag allocate=0]
[ECG-STREAM-BYPASS sim=gem5 cache=system.l3cache addr=0x3cf240 vaddr=0x3be240 size=4 source=request-flag allocate=0]
[ECG-STREAM-BYPASS sim=gem5 cache=system.l3cache addr=0x3cf280 vaddr=0x3be280 size=4 source=request-flag allocate=0]
[ECG-STREAM-BYPASS sim=gem5 cache=system.l3cache addr=0x3cf2c0 vaddr=0x3be2c0 size=4 source=request-flag allocate=0]
[ECG-STREAM-BYPASS sim=gem5 cache=system.l3cache addr=0x3cf300 vaddr=0x3be30c size=4 source=request-flag allocate=0]
[ECG-STREAM-BYPASS sim=gem5 cache=system.l3cache addr=0x3cf340 vaddr=0x3be340 size=4 source=request-flag allocate=0]
[ECG-STREAM-BYPASS sim=gem5 cache=system.l3cache addr=0x3cf380 vaddr=0x3be380 size=4 source=request-flag allocate=0]
[ECG-STREAM-BYPASS sim=gem5 cache=system.l3cache addr=0x3cf3c0 vaddr=0x3be3c0 size=4 source=request-flag allocate=0]
[ECG-STREAM-BYPASS sim=gem5 cache=system.l3cache addr=0x3cf400 vaddr=0x3be400 size=4 source=request-flag allocate=0]
[ECG-STREAM-BYPASS sim=gem5 cache=system.l3cache addr=0x3cf440 vaddr=0x3be440 size=4 source=request-flag allocate=0]
[ECG-STREAM-BYPASS sim=gem5 cache=system.l3cache addr=0x3cf480 vaddr=0x3be480 size=4 source=request-flag allocate=0]
[ECG-STREAM-BYPASS sim=gem5 cache=system.l3cache addr=0x3cf4c0 vaddr=0x3be4c0 size=4 source=request-flag allocate=0]
[ECG-STREAM-BYPASS sim=gem5 cache=system.l3cache addr=0x3cf500 vaddr=0x3be500 size=4 source=request-flag allocate=0]
[ECG-STREAM-BYPASS sim=gem5 cache=system.l3cache addr=0x3cf540 vaddr=0x3be540 size=4 source=request-flag allocate=0]
[ECG-STREAM-BYPASS sim=gem5 cache=system.l3cache addr=0x3cf580 vaddr=0x3be580 size=4 source=request-flag allocate=0]
[ECG-STREAM-BYPASS sim=gem5 cache=system.l3cache addr=0x3cf5c0 vaddr=0x3be5c0 size=4 source=request-flag allocate=0]
[ECG-STREAM-BYPASS sim=gem5 cache=system.l3cache addr=0x3cf600 vaddr=0x3be600 size=4 source=request-flag allocate=0]
[ECG-STREAM-BYPASS sim=gem5 cache=system.l3cache addr=0x3cf640 vaddr=0x3be640 size=4 source=request-flag allocate=0]
[ECG-STREAM-BYPASS sim=gem5 cache=system.l3cache addr=0x3cf680 vaddr=0x3be680 size=4 source=request-flag allocate=0]
[ECG-STREAM-BYPASS sim=gem5 cache=system.l3cache addr=0x3cf6c0 vaddr=0x3be6c0 size=4 source=request-flag allocate=0]
[ECG-STREAM-BYPASS sim=gem5 cache=system.l3cache addr=0x3cf700 vaddr=0x3be700 size=4 source=request-flag allocate=0]
[ECG-STREAM-BYPASS sim=gem5 cache=system.l3cache addr=0x3cf740 vaddr=0x3be740 size=4 source=request-flag allocate=0]
[ECG-STREAM-BYPASS sim=gem5 cache=system.l3cache addr=0x3cf780 vaddr=0x3be780 size=4 source=request-flag allocate=0]
[ECG-STREAM-BYPASS sim=gem5 cache=system.l3cache addr=0x3cf7c0 vaddr=0x3be7c0 size=4 source=request-flag allocate=0]
[ECG-STREAM-BYPASS sim=gem5 cache=system.l3cache addr=0x3cf800 vaddr=0x3be800 size=4 source=request-flag allocate=0]
[ECG-STREAM-BYPASS sim=gem5 cache=system.l3cache addr=0x3cf840 vaddr=0x3be840 size=4 source=request-flag allocate=0]
[ECG-STREAM-BYPASS sim=gem5 cache=system.l3cache addr=0x3cf880 vaddr=0x3be880 size=4 source=request-flag allocate=0]
[ECG-STREAM-BYPASS sim=gem5 cache=system.l3cache addr=0x3cf8c0 vaddr=0x3be8c0 size=4 source=request-flag allocate=0]
[ECG-STREAM-BYPASS sim=gem5 cache=system.l3cache addr=0x3cf900 vaddr=0x3be900 size=4 source=request-flag allocate=0]
[ECG-STREAM-BYPASS sim=gem5 cache=system.l3cache addr=0x3cf940 vaddr=0x3be940 size=4 source=request-flag allocate=0]
[ECG-STREAM-BYPASS sim=gem5 cache=system.l3cache addr=0x3cf980 vaddr=0x3be980 size=4 source=request-flag allocate=0]
[ECG-STREAM-BYPASS sim=gem5 cache=system.l3cache addr=0x3cf9c0 vaddr=0x3be9c0 size=4 source=request-flag allocate=0]
[ECG-STREAM-BYPASS sim=gem5 cache=system.l3cache addr=0x3cfa00 vaddr=0x3bea00 size=4 source=request-flag allocate=0]
[ECG-STREAM-BYPASS sim=gem5 cache=system.l3cache addr=0x3cfa40 vaddr=0x3bea40 size=4 source=request-flag allocate=0]
[ECG-STREAM-BYPASS sim=gem5 cache=system.l3cache addr=0x3cfa80 vaddr=0x3bea80 size=4 source=request-flag allocate=0]
[ECG-STREAM-BYPASS sim=gem5 cache=system.l3cache addr=0x3cfac0 vaddr=0x3beac0 size=4 source=request-flag allocate=0]
[ECG-STREAM-BYPASS sim=gem5 cache=system.l3cache addr=0x3cfb00 vaddr=0x3beb00 size=4 source=request-flag allocate=0]
[ECG-STREAM-BYPASS sim=gem5 cache=system.l3cache addr=0x3cfb40 vaddr=0x3beb40 size=4 source=request-flag allocate=0]
[ECG-STREAM-BYPASS sim=gem5 cache=system.l3cache addr=0x3cfb80 vaddr=0x3beb80 size=4 source=request-flag allocate=0]
[ECG-STREAM-BYPASS sim=gem5 cache=system.l3cache addr=0x3cfbc0 vaddr=0x3bebc0 size=4 source=request-flag allocate=0]
[ECG-STREAM-BYPASS sim=gem5 cache=system.l3cache addr=0x3cfc00 vaddr=0x3bec00 size=4 source=request-flag allocate=0]
[ECG-STREAM-BYPASS sim=gem5 cache=system.l3cache addr=0x3cfc40 vaddr=0x3bec40 size=4 source=request-flag allocate=0]
[ECG-STREAM-BYPASS sim=gem5 cache=system.l3cache addr=0x3cfc80 vaddr=0x3bec80 size=4 source=request-flag allocate=0]
[ECG-STREAM-BYPASS sim=gem5 cache=system.l3cache addr=0x3cfcc0 vaddr=0x3becc0 size=4 source=request-flag allocate=0]
[ECG-STREAM-BYPASS sim=gem5 cache=system.l3cache addr=0x3cfd00 vaddr=0x3bed00 size=4 source=request-flag allocate=0]
[ECG-STREAM-BYPASS sim=gem5 cache=system.l3cache addr=0x3cfd40 vaddr=0x3bed40 size=4 source=request-flag allocate=0]
[ECG-STREAM-BYPASS sim=gem5 cache=system.l3cache addr=0x3cfd80 vaddr=0x3bed80 size=4 source=request-flag allocate=0]
[ECG-STREAM-BYPASS sim=gem5 cache=system.l3cache addr=0x3cfdc0 vaddr=0x3bedc0 size=4 source=request-flag allocate=0]
[ECG-STREAM-BYPASS sim=gem5 cache=system.l3cache addr=0x3cfe00 vaddr=0x3bee00 size=4 source=request-flag allocate=0]
[ECG-STREAM-BYPASS sim=gem5 cache=system.l3cache addr=0x3cfe40 vaddr=0x3bee40 size=4 source=request-flag allocate=0]
[ECG-STREAM-BYPASS sim=gem5 cache=system.l3cache addr=0x3cfe80 vaddr=0x3bee80 size=4 source=request-flag allocate=0]
[ECG-STREAM-BYPASS sim=gem5 cache=system.l3cache addr=0x3cfec0 vaddr=0x3beec0 size=4 source=request-flag allocate=0]
[ECG-STREAM-BYPASS sim=gem5 cache=system.l3cache addr=0x3cff00 vaddr=0x3bef00 size=4 source=request-flag allocate=0]
[ECG-STREAM-BYPASS sim=gem5 cache=system.l3cache addr=0x3cff40 vaddr=0x3bef40 size=4 source=request-flag allocate=0]
[ECG-STREAM-BYPASS sim=gem5 cache=system.l3cache addr=0x3cff80 vaddr=0x3bef80 size=4 source=request-flag allocate=0]
[ECG-STREAM-BYPASS sim=gem5 cache=system.l3cache addr=0x3cffc0 vaddr=0x3befc0 size=4 source=request-flag allocate=0]
[ECG-STREAM-BYPASS sim=gem5 cache=system.l3cache addr=0x3d0000 vaddr=0x3bf000 size=4 source=request-flag allocate=0]
[ECG-STREAM-BYPASS sim=gem5 cache=system.l3cache addr=0x3d0040 vaddr=0x3bf040 size=4 source=request-flag allocate=0]
[ECG-STREAM-BYPASS sim=gem5 cache=system.l3cache addr=0x3d0080 vaddr=0x3bf080 size=4 source=request-flag allocate=0]
[ECG-STREAM-BYPASS sim=gem5 cache=system.l3cache addr=0x3d00c0 vaddr=0x3bf0c0 size=4 source=request-flag allocate=0]
[ECG-STREAM-BYPASS sim=gem5 cache=system.l3cache addr=0x3d0100 vaddr=0x3bf100 size=4 source=request-flag allocate=0]
[ECG-STREAM-BYPASS sim=gem5 cache=system.l3cache addr=0x3d0140 vaddr=0x3bf140 size=4 source=request-flag allocate=0]
[ECG-STREAM-BYPASS sim=gem5 cache=system.l3cache addr=0x3d0180 vaddr=0x3bf180 size=4 source=request-flag allocate=0]
[ECG-STREAM-BYPASS sim=gem5 cache=system.l3cache addr=0x3d01c0 vaddr=0x3bf1c0 size=4 source=request-flag allocate=0]
[ECG-STREAM-BYPASS sim=gem5 cache=system.l3cache addr=0x3d0200 vaddr=0x3bf200 size=4 source=request-flag allocate=0]
[ECG-STREAM-BYPASS sim=gem5 cache=system.l3cache addr=0x3d0240 vaddr=0x3bf240 size=4 source=request-flag allocate=0]
[ECG-STREAM-BYPASS sim=gem5 cache=system.l3cache addr=0x3d0280 vaddr=0x3bf280 size=4 source=request-flag allocate=0]
[ECG-STREAM-BYPASS sim=gem5 cache=system.l3cache addr=0x3d02c0 vaddr=0x3bf2c0 size=4 source=request-flag allocate=0]
[ECG-STREAM-BYPASS sim=gem5 cache=system.l3cache addr=0x3d0300 vaddr=0x3bf300 size=4 source=request-flag allocate=0]
[ECG-STREAM-BYPASS sim=gem5 cache=system.l3cache addr=0x3d0340 vaddr=0x3bf340 size=4 source=request-flag allocate=0]
[ECG-STREAM-BYPASS sim=gem5 cache=system.l3cache addr=0x3d0380 vaddr=0x3bf380 size=4 source=request-flag allocate=0]
[ECG-STREAM-BYPASS sim=gem5 cache=system.l3cache addr=0x3d03c0 vaddr=0x3bf3c0 size=4 source=request-flag allocate=0]
[ECG-STREAM-BYPASS sim=gem5 cache=system.l3cache addr=0x3d0400 vaddr=0x3bf400 size=4 source=request-flag allocate=0]
[ECG-STREAM-BYPASS sim=gem5 cache=system.l3cache addr=0x3d0440 vaddr=0x3bf440 size=4 source=request-flag allocate=0]
[ECG-STREAM-BYPASS sim=gem5 cache=system.l3cache addr=0x3d0480 vaddr=0x3bf480 size=4 source=request-flag allocate=0]
[ECG-STREAM-BYPASS sim=gem5 cache=system.l3cache addr=0x3d04c0 vaddr=0x3bf4c0 size=4 source=request-flag allocate=0]
[ECG-STREAM-BYPASS sim=gem5 cache=system.l3cache addr=0x3d0500 vaddr=0x3bf500 size=4 source=request-flag allocate=0]
[ECG-STREAM-BYPASS sim=gem5 cache=system.l3cache addr=0x3d0540 vaddr=0x3bf540 size=4 source=request-flag allocate=0]
[ECG-STREAM-BYPASS sim=gem5 cache=system.l3cache addr=0x3d0580 vaddr=0x3bf590 size=4 source=request-flag allocate=0]
[ECG-STREAM-BYPASS sim=gem5 cache=system.l3cache addr=0x3d05c0 vaddr=0x3bf5c0 size=4 source=request-flag allocate=0]
[ECG-STREAM-BYPASS sim=gem5 cache=system.l3cache addr=0x3d0600 vaddr=0x3bf600 size=4 source=request-flag allocate=0]
[ECG-STREAM-BYPASS sim=gem5 cache=system.l3cache addr=0x3d0640 vaddr=0x3bf640 size=4 source=request-flag allocate=0]
[ECG-STREAM-BYPASS sim=gem5 cache=system.l3cache addr=0x3d0680 vaddr=0x3bf680 size=4 source=request-flag allocate=0]
[ECG-STREAM-BYPASS sim=gem5 cache=system.l3cache addr=0x3d06c0 vaddr=0x3bf6c0 size=4 source=request-flag allocate=0]
[ECG-STREAM-BYPASS sim=gem5 cache=system.l3cache addr=0x3d0700 vaddr=0x3bf700 size=4 source=request-flag allocate=0]
[ECG-STREAM-BYPASS sim=gem5 cache=system.l3cache addr=0x3d0740 vaddr=0x3bf740 size=4 source=request-flag allocate=0]
[ECG-STREAM-BYPASS sim=gem5 cache=system.l3cache addr=0x3d0780 vaddr=0x3bf780 size=4 source=request-flag allocate=0]
[ECG-STREAM-BYPASS sim=gem5 cache=system.l3cache addr=0x3d07c0 vaddr=0x3bf7c0 size=4 source=request-flag allocate=0]
[ECG-STREAM-BYPASS sim=gem5 cache=system.l3cache addr=0x3d0800 vaddr=0x3bf800 size=4 source=request-flag allocate=0]
[ECG-STREAM-BYPASS sim=gem5 cache=system.l3cache addr=0x3d0840 vaddr=0x3bf840 size=4 source=request-flag allocate=0]
[ECG-STREAM-BYPASS sim=gem5 cache=system.l3cache addr=0x3d0880 vaddr=0x3bf880 size=4 source=request-flag allocate=0]
[ECG-STREAM-BYPASS sim=gem5 cache=system.l3cache addr=0x3d08c0 vaddr=0x3bf8c0 size=4 source=request-flag allocate=0]
[ECG-STREAM-BYPASS sim=gem5 cache=system.l3cache addr=0x3d0900 vaddr=0x3bf900 size=4 source=request-flag allocate=0]
[ECG-STREAM-BYPASS sim=gem5 cache=system.l3cache addr=0x3d0940 vaddr=0x3bf940 size=4 source=request-flag allocate=0]
[ECG-STREAM-BYPASS sim=gem5 cache=system.l3cache addr=0x3d0980 vaddr=0x3bf980 size=4 source=request-flag allocate=0]
[ECG-STREAM-BYPASS sim=gem5 cache=system.l3cache addr=0x3d09c0 vaddr=0x3bf9c0 size=4 source=request-flag allocate=0]
[ECG-STREAM-BYPASS sim=gem5 cache=system.l3cache addr=0x3d0a00 vaddr=0x3bfa00 size=4 source=request-flag allocate=0]
[ECG-STREAM-BYPASS sim=gem5 cache=system.l3cache addr=0x3d0a40 vaddr=0x3bfa40 size=4 source=request-flag allocate=0]
[ECG-STREAM-BYPASS sim=gem5 cache=system.l3cache addr=0x3d0a80 vaddr=0x3bfa80 size=4 source=request-flag allocate=0]
[ECG-STREAM-BYPASS sim=gem5 cache=system.l3cache addr=0x3d0ac0 vaddr=0x3bfac0 size=4 source=request-flag allocate=0]
[ECG-STREAM-BYPASS sim=gem5 cache=system.l3cache addr=0x3d0b00 vaddr=0x3bfb00 size=4 source=request-flag allocate=0]
[ECG-STREAM-BYPASS sim=gem5 cache=system.l3cache addr=0x3d0b40 vaddr=0x3bfb40 size=4 source=request-flag allocate=0]
[ECG-STREAM-BYPASS sim=gem5 cache=system.l3cache addr=0x3d0b80 vaddr=0x3bfb80 size=4 source=request-flag allocate=0]
[ECG-STREAM-BYPASS sim=gem5 cache=system.l3cache addr=0x3d0bc0 vaddr=0x3bfbc0 size=4 source=request-flag allocate=0]
[ECG-STREAM-BYPASS sim=gem5 cache=system.l3cache addr=0x3d0c00 vaddr=0x3bfc00 size=4 source=request-flag allocate=0]
[ECG-STREAM-BYPASS sim=gem5 cache=system.l3cache addr=0x3d0c40 vaddr=0x3bfc40 size=4 source=request-flag allocate=0]
[ECG-STREAM-BYPASS sim=gem5 cache=system.l3cache addr=0x3d0c80 vaddr=0x3bfc80 size=4 source=request-flag allocate=0]
[ECG-STREAM-BYPASS sim=gem5 cache=system.l3cache addr=0x3d0cc0 vaddr=0x3bfcc0 size=4 source=request-flag allocate=0]
[ECG-STREAM-BYPASS sim=gem5 cache=system.l3cache addr=0x3d0d00 vaddr=0x3bfd00 size=4 source=request-flag allocate=0]
[ECG-STREAM-BYPASS sim=gem5 cache=system.l3cache addr=0x3d0d40 vaddr=0x3bfd40 size=4 source=request-flag allocate=0]
[ECG-STREAM-BYPASS sim=gem5 cache=system.l3cache addr=0x3d0d80 vaddr=0x3bfd80 size=4 source=request-flag allocate=0]
[ECG-STREAM-BYPASS sim=gem5 cache=system.l3cache addr=0x3d0dc0 vaddr=0x3bfdc0 size=4 source=request-flag allocate=0]
[ECG-STREAM-BYPASS sim=gem5 cache=system.l3cache addr=0x3d0e00 vaddr=0x3bfe00 size=4 source=request-flag allocate=0]
[ECG-STREAM-BYPASS sim=gem5 cache=system.l3cache addr=0x3d0e40 vaddr=0x3bfe40 size=4 source=request-flag allocate=0]
[ECG-STREAM-BYPASS sim=gem5 cache=system.l3cache addr=0x3d0e80 vaddr=0x3bfe80 size=4 source=request-flag allocate=0]
[ECG-STREAM-BYPASS sim=gem5 cache=system.l3cache addr=0x3d0ec0 vaddr=0x3bfec0 size=4 source=request-flag allocate=0]
[ECG-STREAM-BYPASS sim=gem5 cache=system.l3cache addr=0x3d0f00 vaddr=0x3bff00 size=4 source=request-flag allocate=0]
[ECG-STREAM-BYPASS sim=gem5 cache=system.l3cache addr=0x3d0f40 vaddr=0x3bff40 size=4 source=request-flag allocate=0]
[ECG-STREAM-BYPASS sim=gem5 cache=system.l3cache addr=0x3d0f80 vaddr=0x3bff80 size=4 source=request-flag allocate=0]
[ECG-STREAM-BYPASS sim=gem5 cache=system.l3cache addr=0x3d0fc0 vaddr=0x3bffc0 size=4 source=request-flag allocate=0]
[ECG-STREAM-BYPASS sim=gem5 cache=system.l3cache addr=0x3d1000 vaddr=0x3c0000 size=4 source=request-flag allocate=0]
[ECG-STREAM-BYPASS sim=gem5 cache=system.l3cache addr=0x3d1040 vaddr=0x3c0040 size=4 source=request-flag allocate=0]
[ECG-STREAM-BYPASS sim=gem5 cache=system.l3cache addr=0x3d1080 vaddr=0x3c0080 size=4 source=request-flag allocate=0]
[ECG-STREAM-BYPASS sim=gem5 cache=system.l3cache addr=0x3d10c0 vaddr=0x3c00c0 size=4 source=request-flag allocate=0]
[ECG-STREAM-BYPASS sim=gem5 cache=system.l3cache addr=0x3d1100 vaddr=0x3c0100 size=4 source=request-flag allocate=0]
[ECG-STREAM-BYPASS sim=gem5 cache=system.l3cache addr=0x3d1140 vaddr=0x3c0140 size=4 source=request-flag allocate=0]
[ECG-STREAM-BYPASS sim=gem5 cache=system.l3cache addr=0x3d1180 vaddr=0x3c0180 size=4 source=request-flag allocate=0]
[ECG-STREAM-BYPASS sim=gem5 cache=system.l3cache addr=0x3d11c0 vaddr=0x3c01c0 size=4 source=request-flag allocate=0]
[ECG-STREAM-BYPASS sim=gem5 cache=system.l3cache addr=0x3d1200 vaddr=0x3c0200 size=4 source=request-flag allocate=0]
[ECG-STREAM-BYPASS sim=gem5 cache=system.l3cache addr=0x3d1240 vaddr=0x3c0240 size=4 source=request-flag allocate=0]
[ECG-STREAM-BYPASS sim=gem5 cache=system.l3cache addr=0x3d1280 vaddr=0x3c0280 size=4 source=request-flag allocate=0]
[ECG-STREAM-BYPASS sim=gem5 cache=system.l3cache addr=0x3d12c0 vaddr=0x3c02c0 size=4 source=request-flag allocate=0]
[ECG-STREAM-BYPASS sim=gem5 cache=system.l3cache addr=0x3d1300 vaddr=0x3c0300 size=4 source=request-flag allocate=0]
[ECG-STREAM-BYPASS sim=gem5 cache=system.l3cache addr=0x3d1340 vaddr=0x3c0340 size=4 source=request-flag allocate=0]
[ECG-STREAM-BYPASS sim=gem5 cache=system.l3cache addr=0x3d1380 vaddr=0x3c0380 size=4 source=request-flag allocate=0]
[ECG-STREAM-BYPASS sim=gem5 cache=system.l3cache addr=0x3d13c0 vaddr=0x3c03c0 size=4 source=request-flag allocate=0]
[ECG-STREAM-BYPASS sim=gem5 cache=system.l3cache addr=0x3d1400 vaddr=0x3c0400 size=4 source=request-flag allocate=0]
[ECG-STREAM-BYPASS sim=gem5 cache=system.l3cache addr=0x3d1440 vaddr=0x3c0448 size=4 source=request-flag allocate=0]
[ECG-STREAM-BYPASS sim=gem5 cache=system.l3cache addr=0x3d1480 vaddr=0x3c0480 size=4 source=request-flag allocate=0]
[ECG-STREAM-BYPASS sim=gem5 cache=system.l3cache addr=0x3d14c0 vaddr=0x3c04c0 size=4 source=request-flag allocate=0]
[ECG-STREAM-BYPASS sim=gem5 cache=system.l3cache addr=0x3d1500 vaddr=0x3c0500 size=4 source=request-flag allocate=0]
[ECG-STREAM-BYPASS sim=gem5 cache=system.l3cache addr=0x3d1540 vaddr=0x3c0540 size=4 source=request-flag allocate=0]
[ECG-STREAM-BYPASS sim=gem5 cache=system.l3cache addr=0x3d1580 vaddr=0x3c0580 size=4 source=request-flag allocate=0]
[ECG-STREAM-BYPASS sim=gem5 cache=system.l3cache addr=0x3d15c0 vaddr=0x3c05c0 size=4 source=request-flag allocate=0]
[ECG-STREAM-BYPASS sim=gem5 cache=system.l3cache addr=0x3d1600 vaddr=0x3c060c size=4 source=request-flag allocate=0]
[ECG-STREAM-BYPASS sim=gem5 cache=system.l3cache addr=0x3d1640 vaddr=0x3c0640 size=4 source=request-flag allocate=0]
[ECG-STREAM-BYPASS sim=gem5 cache=system.l3cache addr=0x3d1680 vaddr=0x3c0680 size=4 source=request-flag allocate=0]
[ECG-STREAM-BYPASS sim=gem5 cache=system.l3cache addr=0x3d16c0 vaddr=0x3c06c0 size=4 source=request-flag allocate=0]
[ECG-STREAM-BYPASS sim=gem5 cache=system.l3cache addr=0x3d1700 vaddr=0x3c0700 size=4 source=request-flag allocate=0]
[ECG-STREAM-BYPASS sim=gem5 cache=system.l3cache addr=0x3d1740 vaddr=0x3c0740 size=4 source=request-flag allocate=0]
[ECG-STREAM-BYPASS sim=gem5 cache=system.l3cache addr=0x3d1780 vaddr=0x3c0780 size=4 source=request-flag allocate=0]
[ECG-STREAM-BYPASS sim=gem5 cache=system.l3cache addr=0x3d17c0 vaddr=0x3c07c0 size=4 source=request-flag allocate=0]
[ECG-STREAM-BYPASS sim=gem5 cache=system.l3cache addr=0x3d1800 vaddr=0x3c0800 size=4 source=request-flag allocate=0]
[ECG-STREAM-BYPASS sim=gem5 cache=system.l3cache addr=0x3d1840 vaddr=0x3c0840 size=4 source=request-flag allocate=0]
[ECG-STREAM-BYPASS sim=gem5 cache=system.l3cache addr=0x3d1880 vaddr=0x3c0880 size=4 source=request-flag allocate=0]
[ECG-STREAM-BYPASS sim=gem5 cache=system.l3cache addr=0x3d18c0 vaddr=0x3c08c0 size=4 source=request-flag allocate=0]
[ECG-STREAM-BYPASS sim=gem5 cache=system.l3cache addr=0x3d1900 vaddr=0x3c0900 size=4 source=request-flag allocate=0]
[ECG-STREAM-BYPASS sim=gem5 cache=system.l3cache addr=0x3d1940 vaddr=0x3c0940 size=4 source=request-flag allocate=0]
[ECG-STREAM-BYPASS sim=gem5 cache=system.l3cache addr=0x3d1980 vaddr=0x3c0980 size=4 source=request-flag allocate=0]
[ECG-STREAM-BYPASS sim=gem5 cache=system.l3cache addr=0x3d19c0 vaddr=0x3c09c0 size=4 source=request-flag allocate=0]
[ECG-STREAM-BYPASS sim=gem5 cache=system.l3cache addr=0x3d1a00 vaddr=0x3c0a00 size=4 source=request-flag allocate=0]
[ECG-STREAM-BYPASS sim=gem5 cache=system.l3cache addr=0x3d1a40 vaddr=0x3c0a40 size=4 source=request-flag allocate=0]
[ECG-STREAM-BYPASS sim=gem5 cache=system.l3cache addr=0x3d1a80 vaddr=0x3c0a80 size=4 source=request-flag allocate=0]
[ECG-STREAM-BYPASS sim=gem5 cache=system.l3cache addr=0x3d1ac0 vaddr=0x3c0ac4 size=4 source=request-flag allocate=0]
[ECG-STREAM-BYPASS sim=gem5 cache=system.l3cache addr=0x3d1b00 vaddr=0x3c0b00 size=4 source=request-flag allocate=0]
[ECG-STREAM-BYPASS sim=gem5 cache=system.l3cache addr=0x3d1b40 vaddr=0x3c0b40 size=4 source=request-flag allocate=0]
[ECG-STREAM-BYPASS sim=gem5 cache=system.l3cache addr=0x3d1b80 vaddr=0x3c0b80 size=4 source=request-flag allocate=0]
[ECG-STREAM-BYPASS sim=gem5 cache=system.l3cache addr=0x3d1bc0 vaddr=0x3c0bc0 size=4 source=request-flag allocate=0]
[ECG-STREAM-BYPASS sim=gem5 cache=system.l3cache addr=0x3d1c00 vaddr=0x3c0c00 size=4 source=request-flag allocate=0]
[ECG-STREAM-BYPASS sim=gem5 cache=system.l3cache addr=0x3d1c40 vaddr=0x3c0c40 size=4 source=request-flag allocate=0]
[ECG-STREAM-BYPASS sim=gem5 cache=system.l3cache addr=0x3d1c80 vaddr=0x3c0c80 size=4 source=request-flag allocate=0]
[ECG-STREAM-BYPASS sim=gem5 cache=system.l3cache addr=0x3d1cc0 vaddr=0x3c0cc0 size=4 source=request-flag allocate=0]
[ECG-STREAM-BYPASS sim=gem5 cache=system.l3cache addr=0x3d1d00 vaddr=0x3c0d00 size=4 source=request-flag allocate=0]
[ECG-STREAM-BYPASS sim=gem5 cache=system.l3cache addr=0x3d1d40 vaddr=0x3c0d40 size=4 source=request-flag allocate=0]
[ECG-STREAM-BYPASS sim=gem5 cache=system.l3cache addr=0x3d1d80 vaddr=0x3c0d80 size=4 source=request-flag allocate=0]
[ECG-STREAM-BYPASS sim=gem5 cache=system.l3cache addr=0x3d1dc0 vaddr=0x3c0dc0 size=4 source=request-flag allocate=0]
[ECG-STREAM-BYPASS sim=gem5 cache=system.l3cache addr=0x3d1e00 vaddr=0x3c0e10 size=4 source=request-flag allocate=0]
[ECG-STREAM-BYPASS sim=gem5 cache=system.l3cache addr=0x3d1e40 vaddr=0x3c0e40 size=4 source=request-flag allocate=0]
[ECG-STREAM-BYPASS sim=gem5 cache=system.l3cache addr=0x3d1e80 vaddr=0x3c0e80 size=4 source=request-flag allocate=0]
[ECG-STREAM-BYPASS sim=gem5 cache=system.l3cache addr=0x3d1ec0 vaddr=0x3c0ec0 size=4 source=request-flag allocate=0]
[ECG-STREAM-BYPASS sim=gem5 cache=system.l3cache addr=0x3d1f00 vaddr=0x3c0f00 size=4 source=request-flag allocate=0]
[ECG-STREAM-BYPASS sim=gem5 cache=system.l3cache addr=0x3d1f40 vaddr=0x3c0f40 size=4 source=request-flag allocate=0]
[ECG-STREAM-BYPASS sim=gem5 cache=system.l3cache addr=0x3d1f80 vaddr=0x3c0f80 size=4 source=request-flag allocate=0]
[ECG-STREAM-BYPASS sim=gem5 cache=system.l3cache addr=0x3d1fc0 vaddr=0x3c0fc0 size=4 source=request-flag allocate=0]
[ECG-STREAM-BYPASS sim=gem5 cache=system.l3cache addr=0x3d2000 vaddr=0x3c1000 size=4 source=request-flag allocate=0]
[ECG-STREAM-BYPASS sim=gem5 cache=system.l3cache addr=0x3d2040 vaddr=0x3c1040 size=4 source=request-flag allocate=0]
[ECG-STREAM-BYPASS sim=gem5 cache=system.l3cache addr=0x3d2080 vaddr=0x3c1080 size=4 source=request-flag allocate=0]
[ECG-STREAM-BYPASS sim=gem5 cache=system.l3cache addr=0x3d20c0 vaddr=0x3c10c0 size=4 source=request-flag allocate=0]
[ECG-STREAM-BYPASS sim=gem5 cache=system.l3cache addr=0x3d2100 vaddr=0x3c1100 size=4 source=request-flag allocate=0]
[ECG-STREAM-BYPASS sim=gem5 cache=system.l3cache addr=0x3d2140 vaddr=0x3c1140 size=4 source=request-flag allocate=0]
[ECG-STREAM-BYPASS sim=gem5 cache=system.l3cache addr=0x3d2180 vaddr=0x3c1180 size=4 source=request-flag allocate=0]
[ECG-STREAM-BYPASS sim=gem5 cache=system.l3cache addr=0x3d21c0 vaddr=0x3c11c0 size=4 source=request-flag allocate=0]
[ECG-STREAM-BYPASS sim=gem5 cache=system.l3cache addr=0x3d2200 vaddr=0x3c1200 size=4 source=request-flag allocate=0]
[ECG-STREAM-BYPASS sim=gem5 cache=system.l3cache addr=0x3d2240 vaddr=0x3c1240 size=4 source=request-flag allocate=0]
[ECG-STREAM-BYPASS sim=gem5 cache=system.l3cache addr=0x3d2280 vaddr=0x3c1280 size=4 source=request-flag allocate=0]
[ECG-STREAM-BYPASS sim=gem5 cache=system.l3cache addr=0x3d22c0 vaddr=0x3c12c0 size=4 source=request-flag allocate=0]
[ECG-STREAM-BYPASS sim=gem5 cache=system.l3cache addr=0x3d2300 vaddr=0x3c1300 size=4 source=request-flag allocate=0]
[ECG-STREAM-BYPASS sim=gem5 cache=system.l3cache addr=0x3d2340 vaddr=0x3c1340 size=4 source=request-flag allocate=0]
[ECG-STREAM-BYPASS sim=gem5 cache=system.l3cache addr=0x3d2380 vaddr=0x3c1380 size=4 source=request-flag allocate=0]
[ECG-STREAM-BYPASS sim=gem5 cache=system.l3cache addr=0x3d23c0 vaddr=0x3c13c0 size=4 source=request-flag allocate=0]
[ECG-STREAM-BYPASS sim=gem5 cache=system.l3cache addr=0x3d2400 vaddr=0x3c1400 size=4 source=request-flag allocate=0]
[ECG-STREAM-BYPASS sim=gem5 cache=system.l3cache addr=0x3d2440 vaddr=0x3c1440 size=4 source=request-flag allocate=0]
[ECG-STREAM-BYPASS sim=gem5 cache=system.l3cache addr=0x3d2480 vaddr=0x3c1480 size=4 source=request-flag allocate=0]
[ECG-STREAM-BYPASS sim=gem5 cache=system.l3cache addr=0x3d24c0 vaddr=0x3c14c0 size=4 source=request-flag allocate=0]
[ECG-STREAM-BYPASS sim=gem5 cache=system.l3cache addr=0x3d2500 vaddr=0x3c1500 size=4 source=request-flag allocate=0]
[ECG-STREAM-BYPASS sim=gem5 cache=system.l3cache addr=0x3d2540 vaddr=0x3c1540 size=4 source=request-flag allocate=0]
[ECG-STREAM-BYPASS sim=gem5 cache=system.l3cache addr=0x3d2580 vaddr=0x3c1580 size=4 source=request-flag allocate=0]
[ECG-STREAM-BYPASS sim=gem5 cache=system.l3cache addr=0x3d25c0 vaddr=0x3c15c0 size=4 source=request-flag allocate=0]
[ECG-STREAM-BYPASS sim=gem5 cache=system.l3cache addr=0x3d2600 vaddr=0x3c1600 size=4 source=request-flag allocate=0]
[ECG-STREAM-BYPASS sim=gem5 cache=system.l3cache addr=0x3d2640 vaddr=0x3c1640 size=4 source=request-flag allocate=0]
[ECG-STREAM-BYPASS sim=gem5 cache=system.l3cache addr=0x3d2680 vaddr=0x3c1680 size=4 source=request-flag allocate=0]
[ECG-STREAM-BYPASS sim=gem5 cache=system.l3cache addr=0x3d26c0 vaddr=0x3c16c0 size=4 source=request-flag allocate=0]
[ECG-STREAM-BYPASS sim=gem5 cache=system.l3cache addr=0x3d2700 vaddr=0x3c1700 size=4 source=request-flag allocate=0]
[ECG-STREAM-BYPASS sim=gem5 cache=system.l3cache addr=0x3d2740 vaddr=0x3c1740 size=4 source=request-flag allocate=0]
[ECG-STREAM-BYPASS sim=gem5 cache=system.l3cache addr=0x3d2780 vaddr=0x3c1780 size=4 source=request-flag allocate=0]
[ECG-STREAM-BYPASS sim=gem5 cache=system.l3cache addr=0x3d27c0 vaddr=0x3c17c0 size=4 source=request-flag allocate=0]
[ECG-STREAM-BYPASS sim=gem5 cache=system.l3cache addr=0x3d2800 vaddr=0x3c1800 size=4 source=request-flag allocate=0]
[ECG-STREAM-BYPASS sim=gem5 cache=system.l3cache addr=0x3d2840 vaddr=0x3c1840 size=4 source=request-flag allocate=0]
[ECG-STREAM-BYPASS sim=gem5 cache=system.l3cache addr=0x3d2880 vaddr=0x3c1880 size=4 source=request-flag allocate=0]
[ECG-STREAM-BYPASS sim=gem5 cache=system.l3cache addr=0x3d28c0 vaddr=0x3c18c0 size=4 source=request-flag allocate=0]
[ECG-STREAM-BYPASS sim=gem5 cache=system.l3cache addr=0x3d2900 vaddr=0x3c1900 size=4 source=request-flag allocate=0]
[ECG-STREAM-BYPASS sim=gem5 cache=system.l3cache addr=0x3d2940 vaddr=0x3c1940 size=4 source=request-flag allocate=0]
[ECG-STREAM-BYPASS sim=gem5 cache=system.l3cache addr=0x3d2980 vaddr=0x3c1980 size=4 source=request-flag allocate=0]
[ECG-STREAM-BYPASS sim=gem5 cache=system.l3cache addr=0x3d29c0 vaddr=0x3c19c0 size=4 source=request-flag allocate=0]
[ECG-STREAM-BYPASS sim=gem5 cache=system.l3cache addr=0x3d2a00 vaddr=0x3c1a00 size=4 source=request-flag allocate=0]
[ECG-STREAM-BYPASS sim=gem5 cache=system.l3cache addr=0x3d2a40 vaddr=0x3c1a40 size=4 source=request-flag allocate=0]
[ECG-STREAM-BYPASS sim=gem5 cache=system.l3cache addr=0x3d2a80 vaddr=0x3c1a80 size=4 source=request-flag allocate=0]
[ECG-STREAM-BYPASS sim=gem5 cache=system.l3cache addr=0x3d2ac0 vaddr=0x3c1ac0 size=4 source=request-flag allocate=0]
[ECG-STREAM-BYPASS sim=gem5 cache=system.l3cache addr=0x3d2b00 vaddr=0x3c1b00 size=4 source=request-flag allocate=0]
[ECG-STREAM-BYPASS sim=gem5 cache=system.l3cache addr=0x3d2b40 vaddr=0x3c1b40 size=4 source=request-flag allocate=0]
[ECG-STREAM-BYPASS sim=gem5 cache=system.l3cache addr=0x3d2b80 vaddr=0x3c1b80 size=4 source=request-flag allocate=0]
[ECG-STREAM-BYPASS sim=gem5 cache=system.l3cache addr=0x3d2bc0 vaddr=0x3c1bc0 size=4 source=request-flag allocate=0]
[ECG-STREAM-BYPASS sim=gem5 cache=system.l3cache addr=0x3d2c00 vaddr=0x3c1c00 size=4 source=request-flag allocate=0]
[ECG-STREAM-BYPASS sim=gem5 cache=system.l3cache addr=0x3d2c40 vaddr=0x3c1c40 size=4 source=request-flag allocate=0]
[ECG-STREAM-BYPASS sim=gem5 cache=system.l3cache addr=0x3d2c80 vaddr=0x3c1c80 size=4 source=request-flag allocate=0]
[ECG-STREAM-BYPASS sim=gem5 cache=system.l3cache addr=0x3d2cc0 vaddr=0x3c1cc0 size=4 source=request-flag allocate=0]
[ECG-STREAM-BYPASS sim=gem5 cache=system.l3cache addr=0x3d2d00 vaddr=0x3c1d00 size=4 source=request-flag allocate=0]
[ECG-STREAM-BYPASS sim=gem5 cache=system.l3cache addr=0x3d2d40 vaddr=0x3c1d40 size=4 source=request-flag allocate=0]
[ECG-STREAM-BYPASS sim=gem5 cache=system.l3cache addr=0x3d2d80 vaddr=0x3c1d80 size=4 source=request-flag allocate=0]
[ECG-STREAM-BYPASS sim=gem5 cache=system.l3cache addr=0x3d2dc0 vaddr=0x3c1dc0 size=4 source=request-flag allocate=0]
[ECG-STREAM-BYPASS sim=gem5 cache=system.l3cache addr=0x3d2e00 vaddr=0x3c1e00 size=4 source=request-flag allocate=0]
[ECG-STREAM-BYPASS sim=gem5 cache=system.l3cache addr=0x3d2e40 vaddr=0x3c1e40 size=4 source=request-flag allocate=0]
[ECG-STREAM-BYPASS sim=gem5 cache=system.l3cache addr=0x3d2e80 vaddr=0x3c1e80 size=4 source=request-flag allocate=0]
[ECG-STREAM-BYPASS sim=gem5 cache=system.l3cache addr=0x3d2ec0 vaddr=0x3c1ec0 size=4 source=request-flag allocate=0]
[ECG-STREAM-BYPASS sim=gem5 cache=system.l3cache addr=0x3d2f00 vaddr=0x3c1f00 size=4 source=request-flag allocate=0]
[ECG-STREAM-BYPASS sim=gem5 cache=system.l3cache addr=0x3d2f40 vaddr=0x3c1f40 size=4 source=request-flag allocate=0]
[ECG-STREAM-BYPASS sim=gem5 cache=system.l3cache addr=0x3d2f80 vaddr=0x3c1f80 size=4 source=request-flag allocate=0]
[ECG-STREAM-BYPASS sim=gem5 cache=system.l3cache addr=0x3d2fc0 vaddr=0x3c1fc0 size=4 source=request-flag allocate=0]
[ECG-STREAM-BYPASS sim=gem5 cache=system.l3cache addr=0x3d3000 vaddr=0x3c2000 size=4 source=request-flag allocate=0]
[ECG-STREAM-BYPASS sim=gem5 cache=system.l3cache addr=0x3d3040 vaddr=0x3c2040 size=4 source=request-flag allocate=0]
[ECG-STREAM-BYPASS sim=gem5 cache=system.l3cache addr=0x3d3080 vaddr=0x3c2080 size=4 source=request-flag allocate=0]
[ECG-STREAM-BYPASS sim=gem5 cache=system.l3cache addr=0x3d30c0 vaddr=0x3c20c0 size=4 source=request-flag allocate=0]
[ECG-STREAM-BYPASS sim=gem5 cache=system.l3cache addr=0x3d3100 vaddr=0x3c2100 size=4 source=request-flag allocate=0]
[ECG-STREAM-BYPASS sim=gem5 cache=system.l3cache addr=0x3d3140 vaddr=0x3c2140 size=4 source=request-flag allocate=0]
[ECG-STREAM-BYPASS sim=gem5 cache=system.l3cache addr=0x3d3180 vaddr=0x3c2180 size=4 source=request-flag allocate=0]
[ECG-STREAM-BYPASS sim=gem5 cache=system.l3cache addr=0x3d31c0 vaddr=0x3c21c0 size=4 source=request-flag allocate=0]
[ECG-STREAM-BYPASS sim=gem5 cache=system.l3cache addr=0x3d3200 vaddr=0x3c2200 size=4 source=request-flag allocate=0]
[ECG-STREAM-BYPASS sim=gem5 cache=system.l3cache addr=0x3d3240 vaddr=0x3c2240 size=4 source=request-flag allocate=0]
[ECG-STREAM-BYPASS sim=gem5 cache=system.l3cache addr=0x3d3280 vaddr=0x3c2280 size=4 source=request-flag allocate=0]
[ECG-STREAM-BYPASS sim=gem5 cache=system.l3cache addr=0x3d32c0 vaddr=0x3c22c0 size=4 source=request-flag allocate=0]
[ECG-STREAM-BYPASS sim=gem5 cache=system.l3cache addr=0x3d3300 vaddr=0x3c2300 size=4 source=request-flag allocate=0]
[ECG-STREAM-BYPASS sim=gem5 cache=system.l3cache addr=0x3d3340 vaddr=0x3c2340 size=4 source=request-flag allocate=0]
[ECG-STREAM-BYPASS sim=gem5 cache=system.l3cache addr=0x3d3380 vaddr=0x3c2380 size=4 source=request-flag allocate=0]
[ECG-STREAM-BYPASS sim=gem5 cache=system.l3cache addr=0x3d33c0 vaddr=0x3c23c0 size=4 source=request-flag allocate=0]
[ECG-STREAM-BYPASS sim=gem5 cache=system.l3cache addr=0x3d3400 vaddr=0x3c2400 size=4 source=request-flag allocate=0]
[ECG-STREAM-BYPASS sim=gem5 cache=system.l3cache addr=0x3d3440 vaddr=0x3c2440 size=4 source=request-flag allocate=0]
[ECG-STREAM-BYPASS sim=gem5 cache=system.l3cache addr=0x3d3480 vaddr=0x3c2480 size=4 source=request-flag allocate=0]
[ECG-STREAM-BYPASS sim=gem5 cache=system.l3cache addr=0x3d34c0 vaddr=0x3c24c0 size=4 source=request-flag allocate=0]
[ECG-STREAM-BYPASS sim=gem5 cache=system.l3cache addr=0x3d3500 vaddr=0x3c2500 size=4 source=request-flag allocate=0]
[ECG-STREAM-BYPASS sim=gem5 cache=system.l3cache addr=0x3d3540 vaddr=0x3c2540 size=4 source=request-flag allocate=0]
[ECG-STREAM-BYPASS sim=gem5 cache=system.l3cache addr=0x3d3580 vaddr=0x3c2580 size=4 source=request-flag allocate=0]
[ECG-STREAM-BYPASS sim=gem5 cache=system.l3cache addr=0x3d35c0 vaddr=0x3c25c0 size=4 source=request-flag allocate=0]
[ECG-STREAM-BYPASS sim=gem5 cache=system.l3cache addr=0x3d3600 vaddr=0x3c2600 size=4 source=request-flag allocate=0]
[ECG-STREAM-BYPASS sim=gem5 cache=system.l3cache addr=0x3d3640 vaddr=0x3c2640 size=4 source=request-flag allocate=0]
[ECG-STREAM-BYPASS sim=gem5 cache=system.l3cache addr=0x3d3680 vaddr=0x3c2680 size=4 source=request-flag allocate=0]
[ECG-STREAM-BYPASS sim=gem5 cache=system.l3cache addr=0x3d36c0 vaddr=0x3c26c0 size=4 source=request-flag allocate=0]
[ECG-STREAM-BYPASS sim=gem5 cache=system.l3cache addr=0x3d3700 vaddr=0x3c2700 size=4 source=request-flag allocate=0]
[ECG-STREAM-BYPASS sim=gem5 cache=system.l3cache addr=0x3d3740 vaddr=0x3c2740 size=4 source=request-flag allocate=0]
[ECG-STREAM-BYPASS sim=gem5 cache=system.l3cache addr=0x3d3780 vaddr=0x3c2780 size=4 source=request-flag allocate=0]
[ECG-STREAM-BYPASS sim=gem5 cache=system.l3cache addr=0x3d37c0 vaddr=0x3c27c0 size=4 source=request-flag allocate=0]
[ECG-STREAM-BYPASS sim=gem5 cache=system.l3cache addr=0x3d3800 vaddr=0x3c2800 size=4 source=request-flag allocate=0]
[ECG-STREAM-BYPASS sim=gem5 cache=system.l3cache addr=0x3d3840 vaddr=0x3c2840 size=4 source=request-flag allocate=0]
[ECG-STREAM-BYPASS sim=gem5 cache=system.l3cache addr=0x3d3880 vaddr=0x3c2880 size=4 source=request-flag allocate=0]
[ECG-STREAM-BYPASS sim=gem5 cache=system.l3cache addr=0x3d38c0 vaddr=0x3c28c0 size=4 source=request-flag allocate=0]
[ECG-STREAM-BYPASS sim=gem5 cache=system.l3cache addr=0x3d3900 vaddr=0x3c2900 size=4 source=request-flag allocate=0]
[ECG-STREAM-BYPASS sim=gem5 cache=system.l3cache addr=0x3d3940 vaddr=0x3c2940 size=4 source=request-flag allocate=0]
[ECG-STREAM-BYPASS sim=gem5 cache=system.l3cache addr=0x3d3980 vaddr=0x3c2980 size=4 source=request-flag allocate=0]
[ECG-STREAM-BYPASS sim=gem5 cache=system.l3cache addr=0x3d39c0 vaddr=0x3c29c0 size=4 source=request-flag allocate=0]
[ECG-STREAM-BYPASS sim=gem5 cache=system.l3cache addr=0x3d3a00 vaddr=0x3c2a00 size=4 source=request-flag allocate=0]
[ECG-STREAM-BYPASS sim=gem5 cache=system.l3cache addr=0x3d3a40 vaddr=0x3c2a40 size=4 source=request-flag allocate=0]
[ECG-STREAM-BYPASS sim=gem5 cache=system.l3cache addr=0x3d3a80 vaddr=0x3c2a80 size=4 source=request-flag allocate=0]
[ECG-STREAM-BYPASS sim=gem5 cache=system.l3cache addr=0x3d3ac0 vaddr=0x3c2ac0 size=4 source=request-flag allocate=0]
[ECG-STREAM-BYPASS sim=gem5 cache=system.l3cache addr=0x3d3b00 vaddr=0x3c2b00 size=4 source=request-flag allocate=0]
[ECG-STREAM-BYPASS sim=gem5 cache=system.l3cache addr=0x3d3b40 vaddr=0x3c2b40 size=4 source=request-flag allocate=0]
[ECG-STREAM-BYPASS sim=gem5 cache=system.l3cache addr=0x3d3b80 vaddr=0x3c2b80 size=4 source=request-flag allocate=0]
[ECG-STREAM-BYPASS sim=gem5 cache=system.l3cache addr=0x3d3bc0 vaddr=0x3c2bc0 size=4 source=request-flag allocate=0]
[ECG-STREAM-BYPASS sim=gem5 cache=system.l3cache addr=0x3d3c00 vaddr=0x3c2c00 size=4 source=request-flag allocate=0]
[ECG-STREAM-BYPASS sim=gem5 cache=system.l3cache addr=0x3d3c40 vaddr=0x3c2c40 size=4 source=request-flag allocate=0]
[ECG-STREAM-BYPASS sim=gem5 cache=system.l3cache addr=0x3d3c80 vaddr=0x3c2c80 size=4 source=request-flag allocate=0]
[ECG-STREAM-BYPASS sim=gem5 cache=system.l3cache addr=0x3d3cc0 vaddr=0x3c2cc0 size=4 source=request-flag allocate=0]
[ECG-STREAM-BYPASS sim=gem5 cache=system.l3cache addr=0x3d3d00 vaddr=0x3c2d00 size=4 source=request-flag allocate=0]
[ECG-STREAM-BYPASS sim=gem5 cache=system.l3cache addr=0x3d3d40 vaddr=0x3c2d40 size=4 source=request-flag allocate=0]
[ECG-STREAM-BYPASS sim=gem5 cache=system.l3cache addr=0x3d3d80 vaddr=0x3c2d80 size=4 source=request-flag allocate=0]
[ECG-STREAM-BYPASS sim=gem5 cache=system.l3cache addr=0x3d3dc0 vaddr=0x3c2dc0 size=4 source=request-flag allocate=0]
[ECG-STREAM-BYPASS sim=gem5 cache=system.l3cache addr=0x3d3e00 vaddr=0x3c2e00 size=4 source=request-flag allocate=0]
[ECG-STREAM-BYPASS sim=gem5 cache=system.l3cache addr=0x3d3e40 vaddr=0x3c2e40 size=4 source=request-flag allocate=0]
[ECG-STREAM-BYPASS sim=gem5 cache=system.l3cache addr=0x3d3e80 vaddr=0x3c2e80 size=4 source=request-flag allocate=0]
[ECG-STREAM-BYPASS sim=gem5 cache=system.l3cache addr=0x3d3ec0 vaddr=0x3c2ec0 size=4 source=request-flag allocate=0]
[ECG-STREAM-BYPASS sim=gem5 cache=system.l3cache addr=0x3d3f00 vaddr=0x3c2f00 size=4 source=request-flag allocate=0]
[ECG-STREAM-BYPASS sim=gem5 cache=system.l3cache addr=0x3d3f40 vaddr=0x3c2f40 size=4 source=request-flag allocate=0]
[ECG-STREAM-BYPASS sim=gem5 cache=system.l3cache addr=0x3d3f80 vaddr=0x3c2f80 size=4 source=request-flag allocate=0]
[ECG-STREAM-BYPASS sim=gem5 cache=system.l3cache addr=0x3d3fc0 vaddr=0x3c2fc0 size=4 source=request-flag allocate=0]
[ECG-STREAM-BYPASS sim=gem5 cache=system.l3cache addr=0x3d4000 vaddr=0x3c3000 size=4 source=request-flag allocate=0]
[ECG-STREAM-BYPASS sim=gem5 cache=system.l3cache addr=0x3d4040 vaddr=0x3c3040 size=4 source=request-flag allocate=0]
[ECG-STREAM-BYPASS sim=gem5 cache=system.l3cache addr=0x3d4080 vaddr=0x3c3080 size=4 source=request-flag allocate=0]
[ECG-STREAM-BYPASS sim=gem5 cache=system.l3cache addr=0x3d40c0 vaddr=0x3c30c0 size=4 source=request-flag allocate=0]
[ECG-STREAM-BYPASS sim=gem5 cache=system.l3cache addr=0x3d4100 vaddr=0x3c3100 size=4 source=request-flag allocate=0]
[ECG-STREAM-BYPASS sim=gem5 cache=system.l3cache addr=0x3d4140 vaddr=0x3c3140 size=4 source=request-flag allocate=0]
[ECG-STREAM-BYPASS sim=gem5 cache=system.l3cache addr=0x3d4180 vaddr=0x3c3180 size=4 source=request-flag allocate=0]
[ECG-STREAM-BYPASS sim=gem5 cache=system.l3cache addr=0x3d41c0 vaddr=0x3c31c0 size=4 source=request-flag allocate=0]
[ECG-STREAM-BYPASS sim=gem5 cache=system.l3cache addr=0x3d4200 vaddr=0x3c3200 size=4 source=request-flag allocate=0]
[ECG-STREAM-BYPASS sim=gem5 cache=system.l3cache addr=0x3d4240 vaddr=0x3c3240 size=4 source=request-flag allocate=0]
[ECG-STREAM-BYPASS sim=gem5 cache=system.l3cache addr=0x3d4280 vaddr=0x3c3280 size=4 source=request-flag allocate=0]
[ECG-STREAM-BYPASS sim=gem5 cache=system.l3cache addr=0x3d42c0 vaddr=0x3c32c0 size=4 source=request-flag allocate=0]
[ECG-STREAM-BYPASS sim=gem5 cache=system.l3cache addr=0x3d4300 vaddr=0x3c3300 size=4 source=request-flag allocate=0]
[ECG-STREAM-BYPASS sim=gem5 cache=system.l3cache addr=0x3d4340 vaddr=0x3c3340 size=4 source=request-flag allocate=0]
[ECG-STREAM-BYPASS sim=gem5 cache=system.l3cache addr=0x3d4380 vaddr=0x3c3380 size=4 source=request-flag allocate=0]
[ECG-STREAM-BYPASS sim=gem5 cache=system.l3cache addr=0x3d43c0 vaddr=0x3c33c0 size=4 source=request-flag allocate=0]
[ECG-STREAM-BYPASS sim=gem5 cache=system.l3cache addr=0x3d4400 vaddr=0x3c3400 size=4 source=request-flag allocate=0]
[ECG-STREAM-BYPASS sim=gem5 cache=system.l3cache addr=0x3d4440 vaddr=0x3c3440 size=4 source=request-flag allocate=0]
[ECG-STREAM-BYPASS sim=gem5 cache=system.l3cache addr=0x3d4480 vaddr=0x3c3480 size=4 source=request-flag allocate=0]
[ECG-STREAM-BYPASS sim=gem5 cache=system.l3cache addr=0x3d44c0 vaddr=0x3c34c0 size=4 source=request-flag allocate=0]
[ECG-STREAM-BYPASS sim=gem5 cache=system.l3cache addr=0x3d4500 vaddr=0x3c3500 size=4 source=request-flag allocate=0]
[ECG-STREAM-BYPASS sim=gem5 cache=system.l3cache addr=0x3d4540 vaddr=0x3c3540 size=4 source=request-flag allocate=0]
[ECG-STREAM-BYPASS sim=gem5 cache=system.l3cache addr=0x3d4580 vaddr=0x3c3580 size=4 source=request-flag allocate=0]
[ECG-STREAM-BYPASS sim=gem5 cache=system.l3cache addr=0x3d45c0 vaddr=0x3c35c0 size=4 source=request-flag allocate=0]
[ECG-STREAM-BYPASS sim=gem5 cache=system.l3cache addr=0x3d4600 vaddr=0x3c3600 size=4 source=request-flag allocate=0]
[ECG-STREAM-BYPASS sim=gem5 cache=system.l3cache addr=0x3d4640 vaddr=0x3c3640 size=4 source=request-flag allocate=0]
[ECG-STREAM-BYPASS sim=gem5 cache=system.l3cache addr=0x3d4680 vaddr=0x3c3680 size=4 source=request-flag allocate=0]
[ECG-STREAM-BYPASS sim=gem5 cache=system.l3cache addr=0x3d46c0 vaddr=0x3c36c0 size=4 source=request-flag allocate=0]
[ECG-STREAM-BYPASS sim=gem5 cache=system.l3cache addr=0x3d4700 vaddr=0x3c3700 size=4 source=request-flag allocate=0]
[ECG-STREAM-BYPASS sim=gem5 cache=system.l3cache addr=0x3d4740 vaddr=0x3c3740 size=4 source=request-flag allocate=0]
[ECG-STREAM-BYPASS sim=gem5 cache=system.l3cache addr=0x3d4780 vaddr=0x3c3780 size=4 source=request-flag allocate=0]
[ECG-STREAM-BYPASS sim=gem5 cache=system.l3cache addr=0x3d47c0 vaddr=0x3c37c0 size=4 source=request-flag allocate=0]
[ECG-STREAM-BYPASS sim=gem5 cache=system.l3cache addr=0x3d4800 vaddr=0x3c3800 size=4 source=request-flag allocate=0]
[ECG-STREAM-BYPASS sim=gem5 cache=system.l3cache addr=0x3d4840 vaddr=0x3c3840 size=4 source=request-flag allocate=0]
[ECG-STREAM-BYPASS sim=gem5 cache=system.l3cache addr=0x3d4880 vaddr=0x3c3880 size=4 source=request-flag allocate=0]
[ECG-STREAM-BYPASS sim=gem5 cache=system.l3cache addr=0x3d48c0 vaddr=0x3c38c0 size=4 source=request-flag allocate=0]
[ECG-STREAM-BYPASS sim=gem5 cache=system.l3cache addr=0x3d4900 vaddr=0x3c3900 size=4 source=request-flag allocate=0]
[ECG-STREAM-BYPASS sim=gem5 cache=system.l3cache addr=0x3d4940 vaddr=0x3c3940 size=4 source=request-flag allocate=0]
[ECG-STREAM-BYPASS sim=gem5 cache=system.l3cache addr=0x3d4980 vaddr=0x3c3980 size=4 source=request-flag allocate=0]
[ECG-STREAM-BYPASS sim=gem5 cache=system.l3cache addr=0x3d49c0 vaddr=0x3c39c0 size=4 source=request-flag allocate=0]
[ECG-STREAM-BYPASS sim=gem5 cache=system.l3cache addr=0x3d4a00 vaddr=0x3c3a00 size=4 source=request-flag allocate=0]
[ECG-STREAM-BYPASS sim=gem5 cache=system.l3cache addr=0x3d4a40 vaddr=0x3c3a40 size=4 source=request-flag allocate=0]
[ECG-STREAM-BYPASS sim=gem5 cache=system.l3cache addr=0x3d4a80 vaddr=0x3c3a80 size=4 source=request-flag allocate=0]
[ECG-STREAM-BYPASS sim=gem5 cache=system.l3cache addr=0x3d4ac0 vaddr=0x3c3ac0 size=4 source=request-flag allocate=0]
[ECG-STREAM-BYPASS sim=gem5 cache=system.l3cache addr=0x3d4b00 vaddr=0x3c3b00 size=4 source=request-flag allocate=0]
[ECG-STREAM-BYPASS sim=gem5 cache=system.l3cache addr=0x3d4b40 vaddr=0x3c3b40 size=4 source=request-flag allocate=0]
[ECG-STREAM-BYPASS sim=gem5 cache=system.l3cache addr=0x3d4b80 vaddr=0x3c3b80 size=4 source=request-flag allocate=0]
[ECG-STREAM-BYPASS sim=gem5 cache=system.l3cache addr=0x3d4bc0 vaddr=0x3c3bc0 size=4 source=request-flag allocate=0]
[ECG-STREAM-BYPASS sim=gem5 cache=system.l3cache addr=0x3d4c00 vaddr=0x3c3c00 size=4 source=request-flag allocate=0]
[ECG-STREAM-BYPASS sim=gem5 cache=system.l3cache addr=0x3d4c40 vaddr=0x3c3c40 size=4 source=request-flag allocate=0]
[ECG-STREAM-BYPASS sim=gem5 cache=system.l3cache addr=0x3d4c80 vaddr=0x3c3c80 size=4 source=request-flag allocate=0]
[ECG-STREAM-BYPASS sim=gem5 cache=system.l3cache addr=0x3d4cc0 vaddr=0x3c3cc0 size=4 source=request-flag allocate=0]
[ECG-STREAM-BYPASS sim=gem5 cache=system.l3cache addr=0x3d4d00 vaddr=0x3c3d00 size=4 source=request-flag allocate=0]
[ECG-STREAM-BYPASS sim=gem5 cache=system.l3cache addr=0x3d4d40 vaddr=0x3c3d40 size=4 source=request-flag allocate=0]
[ECG-STREAM-BYPASS sim=gem5 cache=system.l3cache addr=0x3d4d80 vaddr=0x3c3d80 size=4 source=request-flag allocate=0]
[ECG-STREAM-BYPASS sim=gem5 cache=system.l3cache addr=0x3d4dc0 vaddr=0x3c3dc0 size=4 source=request-flag allocate=0]
[ECG-STREAM-BYPASS sim=gem5 cache=system.l3cache addr=0x3d4e00 vaddr=0x3c3e00 size=4 source=request-flag allocate=0]
[ECG-STREAM-BYPASS sim=gem5 cache=system.l3cache addr=0x3d4e40 vaddr=0x3c3e40 size=4 source=request-flag allocate=0]
[ECG-STREAM-BYPASS sim=gem5 cache=system.l3cache addr=0x3d4e80 vaddr=0x3c3e80 size=4 source=request-flag allocate=0]
[ECG-STREAM-BYPASS sim=gem5 cache=system.l3cache addr=0x3d4ec0 vaddr=0x3c3ec0 size=4 source=request-flag allocate=0]
[ECG-STREAM-BYPASS sim=gem5 cache=system.l3cache addr=0x3d4f00 vaddr=0x3c3f00 size=4 source=request-flag allocate=0]
[ECG-STREAM-BYPASS sim=gem5 cache=system.l3cache addr=0x3d4f40 vaddr=0x3c3f40 size=4 source=request-flag allocate=0]
[ECG-STREAM-BYPASS sim=gem5 cache=system.l3cache addr=0x3d4f80 vaddr=0x3c3f80 size=4 source=request-flag allocate=0]
[ECG-STREAM-BYPASS sim=gem5 cache=system.l3cache addr=0x3d4fc0 vaddr=0x3c3fc0 size=4 source=request-flag allocate=0]
[ECG-STREAM-BYPASS sim=gem5 cache=system.l3cache addr=0x3d5000 vaddr=0x3c4000 size=4 source=request-flag allocate=0]
[ECG-STREAM-BYPASS sim=gem5 cache=system.l3cache addr=0x3d5040 vaddr=0x3c4040 size=4 source=request-flag allocate=0]
[ECG-STREAM-BYPASS sim=gem5 cache=system.l3cache addr=0x3d5080 vaddr=0x3c4080 size=4 source=request-flag allocate=0]
[ECG-STREAM-BYPASS sim=gem5 cache=system.l3cache addr=0x3d50c0 vaddr=0x3c40c0 size=4 source=request-flag allocate=0]
[ECG-STREAM-BYPASS sim=gem5 cache=system.l3cache addr=0x3d5100 vaddr=0x3c4100 size=4 source=request-flag allocate=0]
[ECG-STREAM-BYPASS sim=gem5 cache=system.l3cache addr=0x3d5140 vaddr=0x3c4140 size=4 source=request-flag allocate=0]
[ECG-STREAM-BYPASS sim=gem5 cache=system.l3cache addr=0x3d5180 vaddr=0x3c4180 size=4 source=request-flag allocate=0]
[ECG-STREAM-BYPASS sim=gem5 cache=system.l3cache addr=0x3d51c0 vaddr=0x3c41c0 size=4 source=request-flag allocate=0]
[ECG-STREAM-BYPASS sim=gem5 cache=system.l3cache addr=0x3d5200 vaddr=0x3c4200 size=4 source=request-flag allocate=0]
[ECG-STREAM-BYPASS sim=gem5 cache=system.l3cache addr=0x3d5240 vaddr=0x3c4240 size=4 source=request-flag allocate=0]
[ECG-STREAM-BYPASS sim=gem5 cache=system.l3cache addr=0x3d5280 vaddr=0x3c4280 size=4 source=request-flag allocate=0]
[ECG-STREAM-BYPASS sim=gem5 cache=system.l3cache addr=0x3d52c0 vaddr=0x3c42c0 size=4 source=request-flag allocate=0]
[ECG-STREAM-BYPASS sim=gem5 cache=system.l3cache addr=0x3d5300 vaddr=0x3c4300 size=4 source=request-flag allocate=0]
[ECG-STREAM-BYPASS sim=gem5 cache=system.l3cache addr=0x3d5340 vaddr=0x3c4340 size=4 source=request-flag allocate=0]
[ECG-STREAM-BYPASS sim=gem5 cache=system.l3cache addr=0x3d5380 vaddr=0x3c4380 size=4 source=request-flag allocate=0]
[ECG-STREAM-BYPASS sim=gem5 cache=system.l3cache addr=0x3d53c0 vaddr=0x3c43c0 size=4 source=request-flag allocate=0]
[ECG-STREAM-BYPASS sim=gem5 cache=system.l3cache addr=0x3d5400 vaddr=0x3c4400 size=4 source=request-flag allocate=0]
[ECG-STREAM-BYPASS sim=gem5 cache=system.l3cache addr=0x3d5440 vaddr=0x3c4440 size=4 source=request-flag allocate=0]
[ECG-STREAM-BYPASS sim=gem5 cache=system.l3cache addr=0x3d5480 vaddr=0x3c4480 size=4 source=request-flag allocate=0]
[ECG-STREAM-BYPASS sim=gem5 cache=system.l3cache addr=0x3d54c0 vaddr=0x3c44c0 size=4 source=request-flag allocate=0]
[ECG-STREAM-BYPASS sim=gem5 cache=system.l3cache addr=0x3d5500 vaddr=0x3c4500 size=4 source=request-flag allocate=0]
[ECG-STREAM-BYPASS sim=gem5 cache=system.l3cache addr=0x3d5540 vaddr=0x3c4540 size=4 source=request-flag allocate=0]
[ECG-STREAM-BYPASS sim=gem5 cache=system.l3cache addr=0x3d5580 vaddr=0x3c4580 size=4 source=request-flag allocate=0]
[ECG-STREAM-BYPASS sim=gem5 cache=system.l3cache addr=0x3d55c0 vaddr=0x3c45c0 size=4 source=request-flag allocate=0]
[ECG-STREAM-BYPASS sim=gem5 cache=system.l3cache addr=0x3d5600 vaddr=0x3c4600 size=4 source=request-flag allocate=0]
[ECG-STREAM-BYPASS sim=gem5 cache=system.l3cache addr=0x3d5640 vaddr=0x3c4640 size=4 source=request-flag allocate=0]
[ECG-STREAM-BYPASS sim=gem5 cache=system.l3cache addr=0x3d5680 vaddr=0x3c4680 size=4 source=request-flag allocate=0]
[ECG-STREAM-BYPASS sim=gem5 cache=system.l3cache addr=0x3d56c0 vaddr=0x3c46c0 size=4 source=request-flag allocate=0]
[ECG-STREAM-BYPASS sim=gem5 cache=system.l3cache addr=0x3d5700 vaddr=0x3c4700 size=4 source=request-flag allocate=0]
[ECG-STREAM-BYPASS sim=gem5 cache=system.l3cache addr=0x3d5740 vaddr=0x3c4740 size=4 source=request-flag allocate=0]
[ECG-STREAM-BYPASS sim=gem5 cache=system.l3cache addr=0x3d5780 vaddr=0x3c4780 size=4 source=request-flag allocate=0]
[ECG-STREAM-BYPASS sim=gem5 cache=system.l3cache addr=0x3d57c0 vaddr=0x3c47c0 size=4 source=request-flag allocate=0]
[ECG-STREAM-BYPASS sim=gem5 cache=system.l3cache addr=0x3d5800 vaddr=0x3c4800 size=4 source=request-flag allocate=0]
[ECG-STREAM-BYPASS sim=gem5 cache=system.l3cache addr=0x3d5840 vaddr=0x3c4840 size=4 source=request-flag allocate=0]
[ECG-STREAM-BYPASS sim=gem5 cache=system.l3cache addr=0x3d5880 vaddr=0x3c4880 size=4 source=request-flag allocate=0]
[ECG-STREAM-BYPASS sim=gem5 cache=system.l3cache addr=0x3d58c0 vaddr=0x3c48c0 size=4 source=request-flag allocate=0]
[ECG-STREAM-BYPASS sim=gem5 cache=system.l3cache addr=0x3d5900 vaddr=0x3c4900 size=4 source=request-flag allocate=0]
[ECG-STREAM-BYPASS sim=gem5 cache=system.l3cache addr=0x3d5940 vaddr=0x3c4940 size=4 source=request-flag allocate=0]
[ECG-STREAM-BYPASS sim=gem5 cache=system.l3cache addr=0x3d5980 vaddr=0x3c4980 size=4 source=request-flag allocate=0]
[ECG-STREAM-BYPASS sim=gem5 cache=system.l3cache addr=0x3d59c0 vaddr=0x3c49c0 size=4 source=request-flag allocate=0]
[ECG-STREAM-BYPASS sim=gem5 cache=system.l3cache addr=0x3d5a00 vaddr=0x3c4a00 size=4 source=request-flag allocate=0]
[ECG-STREAM-BYPASS sim=gem5 cache=system.l3cache addr=0x3d5a40 vaddr=0x3c4a40 size=4 source=request-flag allocate=0]
[ECG-STREAM-BYPASS sim=gem5 cache=system.l3cache addr=0x3d5a80 vaddr=0x3c4a80 size=4 source=request-flag allocate=0]
[ECG-STREAM-BYPASS sim=gem5 cache=system.l3cache addr=0x3d5ac0 vaddr=0x3c4ac0 size=4 source=request-flag allocate=0]
[ECG-STREAM-BYPASS sim=gem5 cache=system.l3cache addr=0x3d5b00 vaddr=0x3c4b00 size=4 source=request-flag allocate=0]
[ECG-STREAM-BYPASS sim=gem5 cache=system.l3cache addr=0x3d5b40 vaddr=0x3c4b40 size=4 source=request-flag allocate=0]
[ECG-STREAM-BYPASS sim=gem5 cache=system.l3cache addr=0x3d5b80 vaddr=0x3c4b80 size=4 source=request-flag allocate=0]
[ECG-STREAM-BYPASS sim=gem5 cache=system.l3cache addr=0x3d5bc0 vaddr=0x3c4bc0 size=4 source=request-flag allocate=0]
[ECG-STREAM-BYPASS sim=gem5 cache=system.l3cache addr=0x3d5c00 vaddr=0x3c4c00 size=4 source=request-flag allocate=0]
[ECG-STREAM-BYPASS sim=gem5 cache=system.l3cache addr=0x3d5c40 vaddr=0x3c4c40 size=4 source=request-flag allocate=0]
[ECG-STREAM-BYPASS sim=gem5 cache=system.l3cache addr=0x3d5c80 vaddr=0x3c4c80 size=4 source=request-flag allocate=0]
[ECG-STREAM-BYPASS sim=gem5 cache=system.l3cache addr=0x3d5cc0 vaddr=0x3c4cc0 size=4 source=request-flag allocate=0]
[ECG-STREAM-BYPASS sim=gem5 cache=system.l3cache addr=0x3d5d00 vaddr=0x3c4d00 size=4 source=request-flag allocate=0]
[ECG-STREAM-BYPASS sim=gem5 cache=system.l3cache addr=0x3d5d40 vaddr=0x3c4d40 size=4 source=request-flag allocate=0]
[ECG-STREAM-BYPASS sim=gem5 cache=system.l3cache addr=0x3d5d80 vaddr=0x3c4d80 size=4 source=request-flag allocate=0]
[ECG-STREAM-BYPASS sim=gem5 cache=system.l3cache addr=0x3d5dc0 vaddr=0x3c4dc0 size=4 source=request-flag allocate=0]
[ECG-STREAM-BYPASS sim=gem5 cache=system.l3cache addr=0x3d5e00 vaddr=0x3c4e00 size=4 source=request-flag allocate=0]
[ECG-STREAM-BYPASS sim=gem5 cache=system.l3cache addr=0x3d5e40 vaddr=0x3c4e40 size=4 source=request-flag allocate=0]
[ECG-STREAM-BYPASS sim=gem5 cache=system.l3cache addr=0x3d5e80 vaddr=0x3c4e80 size=4 source=request-flag allocate=0]
[ECG-STREAM-BYPASS sim=gem5 cache=system.l3cache addr=0x3d5ec0 vaddr=0x3c4ec0 size=4 source=request-flag allocate=0]
[ECG-STREAM-BYPASS sim=gem5 cache=system.l3cache addr=0x3d5f00 vaddr=0x3c4f00 size=4 source=request-flag allocate=0]
[ECG-STREAM-BYPASS sim=gem5 cache=system.l3cache addr=0x3d5f40 vaddr=0x3c4f40 size=4 source=request-flag allocate=0]
[ECG-STREAM-BYPASS sim=gem5 cache=system.l3cache addr=0x3d5f80 vaddr=0x3c4f80 size=4 source=request-flag allocate=0]
[ECG-STREAM-BYPASS sim=gem5 cache=system.l3cache addr=0x3d5fc0 vaddr=0x3c4fc0 size=4 source=request-flag allocate=0]
[ECG-STREAM-BYPASS sim=gem5 cache=system.l3cache addr=0x3d6000 vaddr=0x3c5000 size=4 source=request-flag allocate=0]
[ECG-STREAM-BYPASS sim=gem5 cache=system.l3cache addr=0x3d6040 vaddr=0x3c5040 size=4 source=request-flag allocate=0]
[ECG-STREAM-BYPASS sim=gem5 cache=system.l3cache addr=0x3d6080 vaddr=0x3c5080 size=4 source=request-flag allocate=0]
[ECG-STREAM-BYPASS sim=gem5 cache=system.l3cache addr=0x3d60c0 vaddr=0x3c50c0 size=4 source=request-flag allocate=0]
[ECG-STREAM-BYPASS sim=gem5 cache=system.l3cache addr=0x3d6100 vaddr=0x3c5100 size=4 source=request-flag allocate=0]
[ECG-STREAM-BYPASS sim=gem5 cache=system.l3cache addr=0x3d6140 vaddr=0x3c5140 size=4 source=request-flag allocate=0]
[ECG-STREAM-BYPASS sim=gem5 cache=system.l3cache addr=0x3d6180 vaddr=0x3c5180 size=4 source=request-flag allocate=0]
[ECG-STREAM-BYPASS sim=gem5 cache=system.l3cache addr=0x3d61c0 vaddr=0x3c51c0 size=4 source=request-flag allocate=0]
[ECG-STREAM-BYPASS sim=gem5 cache=system.l3cache addr=0x3d6200 vaddr=0x3c5200 size=4 source=request-flag allocate=0]
[ECG-STREAM-BYPASS sim=gem5 cache=system.l3cache addr=0x3d6240 vaddr=0x3c5240 size=4 source=request-flag allocate=0]
[ECG-STREAM-BYPASS sim=gem5 cache=system.l3cache addr=0x3d6280 vaddr=0x3c5280 size=4 source=request-flag allocate=0]
[ECG-STREAM-BYPASS sim=gem5 cache=system.l3cache addr=0x3d62c0 vaddr=0x3c52c0 size=4 source=request-flag allocate=0]
[ECG-STREAM-BYPASS sim=gem5 cache=system.l3cache addr=0x3d6300 vaddr=0x3c5300 size=4 source=request-flag allocate=0]
[ECG-STREAM-BYPASS sim=gem5 cache=system.l3cache addr=0x3d6340 vaddr=0x3c5340 size=4 source=request-flag allocate=0]
[ECG-STREAM-BYPASS sim=gem5 cache=system.l3cache addr=0x3d6380 vaddr=0x3c5380 size=4 source=request-flag allocate=0]
[ECG-STREAM-BYPASS sim=gem5 cache=system.l3cache addr=0x3d63c0 vaddr=0x3c53c0 size=4 source=request-flag allocate=0]
[ECG-STREAM-BYPASS sim=gem5 cache=system.l3cache addr=0x3d6400 vaddr=0x3c5400 size=4 source=request-flag allocate=0]
[ECG-STREAM-BYPASS sim=gem5 cache=system.l3cache addr=0x3d6440 vaddr=0x3c5440 size=4 source=request-flag allocate=0]
[ECG-STREAM-BYPASS sim=gem5 cache=system.l3cache addr=0x3d6480 vaddr=0x3c5480 size=4 source=request-flag allocate=0]
[ECG-STREAM-BYPASS sim=gem5 cache=system.l3cache addr=0x3d64c0 vaddr=0x3c54c0 size=4 source=request-flag allocate=0]
[ECG-STREAM-BYPASS sim=gem5 cache=system.l3cache addr=0x3d6500 vaddr=0x3c5500 size=4 source=request-flag allocate=0]
[ECG-STREAM-BYPASS sim=gem5 cache=system.l3cache addr=0x3d6540 vaddr=0x3c5540 size=4 source=request-flag allocate=0]
[ECG-STREAM-BYPASS sim=gem5 cache=system.l3cache addr=0x3d6580 vaddr=0x3c5580 size=4 source=request-flag allocate=0]
[ECG-STREAM-BYPASS sim=gem5 cache=system.l3cache addr=0x3d65c0 vaddr=0x3c55c0 size=4 source=request-flag allocate=0]
[ECG-STREAM-BYPASS sim=gem5 cache=system.l3cache addr=0x3d6600 vaddr=0x3c5600 size=4 source=request-flag allocate=0]
[ECG-STREAM-BYPASS sim=gem5 cache=system.l3cache addr=0x3d6640 vaddr=0x3c5640 size=4 source=request-flag allocate=0]
[ECG-STREAM-BYPASS sim=gem5 cache=system.l3cache addr=0x3d6680 vaddr=0x3c5680 size=4 source=request-flag allocate=0]
[ECG-STREAM-BYPASS sim=gem5 cache=system.l3cache addr=0x3d66c0 vaddr=0x3c56c4 size=4 source=request-flag allocate=0]
[ECG-STREAM-BYPASS sim=gem5 cache=system.l3cache addr=0x3d6700 vaddr=0x3c5700 size=4 source=request-flag allocate=0]
[ECG-STREAM-BYPASS sim=gem5 cache=system.l3cache addr=0x3d6740 vaddr=0x3c5740 size=4 source=request-flag allocate=0]
[ECG-STREAM-BYPASS sim=gem5 cache=system.l3cache addr=0x3d6780 vaddr=0x3c5780 size=4 source=request-flag allocate=0]
[ECG-STREAM-BYPASS sim=gem5 cache=system.l3cache addr=0x3d67c0 vaddr=0x3c57c0 size=4 source=request-flag allocate=0]
[ECG-STREAM-BYPASS sim=gem5 cache=system.l3cache addr=0x3d6800 vaddr=0x3c5800 size=4 source=request-flag allocate=0]
[ECG-STREAM-BYPASS sim=gem5 cache=system.l3cache addr=0x3d6840 vaddr=0x3c5840 size=4 source=request-flag allocate=0]
[ECG-STREAM-BYPASS sim=gem5 cache=system.l3cache addr=0x3d6880 vaddr=0x3c5880 size=4 source=request-flag allocate=0]
[ECG-STREAM-BYPASS sim=gem5 cache=system.l3cache addr=0x3d68c0 vaddr=0x3c58c0 size=4 source=request-flag allocate=0]
[ECG-STREAM-BYPASS sim=gem5 cache=system.l3cache addr=0x3d6900 vaddr=0x3c5900 size=4 source=request-flag allocate=0]
[ECG-STREAM-BYPASS sim=gem5 cache=system.l3cache addr=0x3d6940 vaddr=0x3c5940 size=4 source=request-flag allocate=0]
[ECG-STREAM-BYPASS sim=gem5 cache=system.l3cache addr=0x3d6980 vaddr=0x3c5980 size=4 source=request-flag allocate=0]
[ECG-STREAM-BYPASS sim=gem5 cache=system.l3cache addr=0x3d69c0 vaddr=0x3c59c0 size=4 source=request-flag allocate=0]
[ECG-STREAM-BYPASS sim=gem5 cache=system.l3cache addr=0x3d6a00 vaddr=0x3c5a00 size=4 source=request-flag allocate=0]
[ECG-STREAM-BYPASS sim=gem5 cache=system.l3cache addr=0x3d6a40 vaddr=0x3c5a40 size=4 source=request-flag allocate=0]
[ECG-STREAM-BYPASS sim=gem5 cache=system.l3cache addr=0x3d6a80 vaddr=0x3c5a80 size=4 source=request-flag allocate=0]
[ECG-STREAM-BYPASS sim=gem5 cache=system.l3cache addr=0x3d6ac0 vaddr=0x3c5ac0 size=4 source=request-flag allocate=0]
[ECG-STREAM-BYPASS sim=gem5 cache=system.l3cache addr=0x3d6b00 vaddr=0x3c5b00 size=4 source=request-flag allocate=0]
[ECG-STREAM-BYPASS sim=gem5 cache=system.l3cache addr=0x3d6b40 vaddr=0x3c5b40 size=4 source=request-flag allocate=0]
[ECG-STREAM-BYPASS sim=gem5 cache=system.l3cache addr=0x3d6b80 vaddr=0x3c5b80 size=4 source=request-flag allocate=0]
[ECG-STREAM-BYPASS sim=gem5 cache=system.l3cache addr=0x3d6bc0 vaddr=0x3c5bc0 size=4 source=request-flag allocate=0]
[ECG-STREAM-BYPASS sim=gem5 cache=system.l3cache addr=0x3d6c00 vaddr=0x3c5c00 size=4 source=request-flag allocate=0]
[ECG-STREAM-BYPASS sim=gem5 cache=system.l3cache addr=0x3d6c40 vaddr=0x3c5c40 size=4 source=request-flag allocate=0]
[ECG-STREAM-BYPASS sim=gem5 cache=system.l3cache addr=0x3d6c80 vaddr=0x3c5c80 size=4 source=request-flag allocate=0]
[ECG-STREAM-BYPASS sim=gem5 cache=system.l3cache addr=0x3d6cc0 vaddr=0x3c5cc0 size=4 source=request-flag allocate=0]
[ECG-STREAM-BYPASS sim=gem5 cache=system.l3cache addr=0x3d6d00 vaddr=0x3c5d00 size=4 source=request-flag allocate=0]
[ECG-STREAM-BYPASS sim=gem5 cache=system.l3cache addr=0x3d6d40 vaddr=0x3c5d40 size=4 source=request-flag allocate=0]
[ECG-STREAM-BYPASS sim=gem5 cache=system.l3cache addr=0x3d6d80 vaddr=0x3c5d80 size=4 source=request-flag allocate=0]
[ECG-STREAM-BYPASS sim=gem5 cache=system.l3cache addr=0x3d6dc0 vaddr=0x3c5dc0 size=4 source=request-flag allocate=0]
[ECG-STREAM-BYPASS sim=gem5 cache=system.l3cache addr=0x3d6e00 vaddr=0x3c5e00 size=4 source=request-flag allocate=0]
[ECG-STREAM-BYPASS sim=gem5 cache=system.l3cache addr=0x3d6e40 vaddr=0x3c5e40 size=4 source=request-flag allocate=0]
[ECG-STREAM-BYPASS sim=gem5 cache=system.l3cache addr=0x3d6e80 vaddr=0x3c5e80 size=4 source=request-flag allocate=0]
[ECG-STREAM-BYPASS sim=gem5 cache=system.l3cache addr=0x3d6ec0 vaddr=0x3c5ec0 size=4 source=request-flag allocate=0]
[ECG-STREAM-BYPASS sim=gem5 cache=system.l3cache addr=0x3d6f00 vaddr=0x3c5f00 size=4 source=request-flag allocate=0]
[ECG-STREAM-BYPASS sim=gem5 cache=system.l3cache addr=0x3d6f40 vaddr=0x3c5f40 size=4 source=request-flag allocate=0]
[ECG-STREAM-BYPASS sim=gem5 cache=system.l3cache addr=0x3d6f80 vaddr=0x3c5f80 size=4 source=request-flag allocate=0]
[ECG-STREAM-BYPASS sim=gem5 cache=system.l3cache addr=0x3d6fc0 vaddr=0x3c5fc0 size=4 source=request-flag allocate=0]
[ECG-STREAM-BYPASS sim=gem5 cache=system.l3cache addr=0x3d7000 vaddr=0x3c6000 size=4 source=request-flag allocate=0]
[ECG-STREAM-BYPASS sim=gem5 cache=system.l3cache addr=0x3d7040 vaddr=0x3c6040 size=4 source=request-flag allocate=0]
[ECG-STREAM-BYPASS sim=gem5 cache=system.l3cache addr=0x3d7080 vaddr=0x3c6080 size=4 source=request-flag allocate=0]
[ECG-STREAM-BYPASS sim=gem5 cache=system.l3cache addr=0x3d70c0 vaddr=0x3c60c0 size=4 source=request-flag allocate=0]
[ECG-STREAM-BYPASS sim=gem5 cache=system.l3cache addr=0x3d7100 vaddr=0x3c6100 size=4 source=request-flag allocate=0]
[ECG-STREAM-BYPASS sim=gem5 cache=system.l3cache addr=0x3d7140 vaddr=0x3c6140 size=4 source=request-flag allocate=0]
[ECG-STREAM-BYPASS sim=gem5 cache=system.l3cache addr=0x3d7180 vaddr=0x3c6180 size=4 source=request-flag allocate=0]
[ECG-STREAM-BYPASS sim=gem5 cache=system.l3cache addr=0x3d71c0 vaddr=0x3c61c0 size=4 source=request-flag allocate=0]
[ECG-STREAM-BYPASS sim=gem5 cache=system.l3cache addr=0x3d7200 vaddr=0x3c6200 size=4 source=request-flag allocate=0]
[ECG-STREAM-BYPASS sim=gem5 cache=system.l3cache addr=0x3d7240 vaddr=0x3c6240 size=4 source=request-flag allocate=0]
[ECG-STREAM-BYPASS sim=gem5 cache=system.l3cache addr=0x3d7280 vaddr=0x3c6280 size=4 source=request-flag allocate=0]
[ECG-STREAM-BYPASS sim=gem5 cache=system.l3cache addr=0x3d72c0 vaddr=0x3c62d0 size=4 source=request-flag allocate=0]
[ECG-STREAM-BYPASS sim=gem5 cache=system.l3cache addr=0x3d7300 vaddr=0x3c6300 size=4 source=request-flag allocate=0]
[ECG-STREAM-BYPASS sim=gem5 cache=system.l3cache addr=0x3d7340 vaddr=0x3c6340 size=4 source=request-flag allocate=0]
[ECG-STREAM-BYPASS sim=gem5 cache=system.l3cache addr=0x3d7380 vaddr=0x3c6380 size=4 source=request-flag allocate=0]
[ECG-STREAM-BYPASS sim=gem5 cache=system.l3cache addr=0x3d73c0 vaddr=0x3c63c0 size=4 source=request-flag allocate=0]
[ECG-STREAM-BYPASS sim=gem5 cache=system.l3cache addr=0x3d7400 vaddr=0x3c6400 size=4 source=request-flag allocate=0]
[ECG-STREAM-BYPASS sim=gem5 cache=system.l3cache addr=0x3d7440 vaddr=0x3c6440 size=4 source=request-flag allocate=0]
[ECG-STREAM-BYPASS sim=gem5 cache=system.l3cache addr=0x3d7480 vaddr=0x3c6480 size=4 source=request-flag allocate=0]
[ECG-STREAM-BYPASS sim=gem5 cache=system.l3cache addr=0x3d74c0 vaddr=0x3c64c0 size=4 source=request-flag allocate=0]
[ECG-STREAM-BYPASS sim=gem5 cache=system.l3cache addr=0x3d7500 vaddr=0x3c6500 size=4 source=request-flag allocate=0]
[ECG-STREAM-BYPASS sim=gem5 cache=system.l3cache addr=0x3d7540 vaddr=0x3c6540 size=4 source=request-flag allocate=0]
[ECG-STREAM-BYPASS sim=gem5 cache=system.l3cache addr=0x3d7580 vaddr=0x3c6580 size=4 source=request-flag allocate=0]
[ECG-STREAM-BYPASS sim=gem5 cache=system.l3cache addr=0x3d75c0 vaddr=0x3c65c0 size=4 source=request-flag allocate=0]
[ECG-STREAM-BYPASS sim=gem5 cache=system.l3cache addr=0x3d7600 vaddr=0x3c6600 size=4 source=request-flag allocate=0]
[ECG-STREAM-BYPASS sim=gem5 cache=system.l3cache addr=0x3d7640 vaddr=0x3c6640 size=4 source=request-flag allocate=0]
[ECG-STREAM-BYPASS sim=gem5 cache=system.l3cache addr=0x3d7680 vaddr=0x3c6680 size=4 source=request-flag allocate=0]
[ECG-STREAM-BYPASS sim=gem5 cache=system.l3cache addr=0x3d76c0 vaddr=0x3c66c0 size=4 source=request-flag allocate=0]
[ECG-STREAM-BYPASS sim=gem5 cache=system.l3cache addr=0x3d7700 vaddr=0x3c6700 size=4 source=request-flag allocate=0]
[ECG-STREAM-BYPASS sim=gem5 cache=system.l3cache addr=0x3d7740 vaddr=0x3c6740 size=4 source=request-flag allocate=0]
[ECG-STREAM-BYPASS sim=gem5 cache=system.l3cache addr=0x3d7780 vaddr=0x3c6780 size=4 source=request-flag allocate=0]
[ECG-STREAM-BYPASS sim=gem5 cache=system.l3cache addr=0x3d77c0 vaddr=0x3c67c0 size=4 source=request-flag allocate=0]
[ECG-STREAM-BYPASS sim=gem5 cache=system.l3cache addr=0x3d7800 vaddr=0x3c6800 size=4 source=request-flag allocate=0]
[ECG-STREAM-BYPASS sim=gem5 cache=system.l3cache addr=0x3d7840 vaddr=0x3c6840 size=4 source=request-flag allocate=0]
[ECG-STREAM-BYPASS sim=gem5 cache=system.l3cache addr=0x3d7880 vaddr=0x3c6880 size=4 source=request-flag allocate=0]
[ECG-STREAM-BYPASS sim=gem5 cache=system.l3cache addr=0x3d78c0 vaddr=0x3c68c0 size=4 source=request-flag allocate=0]
[ECG-STREAM-BYPASS sim=gem5 cache=system.l3cache addr=0x3d7900 vaddr=0x3c6900 size=4 source=request-flag allocate=0]
[ECG-STREAM-BYPASS sim=gem5 cache=system.l3cache addr=0x3d7940 vaddr=0x3c6940 size=4 source=request-flag allocate=0]
[ECG-STREAM-BYPASS sim=gem5 cache=system.l3cache addr=0x3d7980 vaddr=0x3c6980 size=4 source=request-flag allocate=0]
[ECG-STREAM-BYPASS sim=gem5 cache=system.l3cache addr=0x3d79c0 vaddr=0x3c69c0 size=4 source=request-flag allocate=0]
[ECG-STREAM-BYPASS sim=gem5 cache=system.l3cache addr=0x3d7a00 vaddr=0x3c6a00 size=4 source=request-flag allocate=0]
[ECG-STREAM-BYPASS sim=gem5 cache=system.l3cache addr=0x3d7a40 vaddr=0x3c6a40 size=4 source=request-flag allocate=0]
[ECG-STREAM-BYPASS sim=gem5 cache=system.l3cache addr=0x3d7a80 vaddr=0x3c6a80 size=4 source=request-flag allocate=0]
[ECG-STREAM-BYPASS sim=gem5 cache=system.l3cache addr=0x3d7ac0 vaddr=0x3c6ac0 size=4 source=request-flag allocate=0]
[ECG-STREAM-BYPASS sim=gem5 cache=system.l3cache addr=0x3d7b00 vaddr=0x3c6b00 size=4 source=request-flag allocate=0]
[ECG-STREAM-BYPASS sim=gem5 cache=system.l3cache addr=0x3d7b40 vaddr=0x3c6b40 size=4 source=request-flag allocate=0]
[ECG-STREAM-BYPASS sim=gem5 cache=system.l3cache addr=0x3d7b80 vaddr=0x3c6b80 size=4 source=request-flag allocate=0]
[ECG-STREAM-BYPASS sim=gem5 cache=system.l3cache addr=0x3d7bc0 vaddr=0x3c6bc0 size=4 source=request-flag allocate=0]
[ECG-STREAM-BYPASS sim=gem5 cache=system.l3cache addr=0x3d7c00 vaddr=0x3c6c00 size=4 source=request-flag allocate=0]
[ECG-STREAM-BYPASS sim=gem5 cache=system.l3cache addr=0x3d7c40 vaddr=0x3c6c40 size=4 source=request-flag allocate=0]
[ECG-STREAM-BYPASS sim=gem5 cache=system.l3cache addr=0x3d7c80 vaddr=0x3c6c80 size=4 source=request-flag allocate=0]
[ECG-STREAM-BYPASS sim=gem5 cache=system.l3cache addr=0x3d7cc0 vaddr=0x3c6cc0 size=4 source=request-flag allocate=0]
[ECG-STREAM-BYPASS sim=gem5 cache=system.l3cache addr=0x3d7d00 vaddr=0x3c6d00 size=4 source=request-flag allocate=0]
[ECG-STREAM-BYPASS sim=gem5 cache=system.l3cache addr=0x3d7d40 vaddr=0x3c6d40 size=4 source=request-flag allocate=0]
[ECG-STREAM-BYPASS sim=gem5 cache=system.l3cache addr=0x3d7d80 vaddr=0x3c6d80 size=4 source=request-flag allocate=0]
[ECG-STREAM-BYPASS sim=gem5 cache=system.l3cache addr=0x3d7dc0 vaddr=0x3c6dc0 size=4 source=request-flag allocate=0]
[ECG-STREAM-BYPASS sim=gem5 cache=system.l3cache addr=0x3d7e00 vaddr=0x3c6e00 size=4 source=request-flag allocate=0]
[ECG-STREAM-BYPASS sim=gem5 cache=system.l3cache addr=0x3d7e40 vaddr=0x3c6e40 size=4 source=request-flag allocate=0]
[ECG-STREAM-BYPASS sim=gem5 cache=system.l3cache addr=0x3d7e80 vaddr=0x3c6e80 size=4 source=request-flag allocate=0]
[ECG-STREAM-BYPASS sim=gem5 cache=system.l3cache addr=0x3d7ec0 vaddr=0x3c6ec0 size=4 source=request-flag allocate=0]
[ECG-STREAM-BYPASS sim=gem5 cache=system.l3cache addr=0x3d7f00 vaddr=0x3c6f00 size=4 source=request-flag allocate=0]
[ECG-STREAM-BYPASS sim=gem5 cache=system.l3cache addr=0x3d7f40 vaddr=0x3c6f40 size=4 source=request-flag allocate=0]
[ECG-STREAM-BYPASS sim=gem5 cache=system.l3cache addr=0x3d7f80 vaddr=0x3c6f80 size=4 source=request-flag allocate=0]
[ECG-STREAM-BYPASS sim=gem5 cache=system.l3cache addr=0x3d7fc0 vaddr=0x3c6fc0 size=4 source=request-flag allocate=0]
[ECG-STREAM-BYPASS sim=gem5 cache=system.l3cache addr=0x3d8000 vaddr=0x3c7000 size=4 source=request-flag allocate=0]
[ECG-STREAM-BYPASS sim=gem5 cache=system.l3cache addr=0x3d8040 vaddr=0x3c7040 size=4 source=request-flag allocate=0]
[ECG-STREAM-BYPASS sim=gem5 cache=system.l3cache addr=0x3d8080 vaddr=0x3c7080 size=4 source=request-flag allocate=0]
[ECG-STREAM-BYPASS sim=gem5 cache=system.l3cache addr=0x3d80c0 vaddr=0x3c70c0 size=4 source=request-flag allocate=0]
[ECG-STREAM-BYPASS sim=gem5 cache=system.l3cache addr=0x3d8100 vaddr=0x3c7100 size=4 source=request-flag allocate=0]
[ECG-STREAM-BYPASS sim=gem5 cache=system.l3cache addr=0x3d8140 vaddr=0x3c7140 size=4 source=request-flag allocate=0]
[ECG-STREAM-BYPASS sim=gem5 cache=system.l3cache addr=0x3d8180 vaddr=0x3c7180 size=4 source=request-flag allocate=0]
[ECG-STREAM-BYPASS sim=gem5 cache=system.l3cache addr=0x3d81c0 vaddr=0x3c71c0 size=4 source=request-flag allocate=0]
[ECG-STREAM-BYPASS sim=gem5 cache=system.l3cache addr=0x3d8200 vaddr=0x3c7200 size=4 source=request-flag allocate=0]
[ECG-STREAM-BYPASS sim=gem5 cache=system.l3cache addr=0x3d8240 vaddr=0x3c7240 size=4 source=request-flag allocate=0]
[ECG-STREAM-BYPASS sim=gem5 cache=system.l3cache addr=0x3d8280 vaddr=0x3c7280 size=4 source=request-flag allocate=0]
[ECG-STREAM-BYPASS sim=gem5 cache=system.l3cache addr=0x3d82c0 vaddr=0x3c72c0 size=4 source=request-flag allocate=0]
[ECG-STREAM-BYPASS sim=gem5 cache=system.l3cache addr=0x3d8300 vaddr=0x3c7300 size=4 source=request-flag allocate=0]
[ECG-STREAM-BYPASS sim=gem5 cache=system.l3cache addr=0x3d8340 vaddr=0x3c7340 size=4 source=request-flag allocate=0]
[ECG-STREAM-BYPASS sim=gem5 cache=system.l3cache addr=0x3d8380 vaddr=0x3c7380 size=4 source=request-flag allocate=0]
[ECG-STREAM-BYPASS sim=gem5 cache=system.l3cache addr=0x3d83c0 vaddr=0x3c73c0 size=4 source=request-flag allocate=0]
[ECG-STREAM-BYPASS sim=gem5 cache=system.l3cache addr=0x3d8400 vaddr=0x3c7400 size=4 source=request-flag allocate=0]
[ECG-STREAM-BYPASS sim=gem5 cache=system.l3cache addr=0x3d8440 vaddr=0x3c7440 size=4 source=request-flag allocate=0]
[ECG-STREAM-BYPASS sim=gem5 cache=system.l3cache addr=0x3d8480 vaddr=0x3c7480 size=4 source=request-flag allocate=0]
[ECG-STREAM-BYPASS sim=gem5 cache=system.l3cache addr=0x3d84c0 vaddr=0x3c74c0 size=4 source=request-flag allocate=0]
[ECG-STREAM-BYPASS sim=gem5 cache=system.l3cache addr=0x3d8500 vaddr=0x3c7500 size=4 source=request-flag allocate=0]
[ECG-STREAM-BYPASS sim=gem5 cache=system.l3cache addr=0x3d8540 vaddr=0x3c7540 size=4 source=request-flag allocate=0]
[ECG-STREAM-BYPASS sim=gem5 cache=system.l3cache addr=0x3d8580 vaddr=0x3c7580 size=4 source=request-flag allocate=0]
[ECG-STREAM-BYPASS sim=gem5 cache=system.l3cache addr=0x3d85c0 vaddr=0x3c75c0 size=4 source=request-flag allocate=0]
[ECG-STREAM-BYPASS sim=gem5 cache=system.l3cache addr=0x3d8600 vaddr=0x3c7600 size=4 source=request-flag allocate=0]
[ECG-STREAM-BYPASS sim=gem5 cache=system.l3cache addr=0x3d8640 vaddr=0x3c7640 size=4 source=request-flag allocate=0]
[ECG-STREAM-BYPASS sim=gem5 cache=system.l3cache addr=0x3d8680 vaddr=0x3c7680 size=4 source=request-flag allocate=0]
[ECG-STREAM-BYPASS sim=gem5 cache=system.l3cache addr=0x3d86c0 vaddr=0x3c76c0 size=4 source=request-flag allocate=0]
[ECG-STREAM-BYPASS sim=gem5 cache=system.l3cache addr=0x3d8700 vaddr=0x3c7700 size=4 source=request-flag allocate=0]
[ECG-STREAM-BYPASS sim=gem5 cache=system.l3cache addr=0x3d8740 vaddr=0x3c7740 size=4 source=request-flag allocate=0]
[ECG-STREAM-BYPASS sim=gem5 cache=system.l3cache addr=0x3d8780 vaddr=0x3c7780 size=4 source=request-flag allocate=0]
[ECG-STREAM-BYPASS sim=gem5 cache=system.l3cache addr=0x3d87c0 vaddr=0x3c77c0 size=4 source=request-flag allocate=0]
[ECG-STREAM-BYPASS sim=gem5 cache=system.l3cache addr=0x3d8800 vaddr=0x3c7800 size=4 source=request-flag allocate=0]
[ECG-STREAM-BYPASS sim=gem5 cache=system.l3cache addr=0x3d8840 vaddr=0x3c7840 size=4 source=request-flag allocate=0]
[ECG-STREAM-BYPASS sim=gem5 cache=system.l3cache addr=0x3d8880 vaddr=0x3c7880 size=4 source=request-flag allocate=0]
[ECG-STREAM-BYPASS sim=gem5 cache=system.l3cache addr=0x3d88c0 vaddr=0x3c78c0 size=4 source=request-flag allocate=0]
[ECG-STREAM-BYPASS sim=gem5 cache=system.l3cache addr=0x3d8900 vaddr=0x3c7900 size=4 source=request-flag allocate=0]
[ECG-STREAM-BYPASS sim=gem5 cache=system.l3cache addr=0x3d8940 vaddr=0x3c7940 size=4 source=request-flag allocate=0]
[ECG-STREAM-BYPASS sim=gem5 cache=system.l3cache addr=0x3d8980 vaddr=0x3c7980 size=4 source=request-flag allocate=0]
[ECG-STREAM-BYPASS sim=gem5 cache=system.l3cache addr=0x3d89c0 vaddr=0x3c79c0 size=4 source=request-flag allocate=0]
[ECG-STREAM-BYPASS sim=gem5 cache=system.l3cache addr=0x3d8a00 vaddr=0x3c7a00 size=4 source=request-flag allocate=0]
[ECG-STREAM-BYPASS sim=gem5 cache=system.l3cache addr=0x3d8a40 vaddr=0x3c7a40 size=4 source=request-flag allocate=0]
[ECG-STREAM-BYPASS sim=gem5 cache=system.l3cache addr=0x3d8a80 vaddr=0x3c7a80 size=4 source=request-flag allocate=0]
[ECG-STREAM-BYPASS sim=gem5 cache=system.l3cache addr=0x3d8ac0 vaddr=0x3c7ac0 size=4 source=request-flag allocate=0]
[ECG-STREAM-BYPASS sim=gem5 cache=system.l3cache addr=0x3d8b00 vaddr=0x3c7b00 size=4 source=request-flag allocate=0]
[ECG-STREAM-BYPASS sim=gem5 cache=system.l3cache addr=0x3d8b40 vaddr=0x3c7b40 size=4 source=request-flag allocate=0]
[ECG-STREAM-BYPASS sim=gem5 cache=system.l3cache addr=0x3d8b80 vaddr=0x3c7b80 size=4 source=request-flag allocate=0]
[ECG-STREAM-BYPASS sim=gem5 cache=system.l3cache addr=0x3d8bc0 vaddr=0x3c7bc0 size=4 source=request-flag allocate=0]
[ECG-STREAM-BYPASS sim=gem5 cache=system.l3cache addr=0x3d8c00 vaddr=0x3c7c00 size=4 source=request-flag allocate=0]
[ECG-STREAM-BYPASS sim=gem5 cache=system.l3cache addr=0x3d8c40 vaddr=0x3c7c40 size=4 source=request-flag allocate=0]
[ECG-STREAM-BYPASS sim=gem5 cache=system.l3cache addr=0x3d8c80 vaddr=0x3c7c80 size=4 source=request-flag allocate=0]
[ECG-STREAM-BYPASS sim=gem5 cache=system.l3cache addr=0x3d8cc0 vaddr=0x3c7cc0 size=4 source=request-flag allocate=0]
[ECG-STREAM-BYPASS sim=gem5 cache=system.l3cache addr=0x3d8d00 vaddr=0x3c7d00 size=4 source=request-flag allocate=0]
[ECG-STREAM-BYPASS sim=gem5 cache=system.l3cache addr=0x3d8d40 vaddr=0x3c7d40 size=4 source=request-flag allocate=0]
[ECG-STREAM-BYPASS sim=gem5 cache=system.l3cache addr=0x3d8d80 vaddr=0x3c7d80 size=4 source=request-flag allocate=0]
[ECG-STREAM-BYPASS sim=gem5 cache=system.l3cache addr=0x3d8dc0 vaddr=0x3c7dc0 size=4 source=request-flag allocate=0]
[ECG-STREAM-BYPASS sim=gem5 cache=system.l3cache addr=0x3d8e00 vaddr=0x3c7e00 size=4 source=request-flag allocate=0]
[ECG-STREAM-BYPASS sim=gem5 cache=system.l3cache addr=0x3d8e40 vaddr=0x3c7e40 size=4 source=request-flag allocate=0]
[ECG-STREAM-BYPASS sim=gem5 cache=system.l3cache addr=0x3d8e80 vaddr=0x3c7e80 size=4 source=request-flag allocate=0]
[ECG-STREAM-BYPASS sim=gem5 cache=system.l3cache addr=0x3d8ec0 vaddr=0x3c7ec0 size=4 source=request-flag allocate=0]
[ECG-STREAM-BYPASS sim=gem5 cache=system.l3cache addr=0x3d8f00 vaddr=0x3c7f00 size=4 source=request-flag allocate=0]
[ECG-STREAM-BYPASS sim=gem5 cache=system.l3cache addr=0x3d8f40 vaddr=0x3c7f40 size=4 source=request-flag allocate=0]
[ECG-STREAM-BYPASS sim=gem5 cache=system.l3cache addr=0x3d8f80 vaddr=0x3c7f80 size=4 source=request-flag allocate=0]
[ECG-STREAM-BYPASS sim=gem5 cache=system.l3cache addr=0x3d8fc0 vaddr=0x3c7fc0 size=4 source=request-flag allocate=0]
[ECG-STREAM-BYPASS sim=gem5 cache=system.l3cache addr=0x3d9000 vaddr=0x3c8000 size=4 source=request-flag allocate=0]
[ECG-STREAM-BYPASS sim=gem5 cache=system.l3cache addr=0x3d9040 vaddr=0x3c8040 size=4 source=request-flag allocate=0]
[ECG-STREAM-BYPASS sim=gem5 cache=system.l3cache addr=0x3d9080 vaddr=0x3c8080 size=4 source=request-flag allocate=0]
[ECG-STREAM-BYPASS sim=gem5 cache=system.l3cache addr=0x3d90c0 vaddr=0x3c80c0 size=4 source=request-flag allocate=0]
[ECG-STREAM-BYPASS sim=gem5 cache=system.l3cache addr=0x3d9100 vaddr=0x3c8100 size=4 source=request-flag allocate=0]
[ECG-STREAM-BYPASS sim=gem5 cache=system.l3cache addr=0x3d9140 vaddr=0x3c8140 size=4 source=request-flag allocate=0]
[ECG-STREAM-BYPASS sim=gem5 cache=system.l3cache addr=0x3d9180 vaddr=0x3c8180 size=4 source=request-flag allocate=0]
[ECG-STREAM-BYPASS sim=gem5 cache=system.l3cache addr=0x3d91c0 vaddr=0x3c81c0 size=4 source=request-flag allocate=0]
[ECG-STREAM-BYPASS sim=gem5 cache=system.l3cache addr=0x3d9200 vaddr=0x3c8200 size=4 source=request-flag allocate=0]
[ECG-STREAM-BYPASS sim=gem5 cache=system.l3cache addr=0x3d9240 vaddr=0x3c8240 size=4 source=request-flag allocate=0]
[ECG-STREAM-BYPASS sim=gem5 cache=system.l3cache addr=0x3d9280 vaddr=0x3c8280 size=4 source=request-flag allocate=0]
[ECG-STREAM-BYPASS sim=gem5 cache=system.l3cache addr=0x3d92c0 vaddr=0x3c82c0 size=4 source=request-flag allocate=0]
[ECG-STREAM-BYPASS sim=gem5 cache=system.l3cache addr=0x3d9300 vaddr=0x3c8300 size=4 source=request-flag allocate=0]
[ECG-STREAM-BYPASS sim=gem5 cache=system.l3cache addr=0x3d9340 vaddr=0x3c8340 size=4 source=request-flag allocate=0]
[ECG-STREAM-BYPASS sim=gem5 cache=system.l3cache addr=0x3d9380 vaddr=0x3c8380 size=4 source=request-flag allocate=0]
[ECG-STREAM-BYPASS sim=gem5 cache=system.l3cache addr=0x3d93c0 vaddr=0x3c83c0 size=4 source=request-flag allocate=0]
[ECG-STREAM-BYPASS sim=gem5 cache=system.l3cache addr=0x3d9400 vaddr=0x3c8400 size=4 source=request-flag allocate=0]
[ECG-STREAM-BYPASS sim=gem5 cache=system.l3cache addr=0x3d9440 vaddr=0x3c8440 size=4 source=request-flag allocate=0]
[ECG-STREAM-BYPASS sim=gem5 cache=system.l3cache addr=0x3d9480 vaddr=0x3c8480 size=4 source=request-flag allocate=0]
[ECG-STREAM-BYPASS sim=gem5 cache=system.l3cache addr=0x3d94c0 vaddr=0x3c84c0 size=4 source=request-flag allocate=0]
[ECG-STREAM-BYPASS sim=gem5 cache=system.l3cache addr=0x3d9500 vaddr=0x3c8500 size=4 source=request-flag allocate=0]
[ECG-STREAM-BYPASS sim=gem5 cache=system.l3cache addr=0x3d9540 vaddr=0x3c8540 size=4 source=request-flag allocate=0]
[ECG-STREAM-BYPASS sim=gem5 cache=system.l3cache addr=0x3d9580 vaddr=0x3c8580 size=4 source=request-flag allocate=0]
[ECG-STREAM-BYPASS sim=gem5 cache=system.l3cache addr=0x3d95c0 vaddr=0x3c85c0 size=4 source=request-flag allocate=0]
[ECG-STREAM-BYPASS sim=gem5 cache=system.l3cache addr=0x3d9600 vaddr=0x3c8600 size=4 source=request-flag allocate=0]
[ECG-STREAM-BYPASS sim=gem5 cache=system.l3cache addr=0x3d9640 vaddr=0x3c8640 size=4 source=request-flag allocate=0]
[ECG-STREAM-BYPASS sim=gem5 cache=system.l3cache addr=0x3d9680 vaddr=0x3c8680 size=4 source=request-flag allocate=0]
[ECG-STREAM-BYPASS sim=gem5 cache=system.l3cache addr=0x3d96c0 vaddr=0x3c86c0 size=4 source=request-flag allocate=0]
[ECG-STREAM-BYPASS sim=gem5 cache=system.l3cache addr=0x3d9700 vaddr=0x3c8700 size=4 source=request-flag allocate=0]
[ECG-STREAM-BYPASS sim=gem5 cache=system.l3cache addr=0x3d9740 vaddr=0x3c8740 size=4 source=request-flag allocate=0]
[ECG-STREAM-BYPASS sim=gem5 cache=system.l3cache addr=0x3d9780 vaddr=0x3c8780 size=4 source=request-flag allocate=0]
[ECG-STREAM-BYPASS sim=gem5 cache=system.l3cache addr=0x3d97c0 vaddr=0x3c87c0 size=4 source=request-flag allocate=0]
[ECG-STREAM-BYPASS sim=gem5 cache=system.l3cache addr=0x3d9800 vaddr=0x3c8800 size=4 source=request-flag allocate=0]
[ECG-STREAM-BYPASS sim=gem5 cache=system.l3cache addr=0x3d9840 vaddr=0x3c8840 size=4 source=request-flag allocate=0]
[ECG-STREAM-BYPASS sim=gem5 cache=system.l3cache addr=0x3d9880 vaddr=0x3c8880 size=4 source=request-flag allocate=0]
[ECG-STREAM-BYPASS sim=gem5 cache=system.l3cache addr=0x3d98c0 vaddr=0x3c88c0 size=4 source=request-flag allocate=0]
[ECG-STREAM-BYPASS sim=gem5 cache=system.l3cache addr=0x3d9900 vaddr=0x3c8900 size=4 source=request-flag allocate=0]
[ECG-STREAM-BYPASS sim=gem5 cache=system.l3cache addr=0x3d9940 vaddr=0x3c8940 size=4 source=request-flag allocate=0]
[ECG-STREAM-BYPASS sim=gem5 cache=system.l3cache addr=0x3d9980 vaddr=0x3c8980 size=4 source=request-flag allocate=0]
[ECG-STREAM-BYPASS sim=gem5 cache=system.l3cache addr=0x3d99c0 vaddr=0x3c89c0 size=4 source=request-flag allocate=0]
[ECG-STREAM-BYPASS sim=gem5 cache=system.l3cache addr=0x3d9a00 vaddr=0x3c8a00 size=4 source=request-flag allocate=0]
[ECG-STREAM-BYPASS sim=gem5 cache=system.l3cache addr=0x3d9a40 vaddr=0x3c8a40 size=4 source=request-flag allocate=0]
[ECG-STREAM-BYPASS sim=gem5 cache=system.l3cache addr=0x3d9a80 vaddr=0x3c8a80 size=4 source=request-flag allocate=0]
[ECG-STREAM-BYPASS sim=gem5 cache=system.l3cache addr=0x3d9ac0 vaddr=0x3c8ac0 size=4 source=request-flag allocate=0]
[ECG-STREAM-BYPASS sim=gem5 cache=system.l3cache addr=0x3d9b00 vaddr=0x3c8b00 size=4 source=request-flag allocate=0]
[ECG-STREAM-BYPASS sim=gem5 cache=system.l3cache addr=0x3d9b40 vaddr=0x3c8b40 size=4 source=request-flag allocate=0]
[ECG-STREAM-BYPASS sim=gem5 cache=system.l3cache addr=0x3d9b80 vaddr=0x3c8b80 size=4 source=request-flag allocate=0]
[ECG-STREAM-BYPASS sim=gem5 cache=system.l3cache addr=0x3d9bc0 vaddr=0x3c8bc0 size=4 source=request-flag allocate=0]
[ECG-STREAM-BYPASS sim=gem5 cache=system.l3cache addr=0x3d9c00 vaddr=0x3c8c00 size=4 source=request-flag allocate=0]
[ECG-STREAM-BYPASS sim=gem5 cache=system.l3cache addr=0x3d9c40 vaddr=0x3c8c40 size=4 source=request-flag allocate=0]
[ECG-STREAM-BYPASS sim=gem5 cache=system.l3cache addr=0x3d9c80 vaddr=0x3c8c80 size=4 source=request-flag allocate=0]
[ECG-STREAM-BYPASS sim=gem5 cache=system.l3cache addr=0x3d9cc0 vaddr=0x3c8cc0 size=4 source=request-flag allocate=0]
[ECG-STREAM-BYPASS sim=gem5 cache=system.l3cache addr=0x3d9d00 vaddr=0x3c8d00 size=4 source=request-flag allocate=0]
[ECG-STREAM-BYPASS sim=gem5 cache=system.l3cache addr=0x3d9d40 vaddr=0x3c8d40 size=4 source=request-flag allocate=0]
[ECG-STREAM-BYPASS sim=gem5 cache=system.l3cache addr=0x3d9d80 vaddr=0x3c8d80 size=4 source=request-flag allocate=0]
[ECG-STREAM-BYPASS sim=gem5 cache=system.l3cache addr=0x3d9dc0 vaddr=0x3c8dc0 size=4 source=request-flag allocate=0]
[ECG-STREAM-BYPASS sim=gem5 cache=system.l3cache addr=0x3d9e00 vaddr=0x3c8e00 size=4 source=request-flag allocate=0]
[ECG-STREAM-BYPASS sim=gem5 cache=system.l3cache addr=0x3d9e40 vaddr=0x3c8e40 size=4 source=request-flag allocate=0]
[ECG-STREAM-BYPASS sim=gem5 cache=system.l3cache addr=0x3d9e80 vaddr=0x3c8e80 size=4 source=request-flag allocate=0]
[ECG-STREAM-BYPASS sim=gem5 cache=system.l3cache addr=0x3d9ec0 vaddr=0x3c8ec0 size=4 source=request-flag allocate=0]
[ECG-STREAM-BYPASS sim=gem5 cache=system.l3cache addr=0x3d9f00 vaddr=0x3c8f00 size=4 source=request-flag allocate=0]
[ECG-STREAM-BYPASS sim=gem5 cache=system.l3cache addr=0x3d9f40 vaddr=0x3c8f40 size=4 source=request-flag allocate=0]
[ECG-STREAM-BYPASS sim=gem5 cache=system.l3cache addr=0x3d9f80 vaddr=0x3c8f80 size=4 source=request-flag allocate=0]
[ECG-STREAM-BYPASS sim=gem5 cache=system.l3cache addr=0x3d9fc0 vaddr=0x3c8fc0 size=4 source=request-flag allocate=0]
[ECG-STREAM-BYPASS sim=gem5 cache=system.l3cache addr=0x3da000 vaddr=0x3c9000 size=4 source=request-flag allocate=0]
[ECG-STREAM-BYPASS sim=gem5 cache=system.l3cache addr=0x3da040 vaddr=0x3c9040 size=4 source=request-flag allocate=0]
[ECG-STREAM-BYPASS sim=gem5 cache=system.l3cache addr=0x3da080 vaddr=0x3c9080 size=4 source=request-flag allocate=0]
[ECG-STREAM-BYPASS sim=gem5 cache=system.l3cache addr=0x3da0c0 vaddr=0x3c90c0 size=4 source=request-flag allocate=0]
[ECG-STREAM-BYPASS sim=gem5 cache=system.l3cache addr=0x3da100 vaddr=0x3c9100 size=4 source=request-flag allocate=0]
[ECG-STREAM-BYPASS sim=gem5 cache=system.l3cache addr=0x3da140 vaddr=0x3c9140 size=4 source=request-flag allocate=0]
[ECG-STREAM-BYPASS sim=gem5 cache=system.l3cache addr=0x3da180 vaddr=0x3c9180 size=4 source=request-flag allocate=0]
[ECG-STREAM-BYPASS sim=gem5 cache=system.l3cache addr=0x3da1c0 vaddr=0x3c91c0 size=4 source=request-flag allocate=0]
[ECG-STREAM-BYPASS sim=gem5 cache=system.l3cache addr=0x3da200 vaddr=0x3c9200 size=4 source=request-flag allocate=0]
[ECG-STREAM-BYPASS sim=gem5 cache=system.l3cache addr=0x3da240 vaddr=0x3c9240 size=4 source=request-flag allocate=0]
[ECG-STREAM-BYPASS sim=gem5 cache=system.l3cache addr=0x3da280 vaddr=0x3c9280 size=4 source=request-flag allocate=0]
[ECG-STREAM-BYPASS sim=gem5 cache=system.l3cache addr=0x3da2c0 vaddr=0x3c92cc size=4 source=request-flag allocate=0]
[ECG-STREAM-BYPASS sim=gem5 cache=system.l3cache addr=0x3da300 vaddr=0x3c9300 size=4 source=request-flag allocate=0]
[ECG-STREAM-BYPASS sim=gem5 cache=system.l3cache addr=0x3da340 vaddr=0x3c9340 size=4 source=request-flag allocate=0]
[ECG-STREAM-BYPASS sim=gem5 cache=system.l3cache addr=0x3da380 vaddr=0x3c9380 size=4 source=request-flag allocate=0]
[ECG-STREAM-BYPASS sim=gem5 cache=system.l3cache addr=0x3da3c0 vaddr=0x3c93c0 size=4 source=request-flag allocate=0]
[ECG-STREAM-BYPASS sim=gem5 cache=system.l3cache addr=0x3da400 vaddr=0x3c9400 size=4 source=request-flag allocate=0]
[ECG-STREAM-BYPASS sim=gem5 cache=system.l3cache addr=0x3da440 vaddr=0x3c9440 size=4 source=request-flag allocate=0]
[ECG-STREAM-BYPASS sim=gem5 cache=system.l3cache addr=0x3da480 vaddr=0x3c9480 size=4 source=request-flag allocate=0]
[ECG-STREAM-BYPASS sim=gem5 cache=system.l3cache addr=0x3da4c0 vaddr=0x3c94c0 size=4 source=request-flag allocate=0]
[ECG-STREAM-BYPASS sim=gem5 cache=system.l3cache addr=0x3da500 vaddr=0x3c9500 size=4 source=request-flag allocate=0]
[ECG-STREAM-BYPASS sim=gem5 cache=system.l3cache addr=0x3da540 vaddr=0x3c9540 size=4 source=request-flag allocate=0]
[ECG-STREAM-BYPASS sim=gem5 cache=system.l3cache addr=0x3da580 vaddr=0x3c9580 size=4 source=request-flag allocate=0]
[ECG-STREAM-BYPASS sim=gem5 cache=system.l3cache addr=0x3da5c0 vaddr=0x3c95c0 size=4 source=request-flag allocate=0]
[ECG-STREAM-BYPASS sim=gem5 cache=system.l3cache addr=0x3da600 vaddr=0x3c9600 size=4 source=request-flag allocate=0]
[ECG-STREAM-BYPASS sim=gem5 cache=system.l3cache addr=0x3da640 vaddr=0x3c9640 size=4 source=request-flag allocate=0]
[ECG-STREAM-BYPASS sim=gem5 cache=system.l3cache addr=0x3da680 vaddr=0x3c9680 size=4 source=request-flag allocate=0]
[ECG-STREAM-BYPASS sim=gem5 cache=system.l3cache addr=0x3da6c0 vaddr=0x3c96c0 size=4 source=request-flag allocate=0]
[ECG-STREAM-BYPASS sim=gem5 cache=system.l3cache addr=0x3da700 vaddr=0x3c9700 size=4 source=request-flag allocate=0]
[ECG-STREAM-BYPASS sim=gem5 cache=system.l3cache addr=0x3da740 vaddr=0x3c9740 size=4 source=request-flag allocate=0]
[ECG-STREAM-BYPASS sim=gem5 cache=system.l3cache addr=0x3da780 vaddr=0x3c9780 size=4 source=request-flag allocate=0]
[ECG-STREAM-BYPASS sim=gem5 cache=system.l3cache addr=0x3da7c0 vaddr=0x3c97c0 size=4 source=request-flag allocate=0]
[ECG-STREAM-BYPASS sim=gem5 cache=system.l3cache addr=0x3da800 vaddr=0x3c9800 size=4 source=request-flag allocate=0]
[ECG-STREAM-BYPASS sim=gem5 cache=system.l3cache addr=0x3da840 vaddr=0x3c9840 size=4 source=request-flag allocate=0]
[ECG-STREAM-BYPASS sim=gem5 cache=system.l3cache addr=0x3da880 vaddr=0x3c9880 size=4 source=request-flag allocate=0]
[ECG-STREAM-BYPASS sim=gem5 cache=system.l3cache addr=0x3da8c0 vaddr=0x3c98c0 size=4 source=request-flag allocate=0]
[ECG-STREAM-BYPASS sim=gem5 cache=system.l3cache addr=0x3da900 vaddr=0x3c9900 size=4 source=request-flag allocate=0]
[ECG-STREAM-BYPASS sim=gem5 cache=system.l3cache addr=0x3da940 vaddr=0x3c9940 size=4 source=request-flag allocate=0]
[ECG-STREAM-BYPASS sim=gem5 cache=system.l3cache addr=0x3da980 vaddr=0x3c9980 size=4 source=request-flag allocate=0]
[ECG-STREAM-BYPASS sim=gem5 cache=system.l3cache addr=0x3da9c0 vaddr=0x3c99c0 size=4 source=request-flag allocate=0]
[ECG-STREAM-BYPASS sim=gem5 cache=system.l3cache addr=0x3daa00 vaddr=0x3c9a00 size=4 source=request-flag allocate=0]
[ECG-STREAM-BYPASS sim=gem5 cache=system.l3cache addr=0x3daa40 vaddr=0x3c9a40 size=4 source=request-flag allocate=0]
[ECG-STREAM-BYPASS sim=gem5 cache=system.l3cache addr=0x3daa80 vaddr=0x3c9a80 size=4 source=request-flag allocate=0]
[ECG-STREAM-BYPASS sim=gem5 cache=system.l3cache addr=0x3daac0 vaddr=0x3c9ac0 size=4 source=request-flag allocate=0]
[ECG-STREAM-BYPASS sim=gem5 cache=system.l3cache addr=0x3dab00 vaddr=0x3c9b00 size=4 source=request-flag allocate=0]
[ECG-STREAM-BYPASS sim=gem5 cache=system.l3cache addr=0x3dab40 vaddr=0x3c9b40 size=4 source=request-flag allocate=0]
[ECG-STREAM-BYPASS sim=gem5 cache=system.l3cache addr=0x3dab80 vaddr=0x3c9b80 size=4 source=request-flag allocate=0]
[ECG-STREAM-BYPASS sim=gem5 cache=system.l3cache addr=0x3dabc0 vaddr=0x3c9bc0 size=4 source=request-flag allocate=0]
[ECG-STREAM-BYPASS sim=gem5 cache=system.l3cache addr=0x3dac00 vaddr=0x3c9c00 size=4 source=request-flag allocate=0]
[ECG-STREAM-BYPASS sim=gem5 cache=system.l3cache addr=0x3dac40 vaddr=0x3c9c40 size=4 source=request-flag allocate=0]
[ECG-STREAM-BYPASS sim=gem5 cache=system.l3cache addr=0x3dac80 vaddr=0x3c9c80 size=4 source=request-flag allocate=0]
[ECG-STREAM-BYPASS sim=gem5 cache=system.l3cache addr=0x3dacc0 vaddr=0x3c9cc0 size=4 source=request-flag allocate=0]
[ECG-STREAM-BYPASS sim=gem5 cache=system.l3cache addr=0x3dad00 vaddr=0x3c9d00 size=4 source=request-flag allocate=0]
[ECG-STREAM-BYPASS sim=gem5 cache=system.l3cache addr=0x3dad40 vaddr=0x3c9d40 size=4 source=request-flag allocate=0]
[ECG-STREAM-BYPASS sim=gem5 cache=system.l3cache addr=0x3dad80 vaddr=0x3c9d80 size=4 source=request-flag allocate=0]
[ECG-STREAM-BYPASS sim=gem5 cache=system.l3cache addr=0x3dadc0 vaddr=0x3c9dc0 size=4 source=request-flag allocate=0]
[ECG-STREAM-BYPASS sim=gem5 cache=system.l3cache addr=0x3dae00 vaddr=0x3c9e00 size=4 source=request-flag allocate=0]
[ECG-STREAM-BYPASS sim=gem5 cache=system.l3cache addr=0x3dae40 vaddr=0x3c9e40 size=4 source=request-flag allocate=0]
[ECG-STREAM-BYPASS sim=gem5 cache=system.l3cache addr=0x3dae80 vaddr=0x3c9e80 size=4 source=request-flag allocate=0]
[ECG-STREAM-BYPASS sim=gem5 cache=system.l3cache addr=0x3daec0 vaddr=0x3c9ec0 size=4 source=request-flag allocate=0]
[ECG-STREAM-BYPASS sim=gem5 cache=system.l3cache addr=0x3daf00 vaddr=0x3c9f00 size=4 source=request-flag allocate=0]
[ECG-STREAM-BYPASS sim=gem5 cache=system.l3cache addr=0x3daf40 vaddr=0x3c9f40 size=4 source=request-flag allocate=0]
[ECG-STREAM-BYPASS sim=gem5 cache=system.l3cache addr=0x3daf80 vaddr=0x3c9f80 size=4 source=request-flag allocate=0]
[ECG-STREAM-BYPASS sim=gem5 cache=system.l3cache addr=0x3dafc0 vaddr=0x3c9fc0 size=4 source=request-flag allocate=0]
[ECG-STREAM-BYPASS sim=gem5 cache=system.l3cache addr=0x3db000 vaddr=0x3ca000 size=4 source=request-flag allocate=0]
[ECG-STREAM-BYPASS sim=gem5 cache=system.l3cache addr=0x3db040 vaddr=0x3ca040 size=4 source=request-flag allocate=0]
[ECG-STREAM-BYPASS sim=gem5 cache=system.l3cache addr=0x3db080 vaddr=0x3ca080 size=4 source=request-flag allocate=0]
[ECG-STREAM-BYPASS sim=gem5 cache=system.l3cache addr=0x3db0c0 vaddr=0x3ca0c0 size=4 source=request-flag allocate=0]
[ECG-STREAM-BYPASS sim=gem5 cache=system.l3cache addr=0x3db100 vaddr=0x3ca100 size=4 source=request-flag allocate=0]
[ECG-STREAM-BYPASS sim=gem5 cache=system.l3cache addr=0x3db140 vaddr=0x3ca140 size=4 source=request-flag allocate=0]
[ECG-STREAM-BYPASS sim=gem5 cache=system.l3cache addr=0x3db180 vaddr=0x3ca180 size=4 source=request-flag allocate=0]
[ECG-STREAM-BYPASS sim=gem5 cache=system.l3cache addr=0x3db1c0 vaddr=0x3ca1c0 size=4 source=request-flag allocate=0]
[ECG-STREAM-BYPASS sim=gem5 cache=system.l3cache addr=0x3db200 vaddr=0x3ca200 size=4 source=request-flag allocate=0]
[ECG-STREAM-BYPASS sim=gem5 cache=system.l3cache addr=0x3db240 vaddr=0x3ca240 size=4 source=request-flag allocate=0]
[ECG-STREAM-BYPASS sim=gem5 cache=system.l3cache addr=0x3db280 vaddr=0x3ca280 size=4 source=request-flag allocate=0]
[ECG-STREAM-BYPASS sim=gem5 cache=system.l3cache addr=0x3db2c0 vaddr=0x3ca2c0 size=4 source=request-flag allocate=0]
[ECG-STREAM-BYPASS sim=gem5 cache=system.l3cache addr=0x3db300 vaddr=0x3ca300 size=4 source=request-flag allocate=0]
[ECG-STREAM-BYPASS sim=gem5 cache=system.l3cache addr=0x3db340 vaddr=0x3ca340 size=4 source=request-flag allocate=0]
[ECG-STREAM-BYPASS sim=gem5 cache=system.l3cache addr=0x3db380 vaddr=0x3ca380 size=4 source=request-flag allocate=0]
[ECG-STREAM-BYPASS sim=gem5 cache=system.l3cache addr=0x3db3c0 vaddr=0x3ca3c0 size=4 source=request-flag allocate=0]
[ECG-STREAM-BYPASS sim=gem5 cache=system.l3cache addr=0x3db400 vaddr=0x3ca400 size=4 source=request-flag allocate=0]
[ECG-STREAM-BYPASS sim=gem5 cache=system.l3cache addr=0x3db440 vaddr=0x3ca440 size=4 source=request-flag allocate=0]
[ECG-STREAM-BYPASS sim=gem5 cache=system.l3cache addr=0x3db480 vaddr=0x3ca480 size=4 source=request-flag allocate=0]
[ECG-STREAM-BYPASS sim=gem5 cache=system.l3cache addr=0x3db4c0 vaddr=0x3ca4c0 size=4 source=request-flag allocate=0]
[ECG-STREAM-BYPASS sim=gem5 cache=system.l3cache addr=0x3db500 vaddr=0x3ca500 size=4 source=request-flag allocate=0]
[ECG-STREAM-BYPASS sim=gem5 cache=system.l3cache addr=0x3db540 vaddr=0x3ca540 size=4 source=request-flag allocate=0]
[ECG-STREAM-BYPASS sim=gem5 cache=system.l3cache addr=0x3db580 vaddr=0x3ca580 size=4 source=request-flag allocate=0]
[ECG-STREAM-BYPASS sim=gem5 cache=system.l3cache addr=0x3db5c0 vaddr=0x3ca5c0 size=4 source=request-flag allocate=0]
[ECG-STREAM-BYPASS sim=gem5 cache=system.l3cache addr=0x3db600 vaddr=0x3ca600 size=4 source=request-flag allocate=0]
[ECG-STREAM-BYPASS sim=gem5 cache=system.l3cache addr=0x3db640 vaddr=0x3ca640 size=4 source=request-flag allocate=0]
[ECG-STREAM-BYPASS sim=gem5 cache=system.l3cache addr=0x3db680 vaddr=0x3ca680 size=4 source=request-flag allocate=0]
[ECG-STREAM-BYPASS sim=gem5 cache=system.l3cache addr=0x3db6c0 vaddr=0x3ca6c0 size=4 source=request-flag allocate=0]
[ECG-STREAM-BYPASS sim=gem5 cache=system.l3cache addr=0x3db700 vaddr=0x3ca700 size=4 source=request-flag allocate=0]
[ECG-STREAM-BYPASS sim=gem5 cache=system.l3cache addr=0x3db740 vaddr=0x3ca740 size=4 source=request-flag allocate=0]
[ECG-STREAM-BYPASS sim=gem5 cache=system.l3cache addr=0x3db780 vaddr=0x3ca780 size=4 source=request-flag allocate=0]
[ECG-STREAM-BYPASS sim=gem5 cache=system.l3cache addr=0x3db7c0 vaddr=0x3ca7c0 size=4 source=request-flag allocate=0]
[ECG-STREAM-BYPASS sim=gem5 cache=system.l3cache addr=0x3db800 vaddr=0x3ca800 size=4 source=request-flag allocate=0]
[ECG-STREAM-BYPASS sim=gem5 cache=system.l3cache addr=0x3db840 vaddr=0x3ca840 size=4 source=request-flag allocate=0]
[ECG-STREAM-BYPASS sim=gem5 cache=system.l3cache addr=0x3db880 vaddr=0x3ca880 size=4 source=request-flag allocate=0]
[ECG-STREAM-BYPASS sim=gem5 cache=system.l3cache addr=0x3db8c0 vaddr=0x3ca8c0 size=4 source=request-flag allocate=0]
[ECG-STREAM-BYPASS sim=gem5 cache=system.l3cache addr=0x3db900 vaddr=0x3ca900 size=4 source=request-flag allocate=0]
[ECG-STREAM-BYPASS sim=gem5 cache=system.l3cache addr=0x3db940 vaddr=0x3ca940 size=4 source=request-flag allocate=0]
[ECG-STREAM-BYPASS sim=gem5 cache=system.l3cache addr=0x3db980 vaddr=0x3ca980 size=4 source=request-flag allocate=0]
[ECG-STREAM-BYPASS sim=gem5 cache=system.l3cache addr=0x3db9c0 vaddr=0x3ca9c0 size=4 source=request-flag allocate=0]
[ECG-STREAM-BYPASS sim=gem5 cache=system.l3cache addr=0x3dba00 vaddr=0x3caa00 size=4 source=request-flag allocate=0]
[ECG-STREAM-BYPASS sim=gem5 cache=system.l3cache addr=0x3dba40 vaddr=0x3caa40 size=4 source=request-flag allocate=0]
[ECG-STREAM-BYPASS sim=gem5 cache=system.l3cache addr=0x3dba80 vaddr=0x3caa80 size=4 source=request-flag allocate=0]
[ECG-STREAM-BYPASS sim=gem5 cache=system.l3cache addr=0x3dbac0 vaddr=0x3caac0 size=4 source=request-flag allocate=0]
[ECG-STREAM-BYPASS sim=gem5 cache=system.l3cache addr=0x3dbb00 vaddr=0x3cab00 size=4 source=request-flag allocate=0]
[ECG-STREAM-BYPASS sim=gem5 cache=system.l3cache addr=0x3dbb40 vaddr=0x3cab40 size=4 source=request-flag allocate=0]
[ECG-STREAM-BYPASS sim=gem5 cache=system.l3cache addr=0x3dbb80 vaddr=0x3cab80 size=4 source=request-flag allocate=0]
[ECG-STREAM-BYPASS sim=gem5 cache=system.l3cache addr=0x3dbbc0 vaddr=0x3cabc0 size=4 source=request-flag allocate=0]
[ECG-STREAM-BYPASS sim=gem5 cache=system.l3cache addr=0x3dbc00 vaddr=0x3cac00 size=4 source=request-flag allocate=0]
[ECG-STREAM-BYPASS sim=gem5 cache=system.l3cache addr=0x3dbc40 vaddr=0x3cac40 size=4 source=request-flag allocate=0]
[ECG-STREAM-BYPASS sim=gem5 cache=system.l3cache addr=0x3dbc80 vaddr=0x3cac80 size=4 source=request-flag allocate=0]
[ECG-STREAM-BYPASS sim=gem5 cache=system.l3cache addr=0x3dbcc0 vaddr=0x3cacc0 size=4 source=request-flag allocate=0]
[ECG-STREAM-BYPASS sim=gem5 cache=system.l3cache addr=0x3dbd00 vaddr=0x3cad00 size=4 source=request-flag allocate=0]
[ECG-STREAM-BYPASS sim=gem5 cache=system.l3cache addr=0x3dbd40 vaddr=0x3cad40 size=4 source=request-flag allocate=0]
[ECG-STREAM-BYPASS sim=gem5 cache=system.l3cache addr=0x3dbd80 vaddr=0x3cad80 size=4 source=request-flag allocate=0]
[ECG-STREAM-BYPASS sim=gem5 cache=system.l3cache addr=0x3dbdc0 vaddr=0x3cadc0 size=4 source=request-flag allocate=0]
[ECG-STREAM-BYPASS sim=gem5 cache=system.l3cache addr=0x3dbe00 vaddr=0x3cae00 size=4 source=request-flag allocate=0]
[ECG-STREAM-BYPASS sim=gem5 cache=system.l3cache addr=0x3dbe40 vaddr=0x3cae40 size=4 source=request-flag allocate=0]
[ECG-STREAM-BYPASS sim=gem5 cache=system.l3cache addr=0x3dbe80 vaddr=0x3cae80 size=4 source=request-flag allocate=0]
[ECG-STREAM-BYPASS sim=gem5 cache=system.l3cache addr=0x3dbec0 vaddr=0x3caec0 size=4 source=request-flag allocate=0]
[ECG-STREAM-BYPASS sim=gem5 cache=system.l3cache addr=0x3dbf00 vaddr=0x3caf00 size=4 source=request-flag allocate=0]
[ECG-STREAM-BYPASS sim=gem5 cache=system.l3cache addr=0x3dbf40 vaddr=0x3caf40 size=4 source=request-flag allocate=0]
[ECG-STREAM-BYPASS sim=gem5 cache=system.l3cache addr=0x3dbf80 vaddr=0x3caf80 size=4 source=request-flag allocate=0]
[ECG-STREAM-BYPASS sim=gem5 cache=system.l3cache addr=0x3dbfc0 vaddr=0x3cafc0 size=4 source=request-flag allocate=0]
[ECG-STREAM-BYPASS sim=gem5 cache=system.l3cache addr=0x3dc000 vaddr=0x3cb000 size=4 source=request-flag allocate=0]
[ECG-STREAM-BYPASS sim=gem5 cache=system.l3cache addr=0x3dc040 vaddr=0x3cb040 size=4 source=request-flag allocate=0]
[ECG-STREAM-BYPASS sim=gem5 cache=system.l3cache addr=0x3dc080 vaddr=0x3cb080 size=4 source=request-flag allocate=0]
[ECG-STREAM-BYPASS sim=gem5 cache=system.l3cache addr=0x3dc0c0 vaddr=0x3cb0c0 size=4 source=request-flag allocate=0]
[ECG-STREAM-BYPASS sim=gem5 cache=system.l3cache addr=0x3dc100 vaddr=0x3cb100 size=4 source=request-flag allocate=0]
[ECG-STREAM-BYPASS sim=gem5 cache=system.l3cache addr=0x3dc140 vaddr=0x3cb140 size=4 source=request-flag allocate=0]
[ECG-STREAM-BYPASS sim=gem5 cache=system.l3cache addr=0x3dc180 vaddr=0x3cb180 size=4 source=request-flag allocate=0]
[ECG-STREAM-BYPASS sim=gem5 cache=system.l3cache addr=0x3dc1c0 vaddr=0x3cb1c0 size=4 source=request-flag allocate=0]
[ECG-STREAM-BYPASS sim=gem5 cache=system.l3cache addr=0x3dc200 vaddr=0x3cb200 size=4 source=request-flag allocate=0]
[ECG-STREAM-BYPASS sim=gem5 cache=system.l3cache addr=0x3dc240 vaddr=0x3cb240 size=4 source=request-flag allocate=0]
[ECG-STREAM-BYPASS sim=gem5 cache=system.l3cache addr=0x3dc280 vaddr=0x3cb280 size=4 source=request-flag allocate=0]
[ECG-STREAM-BYPASS sim=gem5 cache=system.l3cache addr=0x3dc2c0 vaddr=0x3cb2c0 size=4 source=request-flag allocate=0]
[ECG-STREAM-BYPASS sim=gem5 cache=system.l3cache addr=0x3dc300 vaddr=0x3cb300 size=4 source=request-flag allocate=0]
[ECG-STREAM-BYPASS sim=gem5 cache=system.l3cache addr=0x3dc340 vaddr=0x3cb340 size=4 source=request-flag allocate=0]
[ECG-STREAM-BYPASS sim=gem5 cache=system.l3cache addr=0x3dc380 vaddr=0x3cb380 size=4 source=request-flag allocate=0]
[ECG-STREAM-BYPASS sim=gem5 cache=system.l3cache addr=0x3dc3c0 vaddr=0x3cb3c0 size=4 source=request-flag allocate=0]
[ECG-STREAM-BYPASS sim=gem5 cache=system.l3cache addr=0x3dc400 vaddr=0x3cb400 size=4 source=request-flag allocate=0]
[ECG-STREAM-BYPASS sim=gem5 cache=system.l3cache addr=0x3dc440 vaddr=0x3cb440 size=4 source=request-flag allocate=0]
[ECG-STREAM-BYPASS sim=gem5 cache=system.l3cache addr=0x3dc480 vaddr=0x3cb480 size=4 source=request-flag allocate=0]
[ECG-STREAM-BYPASS sim=gem5 cache=system.l3cache addr=0x3dc4c0 vaddr=0x3cb4c0 size=4 source=request-flag allocate=0]
[ECG-STREAM-BYPASS sim=gem5 cache=system.l3cache addr=0x3dc500 vaddr=0x3cb500 size=4 source=request-flag allocate=0]
[ECG-STREAM-BYPASS sim=gem5 cache=system.l3cache addr=0x3dc540 vaddr=0x3cb540 size=4 source=request-flag allocate=0]
[ECG-STREAM-BYPASS sim=gem5 cache=system.l3cache addr=0x3dc580 vaddr=0x3cb580 size=4 source=request-flag allocate=0]
[ECG-STREAM-BYPASS sim=gem5 cache=system.l3cache addr=0x3dc5c0 vaddr=0x3cb5c0 size=4 source=request-flag allocate=0]
[ECG-STREAM-BYPASS sim=gem5 cache=system.l3cache addr=0x3dc600 vaddr=0x3cb600 size=4 source=request-flag allocate=0]
[ECG-STREAM-BYPASS sim=gem5 cache=system.l3cache addr=0x3dc640 vaddr=0x3cb640 size=4 source=request-flag allocate=0]
[ECG-STREAM-BYPASS sim=gem5 cache=system.l3cache addr=0x3dc680 vaddr=0x3cb680 size=4 source=request-flag allocate=0]
[ECG-STREAM-BYPASS sim=gem5 cache=system.l3cache addr=0x3dc6c0 vaddr=0x3cb6c0 size=4 source=request-flag allocate=0]
[ECG-STREAM-BYPASS sim=gem5 cache=system.l3cache addr=0x3dc700 vaddr=0x3cb700 size=4 source=request-flag allocate=0]
[ECG-STREAM-BYPASS sim=gem5 cache=system.l3cache addr=0x3dc740 vaddr=0x3cb740 size=4 source=request-flag allocate=0]
[ECG-STREAM-BYPASS sim=gem5 cache=system.l3cache addr=0x3dc780 vaddr=0x3cb780 size=4 source=request-flag allocate=0]
[ECG-STREAM-BYPASS sim=gem5 cache=system.l3cache addr=0x3dc7c0 vaddr=0x3cb7c0 size=4 source=request-flag allocate=0]
[ECG-STREAM-BYPASS sim=gem5 cache=system.l3cache addr=0x3dc800 vaddr=0x3cb800 size=4 source=request-flag allocate=0]
[ECG-STREAM-BYPASS sim=gem5 cache=system.l3cache addr=0x3dc840 vaddr=0x3cb840 size=4 source=request-flag allocate=0]
[ECG-STREAM-BYPASS sim=gem5 cache=system.l3cache addr=0x3dc880 vaddr=0x3cb880 size=4 source=request-flag allocate=0]
[ECG-STREAM-BYPASS sim=gem5 cache=system.l3cache addr=0x3dc8c0 vaddr=0x3cb8c0 size=4 source=request-flag allocate=0]
[ECG-STREAM-BYPASS sim=gem5 cache=system.l3cache addr=0x3dc900 vaddr=0x3cb900 size=4 source=request-flag allocate=0]
[ECG-STREAM-BYPASS sim=gem5 cache=system.l3cache addr=0x3dc940 vaddr=0x3cb940 size=4 source=request-flag allocate=0]
[ECG-STREAM-BYPASS sim=gem5 cache=system.l3cache addr=0x3dc980 vaddr=0x3cb980 size=4 source=request-flag allocate=0]
[ECG-STREAM-BYPASS sim=gem5 cache=system.l3cache addr=0x3dc9c0 vaddr=0x3cb9c0 size=4 source=request-flag allocate=0]
[ECG-STREAM-BYPASS sim=gem5 cache=system.l3cache addr=0x3dca00 vaddr=0x3cba00 size=4 source=request-flag allocate=0]
[ECG-STREAM-BYPASS sim=gem5 cache=system.l3cache addr=0x3dca40 vaddr=0x3cba40 size=4 source=request-flag allocate=0]
[ECG-STREAM-BYPASS sim=gem5 cache=system.l3cache addr=0x3dca80 vaddr=0x3cba80 size=4 source=request-flag allocate=0]
[ECG-STREAM-BYPASS sim=gem5 cache=system.l3cache addr=0x3dcac0 vaddr=0x3cbac0 size=4 source=request-flag allocate=0]
[ECG-STREAM-BYPASS sim=gem5 cache=system.l3cache addr=0x3dcb00 vaddr=0x3cbb00 size=4 source=request-flag allocate=0]
[ECG-STREAM-BYPASS sim=gem5 cache=system.l3cache addr=0x3dcb40 vaddr=0x3cbb40 size=4 source=request-flag allocate=0]
[ECG-STREAM-BYPASS sim=gem5 cache=system.l3cache addr=0x3dcb80 vaddr=0x3cbb80 size=4 source=request-flag allocate=0]
[ECG-STREAM-BYPASS sim=gem5 cache=system.l3cache addr=0x3dcbc0 vaddr=0x3cbbc0 size=4 source=request-flag allocate=0]
[ECG-STREAM-BYPASS sim=gem5 cache=system.l3cache addr=0x3dcc00 vaddr=0x3cbc00 size=4 source=request-flag allocate=0]
[ECG-STREAM-BYPASS sim=gem5 cache=system.l3cache addr=0x3dcc40 vaddr=0x3cbc40 size=4 source=request-flag allocate=0]
[ECG-STREAM-BYPASS sim=gem5 cache=system.l3cache addr=0x3dcc80 vaddr=0x3cbc80 size=4 source=request-flag allocate=0]
[ECG-STREAM-BYPASS sim=gem5 cache=system.l3cache addr=0x3dccc0 vaddr=0x3cbcc0 size=4 source=request-flag allocate=0]
[ECG-STREAM-BYPASS sim=gem5 cache=system.l3cache addr=0x3dcd00 vaddr=0x3cbd00 size=4 source=request-flag allocate=0]
[ECG-STREAM-BYPASS sim=gem5 cache=system.l3cache addr=0x3dcd40 vaddr=0x3cbd40 size=4 source=request-flag allocate=0]
[ECG-STREAM-BYPASS sim=gem5 cache=system.l3cache addr=0x3dcd80 vaddr=0x3cbd80 size=4 source=request-flag allocate=0]
[ECG-STREAM-BYPASS sim=gem5 cache=system.l3cache addr=0x3dcdc0 vaddr=0x3cbdc0 size=4 source=request-flag allocate=0]
[ECG-STREAM-BYPASS sim=gem5 cache=system.l3cache addr=0x3dce00 vaddr=0x3cbe00 size=4 source=request-flag allocate=0]
[ECG-STREAM-BYPASS sim=gem5 cache=system.l3cache addr=0x3dce40 vaddr=0x3cbe40 size=4 source=request-flag allocate=0]
[ECG-STREAM-BYPASS sim=gem5 cache=system.l3cache addr=0x3dce80 vaddr=0x3cbe80 size=4 source=request-flag allocate=0]
[ECG-STREAM-BYPASS sim=gem5 cache=system.l3cache addr=0x3dcec0 vaddr=0x3cbec0 size=4 source=request-flag allocate=0]
[ECG-STREAM-BYPASS sim=gem5 cache=system.l3cache addr=0x3dcf00 vaddr=0x3cbf00 size=4 source=request-flag allocate=0]
[ECG-STREAM-BYPASS sim=gem5 cache=system.l3cache addr=0x3dcf40 vaddr=0x3cbf40 size=4 source=request-flag allocate=0]
[ECG-STREAM-BYPASS sim=gem5 cache=system.l3cache addr=0x3dcf80 vaddr=0x3cbf80 size=4 source=request-flag allocate=0]
[ECG-STREAM-BYPASS sim=gem5 cache=system.l3cache addr=0x3dcfc0 vaddr=0x3cbfc0 size=4 source=request-flag allocate=0]
[ECG-STREAM-BYPASS sim=gem5 cache=system.l3cache addr=0x3dd000 vaddr=0x3cc000 size=4 source=request-flag allocate=0]
[ECG-STREAM-BYPASS sim=gem5 cache=system.l3cache addr=0x3dd040 vaddr=0x3cc040 size=4 source=request-flag allocate=0]
[ECG-STREAM-BYPASS sim=gem5 cache=system.l3cache addr=0x3dd080 vaddr=0x3cc080 size=4 source=request-flag allocate=0]
[ECG-STREAM-BYPASS sim=gem5 cache=system.l3cache addr=0x3dd0c0 vaddr=0x3cc0c0 size=4 source=request-flag allocate=0]
[ECG-STREAM-BYPASS sim=gem5 cache=system.l3cache addr=0x3dd100 vaddr=0x3cc100 size=4 source=request-flag allocate=0]
[ECG-STREAM-BYPASS sim=gem5 cache=system.l3cache addr=0x3dd140 vaddr=0x3cc140 size=4 source=request-flag allocate=0]
[ECG-STREAM-BYPASS sim=gem5 cache=system.l3cache addr=0x3dd180 vaddr=0x3cc180 size=4 source=request-flag allocate=0]
[ECG-STREAM-BYPASS sim=gem5 cache=system.l3cache addr=0x3dd1c0 vaddr=0x3cc1c0 size=4 source=request-flag allocate=0]
[ECG-STREAM-BYPASS sim=gem5 cache=system.l3cache addr=0x3dd200 vaddr=0x3cc200 size=4 source=request-flag allocate=0]
[ECG-STREAM-BYPASS sim=gem5 cache=system.l3cache addr=0x3dd240 vaddr=0x3cc240 size=4 source=request-flag allocate=0]
[ECG-STREAM-BYPASS sim=gem5 cache=system.l3cache addr=0x3dd280 vaddr=0x3cc280 size=4 source=request-flag allocate=0]
[ECG-STREAM-BYPASS sim=gem5 cache=system.l3cache addr=0x3dd2c0 vaddr=0x3cc2c0 size=4 source=request-flag allocate=0]
[ECG-STREAM-BYPASS sim=gem5 cache=system.l3cache addr=0x3dd300 vaddr=0x3cc300 size=4 source=request-flag allocate=0]
[ECG-STREAM-BYPASS sim=gem5 cache=system.l3cache addr=0x3dd340 vaddr=0x3cc340 size=4 source=request-flag allocate=0]
[ECG-STREAM-BYPASS sim=gem5 cache=system.l3cache addr=0x3dd380 vaddr=0x3cc380 size=4 source=request-flag allocate=0]
[ECG-STREAM-BYPASS sim=gem5 cache=system.l3cache addr=0x3dd3c0 vaddr=0x3cc3c0 size=4 source=request-flag allocate=0]
[ECG-STREAM-BYPASS sim=gem5 cache=system.l3cache addr=0x3dd400 vaddr=0x3cc400 size=4 source=request-flag allocate=0]
[ECG-STREAM-BYPASS sim=gem5 cache=system.l3cache addr=0x3dd440 vaddr=0x3cc440 size=4 source=request-flag allocate=0]
[ECG-STREAM-BYPASS sim=gem5 cache=system.l3cache addr=0x3dd480 vaddr=0x3cc480 size=4 source=request-flag allocate=0]
[ECG-STREAM-BYPASS sim=gem5 cache=system.l3cache addr=0x3dd4c0 vaddr=0x3cc4c0 size=4 source=request-flag allocate=0]
[ECG-STREAM-BYPASS sim=gem5 cache=system.l3cache addr=0x3dd500 vaddr=0x3cc500 size=4 source=request-flag allocate=0]
[ECG-STREAM-BYPASS sim=gem5 cache=system.l3cache addr=0x3dd540 vaddr=0x3cc540 size=4 source=request-flag allocate=0]
[ECG-STREAM-BYPASS sim=gem5 cache=system.l3cache addr=0x3dd580 vaddr=0x3cc580 size=4 source=request-flag allocate=0]
[ECG-STREAM-BYPASS sim=gem5 cache=system.l3cache addr=0x3dd5c0 vaddr=0x3cc5c0 size=4 source=request-flag allocate=0]
[ECG-STREAM-BYPASS sim=gem5 cache=system.l3cache addr=0x3dd600 vaddr=0x3cc600 size=4 source=request-flag allocate=0]
[ECG-STREAM-BYPASS sim=gem5 cache=system.l3cache addr=0x3dd640 vaddr=0x3cc640 size=4 source=request-flag allocate=0]
[ECG-STREAM-BYPASS sim=gem5 cache=system.l3cache addr=0x3dd680 vaddr=0x3cc680 size=4 source=request-flag allocate=0]
[ECG-STREAM-BYPASS sim=gem5 cache=system.l3cache addr=0x3dd6c0 vaddr=0x3cc6c0 size=4 source=request-flag allocate=0]
[ECG-STREAM-BYPASS sim=gem5 cache=system.l3cache addr=0x3dd700 vaddr=0x3cc700 size=4 source=request-flag allocate=0]
[ECG-STREAM-BYPASS sim=gem5 cache=system.l3cache addr=0x3dd740 vaddr=0x3cc740 size=4 source=request-flag allocate=0]
[ECG-STREAM-BYPASS sim=gem5 cache=system.l3cache addr=0x3dd780 vaddr=0x3cc780 size=4 source=request-flag allocate=0]
[ECG-STREAM-BYPASS sim=gem5 cache=system.l3cache addr=0x3dd7c0 vaddr=0x3cc7c0 size=4 source=request-flag allocate=0]
[ECG-STREAM-BYPASS sim=gem5 cache=system.l3cache addr=0x3dd800 vaddr=0x3cc800 size=4 source=request-flag allocate=0]
[ECG-STREAM-BYPASS sim=gem5 cache=system.l3cache addr=0x3dd840 vaddr=0x3cc840 size=4 source=request-flag allocate=0]
[ECG-STREAM-BYPASS sim=gem5 cache=system.l3cache addr=0x3dd880 vaddr=0x3cc880 size=4 source=request-flag allocate=0]
[ECG-STREAM-BYPASS sim=gem5 cache=system.l3cache addr=0x3dd8c0 vaddr=0x3cc8c0 size=4 source=request-flag allocate=0]
[ECG-STREAM-BYPASS sim=gem5 cache=system.l3cache addr=0x3dd900 vaddr=0x3cc900 size=4 source=request-flag allocate=0]
[ECG-STREAM-BYPASS sim=gem5 cache=system.l3cache addr=0x3dd940 vaddr=0x3cc940 size=4 source=request-flag allocate=0]
[ECG-STREAM-BYPASS sim=gem5 cache=system.l3cache addr=0x3dd980 vaddr=0x3cc980 size=4 source=request-flag allocate=0]
[ECG-STREAM-BYPASS sim=gem5 cache=system.l3cache addr=0x3dd9c0 vaddr=0x3cc9c0 size=4 source=request-flag allocate=0]
[ECG-STREAM-BYPASS sim=gem5 cache=system.l3cache addr=0x3dda00 vaddr=0x3cca00 size=4 source=request-flag allocate=0]
[ECG-STREAM-BYPASS sim=gem5 cache=system.l3cache addr=0x3dda40 vaddr=0x3cca40 size=4 source=request-flag allocate=0]
[ECG-STREAM-BYPASS sim=gem5 cache=system.l3cache addr=0x3dda80 vaddr=0x3cca80 size=4 source=request-flag allocate=0]
[ECG-STREAM-BYPASS sim=gem5 cache=system.l3cache addr=0x3ddac0 vaddr=0x3ccac0 size=4 source=request-flag allocate=0]
[ECG-STREAM-BYPASS sim=gem5 cache=system.l3cache addr=0x3ddb00 vaddr=0x3ccb00 size=4 source=request-flag allocate=0]
[ECG-STREAM-BYPASS sim=gem5 cache=system.l3cache addr=0x3ddb40 vaddr=0x3ccb40 size=4 source=request-flag allocate=0]
[ECG-STREAM-BYPASS sim=gem5 cache=system.l3cache addr=0x3ddb80 vaddr=0x3ccb80 size=4 source=request-flag allocate=0]
[ECG-STREAM-BYPASS sim=gem5 cache=system.l3cache addr=0x3ddbc0 vaddr=0x3ccbc0 size=4 source=request-flag allocate=0]
[ECG-STREAM-BYPASS sim=gem5 cache=system.l3cache addr=0x3ddc00 vaddr=0x3ccc00 size=4 source=request-flag allocate=0]
[ECG-STREAM-BYPASS sim=gem5 cache=system.l3cache addr=0x3ddc40 vaddr=0x3ccc40 size=4 source=request-flag allocate=0]
[ECG-STREAM-BYPASS sim=gem5 cache=system.l3cache addr=0x3ddc80 vaddr=0x3ccc80 size=4 source=request-flag allocate=0]
[ECG-STREAM-BYPASS sim=gem5 cache=system.l3cache addr=0x3ddcc0 vaddr=0x3cccc0 size=4 source=request-flag allocate=0]
[ECG-STREAM-BYPASS sim=gem5 cache=system.l3cache addr=0x3ddd00 vaddr=0x3ccd00 size=4 source=request-flag allocate=0]
[ECG-STREAM-BYPASS sim=gem5 cache=system.l3cache addr=0x3ddd40 vaddr=0x3ccd40 size=4 source=request-flag allocate=0]
[ECG-STREAM-BYPASS sim=gem5 cache=system.l3cache addr=0x3ddd80 vaddr=0x3ccd80 size=4 source=request-flag allocate=0]
[ECG-STREAM-BYPASS sim=gem5 cache=system.l3cache addr=0x3dddc0 vaddr=0x3ccdc0 size=4 source=request-flag allocate=0]
[ECG-STREAM-BYPASS sim=gem5 cache=system.l3cache addr=0x3dde00 vaddr=0x3cce00 size=4 source=request-flag allocate=0]
[ECG-STREAM-BYPASS sim=gem5 cache=system.l3cache addr=0x3dde40 vaddr=0x3cce40 size=4 source=request-flag allocate=0]
[ECG-STREAM-BYPASS sim=gem5 cache=system.l3cache addr=0x3dde80 vaddr=0x3cce80 size=4 source=request-flag allocate=0]
[ECG-STREAM-BYPASS sim=gem5 cache=system.l3cache addr=0x3ddec0 vaddr=0x3ccec0 size=4 source=request-flag allocate=0]
[ECG-STREAM-BYPASS sim=gem5 cache=system.l3cache addr=0x3ddf00 vaddr=0x3ccf00 size=4 source=request-flag allocate=0]
[ECG-STREAM-BYPASS sim=gem5 cache=system.l3cache addr=0x3ddf40 vaddr=0x3ccf40 size=4 source=request-flag allocate=0]
[ECG-STREAM-BYPASS sim=gem5 cache=system.l3cache addr=0x3ddf80 vaddr=0x3ccf80 size=4 source=request-flag allocate=0]
[ECG-STREAM-BYPASS sim=gem5 cache=system.l3cache addr=0x3ddfc0 vaddr=0x3ccfc0 size=4 source=request-flag allocate=0]
[ECG-STREAM-BYPASS sim=gem5 cache=system.l3cache addr=0x3ba000 vaddr=0x3cd000 size=4 source=request-flag allocate=0]
[ECG-STREAM-BYPASS sim=gem5 cache=system.l3cache addr=0x3ba040 vaddr=0x3cd040 size=4 source=request-flag allocate=0]
[ECG-STREAM-BYPASS sim=gem5 cache=system.l3cache addr=0x3ba080 vaddr=0x3cd080 size=4 source=request-flag allocate=0]
[ECG-STREAM-BYPASS sim=gem5 cache=system.l3cache addr=0x3ba0c0 vaddr=0x3cd0c0 size=4 source=request-flag allocate=0]
[ECG-STREAM-BYPASS sim=gem5 cache=system.l3cache addr=0x3ba100 vaddr=0x3cd100 size=4 source=request-flag allocate=0]
[ECG-STREAM-BYPASS sim=gem5 cache=system.l3cache addr=0x3ba140 vaddr=0x3cd140 size=4 source=request-flag allocate=0]
[ECG-STREAM-BYPASS sim=gem5 cache=system.l3cache addr=0x3ba180 vaddr=0x3cd180 size=4 source=request-flag allocate=0]
[ECG-STREAM-BYPASS sim=gem5 cache=system.l3cache addr=0x3ba1c0 vaddr=0x3cd1c0 size=4 source=request-flag allocate=0]
[ECG-STREAM-BYPASS sim=gem5 cache=system.l3cache addr=0x3ba200 vaddr=0x3cd200 size=4 source=request-flag allocate=0]
[ECG-STREAM-BYPASS sim=gem5 cache=system.l3cache addr=0x3ba240 vaddr=0x3cd240 size=4 source=request-flag allocate=0]
[ECG-STREAM-BYPASS sim=gem5 cache=system.l3cache addr=0x3ba280 vaddr=0x3cd280 size=4 source=request-flag allocate=0]
[ECG-STREAM-BYPASS sim=gem5 cache=system.l3cache addr=0x3ba2c0 vaddr=0x3cd2c0 size=4 source=request-flag allocate=0]
[ECG-STREAM-BYPASS sim=gem5 cache=system.l3cache addr=0x3ba300 vaddr=0x3cd300 size=4 source=request-flag allocate=0]
[ECG-STREAM-BYPASS sim=gem5 cache=system.l3cache addr=0x3ba340 vaddr=0x3cd340 size=4 source=request-flag allocate=0]
[ECG-STREAM-BYPASS sim=gem5 cache=system.l3cache addr=0x3ba380 vaddr=0x3cd380 size=4 source=request-flag allocate=0]
[ECG-STREAM-BYPASS sim=gem5 cache=system.l3cache addr=0x3ba3c0 vaddr=0x3cd3c0 size=4 source=request-flag allocate=0]
[ECG-STREAM-BYPASS sim=gem5 cache=system.l3cache addr=0x3ba400 vaddr=0x3cd400 size=4 source=request-flag allocate=0]
[ECG-STREAM-BYPASS sim=gem5 cache=system.l3cache addr=0x3ba440 vaddr=0x3cd440 size=4 source=request-flag allocate=0]
[ECG-STREAM-BYPASS sim=gem5 cache=system.l3cache addr=0x3ba480 vaddr=0x3cd480 size=4 source=request-flag allocate=0]
[ECG-STREAM-BYPASS sim=gem5 cache=system.l3cache addr=0x3ba4c0 vaddr=0x3cd4c0 size=4 source=request-flag allocate=0]
[ECG-STREAM-BYPASS sim=gem5 cache=system.l3cache addr=0x3ba500 vaddr=0x3cd500 size=4 source=request-flag allocate=0]
[ECG-STREAM-BYPASS sim=gem5 cache=system.l3cache addr=0x3ba540 vaddr=0x3cd540 size=4 source=request-flag allocate=0]
[ECG-STREAM-BYPASS sim=gem5 cache=system.l3cache addr=0x3ba580 vaddr=0x3cd580 size=4 source=request-flag allocate=0]
[ECG-STREAM-BYPASS sim=gem5 cache=system.l3cache addr=0x3ba5c0 vaddr=0x3cd5c0 size=4 source=request-flag allocate=0]
[ECG-STREAM-BYPASS sim=gem5 cache=system.l3cache addr=0x3ba600 vaddr=0x3cd600 size=4 source=request-flag allocate=0]
[ECG-STREAM-BYPASS sim=gem5 cache=system.l3cache addr=0x3ba640 vaddr=0x3cd640 size=4 source=request-flag allocate=0]
[ECG-STREAM-BYPASS sim=gem5 cache=system.l3cache addr=0x3ba680 vaddr=0x3cd680 size=4 source=request-flag allocate=0]
[ECG-STREAM-BYPASS sim=gem5 cache=system.l3cache addr=0x3ba6c0 vaddr=0x3cd6c0 size=4 source=request-flag allocate=0]
[ECG-STREAM-BYPASS sim=gem5 cache=system.l3cache addr=0x3ba700 vaddr=0x3cd700 size=4 source=request-flag allocate=0]
[ECG-STREAM-BYPASS sim=gem5 cache=system.l3cache addr=0x3ba740 vaddr=0x3cd740 size=4 source=request-flag allocate=0]
[ECG-STREAM-BYPASS sim=gem5 cache=system.l3cache addr=0x3ba780 vaddr=0x3cd780 size=4 source=request-flag allocate=0]
[ECG-STREAM-BYPASS sim=gem5 cache=system.l3cache addr=0x3ba7c0 vaddr=0x3cd7c0 size=4 source=request-flag allocate=0]
[ECG-STREAM-BYPASS sim=gem5 cache=system.l3cache addr=0x3ba800 vaddr=0x3cd800 size=4 source=request-flag allocate=0]
[ECG-STREAM-BYPASS sim=gem5 cache=system.l3cache addr=0x3ba840 vaddr=0x3cd840 size=4 source=request-flag allocate=0]
[ECG-STREAM-BYPASS sim=gem5 cache=system.l3cache addr=0x3ba880 vaddr=0x3cd880 size=4 source=request-flag allocate=0]
[ECG-STREAM-BYPASS sim=gem5 cache=system.l3cache addr=0x3ba8c0 vaddr=0x3cd8c0 size=4 source=request-flag allocate=0]
[ECG-STREAM-BYPASS sim=gem5 cache=system.l3cache addr=0x3ba900 vaddr=0x3cd900 size=4 source=request-flag allocate=0]
[ECG-STREAM-BYPASS sim=gem5 cache=system.l3cache addr=0x3ba940 vaddr=0x3cd940 size=4 source=request-flag allocate=0]
[ECG-STREAM-BYPASS sim=gem5 cache=system.l3cache addr=0x3ba980 vaddr=0x3cd980 size=4 source=request-flag allocate=0]
[ECG-STREAM-BYPASS sim=gem5 cache=system.l3cache addr=0x3ba9c0 vaddr=0x3cd9c0 size=4 source=request-flag allocate=0]
[ECG-STREAM-BYPASS sim=gem5 cache=system.l3cache addr=0x3baa00 vaddr=0x3cda00 size=4 source=request-flag allocate=0]
[ECG-STREAM-BYPASS sim=gem5 cache=system.l3cache addr=0x3baa40 vaddr=0x3cda40 size=4 source=request-flag allocate=0]
[ECG-STREAM-BYPASS sim=gem5 cache=system.l3cache addr=0x3baa80 vaddr=0x3cda80 size=4 source=request-flag allocate=0]
[ECG-STREAM-BYPASS sim=gem5 cache=system.l3cache addr=0x3baac0 vaddr=0x3cdac0 size=4 source=request-flag allocate=0]
[ECG-STREAM-BYPASS sim=gem5 cache=system.l3cache addr=0x3bab00 vaddr=0x3cdb00 size=4 source=request-flag allocate=0]
[ECG-STREAM-BYPASS sim=gem5 cache=system.l3cache addr=0x3bab40 vaddr=0x3cdb40 size=4 source=request-flag allocate=0]
[ECG-STREAM-BYPASS sim=gem5 cache=system.l3cache addr=0x3bab80 vaddr=0x3cdb80 size=4 source=request-flag allocate=0]
[ECG-STREAM-BYPASS sim=gem5 cache=system.l3cache addr=0x3babc0 vaddr=0x3cdbc0 size=4 source=request-flag allocate=0]
[ECG-STREAM-BYPASS sim=gem5 cache=system.l3cache addr=0x3bac00 vaddr=0x3cdc00 size=4 source=request-flag allocate=0]
[ECG-STREAM-BYPASS sim=gem5 cache=system.l3cache addr=0x3bac40 vaddr=0x3cdc40 size=4 source=request-flag allocate=0]
[ECG-STREAM-BYPASS sim=gem5 cache=system.l3cache addr=0x3bac80 vaddr=0x3cdc80 size=4 source=request-flag allocate=0]
[ECG-STREAM-BYPASS sim=gem5 cache=system.l3cache addr=0x3bacc0 vaddr=0x3cdcc0 size=4 source=request-flag allocate=0]
[ECG-STREAM-BYPASS sim=gem5 cache=system.l3cache addr=0x3bad00 vaddr=0x3cdd00 size=4 source=request-flag allocate=0]
[ECG-STREAM-BYPASS sim=gem5 cache=system.l3cache addr=0x3bad40 vaddr=0x3cdd40 size=4 source=request-flag allocate=0]
[ECG-STREAM-BYPASS sim=gem5 cache=system.l3cache addr=0x3bad80 vaddr=0x3cdd80 size=4 source=request-flag allocate=0]
[ECG-STREAM-BYPASS sim=gem5 cache=system.l3cache addr=0x3badc0 vaddr=0x3cddc0 size=4 source=request-flag allocate=0]
[ECG-STREAM-BYPASS sim=gem5 cache=system.l3cache addr=0x3bae00 vaddr=0x3cde00 size=4 source=request-flag allocate=0]
[ECG-STREAM-BYPASS sim=gem5 cache=system.l3cache addr=0x3bae40 vaddr=0x3cde40 size=4 source=request-flag allocate=0]
[ECG-STREAM-BYPASS sim=gem5 cache=system.l3cache addr=0x3bae80 vaddr=0x3cde80 size=4 source=request-flag allocate=0]
[ECG-STREAM-BYPASS sim=gem5 cache=system.l3cache addr=0x3baec0 vaddr=0x3cdec0 size=4 source=request-flag allocate=0]
[ECG-STREAM-BYPASS sim=gem5 cache=system.l3cache addr=0x3baf00 vaddr=0x3cdf00 size=4 source=request-flag allocate=0]
[ECG-STREAM-BYPASS sim=gem5 cache=system.l3cache addr=0x3baf40 vaddr=0x3cdf40 size=4 source=request-flag allocate=0]
[ECG-STREAM-BYPASS sim=gem5 cache=system.l3cache addr=0x3baf80 vaddr=0x3cdf80 size=4 source=request-flag allocate=0]
[ECG-STREAM-BYPASS sim=gem5 cache=system.l3cache addr=0x3bafc0 vaddr=0x3cdfc0 size=4 source=request-flag allocate=0]
[ECG-STREAM-BYPASS sim=gem5 cache=system.l3cache addr=0x3bc000 vaddr=0x3ce000 size=4 source=request-flag allocate=0]
[ECG-STREAM-BYPASS sim=gem5 cache=system.l3cache addr=0x3bc040 vaddr=0x3ce040 size=4 source=request-flag allocate=0]
[ECG-STREAM-BYPASS sim=gem5 cache=system.l3cache addr=0x3bc080 vaddr=0x3ce080 size=4 source=request-flag allocate=0]
[ECG-STREAM-BYPASS sim=gem5 cache=system.l3cache addr=0x3bc0c0 vaddr=0x3ce0c0 size=4 source=request-flag allocate=0]
[ECG-STREAM-BYPASS sim=gem5 cache=system.l3cache addr=0x3bc100 vaddr=0x3ce100 size=4 source=request-flag allocate=0]
[ECG-STREAM-BYPASS sim=gem5 cache=system.l3cache addr=0x3bc140 vaddr=0x3ce140 size=4 source=request-flag allocate=0]
[ECG-STREAM-BYPASS sim=gem5 cache=system.l3cache addr=0x3bc180 vaddr=0x3ce180 size=4 source=request-flag allocate=0]
[ECG-STREAM-BYPASS sim=gem5 cache=system.l3cache addr=0x3bc1c0 vaddr=0x3ce1c0 size=4 source=request-flag allocate=0]
[ECG-STREAM-BYPASS sim=gem5 cache=system.l3cache addr=0x3bc200 vaddr=0x3ce200 size=4 source=request-flag allocate=0]
[ECG-STREAM-BYPASS sim=gem5 cache=system.l3cache addr=0x3bc240 vaddr=0x3ce240 size=4 source=request-flag allocate=0]
[ECG-STREAM-BYPASS sim=gem5 cache=system.l3cache addr=0x3bc280 vaddr=0x3ce280 size=4 source=request-flag allocate=0]
[ECG-STREAM-BYPASS sim=gem5 cache=system.l3cache addr=0x3bc2c0 vaddr=0x3ce2c0 size=4 source=request-flag allocate=0]
[ECG-STREAM-BYPASS sim=gem5 cache=system.l3cache addr=0x3bc300 vaddr=0x3ce300 size=4 source=request-flag allocate=0]
[ECG-STREAM-BYPASS sim=gem5 cache=system.l3cache addr=0x3bc340 vaddr=0x3ce340 size=4 source=request-flag allocate=0]
[ECG-STREAM-BYPASS sim=gem5 cache=system.l3cache addr=0x3bc380 vaddr=0x3ce380 size=4 source=request-flag allocate=0]
[ECG-STREAM-BYPASS sim=gem5 cache=system.l3cache addr=0x3bc3c0 vaddr=0x3ce3c0 size=4 source=request-flag allocate=0]
[ECG-STREAM-BYPASS sim=gem5 cache=system.l3cache addr=0x3bc400 vaddr=0x3ce400 size=4 source=request-flag allocate=0]
[ECG-STREAM-BYPASS sim=gem5 cache=system.l3cache addr=0x3bc440 vaddr=0x3ce440 size=4 source=request-flag allocate=0]
[ECG-STREAM-BYPASS sim=gem5 cache=system.l3cache addr=0x3bc480 vaddr=0x3ce480 size=4 source=request-flag allocate=0]
[ECG-STREAM-BYPASS sim=gem5 cache=system.l3cache addr=0x3bc4c0 vaddr=0x3ce4c0 size=4 source=request-flag allocate=0]
[ECG-STREAM-BYPASS sim=gem5 cache=system.l3cache addr=0x3bc500 vaddr=0x3ce500 size=4 source=request-flag allocate=0]
[ECG-STREAM-BYPASS sim=gem5 cache=system.l3cache addr=0x3bc540 vaddr=0x3ce540 size=4 source=request-flag allocate=0]
[ECG-STREAM-BYPASS sim=gem5 cache=system.l3cache addr=0x3bc580 vaddr=0x3ce580 size=4 source=request-flag allocate=0]
[ECG-STREAM-BYPASS sim=gem5 cache=system.l3cache addr=0x3bc5c0 vaddr=0x3ce5c0 size=4 source=request-flag allocate=0]
[ECG-STREAM-BYPASS sim=gem5 cache=system.l3cache addr=0x3bc600 vaddr=0x3ce600 size=4 source=request-flag allocate=0]
[ECG-STREAM-BYPASS sim=gem5 cache=system.l3cache addr=0x3bc640 vaddr=0x3ce640 size=4 source=request-flag allocate=0]
[ECG-STREAM-BYPASS sim=gem5 cache=system.l3cache addr=0x3bc680 vaddr=0x3ce680 size=4 source=request-flag allocate=0]
[ECG-STREAM-BYPASS sim=gem5 cache=system.l3cache addr=0x3bc6c0 vaddr=0x3ce6c0 size=4 source=request-flag allocate=0]
[ECG-STREAM-BYPASS sim=gem5 cache=system.l3cache addr=0x3bc700 vaddr=0x3ce700 size=4 source=request-flag allocate=0]
[ECG-STREAM-BYPASS sim=gem5 cache=system.l3cache addr=0x3bc740 vaddr=0x3ce740 size=4 source=request-flag allocate=0]
[ECG-STREAM-BYPASS sim=gem5 cache=system.l3cache addr=0x3bc780 vaddr=0x3ce780 size=4 source=request-flag allocate=0]
[ECG-STREAM-BYPASS sim=gem5 cache=system.l3cache addr=0x3bc7c0 vaddr=0x3ce7c0 size=4 source=request-flag allocate=0]
[ECG-STREAM-BYPASS sim=gem5 cache=system.l3cache addr=0x3bc800 vaddr=0x3ce800 size=4 source=request-flag allocate=0]
[ECG-STREAM-BYPASS sim=gem5 cache=system.l3cache addr=0x3bc840 vaddr=0x3ce840 size=4 source=request-flag allocate=0]
[ECG-STREAM-BYPASS sim=gem5 cache=system.l3cache addr=0x3bc880 vaddr=0x3ce880 size=4 source=request-flag allocate=0]
[ECG-STREAM-BYPASS sim=gem5 cache=system.l3cache addr=0x3bc8c0 vaddr=0x3ce8c0 size=4 source=request-flag allocate=0]
[ECG-STREAM-BYPASS sim=gem5 cache=system.l3cache addr=0x3bc900 vaddr=0x3ce900 size=4 source=request-flag allocate=0]
[ECG-STREAM-BYPASS sim=gem5 cache=system.l3cache addr=0x3bc940 vaddr=0x3ce940 size=4 source=request-flag allocate=0]
[ECG-STREAM-BYPASS sim=gem5 cache=system.l3cache addr=0x3bc980 vaddr=0x3ce980 size=4 source=request-flag allocate=0]
[ECG-STREAM-BYPASS sim=gem5 cache=system.l3cache addr=0x3bc9c0 vaddr=0x3ce9c0 size=4 source=request-flag allocate=0]
[ECG-STREAM-BYPASS sim=gem5 cache=system.l3cache addr=0x3bca00 vaddr=0x3cea00 size=4 source=request-flag allocate=0]
[ECG-STREAM-BYPASS sim=gem5 cache=system.l3cache addr=0x3bca40 vaddr=0x3cea40 size=4 source=request-flag allocate=0]
[ECG-STREAM-BYPASS sim=gem5 cache=system.l3cache addr=0x3bca80 vaddr=0x3cea80 size=4 source=request-flag allocate=0]
[ECG-STREAM-BYPASS sim=gem5 cache=system.l3cache addr=0x3bcac0 vaddr=0x3ceac0 size=4 source=request-flag allocate=0]
[ECG-STREAM-BYPASS sim=gem5 cache=system.l3cache addr=0x3bcb00 vaddr=0x3ceb00 size=4 source=request-flag allocate=0]
[ECG-STREAM-BYPASS sim=gem5 cache=system.l3cache addr=0x3bcb40 vaddr=0x3ceb40 size=4 source=request-flag allocate=0]
[ECG-STREAM-BYPASS sim=gem5 cache=system.l3cache addr=0x3bcb80 vaddr=0x3ceb80 size=4 source=request-flag allocate=0]
[ECG-STREAM-BYPASS sim=gem5 cache=system.l3cache addr=0x3bcbc0 vaddr=0x3cebc0 size=4 source=request-flag allocate=0]
[ECG-STREAM-BYPASS sim=gem5 cache=system.l3cache addr=0x3bcc00 vaddr=0x3cec00 size=4 source=request-flag allocate=0]
[ECG-STREAM-BYPASS sim=gem5 cache=system.l3cache addr=0x3bcc40 vaddr=0x3cec40 size=4 source=request-flag allocate=0]
[ECG-STREAM-BYPASS sim=gem5 cache=system.l3cache addr=0x3bcc80 vaddr=0x3cec80 size=4 source=request-flag allocate=0]
[ECG-STREAM-BYPASS sim=gem5 cache=system.l3cache addr=0x3bccc0 vaddr=0x3cecc0 size=4 source=request-flag allocate=0]
[ECG-STREAM-BYPASS sim=gem5 cache=system.l3cache addr=0x3bcd00 vaddr=0x3ced00 size=4 source=request-flag allocate=0]
[ECG-STREAM-BYPASS sim=gem5 cache=system.l3cache addr=0x3bcd40 vaddr=0x3ced40 size=4 source=request-flag allocate=0]
[ECG-STREAM-BYPASS sim=gem5 cache=system.l3cache addr=0x3bcd80 vaddr=0x3ced80 size=4 source=request-flag allocate=0]
[ECG-STREAM-BYPASS sim=gem5 cache=system.l3cache addr=0x3bcdc0 vaddr=0x3cedc0 size=4 source=request-flag allocate=0]
[ECG-STREAM-BYPASS sim=gem5 cache=system.l3cache addr=0x3bce00 vaddr=0x3cee00 size=4 source=request-flag allocate=0]
[ECG-STREAM-BYPASS sim=gem5 cache=system.l3cache addr=0x3bce40 vaddr=0x3cee40 size=4 source=request-flag allocate=0]
[ECG-STREAM-BYPASS sim=gem5 cache=system.l3cache addr=0x3bce80 vaddr=0x3cee80 size=4 source=request-flag allocate=0]
[ECG-STREAM-BYPASS sim=gem5 cache=system.l3cache addr=0x3bcec0 vaddr=0x3ceec0 size=4 source=request-flag allocate=0]
[ECG-STREAM-BYPASS sim=gem5 cache=system.l3cache addr=0x3bcf00 vaddr=0x3cef00 size=4 source=request-flag allocate=0]
[ECG-STREAM-BYPASS sim=gem5 cache=system.l3cache addr=0x3bcf40 vaddr=0x3cef40 size=4 source=request-flag allocate=0]
[ECG-STREAM-BYPASS sim=gem5 cache=system.l3cache addr=0x3bcf80 vaddr=0x3cef80 size=4 source=request-flag allocate=0]
[ECG-STREAM-BYPASS sim=gem5 cache=system.l3cache addr=0x3bcfc0 vaddr=0x3cefc0 size=4 source=request-flag allocate=0]
[ECG-STREAM-BYPASS sim=gem5 cache=system.l3cache addr=0x3bd000 vaddr=0x3cf000 size=4 source=request-flag allocate=0]
[ECG-STREAM-BYPASS sim=gem5 cache=system.l3cache addr=0x3bd040 vaddr=0x3cf040 size=4 source=request-flag allocate=0]
[ECG-STREAM-BYPASS sim=gem5 cache=system.l3cache addr=0x3bd080 vaddr=0x3cf080 size=4 source=request-flag allocate=0]
[ECG-STREAM-BYPASS sim=gem5 cache=system.l3cache addr=0x3bd0c0 vaddr=0x3cf0c0 size=4 source=request-flag allocate=0]
[ECG-STREAM-BYPASS sim=gem5 cache=system.l3cache addr=0x3bd100 vaddr=0x3cf100 size=4 source=request-flag allocate=0]
[ECG-STREAM-BYPASS sim=gem5 cache=system.l3cache addr=0x3bd140 vaddr=0x3cf140 size=4 source=request-flag allocate=0]
[ECG-STREAM-BYPASS sim=gem5 cache=system.l3cache addr=0x3bd180 vaddr=0x3cf180 size=4 source=request-flag allocate=0]
[ECG-STREAM-BYPASS sim=gem5 cache=system.l3cache addr=0x3bd1c0 vaddr=0x3cf1c0 size=4 source=request-flag allocate=0]
[ECG-STREAM-BYPASS sim=gem5 cache=system.l3cache addr=0x3bd200 vaddr=0x3cf200 size=4 source=request-flag allocate=0]
[ECG-STREAM-BYPASS sim=gem5 cache=system.l3cache addr=0x3bd240 vaddr=0x3cf240 size=4 source=request-flag allocate=0]
[ECG-STREAM-BYPASS sim=gem5 cache=system.l3cache addr=0x3bd280 vaddr=0x3cf280 size=4 source=request-flag allocate=0]
[ECG-STREAM-BYPASS sim=gem5 cache=system.l3cache addr=0x3bd2c0 vaddr=0x3cf2c0 size=4 source=request-flag allocate=0]
[ECG-STREAM-BYPASS sim=gem5 cache=system.l3cache addr=0x3bd300 vaddr=0x3cf300 size=4 source=request-flag allocate=0]
[ECG-STREAM-BYPASS sim=gem5 cache=system.l3cache addr=0x3bd340 vaddr=0x3cf340 size=4 source=request-flag allocate=0]
[ECG-STREAM-BYPASS sim=gem5 cache=system.l3cache addr=0x3bd380 vaddr=0x3cf380 size=4 source=request-flag allocate=0]
[ECG-STREAM-BYPASS sim=gem5 cache=system.l3cache addr=0x3bd3c0 vaddr=0x3cf3c0 size=4 source=request-flag allocate=0]
[ECG-STREAM-BYPASS sim=gem5 cache=system.l3cache addr=0x3bd400 vaddr=0x3cf400 size=4 source=request-flag allocate=0]
[ECG-STREAM-BYPASS sim=gem5 cache=system.l3cache addr=0x3bd440 vaddr=0x3cf440 size=4 source=request-flag allocate=0]
[ECG-STREAM-BYPASS sim=gem5 cache=system.l3cache addr=0x3bd480 vaddr=0x3cf480 size=4 source=request-flag allocate=0]
[ECG-STREAM-BYPASS sim=gem5 cache=system.l3cache addr=0x3bd4c0 vaddr=0x3cf4c0 size=4 source=request-flag allocate=0]
[ECG-STREAM-BYPASS sim=gem5 cache=system.l3cache addr=0x3bd500 vaddr=0x3cf500 size=4 source=request-flag allocate=0]
[ECG-STREAM-BYPASS sim=gem5 cache=system.l3cache addr=0x3bd540 vaddr=0x3cf540 size=4 source=request-flag allocate=0]
[ECG-STREAM-BYPASS sim=gem5 cache=system.l3cache addr=0x3bd580 vaddr=0x3cf580 size=4 source=request-flag allocate=0]
[ECG-STREAM-BYPASS sim=gem5 cache=system.l3cache addr=0x3bd5c0 vaddr=0x3cf5c0 size=4 source=request-flag allocate=0]
[ECG-STREAM-BYPASS sim=gem5 cache=system.l3cache addr=0x3bd600 vaddr=0x3cf600 size=4 source=request-flag allocate=0]
[ECG-STREAM-BYPASS sim=gem5 cache=system.l3cache addr=0x3bd640 vaddr=0x3cf640 size=4 source=request-flag allocate=0]
[ECG-STREAM-BYPASS sim=gem5 cache=system.l3cache addr=0x3bd680 vaddr=0x3cf680 size=4 source=request-flag allocate=0]
[ECG-STREAM-BYPASS sim=gem5 cache=system.l3cache addr=0x3bd6c0 vaddr=0x3cf6c0 size=4 source=request-flag allocate=0]
[ECG-STREAM-BYPASS sim=gem5 cache=system.l3cache addr=0x3bd700 vaddr=0x3cf700 size=4 source=request-flag allocate=0]
[ECG-STREAM-BYPASS sim=gem5 cache=system.l3cache addr=0x3bd740 vaddr=0x3cf740 size=4 source=request-flag allocate=0]
[ECG-STREAM-BYPASS sim=gem5 cache=system.l3cache addr=0x3bd780 vaddr=0x3cf780 size=4 source=request-flag allocate=0]
[ECG-STREAM-BYPASS sim=gem5 cache=system.l3cache addr=0x3bd7c0 vaddr=0x3cf7c0 size=4 source=request-flag allocate=0]
[ECG-STREAM-BYPASS sim=gem5 cache=system.l3cache addr=0x3bd800 vaddr=0x3cf800 size=4 source=request-flag allocate=0]
[ECG-STREAM-BYPASS sim=gem5 cache=system.l3cache addr=0x3bd840 vaddr=0x3cf840 size=4 source=request-flag allocate=0]
[ECG-STREAM-BYPASS sim=gem5 cache=system.l3cache addr=0x3bd880 vaddr=0x3cf880 size=4 source=request-flag allocate=0]
[ECG-STREAM-BYPASS sim=gem5 cache=system.l3cache addr=0x3bd8c0 vaddr=0x3cf8c0 size=4 source=request-flag allocate=0]
[ECG-STREAM-BYPASS sim=gem5 cache=system.l3cache addr=0x3bd900 vaddr=0x3cf900 size=4 source=request-flag allocate=0]
[ECG-STREAM-BYPASS sim=gem5 cache=system.l3cache addr=0x3bd940 vaddr=0x3cf940 size=4 source=request-flag allocate=0]
[ECG-STREAM-BYPASS sim=gem5 cache=system.l3cache addr=0x3bd980 vaddr=0x3cf980 size=4 source=request-flag allocate=0]
[ECG-STREAM-BYPASS sim=gem5 cache=system.l3cache addr=0x3bd9c0 vaddr=0x3cf9c0 size=4 source=request-flag allocate=0]
[ECG-STREAM-BYPASS sim=gem5 cache=system.l3cache addr=0x3bda00 vaddr=0x3cfa00 size=4 source=request-flag allocate=0]
[ECG-STREAM-BYPASS sim=gem5 cache=system.l3cache addr=0x3bda40 vaddr=0x3cfa40 size=4 source=request-flag allocate=0]
[ECG-STREAM-BYPASS sim=gem5 cache=system.l3cache addr=0x3bda80 vaddr=0x3cfa80 size=4 source=request-flag allocate=0]
[ECG-STREAM-BYPASS sim=gem5 cache=system.l3cache addr=0x3bdac0 vaddr=0x3cfac0 size=4 source=request-flag allocate=0]
[ECG-STREAM-BYPASS sim=gem5 cache=system.l3cache addr=0x3bdb00 vaddr=0x3cfb00 size=4 source=request-flag allocate=0]
[ECG-STREAM-BYPASS sim=gem5 cache=system.l3cache addr=0x3bdb40 vaddr=0x3cfb40 size=4 source=request-flag allocate=0]
[ECG-STREAM-BYPASS sim=gem5 cache=system.l3cache addr=0x3bdb80 vaddr=0x3cfb80 size=4 source=request-flag allocate=0]
[ECG-STREAM-BYPASS sim=gem5 cache=system.l3cache addr=0x3bdbc0 vaddr=0x3cfbc0 size=4 source=request-flag allocate=0]
[ECG-STREAM-BYPASS sim=gem5 cache=system.l3cache addr=0x3bdc00 vaddr=0x3cfc00 size=4 source=request-flag allocate=0]
[ECG-STREAM-BYPASS sim=gem5 cache=system.l3cache addr=0x3bdc40 vaddr=0x3cfc40 size=4 source=request-flag allocate=0]
[ECG-STREAM-BYPASS sim=gem5 cache=system.l3cache addr=0x3bdc80 vaddr=0x3cfc80 size=4 source=request-flag allocate=0]
[ECG-STREAM-BYPASS sim=gem5 cache=system.l3cache addr=0x3bdcc0 vaddr=0x3cfcc0 size=4 source=request-flag allocate=0]
[ECG-STREAM-BYPASS sim=gem5 cache=system.l3cache addr=0x3bdd00 vaddr=0x3cfd00 size=4 source=request-flag allocate=0]
[ECG-STREAM-BYPASS sim=gem5 cache=system.l3cache addr=0x3bdd40 vaddr=0x3cfd40 size=4 source=request-flag allocate=0]
[ECG-STREAM-BYPASS sim=gem5 cache=system.l3cache addr=0x3bdd80 vaddr=0x3cfd80 size=4 source=request-flag allocate=0]
[ECG-STREAM-BYPASS sim=gem5 cache=system.l3cache addr=0x3bddc0 vaddr=0x3cfdc0 size=4 source=request-flag allocate=0]
[ECG-STREAM-BYPASS sim=gem5 cache=system.l3cache addr=0x3bde00 vaddr=0x3cfe00 size=4 source=request-flag allocate=0]
[ECG-STREAM-BYPASS sim=gem5 cache=system.l3cache addr=0x3bde40 vaddr=0x3cfe40 size=4 source=request-flag allocate=0]
[ECG-STREAM-BYPASS sim=gem5 cache=system.l3cache addr=0x3bde80 vaddr=0x3cfe80 size=4 source=request-flag allocate=0]
[ECG-STREAM-BYPASS sim=gem5 cache=system.l3cache addr=0x3bdec0 vaddr=0x3cfec0 size=4 source=request-flag allocate=0]
[ECG-STREAM-BYPASS sim=gem5 cache=system.l3cache addr=0x3bdf00 vaddr=0x3cff00 size=4 source=request-flag allocate=0]
[ECG-STREAM-BYPASS sim=gem5 cache=system.l3cache addr=0x3bdf40 vaddr=0x3cff40 size=4 source=request-flag allocate=0]
[ECG-STREAM-BYPASS sim=gem5 cache=system.l3cache addr=0x3bdf80 vaddr=0x3cff80 size=4 source=request-flag allocate=0]
[ECG-STREAM-BYPASS sim=gem5 cache=system.l3cache addr=0x3bdfc0 vaddr=0x3cffc0 size=4 source=request-flag allocate=0]
[ECG-STREAM-BYPASS sim=gem5 cache=system.l3cache addr=0x3be000 vaddr=0x3d0000 size=4 source=request-flag allocate=0]
[ECG-STREAM-BYPASS sim=gem5 cache=system.l3cache addr=0x3be040 vaddr=0x3d0040 size=4 source=request-flag allocate=0]
[ECG-STREAM-BYPASS sim=gem5 cache=system.l3cache addr=0x3be080 vaddr=0x3d0080 size=4 source=request-flag allocate=0]
[ECG-STREAM-BYPASS sim=gem5 cache=system.l3cache addr=0x3be0c0 vaddr=0x3d00c0 size=4 source=request-flag allocate=0]
[ECG-STREAM-BYPASS sim=gem5 cache=system.l3cache addr=0x3be100 vaddr=0x3d0100 size=4 source=request-flag allocate=0]
[ECG-STREAM-BYPASS sim=gem5 cache=system.l3cache addr=0x3be140 vaddr=0x3d0140 size=4 source=request-flag allocate=0]
[ECG-STREAM-BYPASS sim=gem5 cache=system.l3cache addr=0x3be180 vaddr=0x3d0180 size=4 source=request-flag allocate=0]
[ECG-STREAM-BYPASS sim=gem5 cache=system.l3cache addr=0x3be1c0 vaddr=0x3d01c0 size=4 source=request-flag allocate=0]
[ECG-STREAM-BYPASS sim=gem5 cache=system.l3cache addr=0x3be200 vaddr=0x3d0200 size=4 source=request-flag allocate=0]
[ECG-STREAM-BYPASS sim=gem5 cache=system.l3cache addr=0x3be240 vaddr=0x3d0240 size=4 source=request-flag allocate=0]
[ECG-STREAM-BYPASS sim=gem5 cache=system.l3cache addr=0x3be280 vaddr=0x3d0280 size=4 source=request-flag allocate=0]
[ECG-STREAM-BYPASS sim=gem5 cache=system.l3cache addr=0x3be2c0 vaddr=0x3d02c0 size=4 source=request-flag allocate=0]
[ECG-STREAM-BYPASS sim=gem5 cache=system.l3cache addr=0x3be300 vaddr=0x3d0300 size=4 source=request-flag allocate=0]
[ECG-STREAM-BYPASS sim=gem5 cache=system.l3cache addr=0x3be340 vaddr=0x3d0340 size=4 source=request-flag allocate=0]
[ECG-STREAM-BYPASS sim=gem5 cache=system.l3cache addr=0x3be380 vaddr=0x3d0380 size=4 source=request-flag allocate=0]
[ECG-STREAM-BYPASS sim=gem5 cache=system.l3cache addr=0x3be3c0 vaddr=0x3d03c0 size=4 source=request-flag allocate=0]
[ECG-STREAM-BYPASS sim=gem5 cache=system.l3cache addr=0x3be400 vaddr=0x3d0400 size=4 source=request-flag allocate=0]
[ECG-STREAM-BYPASS sim=gem5 cache=system.l3cache addr=0x3be440 vaddr=0x3d0440 size=4 source=request-flag allocate=0]
[ECG-STREAM-BYPASS sim=gem5 cache=system.l3cache addr=0x3be480 vaddr=0x3d0480 size=4 source=request-flag allocate=0]
[ECG-STREAM-BYPASS sim=gem5 cache=system.l3cache addr=0x3be4c0 vaddr=0x3d04c0 size=4 source=request-flag allocate=0]
[ECG-STREAM-BYPASS sim=gem5 cache=system.l3cache addr=0x3be500 vaddr=0x3d0500 size=4 source=request-flag allocate=0]
[ECG-STREAM-BYPASS sim=gem5 cache=system.l3cache addr=0x3be540 vaddr=0x3d0540 size=4 source=request-flag allocate=0]
[ECG-STREAM-BYPASS sim=gem5 cache=system.l3cache addr=0x3be580 vaddr=0x3d0580 size=4 source=request-flag allocate=0]
[ECG-STREAM-BYPASS sim=gem5 cache=system.l3cache addr=0x3be5c0 vaddr=0x3d05c0 size=4 source=request-flag allocate=0]
[ECG-STREAM-BYPASS sim=gem5 cache=system.l3cache addr=0x3be600 vaddr=0x3d0600 size=4 source=request-flag allocate=0]
[ECG-STREAM-BYPASS sim=gem5 cache=system.l3cache addr=0x3be640 vaddr=0x3d0640 size=4 source=request-flag allocate=0]
[ECG-STREAM-BYPASS sim=gem5 cache=system.l3cache addr=0x3be680 vaddr=0x3d0680 size=4 source=request-flag allocate=0]
[ECG-STREAM-BYPASS sim=gem5 cache=system.l3cache addr=0x3be6c0 vaddr=0x3d06c0 size=4 source=request-flag allocate=0]
[ECG-STREAM-BYPASS sim=gem5 cache=system.l3cache addr=0x3be700 vaddr=0x3d0700 size=4 source=request-flag allocate=0]
[ECG-STREAM-BYPASS sim=gem5 cache=system.l3cache addr=0x3be740 vaddr=0x3d0740 size=4 source=request-flag allocate=0]
[ECG-STREAM-BYPASS sim=gem5 cache=system.l3cache addr=0x3be780 vaddr=0x3d0780 size=4 source=request-flag allocate=0]
[ECG-STREAM-BYPASS sim=gem5 cache=system.l3cache addr=0x3be7c0 vaddr=0x3d07c0 size=4 source=request-flag allocate=0]
[ECG-STREAM-BYPASS sim=gem5 cache=system.l3cache addr=0x3be800 vaddr=0x3d0800 size=4 source=request-flag allocate=0]
[ECG-STREAM-BYPASS sim=gem5 cache=system.l3cache addr=0x3be840 vaddr=0x3d0840 size=4 source=request-flag allocate=0]
[ECG-STREAM-BYPASS sim=gem5 cache=system.l3cache addr=0x3be880 vaddr=0x3d0880 size=4 source=request-flag allocate=0]
[ECG-STREAM-BYPASS sim=gem5 cache=system.l3cache addr=0x3be8c0 vaddr=0x3d08c0 size=4 source=request-flag allocate=0]
[ECG-STREAM-BYPASS sim=gem5 cache=system.l3cache addr=0x3be900 vaddr=0x3d0900 size=4 source=request-flag allocate=0]
[ECG-STREAM-BYPASS sim=gem5 cache=system.l3cache addr=0x3be940 vaddr=0x3d0940 size=4 source=request-flag allocate=0]
[ECG-STREAM-BYPASS sim=gem5 cache=system.l3cache addr=0x3be980 vaddr=0x3d0980 size=4 source=request-flag allocate=0]
[ECG-STREAM-BYPASS sim=gem5 cache=system.l3cache addr=0x3be9c0 vaddr=0x3d09c0 size=4 source=request-flag allocate=0]
[ECG-STREAM-BYPASS sim=gem5 cache=system.l3cache addr=0x3bea00 vaddr=0x3d0a00 size=4 source=request-flag allocate=0]
[ECG-STREAM-BYPASS sim=gem5 cache=system.l3cache addr=0x3bea40 vaddr=0x3d0a40 size=4 source=request-flag allocate=0]
[ECG-STREAM-BYPASS sim=gem5 cache=system.l3cache addr=0x3bea80 vaddr=0x3d0a80 size=4 source=request-flag allocate=0]
[ECG-STREAM-BYPASS sim=gem5 cache=system.l3cache addr=0x3beac0 vaddr=0x3d0ac0 size=4 source=request-flag allocate=0]
[ECG-STREAM-BYPASS sim=gem5 cache=system.l3cache addr=0x3beb00 vaddr=0x3d0b00 size=4 source=request-flag allocate=0]
[ECG-STREAM-BYPASS sim=gem5 cache=system.l3cache addr=0x3beb40 vaddr=0x3d0b40 size=4 source=request-flag allocate=0]
[ECG-STREAM-BYPASS sim=gem5 cache=system.l3cache addr=0x3beb80 vaddr=0x3d0b80 size=4 source=request-flag allocate=0]
[ECG-STREAM-BYPASS sim=gem5 cache=system.l3cache addr=0x3bebc0 vaddr=0x3d0bc0 size=4 source=request-flag allocate=0]
[ECG-STREAM-BYPASS sim=gem5 cache=system.l3cache addr=0x3bec00 vaddr=0x3d0c00 size=4 source=request-flag allocate=0]
[ECG-STREAM-BYPASS sim=gem5 cache=system.l3cache addr=0x3bec40 vaddr=0x3d0c40 size=4 source=request-flag allocate=0]
[ECG-STREAM-BYPASS sim=gem5 cache=system.l3cache addr=0x3bec80 vaddr=0x3d0c80 size=4 source=request-flag allocate=0]
[ECG-STREAM-BYPASS sim=gem5 cache=system.l3cache addr=0x3becc0 vaddr=0x3d0cc0 size=4 source=request-flag allocate=0]
[ECG-STREAM-BYPASS sim=gem5 cache=system.l3cache addr=0x3bed00 vaddr=0x3d0d00 size=4 source=request-flag allocate=0]
[ECG-STREAM-BYPASS sim=gem5 cache=system.l3cache addr=0x3bed40 vaddr=0x3d0d40 size=4 source=request-flag allocate=0]
[ECG-STREAM-BYPASS sim=gem5 cache=system.l3cache addr=0x3bed80 vaddr=0x3d0d80 size=4 source=request-flag allocate=0]
[ECG-STREAM-BYPASS sim=gem5 cache=system.l3cache addr=0x3bedc0 vaddr=0x3d0dc0 size=4 source=request-flag allocate=0]
[ECG-STREAM-BYPASS sim=gem5 cache=system.l3cache addr=0x3bee00 vaddr=0x3d0e00 size=4 source=request-flag allocate=0]
[ECG-STREAM-BYPASS sim=gem5 cache=system.l3cache addr=0x3bee40 vaddr=0x3d0e40 size=4 source=request-flag allocate=0]
[ECG-STREAM-BYPASS sim=gem5 cache=system.l3cache addr=0x3bee80 vaddr=0x3d0e80 size=4 source=request-flag allocate=0]
[ECG-STREAM-BYPASS sim=gem5 cache=system.l3cache addr=0x3beec0 vaddr=0x3d0ec0 size=4 source=request-flag allocate=0]
[ECG-STREAM-BYPASS sim=gem5 cache=system.l3cache addr=0x3bef00 vaddr=0x3d0f00 size=4 source=request-flag allocate=0]
[ECG-STREAM-BYPASS sim=gem5 cache=system.l3cache addr=0x3bef40 vaddr=0x3d0f40 size=4 source=request-flag allocate=0]
[ECG-STREAM-BYPASS sim=gem5 cache=system.l3cache addr=0x3bef80 vaddr=0x3d0f80 size=4 source=request-flag allocate=0]
[ECG-STREAM-BYPASS sim=gem5 cache=system.l3cache addr=0x3befc0 vaddr=0x3d0fc0 size=4 source=request-flag allocate=0]
[ECG-STREAM-BYPASS sim=gem5 cache=system.l3cache addr=0x3bf000 vaddr=0x3d1000 size=4 source=request-flag allocate=0]
[ECG-STREAM-BYPASS sim=gem5 cache=system.l3cache addr=0x3bf040 vaddr=0x3d1040 size=4 source=request-flag allocate=0]
[ECG-STREAM-BYPASS sim=gem5 cache=system.l3cache addr=0x3bf080 vaddr=0x3d1080 size=4 source=request-flag allocate=0]
[ECG-STREAM-BYPASS sim=gem5 cache=system.l3cache addr=0x3bf0c0 vaddr=0x3d10c0 size=4 source=request-flag allocate=0]
[ECG-STREAM-BYPASS sim=gem5 cache=system.l3cache addr=0x3bf100 vaddr=0x3d1100 size=4 source=request-flag allocate=0]
[ECG-STREAM-BYPASS sim=gem5 cache=system.l3cache addr=0x3bf140 vaddr=0x3d1140 size=4 source=request-flag allocate=0]
[ECG-STREAM-BYPASS sim=gem5 cache=system.l3cache addr=0x3bf180 vaddr=0x3d1180 size=4 source=request-flag allocate=0]
[ECG-STREAM-BYPASS sim=gem5 cache=system.l3cache addr=0x3bf1c0 vaddr=0x3d11c0 size=4 source=request-flag allocate=0]
[ECG-STREAM-BYPASS sim=gem5 cache=system.l3cache addr=0x3bf200 vaddr=0x3d1200 size=4 source=request-flag allocate=0]
[ECG-STREAM-BYPASS sim=gem5 cache=system.l3cache addr=0x3bf240 vaddr=0x3d1240 size=4 source=request-flag allocate=0]
[ECG-STREAM-BYPASS sim=gem5 cache=system.l3cache addr=0x3bf280 vaddr=0x3d1280 size=4 source=request-flag allocate=0]
[ECG-STREAM-BYPASS sim=gem5 cache=system.l3cache addr=0x3bf2c0 vaddr=0x3d12c0 size=4 source=request-flag allocate=0]
[ECG-STREAM-BYPASS sim=gem5 cache=system.l3cache addr=0x3bf300 vaddr=0x3d1300 size=4 source=request-flag allocate=0]
[ECG-STREAM-BYPASS sim=gem5 cache=system.l3cache addr=0x3bf340 vaddr=0x3d1340 size=4 source=request-flag allocate=0]
[ECG-STREAM-BYPASS sim=gem5 cache=system.l3cache addr=0x3bf380 vaddr=0x3d1380 size=4 source=request-flag allocate=0]
[ECG-STREAM-BYPASS sim=gem5 cache=system.l3cache addr=0x3bf3c0 vaddr=0x3d13c0 size=4 source=request-flag allocate=0]
[ECG-STREAM-BYPASS sim=gem5 cache=system.l3cache addr=0x3bf400 vaddr=0x3d1400 size=4 source=request-flag allocate=0]
[ECG-STREAM-BYPASS sim=gem5 cache=system.l3cache addr=0x3bf440 vaddr=0x3d1440 size=4 source=request-flag allocate=0]
[ECG-STREAM-BYPASS sim=gem5 cache=system.l3cache addr=0x3bf480 vaddr=0x3d1480 size=4 source=request-flag allocate=0]
[ECG-STREAM-BYPASS sim=gem5 cache=system.l3cache addr=0x3bf4c0 vaddr=0x3d14c0 size=4 source=request-flag allocate=0]
[ECG-STREAM-BYPASS sim=gem5 cache=system.l3cache addr=0x3bf500 vaddr=0x3d1500 size=4 source=request-flag allocate=0]
[ECG-STREAM-BYPASS sim=gem5 cache=system.l3cache addr=0x3bf540 vaddr=0x3d1540 size=4 source=request-flag allocate=0]
[ECG-STREAM-BYPASS sim=gem5 cache=system.l3cache addr=0x3bf580 vaddr=0x3d1580 size=4 source=request-flag allocate=0]
[ECG-STREAM-BYPASS sim=gem5 cache=system.l3cache addr=0x3bf5c0 vaddr=0x3d15c0 size=4 source=request-flag allocate=0]
[ECG-STREAM-BYPASS sim=gem5 cache=system.l3cache addr=0x3bf600 vaddr=0x3d1600 size=4 source=request-flag allocate=0]
[ECG-STREAM-BYPASS sim=gem5 cache=system.l3cache addr=0x3bf640 vaddr=0x3d1640 size=4 source=request-flag allocate=0]
[ECG-STREAM-BYPASS sim=gem5 cache=system.l3cache addr=0x3bf680 vaddr=0x3d1680 size=4 source=request-flag allocate=0]
[ECG-STREAM-BYPASS sim=gem5 cache=system.l3cache addr=0x3bf6c0 vaddr=0x3d16c0 size=4 source=request-flag allocate=0]
[ECG-STREAM-BYPASS sim=gem5 cache=system.l3cache addr=0x3bf700 vaddr=0x3d1700 size=4 source=request-flag allocate=0]
[ECG-STREAM-BYPASS sim=gem5 cache=system.l3cache addr=0x3bf740 vaddr=0x3d1740 size=4 source=request-flag allocate=0]
[ECG-STREAM-BYPASS sim=gem5 cache=system.l3cache addr=0x3bf780 vaddr=0x3d1780 size=4 source=request-flag allocate=0]
[ECG-STREAM-BYPASS sim=gem5 cache=system.l3cache addr=0x3bf7c0 vaddr=0x3d17c0 size=4 source=request-flag allocate=0]
[ECG-STREAM-BYPASS sim=gem5 cache=system.l3cache addr=0x3bf800 vaddr=0x3d1800 size=4 source=request-flag allocate=0]
[ECG-STREAM-BYPASS sim=gem5 cache=system.l3cache addr=0x3bf840 vaddr=0x3d1840 size=4 source=request-flag allocate=0]
[ECG-STREAM-BYPASS sim=gem5 cache=system.l3cache addr=0x3bf880 vaddr=0x3d1880 size=4 source=request-flag allocate=0]
[ECG-STREAM-BYPASS sim=gem5 cache=system.l3cache addr=0x3bf8c0 vaddr=0x3d18c0 size=4 source=request-flag allocate=0]
[ECG-STREAM-BYPASS sim=gem5 cache=system.l3cache addr=0x3bf900 vaddr=0x3d1900 size=4 source=request-flag allocate=0]
[ECG-STREAM-BYPASS sim=gem5 cache=system.l3cache addr=0x3bf940 vaddr=0x3d1940 size=4 source=request-flag allocate=0]
[ECG-STREAM-BYPASS sim=gem5 cache=system.l3cache addr=0x3bf980 vaddr=0x3d1980 size=4 source=request-flag allocate=0]
[ECG-STREAM-BYPASS sim=gem5 cache=system.l3cache addr=0x3bf9c0 vaddr=0x3d19c0 size=4 source=request-flag allocate=0]
[ECG-STREAM-BYPASS sim=gem5 cache=system.l3cache addr=0x3bfa00 vaddr=0x3d1a00 size=4 source=request-flag allocate=0]
[ECG-STREAM-BYPASS sim=gem5 cache=system.l3cache addr=0x3bfa40 vaddr=0x3d1a40 size=4 source=request-flag allocate=0]
[ECG-STREAM-BYPASS sim=gem5 cache=system.l3cache addr=0x3bfa80 vaddr=0x3d1a80 size=4 source=request-flag allocate=0]
[ECG-STREAM-BYPASS sim=gem5 cache=system.l3cache addr=0x3bfac0 vaddr=0x3d1ac0 size=4 source=request-flag allocate=0]
[ECG-STREAM-BYPASS sim=gem5 cache=system.l3cache addr=0x3bfb00 vaddr=0x3d1b00 size=4 source=request-flag allocate=0]
[ECG-STREAM-BYPASS sim=gem5 cache=system.l3cache addr=0x3bfb40 vaddr=0x3d1b40 size=4 source=request-flag allocate=0]
[ECG-STREAM-BYPASS sim=gem5 cache=system.l3cache addr=0x3bfb80 vaddr=0x3d1b80 size=4 source=request-flag allocate=0]
[ECG-STREAM-BYPASS sim=gem5 cache=system.l3cache addr=0x3bfbc0 vaddr=0x3d1bc0 size=4 source=request-flag allocate=0]
[ECG-STREAM-BYPASS sim=gem5 cache=system.l3cache addr=0x3bfc00 vaddr=0x3d1c00 size=4 source=request-flag allocate=0]
[ECG-STREAM-BYPASS sim=gem5 cache=system.l3cache addr=0x3bfc40 vaddr=0x3d1c40 size=4 source=request-flag allocate=0]
[ECG-STREAM-BYPASS sim=gem5 cache=system.l3cache addr=0x3bfc80 vaddr=0x3d1c80 size=4 source=request-flag allocate=0]
[ECG-STREAM-BYPASS sim=gem5 cache=system.l3cache addr=0x3bfcc0 vaddr=0x3d1cc0 size=4 source=request-flag allocate=0]
[ECG-STREAM-BYPASS sim=gem5 cache=system.l3cache addr=0x3bfd00 vaddr=0x3d1d00 size=4 source=request-flag allocate=0]
[ECG-STREAM-BYPASS sim=gem5 cache=system.l3cache addr=0x3bfd40 vaddr=0x3d1d40 size=4 source=request-flag allocate=0]
[ECG-STREAM-BYPASS sim=gem5 cache=system.l3cache addr=0x3bfd80 vaddr=0x3d1d80 size=4 source=request-flag allocate=0]
[ECG-STREAM-BYPASS sim=gem5 cache=system.l3cache addr=0x3bfdc0 vaddr=0x3d1dc0 size=4 source=request-flag allocate=0]
[ECG-STREAM-BYPASS sim=gem5 cache=system.l3cache addr=0x3bfe00 vaddr=0x3d1e00 size=4 source=request-flag allocate=0]
[ECG-STREAM-BYPASS sim=gem5 cache=system.l3cache addr=0x3bfe40 vaddr=0x3d1e40 size=4 source=request-flag allocate=0]
[ECG-STREAM-BYPASS sim=gem5 cache=system.l3cache addr=0x3bfe80 vaddr=0x3d1e80 size=4 source=request-flag allocate=0]
[ECG-STREAM-BYPASS sim=gem5 cache=system.l3cache addr=0x3bfec0 vaddr=0x3d1ec0 size=4 source=request-flag allocate=0]
[ECG-STREAM-BYPASS sim=gem5 cache=system.l3cache addr=0x3bff00 vaddr=0x3d1f00 size=4 source=request-flag allocate=0]
[ECG-STREAM-BYPASS sim=gem5 cache=system.l3cache addr=0x3bff40 vaddr=0x3d1f40 size=4 source=request-flag allocate=0]
[ECG-STREAM-BYPASS sim=gem5 cache=system.l3cache addr=0x3bff80 vaddr=0x3d1f80 size=4 source=request-flag allocate=0]
[ECG-STREAM-BYPASS sim=gem5 cache=system.l3cache addr=0x3bffc0 vaddr=0x3d1fc0 size=4 source=request-flag allocate=0]
[ECG-STREAM-BYPASS sim=gem5 cache=system.l3cache addr=0x3c0000 vaddr=0x3d2000 size=4 source=request-flag allocate=0]
[ECG-STREAM-BYPASS sim=gem5 cache=system.l3cache addr=0x3c0040 vaddr=0x3d2040 size=4 source=request-flag allocate=0]
[ECG-STREAM-BYPASS sim=gem5 cache=system.l3cache addr=0x3c0080 vaddr=0x3d2080 size=4 source=request-flag allocate=0]
[ECG-STREAM-BYPASS sim=gem5 cache=system.l3cache addr=0x3c00c0 vaddr=0x3d20c0 size=4 source=request-flag allocate=0]
[ECG-STREAM-BYPASS sim=gem5 cache=system.l3cache addr=0x3c0100 vaddr=0x3d2100 size=4 source=request-flag allocate=0]
[ECG-STREAM-BYPASS sim=gem5 cache=system.l3cache addr=0x3c0140 vaddr=0x3d2140 size=4 source=request-flag allocate=0]
[ECG-STREAM-BYPASS sim=gem5 cache=system.l3cache addr=0x3c0180 vaddr=0x3d2180 size=4 source=request-flag allocate=0]
[ECG-STREAM-BYPASS sim=gem5 cache=system.l3cache addr=0x3c01c0 vaddr=0x3d21c0 size=4 source=request-flag allocate=0]
[ECG-STREAM-BYPASS sim=gem5 cache=system.l3cache addr=0x3c0200 vaddr=0x3d2200 size=4 source=request-flag allocate=0]
[ECG-STREAM-BYPASS sim=gem5 cache=system.l3cache addr=0x3c0240 vaddr=0x3d2240 size=4 source=request-flag allocate=0]
[ECG-STREAM-BYPASS sim=gem5 cache=system.l3cache addr=0x3c0280 vaddr=0x3d2280 size=4 source=request-flag allocate=0]
[ECG-STREAM-BYPASS sim=gem5 cache=system.l3cache addr=0x3c02c0 vaddr=0x3d22c0 size=4 source=request-flag allocate=0]
[ECG-STREAM-BYPASS sim=gem5 cache=system.l3cache addr=0x3c0300 vaddr=0x3d2300 size=4 source=request-flag allocate=0]
[ECG-STREAM-BYPASS sim=gem5 cache=system.l3cache addr=0x3c0340 vaddr=0x3d2340 size=4 source=request-flag allocate=0]
[ECG-STREAM-BYPASS sim=gem5 cache=system.l3cache addr=0x3c0380 vaddr=0x3d2380 size=4 source=request-flag allocate=0]
[ECG-STREAM-BYPASS sim=gem5 cache=system.l3cache addr=0x3c03c0 vaddr=0x3d23c0 size=4 source=request-flag allocate=0]
[ECG-STREAM-BYPASS sim=gem5 cache=system.l3cache addr=0x3c0400 vaddr=0x3d2400 size=4 source=request-flag allocate=0]
[ECG-STREAM-BYPASS sim=gem5 cache=system.l3cache addr=0x3c0440 vaddr=0x3d2440 size=4 source=request-flag allocate=0]
[ECG-STREAM-BYPASS sim=gem5 cache=system.l3cache addr=0x3c0480 vaddr=0x3d2480 size=4 source=request-flag allocate=0]
[ECG-STREAM-BYPASS sim=gem5 cache=system.l3cache addr=0x3c04c0 vaddr=0x3d24c0 size=4 source=request-flag allocate=0]
[ECG-STREAM-BYPASS sim=gem5 cache=system.l3cache addr=0x3c0500 vaddr=0x3d2500 size=4 source=request-flag allocate=0]
[ECG-STREAM-BYPASS sim=gem5 cache=system.l3cache addr=0x3c0540 vaddr=0x3d2540 size=4 source=request-flag allocate=0]
[ECG-STREAM-BYPASS sim=gem5 cache=system.l3cache addr=0x3c0580 vaddr=0x3d2580 size=4 source=request-flag allocate=0]
[ECG-STREAM-BYPASS sim=gem5 cache=system.l3cache addr=0x3c05c0 vaddr=0x3d25c0 size=4 source=request-flag allocate=0]
[ECG-STREAM-BYPASS sim=gem5 cache=system.l3cache addr=0x3c0600 vaddr=0x3d2600 size=4 source=request-flag allocate=0]
[ECG-STREAM-BYPASS sim=gem5 cache=system.l3cache addr=0x3c0640 vaddr=0x3d2640 size=4 source=request-flag allocate=0]
[ECG-STREAM-BYPASS sim=gem5 cache=system.l3cache addr=0x3c0680 vaddr=0x3d2680 size=4 source=request-flag allocate=0]
[ECG-STREAM-BYPASS sim=gem5 cache=system.l3cache addr=0x3c06c0 vaddr=0x3d26c0 size=4 source=request-flag allocate=0]
[ECG-STREAM-BYPASS sim=gem5 cache=system.l3cache addr=0x3c0700 vaddr=0x3d2700 size=4 source=request-flag allocate=0]
[ECG-STREAM-BYPASS sim=gem5 cache=system.l3cache addr=0x3c0740 vaddr=0x3d2740 size=4 source=request-flag allocate=0]
[ECG-STREAM-BYPASS sim=gem5 cache=system.l3cache addr=0x3c0780 vaddr=0x3d2780 size=4 source=request-flag allocate=0]
[ECG-STREAM-BYPASS sim=gem5 cache=system.l3cache addr=0x3c07c0 vaddr=0x3d27c0 size=4 source=request-flag allocate=0]
[ECG-STREAM-BYPASS sim=gem5 cache=system.l3cache addr=0x3c0800 vaddr=0x3d2800 size=4 source=request-flag allocate=0]
[ECG-STREAM-BYPASS sim=gem5 cache=system.l3cache addr=0x3c0840 vaddr=0x3d2840 size=4 source=request-flag allocate=0]
[ECG-STREAM-BYPASS sim=gem5 cache=system.l3cache addr=0x3c0880 vaddr=0x3d2880 size=4 source=request-flag allocate=0]
[ECG-STREAM-BYPASS sim=gem5 cache=system.l3cache addr=0x3c08c0 vaddr=0x3d28c0 size=4 source=request-flag allocate=0]
[ECG-STREAM-BYPASS sim=gem5 cache=system.l3cache addr=0x3c0900 vaddr=0x3d2900 size=4 source=request-flag allocate=0]
[ECG-STREAM-BYPASS sim=gem5 cache=system.l3cache addr=0x3c0940 vaddr=0x3d2940 size=4 source=request-flag allocate=0]
[ECG-STREAM-BYPASS sim=gem5 cache=system.l3cache addr=0x3c0980 vaddr=0x3d2980 size=4 source=request-flag allocate=0]
[ECG-STREAM-BYPASS sim=gem5 cache=system.l3cache addr=0x3c09c0 vaddr=0x3d29c0 size=4 source=request-flag allocate=0]
[ECG-STREAM-BYPASS sim=gem5 cache=system.l3cache addr=0x3c0a00 vaddr=0x3d2a00 size=4 source=request-flag allocate=0]
[ECG-STREAM-BYPASS sim=gem5 cache=system.l3cache addr=0x3c0a40 vaddr=0x3d2a40 size=4 source=request-flag allocate=0]
[ECG-STREAM-BYPASS sim=gem5 cache=system.l3cache addr=0x3c0a80 vaddr=0x3d2a80 size=4 source=request-flag allocate=0]
[ECG-STREAM-BYPASS sim=gem5 cache=system.l3cache addr=0x3c0ac0 vaddr=0x3d2ac0 size=4 source=request-flag allocate=0]
[ECG-STREAM-BYPASS sim=gem5 cache=system.l3cache addr=0x3c0b00 vaddr=0x3d2b00 size=4 source=request-flag allocate=0]
[ECG-STREAM-BYPASS sim=gem5 cache=system.l3cache addr=0x3c0b40 vaddr=0x3d2b40 size=4 source=request-flag allocate=0]
[ECG-STREAM-BYPASS sim=gem5 cache=system.l3cache addr=0x3c0b80 vaddr=0x3d2b80 size=4 source=request-flag allocate=0]
[ECG-STREAM-BYPASS sim=gem5 cache=system.l3cache addr=0x3c0bc0 vaddr=0x3d2bc0 size=4 source=request-flag allocate=0]
[ECG-STREAM-BYPASS sim=gem5 cache=system.l3cache addr=0x3c0c00 vaddr=0x3d2c00 size=4 source=request-flag allocate=0]
[ECG-STREAM-BYPASS sim=gem5 cache=system.l3cache addr=0x3c0c40 vaddr=0x3d2c40 size=4 source=request-flag allocate=0]
[ECG-STREAM-BYPASS sim=gem5 cache=system.l3cache addr=0x3c0c80 vaddr=0x3d2c80 size=4 source=request-flag allocate=0]
[ECG-STREAM-BYPASS sim=gem5 cache=system.l3cache addr=0x3c0cc0 vaddr=0x3d2cc0 size=4 source=request-flag allocate=0]
[ECG-STREAM-BYPASS sim=gem5 cache=system.l3cache addr=0x3c0d00 vaddr=0x3d2d00 size=4 source=request-flag allocate=0]
[ECG-STREAM-BYPASS sim=gem5 cache=system.l3cache addr=0x3c0d40 vaddr=0x3d2d40 size=4 source=request-flag allocate=0]
[ECG-STREAM-BYPASS sim=gem5 cache=system.l3cache addr=0x3c0d80 vaddr=0x3d2d80 size=4 source=request-flag allocate=0]
[ECG-STREAM-BYPASS sim=gem5 cache=system.l3cache addr=0x3c0dc0 vaddr=0x3d2dc0 size=4 source=request-flag allocate=0]
[ECG-STREAM-BYPASS sim=gem5 cache=system.l3cache addr=0x3c0e00 vaddr=0x3d2e00 size=4 source=request-flag allocate=0]
[ECG-STREAM-BYPASS sim=gem5 cache=system.l3cache addr=0x3c0e40 vaddr=0x3d2e40 size=4 source=request-flag allocate=0]
[ECG-STREAM-BYPASS sim=gem5 cache=system.l3cache addr=0x3c0e80 vaddr=0x3d2e80 size=4 source=request-flag allocate=0]
[ECG-STREAM-BYPASS sim=gem5 cache=system.l3cache addr=0x3c0ec0 vaddr=0x3d2ec0 size=4 source=request-flag allocate=0]
[ECG-STREAM-BYPASS sim=gem5 cache=system.l3cache addr=0x3c0f00 vaddr=0x3d2f00 size=4 source=request-flag allocate=0]
[ECG-STREAM-BYPASS sim=gem5 cache=system.l3cache addr=0x3c0f40 vaddr=0x3d2f40 size=4 source=request-flag allocate=0]
[ECG-STREAM-BYPASS sim=gem5 cache=system.l3cache addr=0x3c0f80 vaddr=0x3d2f80 size=4 source=request-flag allocate=0]
[ECG-STREAM-BYPASS sim=gem5 cache=system.l3cache addr=0x3c0fc0 vaddr=0x3d2fc0 size=4 source=request-flag allocate=0]
[ECG-STREAM-BYPASS sim=gem5 cache=system.l3cache addr=0x3c1000 vaddr=0x3d3000 size=4 source=request-flag allocate=0]
[ECG-STREAM-BYPASS sim=gem5 cache=system.l3cache addr=0x3c1040 vaddr=0x3d3040 size=4 source=request-flag allocate=0]
[ECG-STREAM-BYPASS sim=gem5 cache=system.l3cache addr=0x3c1080 vaddr=0x3d3080 size=4 source=request-flag allocate=0]
[ECG-STREAM-BYPASS sim=gem5 cache=system.l3cache addr=0x3c10c0 vaddr=0x3d30c0 size=4 source=request-flag allocate=0]
[ECG-STREAM-BYPASS sim=gem5 cache=system.l3cache addr=0x3c1100 vaddr=0x3d3100 size=4 source=request-flag allocate=0]
[ECG-STREAM-BYPASS sim=gem5 cache=system.l3cache addr=0x3c1140 vaddr=0x3d3140 size=4 source=request-flag allocate=0]
[ECG-STREAM-BYPASS sim=gem5 cache=system.l3cache addr=0x3c1180 vaddr=0x3d3180 size=4 source=request-flag allocate=0]
[ECG-STREAM-BYPASS sim=gem5 cache=system.l3cache addr=0x3c11c0 vaddr=0x3d31c0 size=4 source=request-flag allocate=0]
[ECG-STREAM-BYPASS sim=gem5 cache=system.l3cache addr=0x3c1200 vaddr=0x3d3200 size=4 source=request-flag allocate=0]
[ECG-STREAM-BYPASS sim=gem5 cache=system.l3cache addr=0x3c1240 vaddr=0x3d3240 size=4 source=request-flag allocate=0]
[ECG-STREAM-BYPASS sim=gem5 cache=system.l3cache addr=0x3c1280 vaddr=0x3d3280 size=4 source=request-flag allocate=0]
[ECG-STREAM-BYPASS sim=gem5 cache=system.l3cache addr=0x3c12c0 vaddr=0x3d32c0 size=4 source=request-flag allocate=0]
[ECG-STREAM-BYPASS sim=gem5 cache=system.l3cache addr=0x3c1300 vaddr=0x3d3300 size=4 source=request-flag allocate=0]
[ECG-STREAM-BYPASS sim=gem5 cache=system.l3cache addr=0x3c1340 vaddr=0x3d3340 size=4 source=request-flag allocate=0]
[ECG-STREAM-BYPASS sim=gem5 cache=system.l3cache addr=0x3c1380 vaddr=0x3d3380 size=4 source=request-flag allocate=0]
[ECG-STREAM-BYPASS sim=gem5 cache=system.l3cache addr=0x3c13c0 vaddr=0x3d33c0 size=4 source=request-flag allocate=0]
[ECG-STREAM-BYPASS sim=gem5 cache=system.l3cache addr=0x3c1400 vaddr=0x3d3400 size=4 source=request-flag allocate=0]
[ECG-STREAM-BYPASS sim=gem5 cache=system.l3cache addr=0x3c1440 vaddr=0x3d3440 size=4 source=request-flag allocate=0]
[ECG-STREAM-BYPASS sim=gem5 cache=system.l3cache addr=0x3c1480 vaddr=0x3d3480 size=4 source=request-flag allocate=0]
[ECG-STREAM-BYPASS sim=gem5 cache=system.l3cache addr=0x3c14c0 vaddr=0x3d34c0 size=4 source=request-flag allocate=0]
[ECG-STREAM-BYPASS sim=gem5 cache=system.l3cache addr=0x3c1500 vaddr=0x3d3500 size=4 source=request-flag allocate=0]
[ECG-STREAM-BYPASS sim=gem5 cache=system.l3cache addr=0x3c1540 vaddr=0x3d3540 size=4 source=request-flag allocate=0]
[ECG-STREAM-BYPASS sim=gem5 cache=system.l3cache addr=0x3c1580 vaddr=0x3d3580 size=4 source=request-flag allocate=0]
[ECG-STREAM-BYPASS sim=gem5 cache=system.l3cache addr=0x3c15c0 vaddr=0x3d35c0 size=4 source=request-flag allocate=0]
[ECG-STREAM-BYPASS sim=gem5 cache=system.l3cache addr=0x3c1600 vaddr=0x3d3600 size=4 source=request-flag allocate=0]
[ECG-STREAM-BYPASS sim=gem5 cache=system.l3cache addr=0x3c1640 vaddr=0x3d3640 size=4 source=request-flag allocate=0]
[ECG-STREAM-BYPASS sim=gem5 cache=system.l3cache addr=0x3c1680 vaddr=0x3d3680 size=4 source=request-flag allocate=0]
[ECG-STREAM-BYPASS sim=gem5 cache=system.l3cache addr=0x3c16c0 vaddr=0x3d36c0 size=4 source=request-flag allocate=0]
[ECG-STREAM-BYPASS sim=gem5 cache=system.l3cache addr=0x3c1700 vaddr=0x3d3700 size=4 source=request-flag allocate=0]
[ECG-STREAM-BYPASS sim=gem5 cache=system.l3cache addr=0x3c1740 vaddr=0x3d3740 size=4 source=request-flag allocate=0]
[ECG-STREAM-BYPASS sim=gem5 cache=system.l3cache addr=0x3c1780 vaddr=0x3d3780 size=4 source=request-flag allocate=0]
[ECG-STREAM-BYPASS sim=gem5 cache=system.l3cache addr=0x3c17c0 vaddr=0x3d37c0 size=4 source=request-flag allocate=0]
[ECG-STREAM-BYPASS sim=gem5 cache=system.l3cache addr=0x3c1800 vaddr=0x3d3800 size=4 source=request-flag allocate=0]
[ECG-STREAM-BYPASS sim=gem5 cache=system.l3cache addr=0x3c1840 vaddr=0x3d3840 size=4 source=request-flag allocate=0]
[ECG-STREAM-BYPASS sim=gem5 cache=system.l3cache addr=0x3c1880 vaddr=0x3d3880 size=4 source=request-flag allocate=0]
[ECG-STREAM-BYPASS sim=gem5 cache=system.l3cache addr=0x3c18c0 vaddr=0x3d38c0 size=4 source=request-flag allocate=0]
[ECG-STREAM-BYPASS sim=gem5 cache=system.l3cache addr=0x3c1900 vaddr=0x3d3900 size=4 source=request-flag allocate=0]
[ECG-STREAM-BYPASS sim=gem5 cache=system.l3cache addr=0x3c1940 vaddr=0x3d3940 size=4 source=request-flag allocate=0]
[ECG-STREAM-BYPASS sim=gem5 cache=system.l3cache addr=0x3c1980 vaddr=0x3d3980 size=4 source=request-flag allocate=0]
[ECG-STREAM-BYPASS sim=gem5 cache=system.l3cache addr=0x3c19c0 vaddr=0x3d39c0 size=4 source=request-flag allocate=0]
[ECG-STREAM-BYPASS sim=gem5 cache=system.l3cache addr=0x3c1a00 vaddr=0x3d3a00 size=4 source=request-flag allocate=0]
[ECG-STREAM-BYPASS sim=gem5 cache=system.l3cache addr=0x3c1a40 vaddr=0x3d3a40 size=4 source=request-flag allocate=0]
[ECG-STREAM-BYPASS sim=gem5 cache=system.l3cache addr=0x3c1a80 vaddr=0x3d3a80 size=4 source=request-flag allocate=0]
[ECG-STREAM-BYPASS sim=gem5 cache=system.l3cache addr=0x3c1ac0 vaddr=0x3d3ac0 size=4 source=request-flag allocate=0]
[ECG-STREAM-BYPASS sim=gem5 cache=system.l3cache addr=0x3c1b00 vaddr=0x3d3b00 size=4 source=request-flag allocate=0]
[ECG-STREAM-BYPASS sim=gem5 cache=system.l3cache addr=0x3c1b40 vaddr=0x3d3b40 size=4 source=request-flag allocate=0]
[ECG-STREAM-BYPASS sim=gem5 cache=system.l3cache addr=0x3c1b80 vaddr=0x3d3b80 size=4 source=request-flag allocate=0]
[ECG-STREAM-BYPASS sim=gem5 cache=system.l3cache addr=0x3c1bc0 vaddr=0x3d3bc0 size=4 source=request-flag allocate=0]
[ECG-STREAM-BYPASS sim=gem5 cache=system.l3cache addr=0x3c1c00 vaddr=0x3d3c00 size=4 source=request-flag allocate=0]
[ECG-STREAM-BYPASS sim=gem5 cache=system.l3cache addr=0x3c1c40 vaddr=0x3d3c40 size=4 source=request-flag allocate=0]
[ECG-STREAM-BYPASS sim=gem5 cache=system.l3cache addr=0x3c1c80 vaddr=0x3d3c80 size=4 source=request-flag allocate=0]
[ECG-STREAM-BYPASS sim=gem5 cache=system.l3cache addr=0x3c1cc0 vaddr=0x3d3cc0 size=4 source=request-flag allocate=0]
[ECG-STREAM-BYPASS sim=gem5 cache=system.l3cache addr=0x3c1d00 vaddr=0x3d3d00 size=4 source=request-flag allocate=0]
[ECG-STREAM-BYPASS sim=gem5 cache=system.l3cache addr=0x3c1d40 vaddr=0x3d3d40 size=4 source=request-flag allocate=0]
[ECG-STREAM-BYPASS sim=gem5 cache=system.l3cache addr=0x3c1d80 vaddr=0x3d3d80 size=4 source=request-flag allocate=0]
[ECG-STREAM-BYPASS sim=gem5 cache=system.l3cache addr=0x3c1dc0 vaddr=0x3d3dc0 size=4 source=request-flag allocate=0]
[ECG-STREAM-BYPASS sim=gem5 cache=system.l3cache addr=0x3c1e00 vaddr=0x3d3e00 size=4 source=request-flag allocate=0]
[ECG-STREAM-BYPASS sim=gem5 cache=system.l3cache addr=0x3c1e40 vaddr=0x3d3e40 size=4 source=request-flag allocate=0]
[ECG-STREAM-BYPASS sim=gem5 cache=system.l3cache addr=0x3c1e80 vaddr=0x3d3e80 size=4 source=request-flag allocate=0]
[ECG-STREAM-BYPASS sim=gem5 cache=system.l3cache addr=0x3c1ec0 vaddr=0x3d3ec0 size=4 source=request-flag allocate=0]
[ECG-STREAM-BYPASS sim=gem5 cache=system.l3cache addr=0x3c1f00 vaddr=0x3d3f00 size=4 source=request-flag allocate=0]
[ECG-STREAM-BYPASS sim=gem5 cache=system.l3cache addr=0x3c1f40 vaddr=0x3d3f40 size=4 source=request-flag allocate=0]
[ECG-STREAM-BYPASS sim=gem5 cache=system.l3cache addr=0x3c1f80 vaddr=0x3d3f80 size=4 source=request-flag allocate=0]
[ECG-STREAM-BYPASS sim=gem5 cache=system.l3cache addr=0x3c1fc0 vaddr=0x3d3fc0 size=4 source=request-flag allocate=0]
[ECG-STREAM-BYPASS sim=gem5 cache=system.l3cache addr=0x3c2000 vaddr=0x3d4000 size=4 source=request-flag allocate=0]
[ECG-STREAM-BYPASS sim=gem5 cache=system.l3cache addr=0x3c2040 vaddr=0x3d4040 size=4 source=request-flag allocate=0]
[ECG-STREAM-BYPASS sim=gem5 cache=system.l3cache addr=0x3c2080 vaddr=0x3d4080 size=4 source=request-flag allocate=0]
Exiting @ tick 68506327000 because exiting with last active thread context

[exit_code] 0
[elapsed_s] 320.134
