{
  "type_0": {
    "centroid": [
      0.8581,
      0.287578,
      0.44793,
      0.055366,
      0.7879,
      6.2011068474112e-05,
      4.823083103542045e-05
    ],
    "graph_count": 2,
    "algorithms": [],
    "graphs": []
  }
}