{
  "type_0": {
    "centroid": [
      0.7830733333333333,
      0.26394066666666666,
      0.4094233333333333,
      0.06293266666666666,
      0.3995033333333334,
      6.2011068474112e-05,
      4.823083103542045e-05
    ],
    "graph_count": 3,
    "algorithms": [],
    "graphs": []
  },
  "type_1": {
    "centroid": [
      0.4798766666666666,
      0.352884,
      0.4229,
      0.024350666666666663,
      0.002023333333333333,
      6.2011068474112e-05,
      4.823083103542045e-05
    ],
    "graph_count": 3,
    "algorithms": [],
    "graphs": []
  }
}