{
  "SORT": {
    "bias": -1.5000000000000002,
    "w_modularity": 1.569203141530065,
    "w_degree_variance": -1.8870270430116252,
    "w_hub_concentration": 1.6260038853809908,
    "w_avg_degree": 2.7082976985639626,
    "w_clustering_coeff": 0.30301046625277095,
    "w_log_nodes": -0.264151338014867,
    "w_log_edges": 3.0325122279637777,
    "w_bench_bfs": -0.5923256527084708,
    "w_bench_pr": -0.20469474385934952,
    "w_bench_cc": 0.6054256004358596,
    "w_bench_sssp": -0.5046341769281246,
    "w_bench_bc": -0.8046572975357025,
    "w_bench_tc": 0.002419622715660341
  },
  "RANDOM": {
    "bias": 1.0999999999999999,
    "w_modularity": -1.8618398024465421,
    "w_degree_variance": -0.9963517783251101,
    "w_hub_concentration": -0.6977408752924227,
    "w_avg_degree": 2.1540206887966815,
    "w_clustering_coeff": 0.06303947332595398,
    "w_log_nodes": -0.07537806175998264,
    "w_log_edges": -0.1279115305129056,
    "w_bench_bfs": -0.08534351231078446,
    "w_bench_pr": 1.2977422369951348,
    "w_bench_cc": 0.0006752820468792384,
    "w_bench_sssp": -0.014247481862134568,
    "w_bench_bc": -0.10544382724525184,
    "w_bench_tc": 0.001109225897098661
  },
  "HUBSORT": {
    "bias": 0.20000000000000004,
    "w_modularity": -0.4153929357742235,
    "w_degree_variance": -0.6073584198165441,
    "w_hub_concentration": -0.05187538689918741,
    "w_avg_degree": 2.1847694625020635,
    "w_clustering_coeff": 0.6321359338777018,
    "w_log_nodes": -0.3080172836757397,
    "w_log_edges": 0.12692641217045397,
    "w_bench_bfs": 0.389422890710441,
    "w_bench_pr": 0.00822544912103189,
    "w_bench_cc": -0.012208436499710222,
    "w_bench_sssp": -0.09791136404995245,
    "w_bench_bc": -0.11959670123879776,
    "w_bench_tc": -0.013281860488984306
  },
  "HUBCLUSTER": {
    "bias": 0.30000000000000004,
    "w_modularity": 0.6247516123586944,
    "w_degree_variance": 1.3196888657999375,
    "w_hub_concentration": 0.31897268281190033,
    "w_avg_degree": -0.24171268282389646,
    "w_clustering_coeff": -0.7119120369558765,
    "w_log_nodes": -2.228822364611125,
    "w_log_edges": -2.546055806170495,
    "w_bench_bfs": 0.2953936122904022,
    "w_bench_pr": -0.28942877773781084,
    "w_bench_cc": 0.5034361828956846,
    "w_bench_sssp": -0.11763040155362735,
    "w_bench_bc": -0.09675916030605206,
    "w_bench_tc": -0.0038508228041631656
  },
  "DBG": {
    "bias": 1.3,
    "w_modularity": -1.7827672200030622,
    "w_degree_variance": -0.7331826371116013,
    "w_hub_concentration": -1.4528090047750224,
    "w_avg_degree": -2.3593791988088735,
    "w_clustering_coeff": 1.6947708247678084,
    "w_log_nodes": -0.5534773486578745,
    "w_log_edges": -1.3872987849197433,
    "w_bench_bfs": -0.09024454872877641,
    "w_bench_pr": 1.4952082576215473,
    "w_bench_cc": -0.0018565897666381712,
    "w_bench_sssp": -0.011063349740060282,
    "w_bench_bc": -0.1119620662408067,
    "w_bench_tc": 0.008125258223941981
  },
  "HUBSORTDBG": {
    "bias": 0.0,
    "w_modularity": -2.4992665997142796,
    "w_degree_variance": 0.48517889878420617,
    "w_hub_concentration": 0.7135043289789147,
    "w_avg_degree": 1.0849715602504628,
    "w_clustering_coeff": -1.177996197546071,
    "w_log_nodes": -0.12151832406393731,
    "w_log_edges": 0.4863587223528415,
    "w_bench_bfs": -0.20035826039109952,
    "w_bench_pr": -0.08435356344185994,
    "w_bench_cc": -0.12619745104089744,
    "w_bench_sssp": -0.19178097495624777,
    "w_bench_bc": 0.6008704706823816,
    "w_bench_tc": -0.002990073504658675
  },
  "HUBCLUSTERDBG": {
    "bias": 0.10000000000000003,
    "w_modularity": 0.06447760776535899,
    "w_degree_variance": -0.2250754891460054,
    "w_hub_concentration": -0.3759947188783771,
    "w_avg_degree": -1.297096874284883,
    "w_clustering_coeff": -1.0488960595525878,
    "w_log_nodes": 1.757186658585028,
    "w_log_edges": 0.28875513955055016,
    "w_bench_bfs": 0.09498242956415465,
    "w_bench_pr": -0.09084597882297926,
    "w_bench_cc": 0.3032875110965969,
    "w_bench_sssp": -0.005297602037670388,
    "w_bench_bc": -0.19486732566886644,
    "w_bench_tc": 0.0009707754934804039
  },
  "RABBITORDER": {
    "bias": 0.5,
    "w_modularity": 0.8417874499053544,
    "w_degree_variance": 1.8220422690612608,
    "w_hub_concentration": -2.6148706214659727,
    "w_avg_degree": 0.39277271846868217,
    "w_clustering_coeff": 0.7181788505186607,
    "w_log_nodes": 0.40605698404960106,
    "w_log_edges": -1.2867667273882721,
    "w_bench_bfs": 0.10005113456642462,
    "w_bench_pr": 0.1976541286662485,
    "w_bench_cc": -0.5141537074205041,
    "w_bench_sssp": 0.2957935467723465,
    "w_bench_bc": 0.39657285483473226,
    "w_bench_tc": -0.00802277269221619
  },
  "GORDER": {
    "bias": -0.7999999999999999,
    "w_modularity": 1.0872651428833464,
    "w_degree_variance": 0.4231763085681305,
    "w_hub_concentration": 0.5626168590121094,
    "w_avg_degree": -1.0691172218716578,
    "w_clustering_coeff": 1.2372895039072542,
    "w_log_nodes": -0.3017553472188014,
    "w_log_edges": 0.7130444681253112,
    "w_bench_bfs": -0.30026513875449223,
    "w_bench_pr": -0.6993976979005897,
    "w_bench_cc": 0.2246324211248529,
    "w_bench_sssp": 0.1980763903521888,
    "w_bench_bc": -0.19698452657666385,
    "w_bench_tc": -0.0003471176970524331
  },
  "CORDER": {
    "bias": 0.10000000000000003,
    "w_modularity": -1.7453967803762003,
    "w_degree_variance": -1.122916571854843,
    "w_hub_concentration": 1.3124233303268895,
    "w_avg_degree": -0.16072888052956855,
    "w_clustering_coeff": -0.7218368745479036,
    "w_log_nodes": 0.7176374256617465,
    "w_log_edges": 1.2743422220183105,
    "w_bench_bfs": 0.20586857093800268,
    "w_bench_pr": -0.17809544374190023,
    "w_bench_cc": -0.3099053632513069,
    "w_bench_sssp": -0.20566297729602773,
    "w_bench_bc": 0.6009965136508764,
    "w_bench_tc": -0.005034756541161992
  },
  "RCM": {
    "bias": -1.5000000000000002,
    "w_modularity": 1.8133223656893853,
    "w_degree_variance": 0.9078678297480789,
    "w_hub_concentration": 0.6371339628627302,
    "w_avg_degree": 0.6924259243063264,
    "w_clustering_coeff": -3.321722242342367,
    "w_log_nodes": 0.4743779127186316,
    "w_log_edges": 1.7814185372007096,
    "w_bench_bfs": -0.0032206151620567114,
    "w_bench_pr": -0.9918648278263031,
    "w_bench_cc": -0.6123086431643395,
    "w_bench_sssp": 0.10227459934604127,
    "w_bench_bc": 0.013071427542824282,
    "w_bench_tc": -0.016074832345612276
  },
  "GraphBrewOrder": {
    "bias": 2.7755575615628914e-17,
    "w_modularity": -0.2971306614146835,
    "w_degree_variance": 0.07298022794248327,
    "w_hub_concentration": 0.29800822871776317,
    "w_avg_degree": -0.26554550710877883,
    "w_clustering_coeff": 0.9153624338691672,
    "w_log_nodes": -0.4091999447159424,
    "w_log_edges": 0.9526536837256172,
    "w_bench_bfs": 0.3025049285034588,
    "w_bench_pr": 0.20346448209496978,
    "w_bench_cc": -0.3068002472157849,
    "w_bench_sssp": -0.29767746302839,
    "w_bench_bc": 0.10293072473298687,
    "w_bench_tc": -0.007143514180263678
  },
  "LeidenOrder": {
    "bias": 0.7999999999999999,
    "w_modularity": 0.07088574511144682,
    "w_degree_variance": 1.3560793292090791,
    "w_hub_concentration": -1.0758300349720313,
    "w_avg_degree": -0.49035326391366085,
    "w_clustering_coeff": 1.001999183297712,
    "w_log_nodes": -1.6747398609227921,
    "w_log_edges": -1.950448159556586,
    "w_bench_bfs": 0.29179317681648287,
    "w_bench_pr": -0.3903662387075568,
    "w_bench_cc": -0.09587219073063502,
    "w_bench_sssp": 0.6082206015999448,
    "w_bench_bc": 0.4189679298265395,
    "w_bench_tc": -0.002453881160028705
  },
  "LeidenDendrogram": {
    "bias": -0.4,
    "w_modularity": 0.6387766383564143,
    "w_degree_variance": -1.2818719442962616,
    "w_hub_concentration": 2.296379897150331,
    "w_avg_degree": -0.6596416170941377,
    "w_clustering_coeff": 0.0926825197481696,
    "w_log_nodes": 0.07762476588752365,