{
  "type_0": {
    "centroid": [
      0.8109500000000001,
      0.26349100000000003,
      0.419545,
      0.05423,
      0.51209,
      6.2011068474112e-05,
      4.823083103542045e-05
    ],
    "graph_count": 2,
    "algorithms": [],
    "graphs": []
  },
  "type_1": {
    "centroid": [
      0.47935,
      0.35699749999999997,
      0.426465,
      0.024548999999999998,
      0.0016474999999999997,
      6.2011068474112e-05,
      4.823083103542045e-05
    ],
    "graph_count": 4,
    "algorithms": [],
    "graphs": []
  },
  "type_2": {
    "centroid": [
      0.60914,
      0.548893,
      0.63669,
      0.143652,
      0.431005,
      6.2011068474112e-05,
      4.823083103542045e-05
    ],
    "graph_count": 2,
    "algorithms": [],
    "graphs": []
  },
  "type_3": {
    "centroid": [
      0.6623975,
      0.2574595,
      0.3859325,
      0.14658699999999997,
      0.08454999999999999,
      6.2011068474112e-05,
      4.823083103542045e-05
    ],
    "graph_count": 4,
    "algorithms": [],
    "graphs": []
  },
  "type_4": {
    "centroid": [
      0.71409,
      1,
      0.5178,
      0.015902,
      0.20241,
      6.2011068474112e-05,
      4.823083103542045e-05
    ],
    "graph_count": 1,
    "algorithms": [],
    "graphs": []
  },
  "type_5": {
    "centroid": [
      0.37586,
      0.71712,
      0.7359933333333334,
      0.09118933333333334,
      0.06268333333333333,
      6.2011068474112e-05,
      4.823083103542045e-05
    ],
    "graph_count": 3,
    "algorithms": [],
    "graphs": []
  },
  "type_large": {
    "centroid": [
      0.554274,
      0.5406556,
      0.5614220000000001,
      0.106053,
      0.155025,
      0.2434706979531692,
      0.2828852667344806
    ],
    "graph_count": 10,
    "graphs": [
      "ca-HepPh",
      "p2p-Gnutella31",
      "email-Enron",
      "ca-AstroPh",
      "cit-HepTh",
      "email-EuAll",
      "cit-HepPh",
      "soc-Slashdot0811",
      "soc-Slashdot0902",
      "soc-sign-epinions"
    ],
    "min_edges": 100000,
    "description": "Trained on large graphs only (>100k edges)"
  }
}