{
  "SORT": {
    "bias": 0.384,
    "w_modularity": 0.06188833333333334,
    "w_degree_variance": 0.17629083333333337,
    "w_hub_concentration": 0.0476685,
    "w_avg_degree": 0.014533633333333332,
    "w_clustering_coeff": 0.01788416666666667,
    "w_log_nodes": 0.020923941328830433,
    "w_log_edges": 0.028046325237403687,
    "w_reorder_time": -0.0,
    "_metadata": {
      "sample_count": 50,
      "win_count": 6,
      "avg_speedup": 3.309071881713136,
      "times_best": 6,
      "win_rate": 0.12,
      "trained_on": "large_graphs_only"
    }
  },
  "RANDOM": {
    "bias": 0.356,
    "w_modularity": 0.05197700000000001,
    "w_degree_variance": 0.19652000000000003,
    "w_hub_concentration": 0.04876425,
    "w_avg_degree": 0.0118504,
    "w_clustering_coeff": 0.007331000000000001,
    "w_log_nodes": 0.022864571721972232,
    "w_log_edges": 0.02769794827779746,
    "w_reorder_time": -0.0,
    "_metadata": {
      "sample_count": 50,
      "win_count": 4,
      "avg_speedup": 3.597652343954481,
      "times_best": 4,
      "win_rate": 0.08,
      "trained_on": "large_graphs_only"
    }
  },
  "HUBSORT": {
    "bias": 0.314,
    "w_modularity": 0.06216000000000001,
    "w_degree_variance": 0.149338,
    "w_hub_concentration": 0.044034000000000004,
    "w_avg_degree": 0.0207522,
    "w_clustering_coeff": 0.022346,
    "w_log_nodes": 0.018193007793435103,
    "w_log_edges": 0.02552118219975287,
    "w_reorder_time": -0.0,
    "_metadata": {
      "sample_count": 50,
      "win_count": 1,
      "avg_speedup": 3.2131273993972,
      "times_best": 1,
      "win_rate": 0.02,
      "trained_on": "large_graphs_only"
    }
  },
  "HUBCLUSTER": {
    "bias": 0.314,
    "w_modularity": 0.056706000000000006,
    "w_degree_variance": 0.314449,
    "w_hub_concentration": 0.064768,
    "w_avg_degree": 0.0096458,
    "w_clustering_coeff": 0.015168000000000001,
    "w_log_nodes": 0.02235101978336513,
    "w_log_edges": 0.02516020832967702,
    "w_reorder_time": -0.0,
    "_metadata": {
      "sample_count": 50,
      "win_count": 1,
      "avg_speedup": 3.1979507258065922,
      "times_best": 1,
      "win_rate": 0.02,
      "trained_on": "large_graphs_only"
    }
  },
  "DBG": {
    "bias": 0.3,
    "w_modularity": 0.0,
    "w_degree_variance": 0.0,
    "w_hub_concentration": 0.0,
    "w_avg_degree": 0.0,
    "w_clustering_coeff": 0.0,
    "w_log_nodes": 0.0,
    "w_log_edges": 0.0,
    "w_reorder_time": -0.0,
    "_metadata": {
      "sample_count": 50,
      "win_count": 0,
      "avg_speedup": 3.0939160410134248,
      "times_best": 0,
      "win_rate": 0.0,
      "trained_on": "large_graphs_only"
    }
  },
  "HUBSORTDBG": {
    "bias": 0.314,
    "w_modularity": 0.032249,
    "w_degree_variance": 0.33119000000000004,
    "w_hub_concentration": 0.070724,
    "w_avg_degree": 0.0113614,
    "w_clustering_coeff": 0.0028320000000000003,
    "w_log_nodes": 0.026978806586784938,
    "w_log_edges": 0.03285414562877052,
    "w_reorder_time": -0.0,
    "_metadata": {
      "sample_count": 50,
      "win_count": 1,
      "avg_speedup": 3.3460300832649006,
      "times_best": 1,
      "win_rate": 0.02,
      "trained_on": "large_graphs_only"
    }
  },
  "HUBCLUSTERDBG": {
    "bias": 0.314,
    "w_modularity": 0.048042,
    "w_degree_variance": 0.184669,
    "w_hub_concentration": 0.043716000000000005,
    "w_avg_degree": 0.0025144000000000004,
    "w_clustering_coeff": 5.2e-05,
    "w_log_nodes": 0.025663959939808065,
    "w_log_edges": 0.02411049646790751,
    "w_reorder_time": -0.0,
    "_metadata": {
      "sample_count": 50,
      "win_count": 1,
      "avg_speedup": 3.1327039109086674,
      "times_best": 1,
      "win_rate": 0.02,
      "trained_on": "large_graphs_only"
    }
  },
  "RABBITORDER": {
    "bias": 0.398,
    "w_modularity": 0.06602442857142858,
    "w_degree_variance": 0.3396618571428572,
    "w_hub_concentration": 0.048976142857142864,
    "w_avg_degree": 0.008493885714285714,
    "w_clustering_coeff": 0.022491428571428572,
    "w_log_nodes": 0.026446215359795668,
    "w_log_edges": 0.027040336166276796,
    "w_reorder_time": -0.0,
    "_metadata": {
      "sample_count": 50,
      "win_count": 7,
      "avg_speedup": 4.617242873810332,
      "times_best": 7,
      "win_rate": 0.14,
      "trained_on": "large_graphs_only"
    }
  },
  "GORDER": {
    "bias": 0.384,
    "w_modularity": 0.05778716666666667,
    "w_degree_variance": 0.29705,
    "w_hub_concentration": 0.06494716666666667,
    "w_avg_degree": 0.012123033333333333,
    "w_clustering_coeff": 0.03112566666666667,
    "w_log_nodes": 0.022397866546911116,
    "w_log_edges": 0.02742504197648576,
    "w_reorder_time": -0.0,
    "_metadata": {
      "sample_count": 50,
      "win_count": 6,
      "avg_speedup": 4.529767732609422,
      "times_best": 6,
      "win_rate": 0.12,
      "trained_on": "large_graphs_only"
    }
  },
  "CORDER": {
    "bias": 0.32799999999999996,
    "w_modularity": 0.033351,
    "w_degree_variance": 0.30545,
    "w_hub_concentration": 0.06847800000000001,
    "w_avg_degree": 0.009920600000000002,
    "w_clustering_coeff": 0.00326,
    "w_log_nodes": 0.027352895945876685,
    "w_log_edges": 0.033078009460113064,
    "w_reorder_time": -0.0,
    "_metadata": {
      "sample_count": 50,
      "win_count": 2,
      "avg_speedup": 3.3428351776003917,
      "times_best": 2,
      "win_rate": 0.04,
      "trained_on": "large_graphs_only"
    }
  },
  "RCM": {
    "bias": 0.398,
    "w_modularity": 0.05278728571428572,
    "w_degree_variance": 0.2727104285714286,
    "w_hub_concentration": 0.059367,
    "w_avg_degree": 0.01033097142857143,
    "w_clustering_coeff": 0.005965142857142857,
    "w_log_nodes": 0.02558657074677155,
    "w_log_edges": 0.031049230785670637,
    "w_reorder_time": -0.0,
    "_metadata": {
      "sample_count": 50,
      "win_count": 7,
      "avg_speedup": 1.3279381966156987,
      "times_best": 7,
      "win_rate": 0.14,
      "trained_on": "large_graphs_only"
    }
  },
  "GraphBrewOrder": {
    "bias": 0.37,
    "w_modularity": 0.0535588,
    "w_degree_variance": 0.2828532,
    "w_hub_concentration": 0.06279900000000001,
    "w_avg_degree": 0.01149988,
    "w_clustering_coeff": 0.0212536,
    "w_log_nodes": 0.0232066523524446,
    "w_log_edges": 0.028417244792357667,
    "w_reorder_time": -0.0,
    "_metadata": {
      "sample_count": 50,
      "win_count": 5,
      "avg_speedup": 3.444662586183057,
      "times_best": 5,
      "win_rate": 0.1,
      "trained_on": "large_graphs_only"
    }
  },
  "LeidenOrder": {
    "bias": 0.32799999999999996,
    "w_modularity": 0.05943300000000001,
    "w_degree_variance": 0.23189349999999997,
    "w_hub_concentration": 0.054401000000000005,
    "w_avg_degree": 0.015198999999999999,
    "w_clustering_coeff": 0.018757000000000003,
    "w_log_nodes": 0.020272013788400118,
    "w_log_edges": 0.02534069526471494,
    "w_reorder_time": -0.0,
    "_metadata": {
      "sample_count": 50,
      "win_count": 2,
      "avg_speedup": 3.2236972455922484,
      "times_best": 2,
      "win_rate": 0.04,
      "trained_on": "large_graphs_only"
    }
  },
  "LeidenDendrogram": {
    "bias": 0.356,
    "w_modularity": 0.042587,
    "w_degree_variance": 0.2839395,
    "w_hub_concentration": 0.06192150000000001,
    "w_avg_degree": 0.00836055,
    "w_clustering_coeff": 0.005328,
    "w_log_nodes": 0.025586670563958705,
    "w_log_edges": 0.028800714971617028,
    "w_reorder_time": -0.0,
    "_metadata": {
      "sample_count": 50,
      "win_count": 4,
      "avg_speedup": 4.1872030401342935,
      "times_best": 4,
      "win_rate": 0.08,
      "trained_on": "large_graphs_only"
    }
  },
  "LeidenCSR": {
    "bias": 0.34199999999999997,
    "w_modularity": 0.06362,
    "w_degree_variance": 0.43608233333333335,
    "w_hub_concentration": 0.049092000000000004,
    "w_avg_degree": 0.0018982666666666665,
    "w_clustering_coeff": 0.013511333333333334,
    "w_log_nodes": 0.03163652422454522,