{
  "schema_version": 1,
  "source": "scripts.experiments.ecg.paper_table_prefetcher",
  "sweep_root": "/tmp/graphbrew-ecg-pfx-cache_sim-scale",
  "baselines": [
    "LRU",
    "SRRIP",
    "GRASP",
    "POPT",
    "ECG_DBG_PRIMARY",
    "ECG_DBG_ONLY"
  ],
  "pfx_label": "ECG_DBG_ONLY + ECG_PFX",
  "delta_bases": [
    "LRU",
    "GRASP",
    "POPT"
  ],
  "summary": {
    "n_cells_total": 16,
    "n_cells_with_full_row": 14,
    "mean_delta_vs_LRU_pp": -5.844664285714282,
    "min_delta_vs_LRU_pp": -14.7783,
    "max_delta_vs_LRU_pp": 1.408100000000001,
    "mean_delta_vs_GRASP_pp": 0.012942857142859778,
    "min_delta_vs_GRASP_pp": -0.05709999999999882,
    "max_delta_vs_GRASP_pp": 0.13480000000000159,
    "mean_delta_vs_POPT_pp": 0.24132142857143138,
    "min_delta_vs_POPT_pp": -3.6177000000000015,
    "max_delta_vs_POPT_pp": 6.138100000000001,
    "mean_useful_rate": 0.999919702504704
  },
  "cells": [
    {
      "graph": "cit-Patents",
      "app": "bc",
      "LRU": 0.884324,
      "SRRIP": 0.879873,
      "GRASP": 0.898508,
      "POPT": 0.882346,
      "ECG_DBG_PRIMARY": 0.895,
      "ECG_DBG_ONLY": 0.898597,
      "ECG_DBG_ONLY + ECG_PFX": 0.898405,
      "prefetch_fills": 0,
      "prefetch_useful": 0,
      "prefetch_requests": 0,
      "delta_vs_LRU_pp": 1.408100000000001,
      "delta_vs_GRASP_pp": -0.010299999999996423,
      "delta_vs_POPT_pp": 1.6059000000000045
    },
    {
      "graph": "cit-Patents",
      "app": "bfs",
      "LRU": 0.970197,
      "SRRIP": 0.966872,
      "GRASP": 0.958999,
      "POPT": 0.960207,
      "ECG_DBG_PRIMARY": 0.954497,
      "ECG_DBG_ONLY": 0.959564,
      "ECG_DBG_ONLY + ECG_PFX": 0.959694,
      "prefetch_fills": 173356,
      "prefetch_useful": 173355,
      "prefetch_requests": 224884,
      "delta_vs_LRU_pp": -1.050299999999993,
      "delta_vs_GRASP_pp": 0.06950000000000012,
      "delta_vs_POPT_pp": -0.05129999999999857
    },
    {
      "graph": "cit-Patents",
      "app": "pr",
      "LRU": 0.893705,
      "SRRIP": 0.878965,
      "GRASP": 0.785689,
      "POPT": 0.77441,
      "ECG_DBG_PRIMARY": 0.786964,
      "ECG_DBG_ONLY": 0.785651,
      "ECG_DBG_ONLY + ECG_PFX": 0.785544,
      "prefetch_fills": 15564263,
      "prefetch_useful": 15559302,
      "prefetch_requests": 17605247,
      "delta_vs_LRU_pp": -10.816099999999995,
      "delta_vs_GRASP_pp": -0.014499999999995072,
      "delta_vs_POPT_pp": 1.1133999999999977
    },
    {
      "graph": "cit-Patents",
      "app": "sssp",
      "LRU": 0.8483,
      "SRRIP": 0.844401,
      "GRASP": 0.817662,
      "POPT": 0.821637,
      "ECG_DBG_PRIMARY": 0.816588,
      "ECG_DBG_ONLY": 0.8179339999999999,
      "ECG_DBG_ONLY + ECG_PFX": 0.817702,
      "prefetch_fills": 6605749,
      "prefetch_useful": 6605649,
      "prefetch_requests": 8148536,
      "delta_vs_LRU_pp": -3.0598000000000014,
      "delta_vs_GRASP_pp": 0.004000000000004,
      "delta_vs_POPT_pp": -0.3934999999999911
    },
    {
      "graph": "com-orkut",
      "app": "pr",
      "LRU": null,
      "SRRIP": null,
      "GRASP": null,
      "POPT": null,
      "ECG_DBG_PRIMARY": null,
      "ECG_DBG_ONLY": null,
      "ECG_DBG_ONLY + ECG_PFX": null,
      "delta_vs_LRU_pp": null,
      "delta_vs_GRASP_pp": null,
      "delta_vs_POPT_pp": null
    },
    {
      "graph": "email-Eu-core",
      "app": "pr",
      "LRU": 1.0,
      "SRRIP": 1.0,
      "GRASP": 1.0,
      "POPT": 1.0,
      "ECG_DBG_PRIMARY": 1.0,
      "ECG_DBG_ONLY": 1.0,
      "ECG_DBG_ONLY + ECG_PFX": 1.0,
      "prefetch_fills": 0,
      "prefetch_useful": 0,
      "prefetch_requests": 48509,
      "delta_vs_LRU_pp": 0.0,
      "delta_vs_GRASP_pp": 0.0,
      "delta_vs_POPT_pp": 0.0
    },
    {
      "graph": "soc-LiveJournal1",
      "app": "bc",
      "LRU": null,
      "SRRIP": null,
      "GRASP": null,
      "POPT": null,
      "ECG_DBG_PRIMARY": null,
      "ECG_DBG_ONLY": null,
      "ECG_DBG_ONLY + ECG_PFX": null,
      "delta_vs_LRU_pp": null,
      "delta_vs_GRASP_pp": null,
      "delta_vs_POPT_pp": null
    },
    {
      "graph": "soc-LiveJournal1",
      "app": "bfs",
      "LRU": 0.81819,
      "SRRIP": 0.78364,
      "GRASP": 0.7402230000000001,
      "POPT": 0.752508,
      "ECG_DBG_PRIMARY": 0.731846,
      "ECG_DBG_ONLY": 0.7396780000000001,
      "ECG_DBG_ONLY + ECG_PFX": 0.7412380000000001,
      "prefetch_fills": 672287,
      "prefetch_useful": 672281,
      "prefetch_requests": 1683527,
      "delta_vs_LRU_pp": -7.695199999999991,
      "delta_vs_GRASP_pp": 0.10149999999999881,
      "delta_vs_POPT_pp": -1.1269999999999891
    },
    {
      "graph": "soc-LiveJournal1",
      "app": "pr",
      "LRU": 0.731781,
      "SRRIP": 0.698628,
      "GRASP": 0.683942,
      "POPT": 0.622545,
      "ECG_DBG_PRIMARY": 0.6826570000000001,
      "ECG_DBG_ONLY": 0.683937,
      "ECG_DBG_ONLY + ECG_PFX": 0.683926,
      "prefetch_fills": 20877192,
      "prefetch_useful": 20876962,
      "prefetch_requests": 51349413,
      "delta_vs_LRU_pp": -4.785499999999998,
      "delta_vs_GRASP_pp": -0.0016000000000016001,
      "delta_vs_POPT_pp": 6.138100000000001
    },
    {
      "graph": "soc-LiveJournal1",
      "app": "sssp",
      "LRU": 0.706269,
      "SRRIP": 0.681377,
      "GRASP": 0.658575,
      "POPT": 0.658223,
      "ECG_DBG_PRIMARY": 0.656253,
      "ECG_DBG_ONLY": 0.657324,
      "ECG_DBG_ONLY + ECG_PFX": 0.658004,
      "prefetch_fills": 10401629,
      "prefetch_useful": 10401357,
      "prefetch_requests": 25431799,
      "delta_vs_LRU_pp": -4.8265,
      "delta_vs_GRASP_pp": -0.05709999999999882,
      "delta_vs_POPT_pp": -0.021899999999996922
    },
    {
      "graph": "soc-pokec",
      "app": "bc",
      "LRU": 0.852169,
      "SRRIP": 0.828771,
      "GRASP": 0.7648159999999999,
      "POPT": 0.79451,
      "ECG_DBG_PRIMARY": 0.769136,
      "ECG_DBG_ONLY": 0.764787,
      "ECG_DBG_ONLY + ECG_PFX": 0.764778,
      "prefetch_fills": 0,
      "prefetch_useful": 0,
      "prefetch_requests": 0,
      "delta_vs_LRU_pp": -8.7391,
      "delta_vs_GRASP_pp": -0.0037999999999982492,
      "delta_vs_POPT_pp": -2.973200000000009
    },
    {
      "graph": "soc-pokec",
      "app": "pr",
      "LRU": 0.6795869999999999,
      "SRRIP": 0.634328,
      "GRASP": 0.543327,
      "POPT": 0.546665,
      "ECG_DBG_PRIMARY": 0.54142,
      "ECG_DBG_ONLY": 0.543327,
      "ECG_DBG_ONLY + ECG_PFX": 0.543247,
      "prefetch_fills": 12900265,
      "prefetch_useful": 12898548,
      "prefetch_requests": 24009855,
      "delta_vs_LRU_pp": -13.63399999999999,
      "delta_vs_GRASP_pp": -0.007999999999996898,
      "delta_vs_POPT_pp": -0.3417999999999921
    },
    {
      "graph": "soc-pokec",
      "app": "sssp",
      "LRU": 0.636609,
      "SRRIP": 0.602614,
      "GRASP": 0.5277419999999999,
      "POPT": 0.563879,
      "ECG_DBG_PRIMARY": 0.5295909999999999,
      "ECG_DBG_ONLY": 0.528221,
      "ECG_DBG_ONLY + ECG_PFX": 0.527702,
      "prefetch_fills": 6381922,
      "prefetch_useful": 6381722,
      "prefetch_requests": 11931756,
      "delta_vs_LRU_pp": -10.890699999999997,
      "delta_vs_GRASP_pp": -0.003999999999992898,
      "delta_vs_POPT_pp": -3.6177000000000015
    },
    {
      "graph": "web-Google",
      "app": "bc",
      "LRU": 0.704351,
      "SRRIP": 0.6883159999999999,
      "GRASP": 0.707101,
      "POPT": 0.702715,
      "ECG_DBG_PRIMARY": 0.697616,
      "ECG_DBG_ONLY": 0.709249,
      "ECG_DBG_ONLY + ECG_PFX": 0.708449,
      "prefetch_fills": 0,
      "prefetch_useful": 0,
      "prefetch_requests": 0,
      "delta_vs_LRU_pp": 0.4098000000000046,
      "delta_vs_GRASP_pp": 0.13480000000000159,
      "delta_vs_POPT_pp": 0.5734000000000017
    },
    {
      "graph": "web-Google",
      "app": "bfs",
      "LRU": 0.969001,
      "SRRIP": 0.969735,
      "GRASP": 0.935657,
      "POPT": 0.946919,
      "ECG_DBG_PRIMARY": 0.931719,
      "ECG_DBG_ONLY": 0.9354439999999999,
      "ECG_DBG_ONLY + ECG_PFX": 0.935324,
      "prefetch_fills": 20098,