{
  "schema_version": 1,
  "source": "scripts.experiments.ecg.paper_table_prefetcher",
  "sweep_root": "/tmp/graphbrew-ecg-pfx-cache_sim-scale",
  "baselines": [
    "LRU",
    "SRRIP",
    "GRASP",
    "POPT",
    "ECG_DBG_PRIMARY",
    "ECG_DBG_ONLY"
  ],
  "pfx_label": "ECG_DBG_ONLY + ECG_PFX",
  "delta_bases": [
    "LRU",
    "GRASP",
    "POPT"
  ],
  "summary": {
    "n_cells_total": 3,
    "n_cells_with_full_row": 2,
    "mean_delta_vs_LRU_pp": -6.240349999999994,
    "min_delta_vs_LRU_pp": -7.695199999999991,
    "max_delta_vs_LRU_pp": -4.785499999999998,
    "mean_delta_vs_GRASP_pp": 0.04994999999999861,
    "min_delta_vs_GRASP_pp": -0.0016000000000016001,
    "max_delta_vs_GRASP_pp": 0.10149999999999881,
    "mean_delta_vs_POPT_pp": 2.505550000000006,
    "min_delta_vs_POPT_pp": -1.1269999999999891,
    "max_delta_vs_POPT_pp": 6.138100000000001,
    "mean_useful_rate": 0.9999900292164732
  },
  "cells": [
    {
      "graph": "soc-LiveJournal1",
      "app": "bfs",
      "LRU": 0.81819,
      "SRRIP": 0.78364,
      "GRASP": 0.7402230000000001,
      "POPT": 0.752508,
      "ECG_DBG_PRIMARY": 0.731846,
      "ECG_DBG_ONLY": 0.7396780000000001,
      "ECG_DBG_ONLY + ECG_PFX": 0.7412380000000001,
      "prefetch_fills": 672287,
      "prefetch_useful": 672281,
      "prefetch_requests": 1683527,
      "delta_vs_LRU_pp": -7.695199999999991,
      "delta_vs_GRASP_pp": 0.10149999999999881,
      "delta_vs_POPT_pp": -1.1269999999999891
    },
    {
      "graph": "soc-LiveJournal1",
      "app": "pr",
      "LRU": 0.731781,
      "SRRIP": 0.698628,
      "GRASP": 0.683942,
      "POPT": 0.622545,
      "ECG_DBG_PRIMARY": 0.6826570000000001,
      "ECG_DBG_ONLY": 0.683937,
      "ECG_DBG_ONLY + ECG_PFX": 0.683926,
      "prefetch_fills": 20877192,
      "prefetch_useful": 20876962,
      "prefetch_requests": 51349413,
      "delta_vs_LRU_pp": -4.785499999999998,
      "delta_vs_GRASP_pp": -0.0016000000000016001,
      "delta_vs_POPT_pp": 6.138100000000001
    },
    {
      "graph": "soc-LiveJournal1",
      "app": "sssp",
      "LRU": null,
      "SRRIP": null,
      "GRASP": null,
      "POPT": null,
      "ECG_DBG_PRIMARY": null,
      "ECG_DBG_ONLY": null,
      "ECG_DBG_ONLY + ECG_PFX": null,
      "delta_vs_LRU_pp": null,
      "delta_vs_GRASP_pp": null,
      "delta_vs_POPT_pp": null
    }
  ]
}
