{
  "schema_version": 1,
  "source": "scripts.experiments.ecg.paper_table_prefetcher",
  "sweep_root": "/tmp/graphbrew-ecg-pfx-cache_sim-kronecker",
  "baselines": [
    "LRU",
    "SRRIP",
    "GRASP",
    "POPT",
    "ECG_DBG_PRIMARY",
    "ECG_DBG_ONLY"
  ],
  "pfx_label": "ECG_DBG_ONLY + ECG_PFX",
  "delta_bases": [
    "LRU",
    "GRASP",
    "POPT",
    "DROPLET_COMBINED"
  ],
  "summary": {
    "n_cells_total": 3,
    "n_cells_with_full_row": 3,
    "mean_delta_vs_LRU_pp": -13.186500000000002,
    "min_delta_vs_LRU_pp": -21.7838,
    "max_delta_vs_LRU_pp": -1.449200000000006,
    "mean_demand_delta_vs_LRU_pp": -8.754271959450865,
    "min_demand_delta_vs_LRU_pp": -17.868245248934272,
    "max_demand_delta_vs_LRU_pp": -0.2060815451345649,
    "mean_delta_vs_GRASP_pp": 0.32259999999999883,
    "min_delta_vs_GRASP_pp": 0.19099999999999673,
    "max_delta_vs_GRASP_pp": 0.5554999999999977,
    "mean_demand_delta_vs_GRASP_pp": -4.088735128052745,
    "min_demand_delta_vs_GRASP_pp": -8.861441486294392,
    "max_demand_delta_vs_GRASP_pp": -0.023135387314754396,
    "mean_delta_vs_POPT_pp": -2.9358333333333335,
    "min_delta_vs_POPT_pp": -4.513299999999997,
    "max_delta_vs_POPT_pp": -0.5272999999999972,
    "mean_demand_delta_vs_POPT_pp": -5.169511758798024,
    "min_demand_delta_vs_POPT_pp": -10.875461109296515,
    "max_demand_delta_vs_POPT_pp": -0.09682065544934781,
    "mean_delta_vs_DROPLET_COMBINED_pp": 0.03006666666666158,
    "min_delta_vs_DROPLET_COMBINED_pp": 0.001399999999995849,
    "max_delta_vs_DROPLET_COMBINED_pp": 0.06819999999999604,
    "mean_demand_delta_vs_DROPLET_COMBINED_pp": 3.513431291746893,
    "min_demand_delta_vs_DROPLET_COMBINED_pp": 0.04065412120508177,
    "max_demand_delta_vs_DROPLET_COMBINED_pp": 6.260268166077044,
    "mean_pfx_marginal_demand_pp": -4.1530478587965565,
    "mean_droplet_marginal_demand_pp": -7.666479150543449,
    "n_pfx_active_cells": 3,
    "n_droplet_active_cells": 3,
    "mean_pfx_marginal_demand_active_pp": -4.1530478587965565,
    "mean_droplet_marginal_demand_active_pp": -7.666479150543449,
    "mean_useful_rate": 0.9994790861764989,
    "ecg_pfx_total_requests": 713687416,
    "ecg_pfx_total_fills": 215677328,
    "ecg_pfx_total_useful": 215636214,
    "ecg_pfx_req_per_useful": 3.3096825563817402,
    "droplet_total_requests": 1275610925,
    "droplet_total_fills": 377828496,
    "droplet_total_useful": 377665322,
    "droplet_req_per_useful": 3.377622595171711,
    "droplet_requests_over_ecg_pfx": 1.787352412838396,
    "droplet_useful_over_ecg_pfx": 1.7514002634084458,
    "ecg_pfx_pp_per_mreq": 0.017457423652247315,
    "droplet_pp_per_mreq": 0.0180301352088454
  },
  "cells": [
    {
      "graph": "kron-s22",
      "app": "bfs",
      "LRU": 0.997272,
      "LRU_demand": 0.11026671475566957,
      "SRRIP": 0.998274,
      "SRRIP_demand": 0.11029492864263878,
      "GRASP": 0.98087,
      "GRASP_demand": 0.10843725317747147,
      "POPT": 0.988053,
      "POPT_demand": 0.1091741058588174,
      "ECG_DBG_PRIMARY": 0.982756,
      "ECG_DBG_PRIMARY_demand": 0.10858887669596157,
      "ECG_DBG_ONLY": 0.982778,
      "ECG_DBG_ONLY_demand": 0.10859201157229148,
      "ECG_DBG_ONLY + ECG_PFX": 0.98278,
      "ECG_DBG_ONLY + ECG_PFX_demand": 0.10820589930432392,
      "ECG_DBG_ONLY + DROPLET": 0.982766,
      "ECG_DBG_ONLY + DROPLET_demand": 0.1077993580922731,
      "DROPLET_COMBINED": 0.982766,
      "DROPLET_COMBINED_demand": 0.1077993580922731,
      "pfx_fills": 7402,
      "pfx_useful": 7402,
      "pfx_requests": 17075,
      "prefetch_fills": 7402,
      "prefetch_useful": 7402,
      "prefetch_requests": 17075,
      "droplet_fills": 15230,
      "droplet_useful": 15230,
      "droplet_requests": 31656,
      "delta_vs_LRU_pp": -1.449200000000006,
      "demand_delta_vs_LRU_pp": -0.2060815451345649,
      "delta_vs_GRASP_pp": 0.19099999999999673,
      "demand_delta_vs_GRASP_pp": -0.023135387314754396,
      "delta_vs_POPT_pp": -0.5272999999999972,
      "demand_delta_vs_POPT_pp": -0.09682065544934781,
      "delta_vs_DROPLET_COMBINED_pp": 0.001399999999995849,
      "demand_delta_vs_DROPLET_COMBINED_pp": 0.04065412120508177,
      "pfx_marginal_demand_pp": -0.03861122679675588,
      "droplet_marginal_demand_pp": -0.07926534800183765
    },
    {
      "graph": "kron-s22",
      "app": "pr",
      "LRU": 0.5468,
      "LRU_demand": 0.1572486979412605,
      "SRRIP": 0.481553,
      "SRRIP_demand": 0.13872290423528288,
      "GRASP": 0.37798,
      "GRASP_demand": 0.10918009220391384,
      "POPT": 0.421204,
      "POPT_demand": 0.12072634221490505,
      "ECG_DBG_PRIMARY": 0.383996,
      "ECG_DBG_PRIMARY_demand": 0.11043447173766295,
      "ECG_DBG_ONLY": 0.381567,
      "ECG_DBG_ONLY_demand": 0.11054157301210722,
      "ECG_DBG_ONLY + ECG_PFX": 0.38353499999999996,
      "ECG_DBG_ONLY + ECG_PFX_demand": 0.07536380709842294,
      "ECG_DBG_ONLY + DROPLET": 0.382853,
      "ECG_DBG_ONLY + DROPLET_demand": 0.03297009121883741,
      "DROPLET_COMBINED": 0.382853,
      "DROPLET_COMBINED_demand": 0.03297009121883741,
      "pfx_fills": 19189498,
      "pfx_useful": 19160714,
      "pfx_requests": 110612168,
      "prefetch_fills": 19189498,
      "prefetch_useful": 19160714,
      "prefetch_requests": 110612168,
      "droplet_fills": 42456257,
      "droplet_useful": 42352864,
      "droplet_requests": 251823879,
      "delta_vs_LRU_pp": -16.3265,
      "demand_delta_vs_LRU_pp": -8.188489084283756,
      "delta_vs_GRASP_pp": 0.5554999999999977,
      "demand_delta_vs_GRASP_pp": -3.3816285105490893,
      "delta_vs_POPT_pp": -3.7669000000000064,
      "demand_delta_vs_POPT_pp": -4.536253511648211,
      "delta_vs_DROPLET_COMBINED_pp": 0.06819999999999604,
      "demand_delta_vs_DROPLET_COMBINED_pp": 4.239371587958553,
      "pfx_marginal_demand_pp": -3.517776591368428,
      "droplet_marginal_demand_pp": -7.757148179326981
    },
    {
      "graph": "kron-s24",
      "app": "pr",
      "LRU": 0.670221,
      "LRU_demand": 0.2747330457225137,
      "SRRIP": 0.581144,
      "SRRIP_demand": 0.23824436489482548,
      "GRASP": 0.45016999999999996,
      "GRASP_demand": 0.1846650080961149,
      "POPT": 0.49751599999999996,
      "POPT_demand": 0.20480520432613614,
      "ECG_DBG_PRIMARY": 0.45296099999999995,
      "ECG_DBG_PRIMARY_demand": 0.1849009830176605,
      "ECG_DBG_ONLY": 0.450696,
      "ECG_DBG_ONLY_demand": 0.18507815081541584,
      "ECG_DBG_ONLY + ECG_PFX": 0.452383,
      "ECG_DBG_ONLY + ECG_PFX_demand": 0.09605059323317099,
      "ECG_DBG_ONLY + DROPLET": 0.45217700000000005,
      "ECG_DBG_ONLY + DROPLET_demand": 0.033447911572400554,
      "DROPLET_COMBINED": 0.45217700000000005,
      "DROPLET_COMBINED_demand": 0.033447911572400554,
      "pfx_fills": 196480428,
      "pfx_useful": 196468098,
      "pfx_requests": 603058173,
      "prefetch_fills": 196480428,
      "prefetch_useful": 196468098,
      "prefetch_requests": 603058173,
      "droplet_fills": 335357009,
      "droplet_useful": 335297228,
      "droplet_requests": 1023755390,
      "delta_vs_LRU_pp": -21.7838,
      "demand_delta_vs_LRU_pp": -17.868245248934272,
      "delta_vs_GRASP_pp": 0.22130000000000205,
      "demand_delta_vs_GRASP_pp": -8.861441486294392,
      "delta_vs_POPT_pp": -4.513299999999997,
      "demand_delta_vs_POPT_pp": -10.875461109296515,
      "delta_vs_DROPLET_COMBINED_pp": 0.020599999999992846,
      "demand_delta_vs_DROPLET_COMBINED_pp": 6.260268166077044,
      "pfx_marginal_demand_pp": -8.902755758224485,
      "droplet_marginal_demand_pp": -15.163023924301527
    }
  ]
}
