{
  "schema_version": 1,
  "source": "scripts.experiments.ecg.paper_table_prefetcher",
  "sweep_root": "/tmp/graphbrew-ecg-pfx-cache_sim-kronecker",
  "baselines": [
    "LRU",
    "SRRIP",
    "GRASP",
    "POPT",
    "ECG_DBG_PRIMARY",
    "ECG_DBG_ONLY"
  ],
  "pfx_label": "ECG_DBG_ONLY + ECG_PFX",
  "delta_bases": [
    "LRU",
    "GRASP",
    "POPT",
    "DROPLET_COMBINED"
  ],
  "summary": {
    "n_cells_total": 3,
    "n_cells_with_full_row": 3,
    "mean_delta_vs_LRU_pp": -13.186500000000002,
    "min_delta_vs_LRU_pp": -21.7838,
    "max_delta_vs_LRU_pp": -1.449200000000006,
    "mean_delta_vs_GRASP_pp": 0.32259999999999883,
    "min_delta_vs_GRASP_pp": 0.19099999999999673,
    "max_delta_vs_GRASP_pp": 0.5554999999999977,
    "mean_delta_vs_POPT_pp": -2.9358333333333335,
    "min_delta_vs_POPT_pp": -4.513299999999997,
    "max_delta_vs_POPT_pp": -0.5272999999999972,
    "mean_delta_vs_DROPLET_COMBINED_pp": 0.03006666666666158,
    "min_delta_vs_DROPLET_COMBINED_pp": 0.001399999999995849,
    "max_delta_vs_DROPLET_COMBINED_pp": 0.06819999999999604,
    "mean_useful_rate": 0.9994790861764989,
    "ecg_pfx_total_requests": 713687416,
    "ecg_pfx_total_fills": 215677328,
    "ecg_pfx_total_useful": 215636214,
    "ecg_pfx_req_per_useful": 3.3096825563817402,
    "droplet_total_requests": 1275610925,
    "droplet_total_fills": 377828496,
    "droplet_total_useful": 377665322,
    "droplet_req_per_useful": 3.377622595171711,
    "droplet_requests_over_ecg_pfx": 1.787352412838396,
    "droplet_useful_over_ecg_pfx": 1.7514002634084458
  },
  "cells": [
    {
      "graph": "kron-s22",
      "app": "bfs",
      "LRU": 0.997272,
      "SRRIP": 0.998274,
      "GRASP": 0.98087,
      "POPT": 0.988053,
      "ECG_DBG_PRIMARY": null,
      "ECG_DBG_ONLY": null,
      "ECG_DBG_ONLY + ECG_PFX": 0.98278,
      "ECG_DBG_ONLY + DROPLET": 0.982766,
      "DROPLET_COMBINED": 0.982766,
      "pfx_fills": 7402,
      "pfx_useful": 7402,
      "pfx_requests": 17075,
      "prefetch_fills": 7402,
      "prefetch_useful": 7402,
      "prefetch_requests": 17075,
      "droplet_fills": 15230,
      "droplet_useful": 15230,
      "droplet_requests": 31656,
      "delta_vs_LRU_pp": -1.449200000000006,
      "delta_vs_GRASP_pp": 0.19099999999999673,
      "delta_vs_POPT_pp": -0.5272999999999972,
      "delta_vs_DROPLET_COMBINED_pp": 0.001399999999995849
    },
    {
      "graph": "kron-s22",
      "app": "pr",
      "LRU": 0.5468,
      "SRRIP": 0.481553,
      "GRASP": 0.37798,
      "POPT": 0.421204,
      "ECG_DBG_PRIMARY": null,
      "ECG_DBG_ONLY": null,
      "ECG_DBG_ONLY + ECG_PFX": 0.38353499999999996,
      "ECG_DBG_ONLY + DROPLET": 0.382853,
      "DROPLET_COMBINED": 0.382853,
      "pfx_fills": 19189498,
      "pfx_useful": 19160714,
      "pfx_requests": 110612168,
      "prefetch_fills": 19189498,
      "prefetch_useful": 19160714,
      "prefetch_requests": 110612168,
      "droplet_fills": 42456257,
      "droplet_useful": 42352864,
      "droplet_requests": 251823879,
      "delta_vs_LRU_pp": -16.3265,
      "delta_vs_GRASP_pp": 0.5554999999999977,
      "delta_vs_POPT_pp": -3.7669000000000064,
      "delta_vs_DROPLET_COMBINED_pp": 0.06819999999999604
    },
    {
      "graph": "kron-s24",
      "app": "pr",
      "LRU": 0.670221,
      "SRRIP": 0.581144,
      "GRASP": 0.45016999999999996,
      "POPT": 0.49751599999999996,
      "ECG_DBG_PRIMARY": null,
      "ECG_DBG_ONLY": null,
      "ECG_DBG_ONLY + ECG_PFX": 0.452383,
      "ECG_DBG_ONLY + DROPLET": 0.45217700000000005,
      "DROPLET_COMBINED": 0.45217700000000005,
      "pfx_fills": 196480428,
      "pfx_useful": 196468098,
      "pfx_requests": 603058173,
      "prefetch_fills": 196480428,
      "prefetch_useful": 196468098,
      "prefetch_requests": 603058173,
      "droplet_fills": 335357009,
      "droplet_useful": 335297228,
      "droplet_requests": 1023755390,
      "delta_vs_LRU_pp": -21.7838,
      "delta_vs_GRASP_pp": 0.22130000000000205,
      "delta_vs_POPT_pp": -4.513299999999997,
      "delta_vs_DROPLET_COMBINED_pp": 0.020599999999992846
    }
  ]
}
